#Organism group,Strain,Isolate identifiers,Serovar,Isolate,Create date,Location,Isolation source,Isolation type,Food origin,SNP cluster,Min-same,Min-diff,BioSample,Assembly,AMR genotypes,Computed types,AST phenotypes
E.coli and Shigella,MRSN17749,"""MRSN17749""",,PDT000041778.1,2014-10-31T15:01:40Z,USA,Surveillance swab - Groin,clinical,,PDS000117091.382,3.0,14.0,SAMN03075588,GCA_000770275.1,"aadA5=COMPLETE,acrF=COMPLETE,aph(3'')-Ib=COMPLETE,aph(6)-Id=COMPLETE,blaCTX-M-27=COMPLETE,blaEC=COMPLETE,dfrA17=COMPLETE,gyrA_D87N=POINT,gyrA_S83L=POINT,mdtM=COMPLETE,mph(A)=COMPLETE,parC_E84V=POINT,parC_S80I=POINT,parE_I529L=POINT,ptsI_V25I=POINT,sul1=COMPLETE,sul2=COMPLETE,tet(A)=COMPLETE,uhpT_E350Q=POINT",,"amikacin=S,amoxicillin-clavulanic acid=R,amoxicillin-clavulanic acid=S,ampicillin-sulbactam=R,ampicillin-sulbactam=S,ampicillin=R,aztreonam=R,cefazolin=R,cefepime=R,ceftazidime=R,ceftriaxone=R,ciprofloxacin=R,ertapenem=S,gentamicin=S,imipenem=S,levofloxacin=R,meropenem=S,moxifloxacin=R,nitrofurantoin=S,piperacillin-tazobactam=S,tetracycline=R,tigecycline=S,tobramycin=S,trimethoprim-sulfamethoxazole=R"
E.coli and Shigella,MRSN22624,"""MRSN22624""",,PDT000041780.1,2014-10-31T15:02:41Z,USA,Wound - sacrum,clinical,,PDS000117091.382,3.0,17.0,SAMN03075589,GCA_000770285.1,"aadA5=COMPLETE,acrF=COMPLETE,aph(3'')-Ib=COMPLETE,aph(6)-Id=COMPLETE,blaCTX-M-27=COMPLETE,blaEC=COMPLETE,blaOXA-181=COMPLETE,dfrA14=COMPLETE,dfrA17=COMPLETE,gyrA_D87N=POINT,gyrA_S83L=POINT,mdtM=COMPLETE,mph(A)=COMPLETE,parC_E84V=POINT,parC_S80I=POINT,parE_I529L=POINT,ptsI_V25I=POINT,qnrS1=COMPLETE,sul1=COMPLETE,sul2=COMPLETE,tet(A)=COMPLETE,uhpT_E350Q=POINT",,"amikacin=S,amoxicillin-clavulanic acid=R,ampicillin-sulbactam=R,ampicillin=R,aztreonam=R,cefazolin=R,cefotaxime=R,ceftazidime=R,ceftriaxone=R,cefuroxime=R,ciprofloxacin=R,ertapenem=I,ertapenem=R,ertapenem=S,gentamicin=S,imipenem=I,imipenem=R,imipenem=S,levofloxacin=R,meropenem=R,moxifloxacin=R,nitrofurantoin=S,piperacillin-tazobactam=R,tetracycline=R,tigecycline=S,tobramycin=S,trimethoprim-sulfamethoxazole=R"
E.coli and Shigella,CVM N38733PS,"""CVM N38733PS"",""CVM_N38733PS"",""SRS1023764""",,PDT000045586.1,2014-12-07T19:07:25Z,USA,farm,environmental/other,,,,,SAMN03177681,GCA_000797695.1,"acrF=COMPLETE,blaEC=COMPLETE,blaTEM-1=COMPLETE,dfrA1=COMPLETE,floR=COMPLETE,gyrA_D87N=POINT,gyrA_S83L=POINT,mdtM=COMPLETE,parC_E84K=POINT,parE_L416F=POINT,soxS_A12S=POINT,sul1=COMPLETE,sul2=COMPLETE",,"amoxicillin-clavulanic acid=S,ampicillin=R,azithromycin=S,cefoxitin=S,ceftiofur=S,ceftriaxone=S,chloramphenicol=R,ciprofloxacin=R,gentamicin=S,kanamycin=S,nalidixic acid=R,streptomycin=S,sulfisoxazole=R,tetracycline=S,trimethoprim-sulfamethoxazole=S"
E.coli and Shigella,CVM N33640PS,"""CVM N33640PS"",""CVM_N33640PS"",""SRS1023107""",,PDT000045615.1,2014-12-07T19:31:46Z,USA,farm,environmental/other,,,,,SAMN03177624,GCA_000798275.1,"acrF=COMPLETE,aph(3'')-Ib=COMPLETE,aph(6)-Id=COMPLETE,blaEC=COMPLETE,blaTEM-1=COMPLETE,floR=COMPLETE,gyrA_D87N=POINT,gyrA_S83L=POINT,mdtM=COMPLETE,parC_S80I=POINT,parE_S458A=POINT,sul2=COMPLETE,tet(A)=COMPLETE,uhpT_E350Q=POINT",,"amoxicillin-clavulanic acid=S,ampicillin=R,azithromycin=S,cefoxitin=S,ceftiofur=S,ceftriaxone=S,chloramphenicol=R,ciprofloxacin=R,gentamicin=S,kanamycin=S,nalidixic acid=R,streptomycin=R,sulfisoxazole=R,tetracycline=R,trimethoprim-sulfamethoxazole=S"
E.coli and Shigella,CVM N36158PS,"""CVM N36158PS"",""CVM_N36158PS"",""SRS1023041""",,PDT000045624.1,2014-12-07T19:41:13Z,USA,farm,environmental/other,,,,,SAMN03177656,GCA_000798455.1,"aac(6')-Ib4=COMPLETE,acrF=COMPLETE,blaEC=COMPLETE,blaTEM-1=COMPLETE,catA1=COMPLETE,catB3=COMPLETE,dfrA1=COMPLETE,floR=COMPLETE,gyrA_D87N=POINT,gyrA_S83L=POINT,mdtM=COMPLETE,parC_E84A=POINT,parC_S80I=POINT,soxS_A12S=POINT,sul1=COMPLETE,sul2=COMPLETE,tet(B)=COMPLETE",,"amoxicillin-clavulanic acid=S,ampicillin=R,azithromycin=S,cefoxitin=S,ceftiofur=S,ceftriaxone=S,chloramphenicol=R,ciprofloxacin=R,gentamicin=S,kanamycin=S,nalidixic acid=R,streptomycin=S,sulfisoxazole=R,tetracycline=R,trimethoprim-sulfamethoxazole=R"
E.coli and Shigella,CVM N33857PS,"""CVM N33857PS"",""CVM_N33857PS"",""SRS1022963""",,PDT000048125.1,2015-01-16T13:04:17Z,USA,farm,environmental/other,,,,,SAMN03177636,GCA_000818985.1,"aadA1=COMPLETE,aadA2=COMPLETE,acrF=COMPLETE,blaEC=COMPLETE,cmlA1=COMPLETE,dfrA12=COMPLETE,gyrA_D87N=POINT,gyrA_S83L=POINT,mdtM=COMPLETE,parC_S80R=POINT,parE_L416F=POINT,sul3=COMPLETE,tet(A)=COMPLETE",,"amoxicillin-clavulanic acid=S,ampicillin=S,azithromycin=S,cefoxitin=S,ceftiofur=S,ceftriaxone=S,chloramphenicol=R,ciprofloxacin=R,gentamicin=S,kanamycin=S,nalidixic acid=R,streptomycin=S,sulfisoxazole=R,tetracycline=R,trimethoprim-sulfamethoxazole=R"
E.coli and Shigella,CVM N33825PS,"""CVM N33825PS"",""CVM_N33825PS"",""SRS1022959""",,PDT000048128.1,2015-01-16T13:04:27Z,USA,farm,environmental/other,,,,,SAMN03177634,GCA_000819005.1,"aadA1=COMPLETE,aadA2=COMPLETE,acrF=COMPLETE,aph(3'')-Ib=COMPLETE,aph(6)-Id=COMPLETE,blaEC=COMPLETE,blaTEM-1=COMPLETE,cmlA1=COMPLETE,dfrA12=COMPLETE,floR=COMPLETE,fosA7.5=COMPLETE,gyrA_D87N=POINT,gyrA_S83L=POINT,mdtM=COMPLETE,parC_S80I=POINT,parE_S458A=POINT,sul2=COMPLETE,sul3=COMPLETE,tet(A)=COMPLETE,uhpT_E350Q=POINT",,"amoxicillin-clavulanic acid=S,ampicillin=R,azithromycin=S,cefoxitin=S,ceftiofur=S,ceftriaxone=S,chloramphenicol=R,ciprofloxacin=R,gentamicin=S,kanamycin=S,nalidixic acid=R,streptomycin=R,sulfisoxazole=R,tetracycline=R,trimethoprim-sulfamethoxazole=R"
E.coli and Shigella,CVM N33624PS,"""CVM N33624PS"",""CVM_N33624PS"",""SRS1022914""",,PDT000048130.1,2015-01-16T13:05:29Z,USA,farm,environmental/other,,PDS000115607.1,28.0,,SAMN03177622,GCA_000819085.1,"acrF=COMPLETE,aph(3'')-Ib=COMPLETE,aph(6)-Id=COMPLETE,blaCMY-2=COMPLETE,blaEC=COMPLETE,blaTEM-1=COMPLETE,floR=COMPLETE,gyrA_D87N=POINT,gyrA_S83L=POINT,mdtM=COMPLETE,parC_S80I=POINT,parE_S458A=POINT,sul2=COMPLETE,tet(A)=COMPLETE,uhpT_E350Q=POINT",,"amoxicillin-clavulanic acid=R,ampicillin=R,azithromycin=S,cefoxitin=R,ceftiofur=R,ceftriaxone=R,chloramphenicol=R,ciprofloxacin=R,gentamicin=S,kanamycin=S,nalidixic acid=R,streptomycin=R,sulfisoxazole=R,tetracycline=R,trimethoprim-sulfamethoxazole=S"
E.coli and Shigella,,"""0000-0053-1977"",""60"",""SRS1016975""",,PDT000077409.3,2015-12-01T23:21:05Z,USA:Boston,blood,clinical,,PDS000003052.16,4.0,,SAMN03892127,GCA_012774675.1,"aac(6')-Ib-cr5=COMPLETE,acrF=COMPLETE,blaCTX-M-15=COMPLETE,blaEC=COMPLETE,blaOXA-1=COMPLETE,dfrA17=COMPLETE,gyrA_D87N=POINT,gyrA_S83L=POINT,mdtM=COMPLETE,parC_E84V=POINT,parC_S80I=POINT,parE_I529L=POINT,ptsI_V25I=POINT,tet(A)=COMPLETE,tet(B)=COMPLETE,uhpT_E350Q=POINT",,"amikacin=S,amoxicillin-clavulanic acid=I,ampicillin=R,cefepime=S,cefoxitin=I,ceftazidime=S,ceftriaxone=S,ciprofloxacin=R,ertapenem=S,fosfomycin=R,gentamicin=S,levofloxacin=R,meropenem=S,nitrofurantoin=S,piperacillin-tazobactam=S,tetracycline=S,tobramycin=S,trimethoprim-sulfamethoxazole=R"
E.coli and Shigella,,"""0000-0051-1881"",""8"",""SRS1016969""",,PDT000077415.3,2015-12-01T22:20:16Z,USA:Boston,blood,clinical,,PDS000003052.16,1.0,,SAMN03892121,GCA_012773715.1,"aac(6')-Ib-cr5=COMPLETE,acrF=COMPLETE,blaCTX-M-15=COMPLETE,blaEC=COMPLETE,blaOXA-1=COMPLETE,dfrA17=COMPLETE,gyrA_D87N=POINT,gyrA_S83L=POINT,mdtM=COMPLETE,parC_E84V=POINT,parC_S80I=POINT,parE_I529L=POINT,ptsI_V25I=POINT,tet(A)=COMPLETE,tet(B)=COMPLETE,uhpT_E350Q=POINT",,"amikacin=R,amikacin=S,amoxicillin-clavulanic acid=R,ampicillin=R,ampicillin=S,aztreonam=R,cefalexin=R,cefazolin=R,cefepime=R,cefotetan=I,cefoxitin=R,ceftazidime=R,ceftriaxone=R,chloramphenicol=S,ciprofloxacin=R,colistin=S,ertapenem=R,gentamicin=S,imipenem=S,levofloxacin=R,meropenem=I,meropenem=R,piperacillin=R,sulbactam=R,tetracycline=R,tobramycin=R,trimethoprim-sulfamethoxazole=R"
E.coli and Shigella,,"""0000-0053-7515"",""86"",""SRS1051664""",,PDT000082671.4,2015-12-13T02:21:17Z,USA:Boston,sputum,clinical,,,,,SAMN04022942,GCA_012769655.1,"acrF=COMPLETE,blaCTX-M-27=COMPLETE,blaEC=COMPLETE,gyrA_D87N=POINT,gyrA_S83L=POINT,mdtM=COMPLETE,parC_E84V=POINT,parC_S80I=POINT,parE_I529L=POINT,ptsI_V25I=POINT,uhpT_E350Q=POINT",,"amikacin=S,amoxicillin-clavulanic acid=S,ampicillin=R,cefepime=R,cefoxitin=S,ceftazidime=S,ceftriaxone=S,ciprofloxacin=R,ertapenem=R,gentamicin=S,levofloxacin=S,meropenem=S,nitrofurantoin=R,piperacillin-tazobactam=S,tetracycline=S,tobramycin=S,trimethoprim-sulfamethoxazole=S"
E.coli and Shigella,,"""0000-0053-7509"",""84"",""SRS1051665""",,PDT000082673.4,2015-12-13T02:21:17Z,USA:Boston,urine,clinical,,PDS000034871.21,27.0,,SAMN04022944,GCA_012769635.1,"aadA5=COMPLETE,acrF=COMPLETE,aph(3'')-Ib=COMPLETE,aph(6)-Id=COMPLETE,blaCTX-M-15=COMPLETE,blaEC=COMPLETE,blaEC=PARTIAL,blaEC=PARTIAL_END_OF_CONTIG,dfrA17=COMPLETE,gyrA_D87N=POINT,gyrA_S83L=POINT,mdtM=COMPLETE,mph(A)=COMPLETE,parC_E84V=POINT,parC_S80I=POINT,parE_I529L=POINT,ptsI_V25I=POINT,sul1=COMPLETE,sul2=COMPLETE,uhpT_E350Q=POINT",,"amikacin=S,amoxicillin-clavulanic acid=S,ampicillin=R,cefazolin=R,cefepime=I,cefoxitin=S,ceftazidime=R,ceftriaxone=R,ciprofloxacin=R,ertapenem=S,gentamicin=S,levofloxacin=R,meropenem=S,nitrofurantoin=S,piperacillin-tazobactam=S,tetracycline=S,tobramycin=S,trimethoprim-sulfamethoxazole=R"
E.coli and Shigella,,"""0000-0054-1682"",""M1"",""SRS1073937""",,PDT000084292.3,2015-12-01T23:21:06Z,USA:Boston,blood,clinical,,,,,SAMN04096283,GCA_012774615.1,"aac(3)-IIe=COMPLETE,aadA1=COMPLETE,acrF=COMPLETE,aph(3')-Ia=COMPLETE,blaCTX-M-55=COMPLETE,blaEC=COMPLETE,blaTEM-1=COMPLETE,dfrA14=COMPLETE,estX-3=COMPLETE,floR=COMPLETE,mdtM=COMPLETE,qnrS1=COMPLETE,sul3=COMPLETE",,"amikacin=S,amoxicillin-clavulanic acid=S,ampicillin-sulbactam=I,ampicillin=R,aztreonam=R,cefazolin=R,cefepime=S,ceftriaxone=R,ciprofloxacin=R,ertapenem=S,gentamicin=R,imipenem=S,levofloxacin=R,meropenem=S,piperacillin-tazobactam=S,trimethoprim-sulfamethoxazole=R"
E.coli and Shigella,,"""0000-0054-1685"",""M2"",""SRS1073940""",,PDT000084293.3,2015-12-01T23:21:06Z,USA:Boston,blood,clinical,,PDS000034526.3,2.0,,SAMN04096284,GCA_012774435.1,"aac(3)-IIe=COMPLETE,aadA1=COMPLETE,aadA5=COMPLETE,acrF=COMPLETE,aph(3'')-Ib=COMPLETE,aph(3')-Ia=COMPLETE,aph(6)-Id=COMPLETE,blaCTX-M-55=COMPLETE,blaEC=COMPLETE,blaTEM-1=COMPLETE,catA1=COMPLETE,dfrA14=COMPLETE,dfrA17=COMPLETE,estX-3=COMPLETE,estX=PARTIAL_END_OF_CONTIG,floR=COMPLETE,gyrA_D87N=POINT,gyrA_S83L=POINT,mdtM=COMPLETE,mph(A)=COMPLETE,parC_A56T=POINT,parC_S80I=POINT,sul1=COMPLETE,sul2=COMPLETE,sul3=COMPLETE,tet(B)=COMPLETE",,"amikacin=S,amoxicillin-clavulanic acid=S,ampicillin-sulbactam=R,ampicillin=R,aztreonam=R,cefazolin=R,cefepime=S,ceftriaxone=R,ciprofloxacin=R,ertapenem=S,gentamicin=R,imipenem=S,levofloxacin=R,meropenem=S,piperacillin-tazobactam=S,trimethoprim-sulfamethoxazole=R"
E.coli and Shigella,,"""0000-0054-1691"",""M3"",""SRS1073939""",,PDT000084294.3,2015-12-01T23:21:06Z,USA:Boston,blood,clinical,,PDS000003047.8,2.0,,SAMN04096285,GCA_012774375.1,"aac(3)-IIe=COMPLETE,aac(6')-Ib-cr5=COMPLETE,acrF=COMPLETE,blaCTX-M-15=COMPLETE,blaEC=COMPLETE,blaOXA-1=COMPLETE,catB3=PARTIAL_END_OF_CONTIG,gyrA_D87N=POINT,gyrA_S83L=POINT,mdtM=COMPLETE,parC_E84V=POINT,parC_S80I=POINT,parE_I529L=POINT,ptsI_V25I=POINT,tet(A)=COMPLETE,uhpT_E350Q=POINT",,"amikacin=S,amoxicillin-clavulanic acid=R,ampicillin-sulbactam=R,ampicillin=R,aztreonam=R,cefazolin=R,cefepime=I,ceftriaxone=R,ciprofloxacin=R,ertapenem=S,gentamicin=R,imipenem=S,levofloxacin=R,meropenem=S,piperacillin-tazobactam=S,tetracycline=R,trimethoprim-sulfamethoxazole=S"
E.coli and Shigella,,"""0000-0054-1694"",""M4"",""SRS1073941""",,PDT000084295.3,2015-12-01T23:21:06Z,USA:Boston,blood,clinical,,PDS000003047.8,2.0,,SAMN04096286,GCA_012775035.1,"aac(3)-IIe=COMPLETE,aac(6')-Ib-cr5=COMPLETE,aadA5=COMPLETE,acrF=COMPLETE,aph(3'')-Ib=COMPLETE,blaCTX-M-15=COMPLETE,blaEC=COMPLETE,blaOXA-1=COMPLETE,catB3=PARTIAL_END_OF_CONTIG,dfrA17=COMPLETE,gyrA_D87N=POINT,gyrA_S83L=POINT,mdtM=COMPLETE,mph(A)=COMPLETE,parC_E84V=POINT,parC_S80I=POINT,parE_I529L=POINT,ptsI_V25I=POINT,sul1=COMPLETE,sul2=COMPLETE,tet(A)=COMPLETE,uhpT_E350Q=POINT",,"amikacin=S,amoxicillin-clavulanic acid=R,ampicillin-sulbactam=R,ampicillin=R,aztreonam=R,cefazolin=R,cefepime=I,ceftriaxone=R,ciprofloxacin=R,ertapenem=S,gentamicin=R,imipenem=S,levofloxacin=R,meropenem=S,piperacillin-tazobactam=S,trimethoprim-sulfamethoxazole=R"
E.coli and Shigella,,"""0000-0054-1697"",""M5"",""SRS1073945""",,PDT000084296.3,2015-12-01T23:21:06Z,USA:Boston,blood,clinical,,PDS000003047.8,7.0,,SAMN04096287,GCA_012774995.1,"aac(3)-IIe=COMPLETE,aac(6')-Ib-cr5=COMPLETE,acrF=COMPLETE,blaCTX-M-15=COMPLETE,blaEC=COMPLETE,blaOXA-1=COMPLETE,catB3=PARTIAL_END_OF_CONTIG,gyrA_D87N=POINT,gyrA_S83L=POINT,mdtM=COMPLETE,parC_E84V=POINT,parC_S80I=POINT,parE_I529L=POINT,ptsI_V25I=POINT,uhpT_E350Q=POINT",,"amikacin=S,amoxicillin-clavulanic acid=I,ampicillin-sulbactam=R,ampicillin=R,aztreonam=R,cefazolin=R,cefepime=S,ceftriaxone=R,ciprofloxacin=R,ertapenem=S,gentamicin=R,imipenem=S,levofloxacin=R,meropenem=S,piperacillin-tazobactam=S,trimethoprim-sulfamethoxazole=S"
E.coli and Shigella,,"""0000-0054-1700"",""M6"",""SRS1073950""",,PDT000084297.3,2015-12-01T23:21:06Z,USA:Boston,blood,clinical,,PDS000034527.1,4.0,,SAMN04096288,GCA_012774905.1,"aac(6')-Ib-cr5=COMPLETE,aadA5=COMPLETE,aph(3'')-Ib=COMPLETE,aph(6)-Id=COMPLETE,blaCTX-M-15=COMPLETE,blaEC=COMPLETE,blaOXA-1=COMPLETE,blaOXA=PARTIAL_END_OF_CONTIG,blaTEM-1=COMPLETE,catB3=PARTIAL_END_OF_CONTIG,dfrA14=COMPLETE,dfrA17=COMPLETE,gyrA_D87N=POINT,gyrA_S83L=POINT,mdtM=COMPLETE,mph(A)=COMPLETE,parC_S80I=POINT,parE_L416F=POINT,sul1=COMPLETE,sul2=COMPLETE,tet(A)=COMPLETE,tet(B)=COMPLETE",,"amikacin=S,amoxicillin-clavulanic acid=I,ampicillin-sulbactam=R,ampicillin=R,aztreonam=R,cefazolin=R,cefepime=S,ceftriaxone=R,ciprofloxacin=R,ertapenem=S,gentamicin=S,imipenem=S,levofloxacin=R,meropenem=S,piperacillin-tazobactam=S,trimethoprim-sulfamethoxazole=R"
E.coli and Shigella,,"""0000-0054-1703"",""M7"",""SRS1073948""",,PDT000084298.3,2015-12-01T23:21:06Z,USA:Boston,blood,clinical,,PDS000003047.8,3.0,,SAMN04096289,GCA_012775005.1,"aac(3)-IIe=COMPLETE,aac(6')-Ib-cr5=COMPLETE,aadA5=COMPLETE,acrF=COMPLETE,aph(3'')-Ib=COMPLETE,blaCTX-M-15=COMPLETE,blaEC=COMPLETE,blaOXA-1=COMPLETE,catB3=PARTIAL_END_OF_CONTIG,dfrA17=COMPLETE,gyrA_D87N=POINT,gyrA_S83L=POINT,mdtM=COMPLETE,mph(A)=COMPLETE,parC_E84V=POINT,parC_S80I=POINT,parE_I529L=POINT,ptsI_V25I=POINT,sul1=COMPLETE,sul2=COMPLETE,tet(A)=COMPLETE,uhpT_E350Q=POINT",,"amikacin=S,amoxicillin-clavulanic acid=R,ampicillin-sulbactam=R,ampicillin=R,aztreonam=R,cefazolin=R,cefepime=I,ceftriaxone=R,ciprofloxacin=R,ertapenem=S,gentamicin=R,imipenem=S,levofloxacin=R,meropenem=S,piperacillin-tazobactam=S,trimethoprim-sulfamethoxazole=R"
E.coli and Shigella,,"""0000-0054-1688"",""M9"",""SRS1073958""",,PDT000084300.3,2015-12-01T23:21:06Z,USA:Boston,blood,clinical,,PDS000034526.3,1.0,,SAMN04096291,GCA_012774935.1,"aac(3)-IIe=COMPLETE,aadA1=COMPLETE,aadA5=COMPLETE,acrF=COMPLETE,aph(3'')-Ib=COMPLETE,aph(3')-Ia=COMPLETE,aph(6)-Id=COMPLETE,blaCTX-M-55=COMPLETE,blaEC=COMPLETE,blaTEM-1=COMPLETE,catA1=COMPLETE,dfrA14=COMPLETE,dfrA17=COMPLETE,estX-3=COMPLETE,floR=COMPLETE,gyrA_D87N=POINT,gyrA_S83L=POINT,mdtM=COMPLETE,mph(A)=COMPLETE,parC_A56T=POINT,parC_S80I=POINT,sul1=COMPLETE,sul2=COMPLETE,sul3=COMPLETE,tet(B)=COMPLETE",,"amikacin=S,amoxicillin-clavulanic acid=S,ampicillin-sulbactam=I,ampicillin=R,aztreonam=R,cefazolin=R,cefepime=S,ceftriaxone=R,ciprofloxacin=R,ertapenem=S,gentamicin=R,imipenem=S,levofloxacin=R,meropenem=S,piperacillin-tazobactam=S,tetracycline=R,trimethoprim-sulfamethoxazole=R"
E.coli and Shigella,,"""0000-0054-1709"",""M10"",""SRS1073956""",,PDT000084301.3,2015-12-01T23:21:06Z,USA:Boston,blood,clinical,,PDS000034526.3,2.0,,SAMN04096292,GCA_012774955.1,"aac(3)-IIe=COMPLETE,aadA1=COMPLETE,aadA5=COMPLETE,acrF=COMPLETE,aph(3'')-Ib=COMPLETE,aph(3')-Ia=COMPLETE,aph(6)-Id=COMPLETE,blaCTX-M-55=COMPLETE,blaEC=COMPLETE,blaTEM-1=COMPLETE,catA1=COMPLETE,dfrA14=COMPLETE,dfrA17=COMPLETE,estX-3=COMPLETE,floR=COMPLETE,gyrA_D87N=POINT,gyrA_S83L=POINT,mdtM=COMPLETE,mph(A)=COMPLETE,parC_A56T=POINT,parC_S80I=POINT,sul1=COMPLETE,sul2=COMPLETE,sul3=COMPLETE,tet(B)=COMPLETE",,"amikacin=S,amoxicillin-clavulanic acid=S,ampicillin-sulbactam=R,ampicillin=R,aztreonam=R,cefazolin=R,cefepime=S,ceftriaxone=R,ciprofloxacin=R,ertapenem=S,gentamicin=R,imipenem=S,levofloxacin=R,meropenem=S,piperacillin-tazobactam=S,tetracycline=R,trimethoprim-sulfamethoxazole=R"
E.coli and Shigella,,"""0000-0054-1078"",""100"",""SRS1073952""",,PDT000084305.3,2015-12-01T23:21:06Z,USA:Boston,blood,clinical,,,,,SAMN04096278,GCA_012774975.1,"aac(3)-IId=COMPLETE,acrF=COMPLETE,blaEC=COMPLETE,blaTEM-12=COMPLETE,blaTEM-1=COMPLETE,blaTEM=PARTIAL_END_OF_CONTIG,dfrA25=COMPLETE,gyrA_D87N=POINT,gyrA_S83L=POINT,mdtM=COMPLETE,parC_E84V=POINT,parC_S80I=POINT,parE_I529L=POINT,ptsI_V25I=POINT,qnrB2=COMPLETE,sul1=COMPLETE,tet(A)=COMPLETE,uhpT_E350Q=POINT",,"amikacin=S,amoxicillin-clavulanic acid=I,ampicillin=R,cefazolin=R,cefepime=S,cefoxitin=S,ceftazidime=R,ceftriaxone=S,ciprofloxacin=R,ertapenem=S,gentamicin=R,levofloxacin=R,meropenem=S,piperacillin-tazobactam=R,tetracycline=R,tobramycin=R,trimethoprim-sulfamethoxazole=R"
E.coli and Shigella,,"""0000-0054-3045"",""108"",""SRS1096264""",,PDT000094013.3,2015-12-01T22:20:16Z,USA:Boston,blood,clinical,,PDS000071896.5,30.0,,SAMN04122807,GCA_012774415.1,"aac(6')-Ib-cr5=COMPLETE,aadA5=COMPLETE,acrF=COMPLETE,blaCTX-M-15=COMPLETE,blaEC=COMPLETE,blaOXA-1=COMPLETE,blaTEM-1=COMPLETE,catB3=PARTIAL_END_OF_CONTIG,dfrA17=COMPLETE,gyrA_D87N=POINT,gyrA_S83L=POINT,mdtM=COMPLETE,parC_E84V=POINT,parC_S80I=POINT,parE_I529L=POINT,ptsI_V25I=POINT,sul1=COMPLETE,uhpT_E350Q=POINT",,"amikacin=R,amoxicillin-clavulanic acid=R,ampicillin=R,cefazolin=R,cefepime=R,cefoxitin=R,ceftazidime=R,ceftriaxone=R,ciprofloxacin=R,ertapenem=R,gentamicin=S,levofloxacin=R,meropenem=R,piperacillin-tazobactam=R,tetracycline=S,tobramycin=R,trimethoprim-sulfamethoxazole=R"
E.coli and Shigella,,"""0000-0054-2912"",""M11"",""SRS1096256""",,PDT000094016.3,2015-12-01T21:20:36Z,USA:Boston,blood,clinical,,PDS000003047.8,2.0,,SAMN04122814,GCA_012774455.1,"aac(3)-IIe=COMPLETE,aac(6')-Ib-cr5=COMPLETE,aadA5=COMPLETE,acrF=COMPLETE,aph(3'')-Ib=COMPLETE,blaCTX-M-15=COMPLETE,blaEC=COMPLETE,blaOXA-1=COMPLETE,catB3=PARTIAL_END_OF_CONTIG,dfrA17=COMPLETE,gyrA_D87N=POINT,gyrA_S83L=POINT,mdtM=COMPLETE,mph(A)=COMPLETE,parC_E84V=POINT,parC_S80I=POINT,parE_I529L=POINT,ptsI_V25I=POINT,sul1=COMPLETE,sul2=COMPLETE,tet(A)=COMPLETE,uhpT_E350Q=POINT",,"amikacin=S,amoxicillin-clavulanic acid=I,ampicillin-sulbactam=R,ampicillin=R,aztreonam=R,cefazolin=R,cefepime=I,ceftriaxone=R,ciprofloxacin=R,ertapenem=S,gentamicin=R,imipenem=S,levofloxacin=R,meropenem=S,piperacillin-tazobactam=S,trimethoprim-sulfamethoxazole=R"
E.coli and Shigella,,"""0000-0054-2915"",""M12"",""SRS1096259""",,PDT000094017.2,2015-11-11T02:17:47Z,USA:Boston,blood,clinical,,PDS000034526.3,1.0,,SAMN04122815,GCA_012775495.1,"aac(3)-IIe=COMPLETE,aadA1=COMPLETE,aadA5=COMPLETE,acrF=COMPLETE,aph(3'')-Ib=COMPLETE,aph(3')-Ia=COMPLETE,aph(6)-Id=COMPLETE,blaCTX-M-55=COMPLETE,blaEC=COMPLETE,blaTEM-1=COMPLETE,catA1=COMPLETE,dfrA14=COMPLETE,dfrA17=COMPLETE,estX-3=COMPLETE,floR=COMPLETE,gyrA_D87N=POINT,gyrA_S83L=POINT,mdtM=COMPLETE,mph(A)=COMPLETE,parC_A56T=POINT,parC_S80I=POINT,sul1=COMPLETE,sul2=COMPLETE,sul3=COMPLETE,tet(B)=COMPLETE",,"amikacin=S,amoxicillin-clavulanic acid=S,ampicillin-sulbactam=R,ampicillin=R,aztreonam=R,cefazolin=R,cefepime=S,ceftriaxone=R,ciprofloxacin=R,ertapenem=S,gentamicin=S,imipenem=S,levofloxacin=R,meropenem=S,piperacillin-tazobactam=S,tetracycline=R,trimethoprim-sulfamethoxazole=R"
E.coli and Shigella,,"""0000-0054-2921"",""M14"",""SRS1096255""",,PDT000094018.2,2015-11-11T02:17:47Z,USA:Boston,blood,clinical,,PDS000003047.8,4.0,,SAMN04122817,GCA_012775355.1,"aac(3)-IIe=COMPLETE,aac(6')-Ib-cr5=COMPLETE,aadA5=COMPLETE,acrF=COMPLETE,aph(3'')-Ib=COMPLETE,blaCTX-M-15=COMPLETE,blaEC=COMPLETE,blaOXA-1=COMPLETE,blaTEM-1=COMPLETE,blaTEMp_G162T=POINT,catB3=PARTIAL_END_OF_CONTIG,dfrA17=COMPLETE,gyrA_D87N=POINT,gyrA_S83L=POINT,mdtM=COMPLETE,mph(A)=COMPLETE,parC_E84V=POINT,parC_S80I=POINT,parE_I529L=POINT,ptsI_V25I=POINT,sul1=COMPLETE,sul2=COMPLETE,tet(A)=COMPLETE,uhpT_E350Q=POINT",,"amikacin=S,amoxicillin-clavulanic acid=R,ampicillin-sulbactam=R,ampicillin=R,aztreonam=R,cefazolin=R,cefepime=I,ceftriaxone=R,ciprofloxacin=R,ertapenem=S,gentamicin=R,imipenem=S,levofloxacin=R,meropenem=S,piperacillin-tazobactam=I,trimethoprim-sulfamethoxazole=R"
E.coli and Shigella,,"""0000-0054-2930"",""M17"",""SRS1096268""",,PDT000094019.2,2015-11-11T02:17:47Z,USA:Boston,blood,clinical,,PDS000034526.3,4.0,,SAMN04122820,GCA_012775435.1,"aadA1=COMPLETE,aadA5=COMPLETE,acrF=COMPLETE,aph(3'')-Ib=COMPLETE,aph(6)-Id=COMPLETE,blaCTX-M-55=COMPLETE,blaEC=COMPLETE,blaTEM-1=COMPLETE,catA1=COMPLETE,dfrA14=COMPLETE,dfrA17=COMPLETE,estX-3=COMPLETE,floR=COMPLETE,gyrA_D87N=POINT,gyrA_S83L=POINT,mdtM=COMPLETE,mph(A)=COMPLETE,parC_A56T=POINT,parC_S80I=POINT,sul1=COMPLETE,sul2=COMPLETE,sul3=COMPLETE,tet(B)=COMPLETE",,"amikacin=S,amoxicillin-clavulanic acid=S,ampicillin-sulbactam=R,ampicillin=R,aztreonam=R,cefazolin=R,cefepime=S,ceftriaxone=R,ciprofloxacin=R,ertapenem=S,gentamicin=S,imipenem=S,levofloxacin=R,meropenem=S,piperacillin-tazobactam=S,tetracycline=R,trimethoprim-sulfamethoxazole=R"
E.coli and Shigella,,"""0000-0054-2936"",""M19"",""SRS1096269""",,PDT000094021.2,2015-11-11T02:17:47Z,USA:Boston,blood,clinical,,PDS000063304.18,18.0,,SAMN04122822,GCA_012777175.1,"aac(3)-IIe=COMPLETE,aac(6')-Ib-cr5=COMPLETE,aadA5=COMPLETE,acrF=COMPLETE,aph(3'')-Ib=COMPLETE,aph(6)-Id=COMPLETE,blaCTX-M-15=COMPLETE,blaEC=COMPLETE,blaOXA-1=COMPLETE,catB3=PARTIAL_END_OF_CONTIG,dfrA17=COMPLETE,gyrA_D87N=POINT,gyrA_S83L=POINT,mdtM=COMPLETE,parC_E84V=POINT,parC_S80I=POINT,parE_I529L=POINT,ptsI_V25I=POINT,sul1=COMPLETE,sul2=COMPLETE,sul2=PARTIAL_END_OF_CONTIG,tet(A)=COMPLETE,uhpT_E350Q=POINT",,"amikacin=S,amoxicillin-clavulanic acid=R,ampicillin-sulbactam=R,ampicillin=R,aztreonam=R,cefazolin=R,cefepime=R,ceftriaxone=R,ciprofloxacin=R,ertapenem=S,gentamicin=R,imipenem=S,levofloxacin=R,meropenem=S,piperacillin-tazobactam=S,tetracycline=R,trimethoprim-sulfamethoxazole=R"
E.coli and Shigella,,"""0000-0054-2924"",""M15"",""SRS1096253""",,PDT000095268.3,2015-12-01T22:20:16Z,USA:Boston,blood,clinical,,PDS000034526.3,2.0,,SAMN04122818,GCA_012773815.1,"aac(3)-IIe=COMPLETE,aadA1=COMPLETE,aadA5=COMPLETE,acrF=COMPLETE,aph(3'')-Ib=COMPLETE,aph(3')-Ia=COMPLETE,aph(6)-Id=COMPLETE,blaCTX-M-55=COMPLETE,blaEC=COMPLETE,blaTEM-1=COMPLETE,catA1=COMPLETE,dfrA14=COMPLETE,dfrA17=COMPLETE,estX-3=COMPLETE,floR=COMPLETE,gyrA_D87N=POINT,gyrA_S83L=POINT,mdtM=COMPLETE,mph(A)=COMPLETE,parC_A56T=POINT,parC_S80I=POINT,sul1=COMPLETE,sul2=COMPLETE,sul3=COMPLETE,tet(B)=COMPLETE",,"amikacin=S,amoxicillin-clavulanic acid=S,ampicillin-sulbactam=R,ampicillin=R,aztreonam=R,cefazolin=R,cefepime=I,ceftriaxone=R,ciprofloxacin=R,ertapenem=S,gentamicin=R,imipenem=S,levofloxacin=R,meropenem=S,piperacillin-tazobactam=S,tetracycline=R,trimethoprim-sulfamethoxazole=R"
E.coli and Shigella,,"""0000-0054-2927"",""M16"",""SRS1096270""",,PDT000095269.2,2015-11-25T19:18:46Z,USA:Boston,blood,clinical,,PDS000034527.1,4.0,,SAMN04122819,GCA_012773855.1,"aac(6')-Ib-cr5=COMPLETE,aadA1=COMPLETE,aadA5=COMPLETE,aph(3'')-Ib=COMPLETE,aph(6)-Id=COMPLETE,blaCTX-M-15=COMPLETE,blaEC=COMPLETE,blaOXA-1=COMPLETE,blaTEM-1=COMPLETE,catB3=PARTIAL_END_OF_CONTIG,dfrA14=COMPLETE,dfrA17=COMPLETE,gyrA_D87N=POINT,gyrA_S83L=POINT,mdtM=COMPLETE,mph(A)=PARTIAL_END_OF_CONTIG,parC_S80I=POINT,parE_L416F=POINT,sul1=COMPLETE,sul2=PARTIAL_END_OF_CONTIG,tet(A)=COMPLETE,tet(B)=COMPLETE",,"amikacin=S,amoxicillin-clavulanic acid=I,ampicillin-sulbactam=R,ampicillin=R,aztreonam=R,cefazolin=R,cefepime=S,ceftriaxone=R,ciprofloxacin=R,ertapenem=S,gentamicin=R,imipenem=S,levofloxacin=R,meropenem=S,piperacillin-tazobactam=S,trimethoprim-sulfamethoxazole=R"
E.coli and Shigella,,"""0000-0054-2918"",""M13"",""SRS1096254""",,PDT000095290.2,2015-11-25T20:17:43Z,USA:Boston,blood,clinical,,PDS000003047.8,2.0,,SAMN04122816,GCA_012774565.1,"aac(3)-IIe=COMPLETE,aac(6')-Ib-cr5=COMPLETE,acrF=COMPLETE,blaCTX-M-15=COMPLETE,blaEC=COMPLETE,blaOXA-1=COMPLETE,catB3=PARTIAL_END_OF_CONTIG,gyrA_D87N=POINT,gyrA_S83L=POINT,mdtM=COMPLETE,parC_E84V=POINT,parC_S80I=POINT,parE_I529L=POINT,ptsI_V25I=POINT,tet(A)=COMPLETE,uhpT_E350Q=POINT",,"amikacin=S,amoxicillin-clavulanic acid=I,ampicillin-sulbactam=R,ampicillin=R,aztreonam=R,cefazolin=R,cefepime=I,ceftriaxone=R,ciprofloxacin=R,ertapenem=S,gentamicin=R,imipenem=S,levofloxacin=R,meropenem=S,piperacillin-tazobactam=S,tetracycline=R,trimethoprim-sulfamethoxazole=S"
E.coli and Shigella,,"""0000-0054-2939"",""M20"",""SRS1096265""",,PDT000095291.2,2015-11-25T20:17:43Z,USA:Boston,blood,clinical,,PDS000034526.3,1.0,,SAMN04122823,GCA_012774535.1,"aac(3)-IIe=COMPLETE,aadA1=COMPLETE,aadA5=COMPLETE,acrF=COMPLETE,aph(3'')-Ib=COMPLETE,aph(3')-Ia=COMPLETE,aph(6)-Id=COMPLETE,blaCTX-M-55=COMPLETE,blaEC=COMPLETE,blaTEM-1=COMPLETE,catA1=COMPLETE,dfrA14=COMPLETE,dfrA17=COMPLETE,estX-3=COMPLETE,floR=COMPLETE,gyrA_D87N=POINT,gyrA_S83L=POINT,mdtM=COMPLETE,mph(A)=COMPLETE,parC_A56T=POINT,parC_S80I=POINT,sul1=COMPLETE,sul1=PARTIAL_END_OF_CONTIG,sul2=COMPLETE,sul3=COMPLETE,tet(B)=COMPLETE",,"amikacin=S,amoxicillin-clavulanic acid=S,ampicillin-sulbactam=I,ampicillin=R,aztreonam=R,cefazolin=R,cefepime=S,ceftriaxone=R,ciprofloxacin=R,ertapenem=S,gentamicin=R,imipenem=S,levofloxacin=R,meropenem=S,piperacillin-tazobactam=S,tetracycline=R,trimethoprim-sulfamethoxazole=R"
E.coli and Shigella,,"""0000-0055-3675"",""139"",""SRS1224050""",,PDT000101124.2,2016-01-02T17:22:35Z,USA:Boston,urine,clinical,,PDS000117091.382,15.0,16.0,SAMN04339721,GCA_012765805.1,"aadA5=COMPLETE,acrF=COMPLETE,aph(3'')-Ib=COMPLETE,aph(6)-Id=COMPLETE,blaCTX-M-27=COMPLETE,blaEC=COMPLETE,dfrA17=PARTIAL_END_OF_CONTIG,gyrA_D87N=POINT,gyrA_S83L=POINT,mdtM=COMPLETE,mph(A)=COMPLETE,parC_E84V=POINT,parC_S80I=POINT,parE_I529L=POINT,ptsI_V25I=POINT,sul1=COMPLETE,sul2=COMPLETE,tet(A)=COMPLETE,uhpT_E350Q=POINT",,"amikacin=S,amoxicillin-clavulanic acid=S,ampicillin=R,cefepime=S,cefoxitin=S,ceftazidime=S,ceftriaxone=R,ciprofloxacin=R,ertapenem=S,gentamicin=S,levofloxacin=R,meropenem=S,nitrofurantoin=S,piperacillin-tazobactam=S,tetracycline=R,tobramycin=S,trimethoprim-sulfamethoxazole=S"
E.coli and Shigella,,"""0000-0055-3678"",""140"",""SRS1224049""",,PDT000101125.2,2016-01-02T17:22:35Z,USA:Boston,induced sputum,clinical,,PDS000159726.1,,24.0,SAMN04339722,GCA_012766055.1,"aac(3)-IIe=COMPLETE,acrF=COMPLETE,aph(3'')-Ib=PARTIAL,aph(3'')-Ib=PARTIAL_END_OF_CONTIG,aph(3')-Ia=COMPLETE,aph(6)-Id=COMPLETE,blaCTX-M-15=COMPLETE,blaEC=COMPLETE,blaTEM-1=COMPLETE,catA1=COMPLETE,dfrA14=COMPLETE,gyrA_D87N=POINT,gyrA_S83L=POINT,mdtM=COMPLETE,mph(A)=COMPLETE,parC_A56T=POINT,parC_S80I=POINT,sul2=COMPLETE,tet(B)=COMPLETE",,"amikacin=S,amoxicillin-clavulanic acid=S,ampicillin=R,cefepime=R,cefoxitin=I,ceftazidime=S,ceftriaxone=R,ciprofloxacin=R,ertapenem=R,gentamicin=S,levofloxacin=R,meropenem=S,nitrofurantoin=R,piperacillin-tazobactam=I,tetracycline=R,tobramycin=I,trimethoprim-sulfamethoxazole=R"
E.coli and Shigella,,"""0000-0055-3684"",""142"",""SRS1224048""",,PDT000101127.2,2016-01-02T17:22:35Z,USA:Boston,tacheal aspirate,clinical,,,,,SAMN04339724,GCA_012766035.1,"acrF=COMPLETE,blaCTX-M-55=COMPLETE,blaEC=COMPLETE,blaTEM=PARTIAL,blaTEM=PARTIAL_END_OF_CONTIG",,"amikacin=S,amoxicillin-clavulanic acid=S,ampicillin=R,cefepime=R,cefoxitin=S,ceftazidime=S,ceftriaxone=S,ciprofloxacin=R,ertapenem=S,gentamicin=S,levofloxacin=S,meropenem=S,nitrofurantoin=S,piperacillin-tazobactam=S,tetracycline=S,tobramycin=S,trimethoprim-sulfamethoxazole=S"
E.coli and Shigella,,"""0000-0055-3687"",""143"",""SRS1224046""",,PDT000101128.2,2016-01-02T17:22:35Z,USA:Boston,urine,clinical,,PDS000225708.26,23.0,18.0,SAMN04339725,GCA_012767495.1,"aadA5=COMPLETE,acrF=COMPLETE,blaCTX-M-15=COMPLETE,blaEC=COMPLETE,dfrA17=COMPLETE,gyrA_D87N=POINT,gyrA_S83L=POINT,mdtM=COMPLETE,mph(A)=COMPLETE,parC_E84V=POINT,parC_S80I=POINT,parE_I529L=POINT,ptsI_V25I=POINT,sul1=COMPLETE,tet(A)=COMPLETE,uhpT_E350Q=POINT",,"amikacin=S,amoxicillin-clavulanic acid=S,ampicillin=R,cefepime=S,cefoxitin=S,ceftazidime=S,ceftriaxone=R,ciprofloxacin=R,ertapenem=S,gentamicin=S,levofloxacin=R,meropenem=S,nitrofurantoin=S,piperacillin-tazobactam=S,tetracycline=R,tobramycin=S,trimethoprim-sulfamethoxazole=R"
E.coli and Shigella,,"""0000-0055-3690"",""144"",""SRS1224045""",,PDT000101129.2,2016-01-02T17:22:35Z,USA:Boston,urine,clinical,,PDS000117091.382,8.0,12.0,SAMN04339726,GCA_012765915.1,"aadA5=COMPLETE,acrF=COMPLETE,aph(3'')-Ib=COMPLETE,aph(6)-Id=COMPLETE,blaCTX-M-27=COMPLETE,blaEC=COMPLETE,dfrA17=COMPLETE,gyrA_D87N=POINT,gyrA_S83L=POINT,mdtM=COMPLETE,mph(A)=COMPLETE,parC_E84V=POINT,parC_S80I=POINT,parE_I529L=POINT,ptsI_V25I=POINT,sul1=COMPLETE,sul2=COMPLETE,tet(A)=COMPLETE,uhpT_E350Q=POINT",,"amikacin=S,amoxicillin-clavulanic acid=S,ampicillin=R,cefepime=S,cefoxitin=S,ceftazidime=S,ceftriaxone=R,ciprofloxacin=R,ertapenem=S,gentamicin=S,levofloxacin=R,meropenem=S,nitrofurantoin=S,piperacillin-tazobactam=S,tetracycline=R,tobramycin=S,trimethoprim-sulfamethoxazole=R"
E.coli and Shigella,,"""0000-0055-3694"",""145"",""SRS1224044""",,PDT000101130.2,2016-01-02T17:22:35Z,USA:Boston,rectal,clinical,,,,,SAMN04339727,GCA_012765535.1,"acrF=COMPLETE,blaEC=COMPLETE,blaSHV-12=COMPLETE,blaSHV=PARTIAL_END_OF_CONTIG,gyrA_D87N=POINT,gyrA_S83L=POINT,mdtM=COMPLETE,mph(A)=COMPLETE,parC_S80I=POINT,parE_S458A=POINT",,"amikacin=S,amoxicillin-clavulanic acid=S,ampicillin=R,cefepime=R,cefoxitin=S,ceftazidime=S,ceftriaxone=R,ciprofloxacin=R,ertapenem=R,gentamicin=S,levofloxacin=S,meropenem=S,nitrofurantoin=R,piperacillin-tazobactam=S,tetracycline=S,tobramycin=S,trimethoprim-sulfamethoxazole=S"
E.coli and Shigella,,"""0000-0055-3556"",""134"",""SRS1224039""",,PDT000101136.2,2016-01-02T17:22:36Z,USA:Boston,urine,clinical,,PDS000194248.147,30.0,52.0,SAMN04339716,GCA_012768095.1,"acrF=COMPLETE,blaCTX-M-27=COMPLETE,blaEC-5=COMPLETE,gyrA_D87N=POINT,gyrA_S83L=POINT,marR_S3N=POINT,parC_S80I=POINT,parE_L416F=POINT,uhpT_E350Q=POINT",,"amikacin=S,amoxicillin-clavulanic acid=S,ampicillin=R,cefepime=S,cefoxitin=S,ceftazidime=S,ceftriaxone=R,ciprofloxacin=R,ertapenem=S,gentamicin=S,levofloxacin=R,meropenem=S,nitrofurantoin=S,piperacillin-tazobactam=S,tetracycline=S,tobramycin=S,trimethoprim-sulfamethoxazole=S"
E.coli and Shigella,,"""0000-0055-3562"",""136"",""SRS1224037""",,PDT000101138.2,2016-01-02T17:22:36Z,USA:Boston,urine,clinical,,PDS000117091.382,24.0,25.0,SAMN04339718,GCA_012767515.1,"acrF=COMPLETE,blaCTX-M-27=COMPLETE,blaEC=COMPLETE,gyrA_D87N=POINT,gyrA_S83L=POINT,mdtM=COMPLETE,parC_E84V=POINT,parC_S80I=POINT,parE_I529L=POINT,ptsI_V25I=POINT,uhpT_E350Q=POINT",,"amikacin=S,amoxicillin-clavulanic acid=S,ampicillin=R,cefepime=S,cefoxitin=S,ceftazidime=S,ceftriaxone=R,ciprofloxacin=R,ertapenem=S,gentamicin=S,levofloxacin=R,meropenem=S,nitrofurantoin=S,piperacillin-tazobactam=S,tetracycline=S,tobramycin=S,trimethoprim-sulfamethoxazole=S"
E.coli and Shigella,,"""0000-0055-3565"",""137"",""SRS1224035""",,PDT000101139.2,2016-01-02T17:22:36Z,USA:Boston,urine,clinical,,,,,SAMN04339719,GCA_012765495.1,"aadA5=COMPLETE,acrF=COMPLETE,aph(3'')-Ib=COMPLETE,aph(6)-Id=COMPLETE,blaCTX-M-27=COMPLETE,blaEC=COMPLETE,dfrA17=COMPLETE,gyrA_D87N=POINT,gyrA_S83L=POINT,mdtM=COMPLETE,mph(A)=COMPLETE,parC_E84V=POINT,parC_S80I=POINT,parE_I529L=POINT,ptsI_V25I=POINT,sul1=COMPLETE,sul2=COMPLETE,tet(A)=COMPLETE,uhpT_E350Q=POINT",,"amikacin=S,amoxicillin-clavulanic acid=S,ampicillin=R,cefepime=S,cefoxitin=I,ceftazidime=S,ceftriaxone=R,ciprofloxacin=R,ertapenem=S,gentamicin=S,levofloxacin=R,meropenem=S,nitrofurantoin=S,piperacillin-tazobactam=S,tetracycline=R,tobramycin=S,trimethoprim-sulfamethoxazole=R"
E.coli and Shigella,,"""0000-0055-3568"",""138"",""SRS1224034""",,PDT000101140.2,2016-01-02T17:22:36Z,USA:Boston,urine,clinical,,,,,SAMN04339720,GCA_012766115.1,"aadA1=COMPLETE,acrF=COMPLETE,aph(3'')-Ib=COMPLETE,aph(6)-Id=COMPLETE,blaCTX-M-15=COMPLETE,blaEC=COMPLETE,dfrA1=COMPLETE,floR=COMPLETE,gyrA_D87N=POINT,gyrA_S83L=POINT,mdtM=COMPLETE,parC_S80I=POINT,sat2=COMPLETE,sul2=COMPLETE,tet(A)=COMPLETE",,"amikacin=S,amoxicillin-clavulanic acid=S,ampicillin=R,cefepime=I,cefoxitin=I,ceftazidime=R,ceftriaxone=R,ciprofloxacin=R,ertapenem=S,gentamicin=S,levofloxacin=R,meropenem=S,nitrofurantoin=S,piperacillin-tazobactam=S,tetracycline=R,tobramycin=S,trimethoprim-sulfamethoxazole=R"
E.coli and Shigella,,"""0000-0055-5468"",""153"",""SRS1243687""",,PDT000102011.2,2016-01-14T00:22:10Z,USA:Boston,urine,clinical,,,,,SAMN04393386,GCA_012741175.1,"aadA5=COMPLETE,acrF=COMPLETE,aph(3'')-Ib=COMPLETE,aph(6)-Id=COMPLETE,blaCTX-M-15=COMPLETE,blaEC=COMPLETE,blaTEM-1=COMPLETE,dfrA14=COMPLETE,dfrA17=COMPLETE,gyrA_S83L=POINT,mdtM=COMPLETE,mph(A)=COMPLETE,parE_I529L=POINT,ptsI_V25I=POINT,qnrS1=COMPLETE,sul1=COMPLETE,sul2=COMPLETE,tet(A)=COMPLETE,uhpT_E350Q=POINT",,"amikacin=S,amoxicillin-clavulanic acid=S,ampicillin=R,cefepime=R,cefoxitin=S,ceftazidime=R,ceftriaxone=R,ciprofloxacin=R,ertapenem=S,gentamicin=S,levofloxacin=R,meropenem=S,nitrofurantoin=S,piperacillin-tazobactam=S,tetracycline=R,tobramycin=S,trimethoprim-sulfamethoxazole=R"
E.coli and Shigella,,"""0000-0055-8732"",""163"",""SRS1243686""",,PDT000102012.2,2016-01-14T00:22:10Z,USA:Boston,urine,clinical,,PDS000058481.3,28.0,40.0,SAMN04393395,GCA_012741115.1,"acrF=COMPLETE,aph(3'')-Ib=COMPLETE,aph(6)-Id=COMPLETE,blaCTX-M-55=COMPLETE,blaEC=COMPLETE,blaTEM-1=COMPLETE,dfrA14=COMPLETE,gyrA_D87N=POINT,gyrA_S83L=POINT,mdtM=COMPLETE,parC_S80I=POINT,parE_S458A=POINT,sul2=COMPLETE,tet(A)=COMPLETE",,"amikacin=S,amoxicillin-clavulanic acid=I,ampicillin=R,cefazolin=R,cefepime=R,cefoxitin=S,ceftazidime=R,ceftriaxone=R,ciprofloxacin=R,ertapenem=S,gentamicin=S,levofloxacin=R,meropenem=S,piperacillin-tazobactam=S,tetracycline=R,tobramycin=R,trimethoprim-sulfamethoxazole=R"
E.coli and Shigella,,"""0000-0055-8736"",""164"",""SRS1243685""",,PDT000102013.2,2016-01-14T00:22:10Z,USA:Boston,urine,clinical,,,,,SAMN04393396,GCA_012741135.1,"aadA5=COMPLETE,acrF=COMPLETE,aph(3'')-Ib=COMPLETE,aph(6)-Id=COMPLETE,blaCTX-M-27=COMPLETE,blaEC=COMPLETE,dfrA17=COMPLETE,dfrA25=COMPLETE,gyrA_D87N=POINT,gyrA_S83L=POINT,mdtM=COMPLETE,mph(A)=COMPLETE,parC_E84V=POINT,parC_S80I=POINT,parE_I529L=POINT,ptsI_V25I=POINT,sul1=COMPLETE,sul2=COMPLETE,tet(A)=COMPLETE,uhpT_E350Q=POINT",,"amikacin=S,amoxicillin-clavulanic acid=S,ampicillin=R,cefazolin=R,cefepime=R,cefoxitin=S,ceftazidime=R,ceftriaxone=R,ciprofloxacin=R,ertapenem=S,gentamicin=S,levofloxacin=R,meropenem=S,piperacillin-tazobactam=S,tetracycline=R,tobramycin=S,trimethoprim-sulfamethoxazole=R"
E.coli and Shigella,,"""0000-0055-8785"",""166"",""SRS1243683""",,PDT000102015.2,2016-01-14T00:22:10Z,USA:Boston,urine,clinical,,PDS000034871.21,32.0,,SAMN04393398,GCA_012741095.1,"aac(3)-IId=COMPLETE,acrF=COMPLETE,blaCTX-M-15=COMPLETE,blaEC=COMPLETE,blaTEM-1=COMPLETE,gyrA_D87N=POINT,gyrA_S83L=POINT,mdtM=COMPLETE,parC_E84V=POINT,parC_S80I=POINT,parE_I529L=POINT,ptsI_V25I=POINT,uhpT_E350Q=POINT",,"amikacin=S,amoxicillin-clavulanic acid=S,ampicillin=R,cefepime=R,cefoxitin=S,ceftazidime=R,ceftriaxone=R,ciprofloxacin=R,ertapenem=S,gentamicin=R,levofloxacin=R,meropenem=S,nitrofurantoin=S,piperacillin-tazobactam=S,tetracycline=S,tobramycin=I,trimethoprim-sulfamethoxazole=S"
E.coli and Shigella,,"""0000-0055-5471"",""154"",""SRS1243681""",,PDT000102017.2,2016-01-14T00:22:10Z,USA:Boston,urine,clinical,,PDS000034421.1,9.0,,SAMN04393387,GCA_012741075.1,"aadA5=COMPLETE,acrF=COMPLETE,aph(3'')-Ib=COMPLETE,aph(6)-Id=COMPLETE,blaCTX-M-15=COMPLETE,blaEC=COMPLETE,cyaA_S352T=POINT,dfrA17=COMPLETE,gyrA_D87N=POINT,gyrA_S83L=POINT,mph(A)=COMPLETE,parC_S80I=POINT,parE_S458A=POINT,sul1=COMPLETE,sul2=COMPLETE,tet(A)=COMPLETE",,"amikacin=S,amoxicillin-clavulanic acid=S,ampicillin=R,cefoxitin=I,ceftazidime=R,ceftriaxone=R,ciprofloxacin=R,ertapenem=S,gentamicin=S,levofloxacin=R,meropenem=S,nitrofurantoin=S,piperacillin-tazobactam=S,tetracycline=R,tobramycin=S,trimethoprim-sulfamethoxazole=R"
E.coli and Shigella,,"""0000-0055-5474"",""155"",""SRS1243680""",,PDT000102018.2,2016-01-14T00:22:11Z,USA:Boston,urine,clinical,,PDS000034871.21,24.0,,SAMN04393388,GCA_012741055.1,"aadA5=COMPLETE,acrF=COMPLETE,aph(3'')-Ib=COMPLETE,aph(6)-Id=COMPLETE,blaCTX-M-15=COMPLETE,blaEC=COMPLETE,dfrA17=COMPLETE,gyrA_D87N=POINT,gyrA_S83L=POINT,mdtM=COMPLETE,mph(A)=COMPLETE,parC_E84V=POINT,parC_S80I=POINT,parE_I529L=POINT,ptsI_V25I=POINT,sul1=COMPLETE,sul2=COMPLETE,uhpT_E350Q=POINT",,"amikacin=S,amoxicillin-clavulanic acid=S,ampicillin=R,cefepime=R,cefoxitin=S,ceftazidime=R,ceftriaxone=R,ciprofloxacin=R,ertapenem=S,gentamicin=S,levofloxacin=R,meropenem=S,nitrofurantoin=S,piperacillin-tazobactam=S,tetracycline=S,tobramycin=S,trimethoprim-sulfamethoxazole=R"
E.coli and Shigella,,"""0000-0055-8716"",""158"",""SRS1243693""",,PDT000102020.2,2016-01-14T00:22:11Z,USA:Boston,urine,clinical,,PDS000053823.9,15.0,,SAMN04393390,GCA_012740975.1,"aac(3)-IIe=COMPLETE,aac(6')-Ib-cr5=COMPLETE,aadA5=COMPLETE,acrF=COMPLETE,blaCTX-M-15=COMPLETE,blaEC=COMPLETE,blaOXA-1=COMPLETE,catB3=PARTIAL_END_OF_CONTIG,dfrA17=COMPLETE,erm(B)=COMPLETE,gyrA_D87N=POINT,gyrA_S83L=POINT,mdtM=COMPLETE,mph(A)=COMPLETE,parC_E84V=POINT,parC_S80I=POINT,parE_I529L=POINT,ptsI_V25I=POINT,sul1=COMPLETE,tet(A)=COMPLETE,uhpT_E350Q=POINT",,"amikacin=S,amoxicillin-clavulanic acid=I,ampicillin=R,cefepime=S,cefoxitin=S,ceftazidime=R,ceftriaxone=R,ciprofloxacin=R,ertapenem=S,gentamicin=R,levofloxacin=R,meropenem=S,nitrofurantoin=S,piperacillin-tazobactam=S,tetracycline=R,tobramycin=I,trimethoprim-sulfamethoxazole=R"
E.coli and Shigella,,"""0000-0055-8719"",""159"",""SRS1243692""",,PDT000102021.2,2016-01-14T00:22:11Z,USA:Boston,urine,clinical,,,,,SAMN04393391,GCA_012741015.1,"aadA1=COMPLETE,acrF=COMPLETE,aph(3'')-Ib=COMPLETE,aph(6)-Id=COMPLETE,blaCMY-42=COMPLETE,blaEC=COMPLETE,blaTEM-190=COMPLETE,blaTEMp_C32T=POINT,dfrA1=COMPLETE,gyrA_D87N=POINT,gyrA_S83L=POINT,mdtM=COMPLETE,mph(A)=COMPLETE,parC_E84G=POINT,parC_S80I=POINT,sat2=COMPLETE,sul2=COMPLETE,tet(B)=COMPLETE",,"amikacin=S,amoxicillin-clavulanic acid=R,ampicillin=R,cefepime=S,cefoxitin=R,ceftazidime=R,ceftriaxone=R,ciprofloxacin=R,ertapenem=S,gentamicin=S,levofloxacin=R,meropenem=S,nitrofurantoin=S,piperacillin-tazobactam=R,tetracycline=R,tobramycin=S,trimethoprim-sulfamethoxazole=R"
E.coli and Shigella,,"""0000-0055-8722"",""160"",""SRS1243691""",,PDT000102022.2,2016-01-14T00:22:11Z,USA:Boston,urine,clinical,,,,,SAMN04393392,GCA_012741035.1,"aac(6')-Ib4=COMPLETE,acrF=COMPLETE,blaCTX-M-15=COMPLETE,blaEC=COMPLETE,blaTEM-1=COMPLETE,catA1=COMPLETE,catB3=COMPLETE,dfrA1=COMPLETE,gyrA_D87N=POINT,gyrA_S83L=POINT,mdtM=COMPLETE,parC_E84K=POINT,parE_L416F=POINT,soxS_A12S=POINT,sul1=COMPLETE,tet(B)=COMPLETE",,"amikacin=S,amoxicillin-clavulanic acid=S,ampicillin=R,aztreonam=I,cefotetan=S,ceftazidime=S,ceftriaxone=R,cephalothin=R,chloramphenicol=R,ciprofloxacin=R,colistin=S,ertapenem=S,fosfomycin=S,gentamicin=S,imipenem=S,levofloxacin=R,meropenem=S,piperacillin=R,sulfamethoxazole=R,tetracycline=R,tobramycin=R,trimethoprim-sulfamethoxazole=R"
E.coli and Shigella,,"""0000-0055-8726"",""161"",""SRS1243690""",,PDT000102023.2,2016-01-14T00:22:11Z,USA:Boston,urine,clinical,,,,,SAMN04393393,GCA_012740995.1,"aac(6')-Ib4=COMPLETE,acrF=COMPLETE,blaCTX-M-15=COMPLETE,blaEC=COMPLETE,blaTEM-1=COMPLETE,catA1=COMPLETE,catB3=COMPLETE,dfrA1=COMPLETE,gyrA_D87N=POINT,gyrA_S83L=POINT,mdtM=COMPLETE,parC_E84K=POINT,parE_L416F=POINT,soxS_A12S=POINT,sul1=COMPLETE,tet(B)=COMPLETE",,"amikacin=S,amoxicillin-clavulanic acid=S,ampicillin=R,aztreonam=R,cefepime=R,cefotetan=S,ceftazidime=R,ceftriaxone=R,cephalothin=R,chloramphenicol=R,ciprofloxacin=R,colistin=S,ertapenem=S,fosfomycin=S,gentamicin=S,imipenem=S,levofloxacin=R,meropenem=S,piperacillin=R,sulfamethoxazole=R,tetracycline=R,tobramycin=I,trimethoprim-sulfamethoxazole=R"
E.coli and Shigella,,"""0000-0056-2160"",""169"",""SRS1296144""",,PDT000107927.2,2016-02-20T15:24:22Z,USA:Boston,urine,clinical,,PDS000039892.123,29.0,61.0,SAMN04456581,GCA_012738935.1,"aac(3)-IIe=COMPLETE,aac(6')-Ib-cr5=COMPLETE,aadA5=COMPLETE,acrF=COMPLETE,blaCTX-M-15=COMPLETE,blaEC=COMPLETE,blaOXA-1=COMPLETE,catB3=PARTIAL_END_OF_CONTIG,dfrA17=COMPLETE,gyrA_D87N=POINT,gyrA_S83L=POINT,mdtM=COMPLETE,mph(A)=COMPLETE,parC_E84V=POINT,parC_S80I=POINT,parE_I529L=POINT,ptsI_V25I=POINT,sul1=COMPLETE,tet(A)=COMPLETE,uhpT_E350Q=POINT",,"amikacin=S,amoxicillin-clavulanic acid=I,cefazolin=R,cefepime=R,cefoxitin=R,ceftazidime=R,ceftriaxone=R,ciprofloxacin=R,ertapenem=S,gentamicin=R,levofloxacin=R,meropenem=S,nitrofurantoin=S,piperacillin-tazobactam=I,tetracycline=R,tobramycin=R,trimethoprim-sulfamethoxazole=R"
E.coli and Shigella,,"""0000-0056-2163"",""170"",""SRS1296138""",,PDT000107934.2,2016-02-20T15:24:22Z,USA:Boston,blood,clinical,,PDS000063304.18,21.0,,SAMN04456582,GCA_012739135.1,"aac(3)-IIe=COMPLETE,aac(6')-Ib-cr=PARTIAL_END_OF_CONTIG,aadA5=COMPLETE,acrF=COMPLETE,aph(3'')-Ib=COMPLETE,aph(6)-Id=COMPLETE,blaCTX-M-15=COMPLETE,blaEC=COMPLETE,blaOXA-1=COMPLETE,catB3=PARTIAL_END_OF_CONTIG,dfrA17=COMPLETE,gyrA_D87N=POINT,gyrA_S83L=POINT,mdtM=COMPLETE,mph(A)=COMPLETE,parC_E84V=POINT,parC_S80I=POINT,parE_I529L=POINT,ptsI_V25I=POINT,sul1=COMPLETE,sul2=COMPLETE,tet(A)=COMPLETE,uhpT_E350Q=POINT",,"amikacin=S,amoxicillin-clavulanic acid=S,ampicillin=R,cefazolin=R,cefepime=S,cefoxitin=S,ceftazidime=R,ceftriaxone=R,ciprofloxacin=R,ertapenem=S,gentamicin=R,levofloxacin=R,meropenem=S,piperacillin-tazobactam=S,tetracycline=R,tobramycin=S,trimethoprim-sulfamethoxazole=R"
E.coli and Shigella,,"""0000-0056-2169"",""172"",""SRS1296135""",,PDT000107936.2,2016-02-20T15:24:22Z,USA:Boston,gall bladder,clinical,,,,,SAMN04456584,GCA_020381885.1,"aac(6')-Ib-cr5=COMPLETE,acrF=COMPLETE,aph(6)-Id=COMPLETE,blaCTX-M-15=COMPLETE,blaEC=COMPLETE,blaOXA-1=COMPLETE,blaTEM-1=COMPLETE,catB3=PARTIAL_END_OF_CONTIG,cyaA_S352T=POINT,dfrA17=COMPLETE,dfrA51=COMPLETE,gyrA_D87N=POINT,gyrA_S83L=POINT,mdtM=COMPLETE,nfsA_G126R=POINT,parC_S80I=POINT,parE_S458A=POINT,tet(B)=COMPLETE",,"amikacin=S,amoxicillin-clavulanic acid=R,ampicillin=R,cefazolin=R,cefepime=R,cefoxitin=S,ceftazidime=R,ceftriaxone=R,ciprofloxacin=R,ertapenem=S,gentamicin=S,levofloxacin=R,meropenem=S,piperacillin-tazobactam=R,tetracycline=R,tobramycin=R,trimethoprim-sulfamethoxazole=R"
E.coli and Shigella,,"""0000-0055-5455"",""148"",""SRS1359993""",,PDT000124856.2,2016-04-12T22:10:23Z,USA:Boston,urine,clinical,,,,,SAMN04571741,GCA_012707345.1,"aac(3)-IIe=COMPLETE,aac(6')-Ib-cr5=COMPLETE,acrF=COMPLETE,aph(3'')-Ib=COMPLETE,aph(3')-Ia=COMPLETE,aph(6)-Id=COMPLETE,blaCTX-M-15=COMPLETE,blaEC=COMPLETE,blaOXA-1=COMPLETE,blaTEM-1=COMPLETE,blaTEMp_C32T=POINT,catA1=COMPLETE,catB3=PARTIAL_END_OF_CONTIG,dfrA14=COMPLETE,gyrA_D87N=POINT,gyrA_S83L=POINT,mdtM=COMPLETE,mph(A)=COMPLETE,parC_S80I=POINT,parE_S458A=POINT,sul2=COMPLETE,tet(B)=COMPLETE",,"amikacin=S,amoxicillin-clavulanic acid=R,ampicillin=R,cefoxitin=S,ceftazidime=R,ceftriaxone=R,ciprofloxacin=R,ertapenem=S,gentamicin=R,levofloxacin=R,meropenem=S,nitrofurantoin=S,piperacillin-tazobactam=I,tetracycline=R,tobramycin=R,trimethoprim-sulfamethoxazole=R"
E.coli and Shigella,,"""0000-0055-5459"",""149"",""SRS1359992""",,PDT000124857.2,2016-04-12T22:10:24Z,USA:Boston,urine,clinical,,,,,SAMN04571742,GCA_012707805.1,"acrF=COMPLETE,blaCTX-M-15=COMPLETE,blaEC-5=COMPLETE,dfrA14=COMPLETE,gyrA_D87N=POINT,gyrA_S83L=POINT,marR_S3N=POINT,mph(A)=COMPLETE,parC_S80I=POINT,parE_L416F=POINT,qnrS1=COMPLETE,uhpT_E350Q=POINT",,"amikacin=S,amoxicillin-clavulanic acid=S,ampicillin=R,cefoxitin=S,ceftazidime=I,ceftriaxone=R,ciprofloxacin=R,ertapenem=S,gentamicin=S,levofloxacin=R,meropenem=S,nitrofurantoin=S,piperacillin-tazobactam=S,tetracycline=S,tobramycin=S,trimethoprim-sulfamethoxazole=R"
E.coli and Shigella,,"""0000-0055-5462"",""151"",""SRS1359991""",,PDT000124858.2,2016-04-12T22:10:24Z,USA:Boston,sputum,clinical,,PDS000040779.61,25.0,73.0,SAMN04571743,GCA_012707405.1,"aac(3)-IId=COMPLETE,aac(3)-IIe=COMPLETE,aac(6')-Ib-cr5=COMPLETE,aadA5=COMPLETE,acrF=COMPLETE,aph(3'')-Ib=COMPLETE,aph(6)-Id=COMPLETE,aph(6)-Id=PARTIAL_END_OF_CONTIG,blaCTX-M-15=COMPLETE,blaEC=COMPLETE,blaOXA-1=COMPLETE,blaTEM-1=COMPLETE,catB3=PARTIAL_END_OF_CONTIG,dfrA14=COMPLETE,dfrA17=COMPLETE,gyrA_D87N=POINT,gyrA_S83L=POINT,mdtM=COMPLETE,mph(A)=COMPLETE,parC_S80I=POINT,parE_S458T=POINT,qnrS1=COMPLETE,soxR_R20H=POINT,sul1=COMPLETE,sul2=COMPLETE",,"amikacin=S,amoxicillin-clavulanic acid=I,ampicillin=R,cefoxitin=R,ceftazidime=I,ceftriaxone=R,ciprofloxacin=R,ertapenem=R,gentamicin=S,levofloxacin=R,meropenem=S,nitrofurantoin=R,piperacillin-tazobactam=I,tetracycline=S,tobramycin=R,trimethoprim-sulfamethoxazole=R"
E.coli and Shigella,,"""0000-0057-7714"",""M37"",""SRS1381426""",,PDT000124863.2,2016-04-12T22:10:24Z,USA:Boston,blood,clinical,,PDS000003047.8,1.0,,SAMN04622927,GCA_012707275.1,"aac(3)-IIe=COMPLETE,aac(6')-Ib-cr5=COMPLETE,aadA5=COMPLETE,acrF=COMPLETE,aph(3'')-Ib=COMPLETE,blaCTX-M-15=COMPLETE,blaEC=COMPLETE,blaOXA-1=COMPLETE,catB3=PARTIAL_END_OF_CONTIG,dfrA17=COMPLETE,gyrA_D87N=POINT,gyrA_S83L=POINT,mdtM=COMPLETE,mph(A)=COMPLETE,parC_E84V=POINT,parC_S80I=POINT,parE_I529L=POINT,ptsI_V25I=POINT,sul1=COMPLETE,sul2=COMPLETE,tet(A)=COMPLETE,uhpT_E350Q=POINT",,"amikacin=S,amoxicillin-clavulanic acid=I,ampicillin-sulbactam=R,ampicillin=R,aztreonam=R,cefazolin=R,cefepime=I,ceftriaxone=R,ciprofloxacin=R,ertapenem=S,gentamicin=R,imipenem=S,levofloxacin=R,meropenem=S,piperacillin-tazobactam=S,trimethoprim-sulfamethoxazole=R"
E.coli and Shigella,,"""0000-0057-7717"",""M38"",""SRS1381425""",,PDT000124864.2,2016-04-12T22:10:24Z,USA:Boston,blood,clinical,,,,,SAMN04622928,GCA_012707365.1,"acrF=COMPLETE,blaCTX-M-55=COMPLETE,blaEC=COMPLETE,blaTEM-1=COMPLETE,blaTEM=PARTIAL_END_OF_CONTIG,dfrA1=COMPLETE,dfrA51=HMM,floR=COMPLETE,fosA=PARTIAL_END_OF_CONTIG,gyrA_D87N=POINT,gyrA_S83L=POINT,mdtM=COMPLETE,parC_S80I=POINT,tet(A)=COMPLETE",,"amikacin=S,amoxicillin-clavulanic acid=I,ampicillin-sulbactam=R,ampicillin=R,aztreonam=R,cefazolin=R,cefepime=S,ceftriaxone=R,ciprofloxacin=R,ertapenem=S,gentamicin=S,imipenem=S,levofloxacin=R,meropenem=S,piperacillin-tazobactam=S,trimethoprim-sulfamethoxazole=S"
E.coli and Shigella,,"""0000-0057-7635"",""M29"",""SRS1381424""",,PDT000124865.2,2016-04-12T22:10:24Z,USA:Boston,blood,clinical,,,,,SAMN04622919,GCA_012707325.1,"aac(3)-IIe=COMPLETE,aac(6')-Ib-cr5=COMPLETE,aadA5=COMPLETE,acrF=COMPLETE,aph(3'')-Ib=COMPLETE,aph(6)-Id=COMPLETE,blaCTX-M-15=COMPLETE,blaEC=COMPLETE,blaOXA-1=COMPLETE,catB3=PARTIAL_END_OF_CONTIG,dfrA17=COMPLETE,gyrA_D87N=POINT,gyrA_S83L=POINT,mdtM=COMPLETE,mph(A)=COMPLETE,nfsA_G126R=POINT,parC_S80I=POINT,parE_S458A=POINT,sul1=COMPLETE,sul2=COMPLETE,tet(B)=COMPLETE",,"amikacin=S,amoxicillin-clavulanic acid=R,ampicillin-sulbactam=R,ampicillin=R,aztreonam=R,cefazolin=R,cefepime=I,ceftriaxone=R,ciprofloxacin=R,ertapenem=S,gentamicin=R,imipenem=S,levofloxacin=R,meropenem=S,piperacillin-tazobactam=S,trimethoprim-sulfamethoxazole=R"
E.coli and Shigella,,"""0000-0057-7673"",""M31"",""SRS1381433""",,PDT000124867.2,2016-04-12T22:10:24Z,USA:Boston,blood,clinical,,PDS000039241.50,21.0,,SAMN04622921,GCA_012707265.1,"aac(6')-Ib-cr5=COMPLETE,acrF=COMPLETE,blaCTX-M-15=COMPLETE,blaEC=COMPLETE,blaOXA-1=COMPLETE,catB3=PARTIAL_END_OF_CONTIG,cyaA_S352T=POINT,gyrA_D87N=POINT,gyrA_S83L=POINT,mph(A)=COMPLETE,parC_S80I=POINT,parE_S458A=POINT,tet(B)=COMPLETE",,"amikacin=S,amoxicillin-clavulanic acid=I,ampicillin-sulbactam=R,ampicillin=R,aztreonam=R,cefazolin=R,cefepime=I,ceftriaxone=R,ciprofloxacin=R,ertapenem=S,gentamicin=S,imipenem=S,levofloxacin=R,meropenem=S,piperacillin-tazobactam=S,trimethoprim-sulfamethoxazole=S"
E.coli and Shigella,,"""0000-0057-7676"",""M32"",""SRS1381432""",,PDT000124868.2,2016-04-12T22:10:24Z,USA:Boston,blood,clinical,,PDS000034135.1,1.0,,SAMN04622922,GCA_012707205.1,"aac(6')-Ib-cr5=COMPLETE,aadA5=COMPLETE,acrF=COMPLETE,blaCTX-M-15=COMPLETE,blaEC=COMPLETE,blaOXA-1=COMPLETE,catB3=PARTIAL_END_OF_CONTIG,dfrA17=COMPLETE,gyrA_D87N=POINT,gyrA_S83L=POINT,mdtM=COMPLETE,mph(A)=COMPLETE,parC_E84V=POINT,parC_S80I=POINT,parE_I529L=POINT,ptsI_V25I=POINT,sul1=COMPLETE,uhpT_E350Q=POINT",,"amikacin=S,amoxicillin-clavulanic acid=R,ampicillin-sulbactam=R,ampicillin=R,aztreonam=S,cefazolin=R,cefepime=S,ceftriaxone=R,ciprofloxacin=R,ertapenem=S,gentamicin=S,imipenem=S,levofloxacin=R,meropenem=S,piperacillin-tazobactam=S,trimethoprim-sulfamethoxazole=R"
E.coli and Shigella,,"""0000-0057-7702"",""M33"",""SRS1381431""",,PDT000124869.2,2016-04-12T22:10:24Z,USA:Boston,blood,clinical,,PDS000003047.8,0.0,,SAMN04622923,GCA_012707305.1,"aac(3)-IIe=COMPLETE,aac(6')-Ib-cr5=COMPLETE,aadA5=COMPLETE,acrF=COMPLETE,aph(3'')-Ib=COMPLETE,blaCTX-M-15=COMPLETE,blaEC=COMPLETE,blaOXA-1=COMPLETE,catB3=PARTIAL_END_OF_CONTIG,dfrA17=COMPLETE,gyrA_D87N=POINT,gyrA_S83L=POINT,mdtM=COMPLETE,mph(A)=COMPLETE,parC_E84V=POINT,parC_S80I=POINT,parE_I529L=POINT,ptsI_V25I=POINT,sul1=COMPLETE,sul2=COMPLETE,tet(A)=COMPLETE,uhpT_E350Q=POINT",,"amikacin=S,amoxicillin-clavulanic acid=I,ampicillin-sulbactam=R,ampicillin=R,aztreonam=R,cefazolin=R,cefepime=I,ceftriaxone=R,ciprofloxacin=R,ertapenem=S,gentamicin=R,imipenem=S,levofloxacin=R,meropenem=S,piperacillin-tazobactam=S,trimethoprim-sulfamethoxazole=R"
E.coli and Shigella,,"""0000-0057-7705"",""M34"",""SRS1381430""",,PDT000124870.2,2016-04-12T22:10:24Z,USA:Boston,blood,clinical,,PDS000003047.8,1.0,,SAMN04622924,GCA_012707185.1,"aac(3)-IIe=COMPLETE,aac(6')-Ib-cr5=COMPLETE,aadA5=COMPLETE,acrF=COMPLETE,aph(3'')-Ib=COMPLETE,blaCTX-M-15=COMPLETE,blaEC=COMPLETE,blaOXA-1=COMPLETE,catB3=PARTIAL_END_OF_CONTIG,dfrA17=COMPLETE,gyrA_D87N=POINT,gyrA_S83L=POINT,mdtM=COMPLETE,mph(A)=COMPLETE,parC_E84V=POINT,parC_S80I=POINT,parE_I529L=POINT,ptsI_V25I=POINT,sul1=COMPLETE,sul2=COMPLETE,tet(A)=COMPLETE,uhpT_E350Q=POINT",,"amikacin=S,amoxicillin-clavulanic acid=I,ampicillin-sulbactam=R,ampicillin=R,aztreonam=R,cefazolin=R,cefepime=R,ceftriaxone=R,ciprofloxacin=R,ertapenem=S,gentamicin=R,imipenem=S,levofloxacin=R,meropenem=S,piperacillin-tazobactam=S,trimethoprim-sulfamethoxazole=R"
E.coli and Shigella,,"""0000-0057-7708"",""M35"",""SRS1381429""",,PDT000124871.2,2016-04-12T22:10:24Z,USA:Boston,blood,clinical,,PDS000003047.8,2.0,,SAMN04622925,GCA_012707225.1,"acrF=COMPLETE,blaEC=COMPLETE,gyrA_D87N=POINT,gyrA_S83L=POINT,mdtM=COMPLETE,parC_E84V=POINT,parC_S80I=POINT,parE_I529L=POINT,ptsI_V25I=POINT,uhpT_E350Q=POINT",,"amikacin=S,amoxicillin-clavulanic acid=S,ampicillin-sulbactam=S,ampicillin=S,aztreonam=S,cefazolin=S,cefepime=S,ceftriaxone=S,ciprofloxacin=R,ertapenem=S,gentamicin=S,imipenem=S,levofloxacin=R,meropenem=S,piperacillin-tazobactam=S,trimethoprim-sulfamethoxazole=S"
E.coli and Shigella,,"""0000-0057-7711"",""M36"",""SRS1381428""",,PDT000124872.2,2016-04-12T22:10:24Z,USA:Boston,blood,clinical,,PDS000003047.8,2.0,,SAMN04622926,GCA_012707245.1,"aac(3)-IIe=COMPLETE,aac(6')-Ib-cr5=COMPLETE,aadA5=COMPLETE,acrF=COMPLETE,aph(3'')-Ib=COMPLETE,blaCTX-M-15=COMPLETE,blaEC=COMPLETE,blaOXA-1=COMPLETE,catB3=PARTIAL_END_OF_CONTIG,dfrA17=COMPLETE,gyrA_D87N=POINT,gyrA_S83L=POINT,mdtM=COMPLETE,mph(A)=COMPLETE,parC_E84V=POINT,parC_S80I=POINT,parE_I529L=POINT,ptsI_V25I=POINT,sul1=COMPLETE,sul2=COMPLETE,tet(A)=COMPLETE,uhpT_E350Q=POINT",,"amikacin=S,amoxicillin-clavulanic acid=I,ampicillin-sulbactam=R,ampicillin=R,aztreonam=R,cefazolin=R,cefepime=I,ceftriaxone=R,ciprofloxacin=R,ertapenem=S,gentamicin=R,imipenem=S,levofloxacin=R,meropenem=S,piperacillin-tazobactam=S,trimethoprim-sulfamethoxazole=R"
E.coli and Shigella,,"""24"",""DHQPCR312"",""SRS1336666""",,PDT000130444.2,2016-05-16T20:16:55Z,USA: New York,urine,clinical,,PDS000179177.2,3.0,,SAMN04448242,GCA_012683825.1,"aac(3)-IId=COMPLETE,aadA5=COMPLETE,acrF=COMPLETE,aph(3'')-Ib=COMPLETE,aph(6)-Id=COMPLETE,blaCTX-M=PARTIAL_END_OF_CONTIG,blaEC=COMPLETE,blaOXA-181=COMPLETE,blaTEM-1=COMPLETE,blaTEM-33=COMPLETE,blaTEM-35=COMPLETE,blaTEM-84=COMPLETE,blaTEM=PARTIAL_END_OF_CONTIG,blaTEMp_G162T=POINT,dfrA17=COMPLETE,ftsI_N337NYRIN=POINT,gyrA_D87N=POINT,gyrA_S83L=POINT,mdtM=COMPLETE,mph(A)=COMPLETE,parC_S80I=POINT,parE_S458A=POINT,qnrS1=COMPLETE,sul1=COMPLETE,sul2=COMPLETE,sul2=PARTIAL_END_OF_CONTIG,tet(A)=COMPLETE",,"amikacin=S,amoxicillin-clavulanic acid=R,ampicillin-sulbactam=R,ampicillin=R,aztreonam=S,cefazolin=R,cefepime=I,cefotaxime-clavulanic acid=R,cefotaxime=R,cefoxitin=I,ceftazidime-clavulanic acid=ND,ceftazidime=ND,ceftriaxone=R,chloramphenicol=ND,ciprofloxacin=R,colistin=ND,doripenem=S,ertapenem=R,gentamicin=R,imipenem=I,levofloxacin=R,meropenem=S,minocycline=ND,piperacillin-tazobactam=ND,polymyxin B=ND,tetracycline=R,tigecycline=S,tobramycin=I,trimethoprim-sulfamethoxazole=R"
E.coli and Shigella,,"""0000-0057-9227"",""M48"",""SRS1467818""",,PDT000133400.2,2016-05-31T04:14:19Z,USA:Boston,blood,clinical,,PDS000003047.8,2.0,,SAMN05178547,GCA_012677665.1,"acrF=COMPLETE,blaEC=COMPLETE,gyrA_D87N=POINT,gyrA_S83L=POINT,mdtM=COMPLETE,parC_E84V=POINT,parC_S80I=POINT,parE_I529L=POINT,ptsI_V25I=POINT,uhpT_E350Q=POINT",,"amikacin=S,amoxicillin-clavulanic acid=R,ampicillin-sulbactam=R,ampicillin=R,aztreonam=R,cefazolin=R,cefepime=R,ceftriaxone=R,ciprofloxacin=R,ertapenem=S,gentamicin=R,imipenem=S,levofloxacin=R,meropenem=S,piperacillin-tazobactam=S,trimethoprim-sulfamethoxazole=R"
E.coli and Shigella,,"""0000-0057-9417"",""M50"",""SRS1467819""",,PDT000133401.2,2016-05-31T04:14:19Z,USA:Boston,blood,clinical,,PDS000003047.8,6.0,,SAMN05178548,GCA_012677365.1,"aac(3)-IIe=COMPLETE,aac(6')-Ib-cr5=COMPLETE,aadA5=COMPLETE,acrF=COMPLETE,aph(3'')-Ib=COMPLETE,aph(6)-Id=PARTIAL_END_OF_CONTIG,blaCTX-M-15=COMPLETE,blaEC=COMPLETE,blaOXA-1=COMPLETE,catB3=PARTIAL_END_OF_CONTIG,dfrA17=COMPLETE,gyrA_D87N=POINT,gyrA_S83L=POINT,mdtM=COMPLETE,mph(A)=COMPLETE,parC_E84V=POINT,parC_S80I=POINT,parE_I529L=POINT,ptsI_V25I=POINT,sul1=COMPLETE,sul2=COMPLETE,tet(A)=COMPLETE,uhpT_E350Q=POINT",,"amikacin=S,amoxicillin-clavulanic acid=I,ampicillin-sulbactam=R,ampicillin=R,aztreonam=R,cefazolin=R,cefepime=R,ceftriaxone=R,ciprofloxacin=R,ertapenem=S,gentamicin=R,imipenem=S,levofloxacin=R,meropenem=S,piperacillin-tazobactam=S,trimethoprim-sulfamethoxazole=R"
E.coli and Shigella,,"""0000-0057-7733"",""M43"",""SRS1477855""",,PDT000133645.2,2016-06-06T20:14:36Z,USA:Boston,blood,clinical,,PDS000003047.8,0.0,,SAMN05194541,GCA_012677425.1,"aac(3)-IIe=COMPLETE,aac(6')-Ib-cr5=COMPLETE,aadA5=COMPLETE,acrF=COMPLETE,aph(3'')-Ib=COMPLETE,blaCTX-M-15=COMPLETE,blaEC=COMPLETE,blaOXA-1=COMPLETE,catB3=PARTIAL_END_OF_CONTIG,dfrA17=COMPLETE,gyrA_D87N=POINT,gyrA_S83L=POINT,mdtM=COMPLETE,mph(A)=COMPLETE,parC_E84V=POINT,parC_S80I=POINT,parE_I529L=POINT,ptsI_V25I=POINT,sul1=COMPLETE,sul2=COMPLETE,tet(A)=COMPLETE,uhpT_E350Q=POINT",,"amikacin=S,amoxicillin-clavulanic acid=I,ampicillin-sulbactam=R,ampicillin=R,aztreonam=R,cefazolin=R,cefepime=R,ceftriaxone=R,ciprofloxacin=R,ertapenem=S,gentamicin=R,imipenem=S,levofloxacin=R,meropenem=S,piperacillin-tazobactam=S,trimethoprim-sulfamethoxazole=R"
E.coli and Shigella,,"""0000-0057-7739"",""M45"",""SRS1477856""",,PDT000133646.2,2016-06-06T20:14:36Z,USA:Boston,blood,clinical,,PDS000003047.8,1.0,,SAMN05194542,GCA_012677445.1,"aac(3)-IIe=COMPLETE,aac(6')-Ib-cr5=COMPLETE,aadA5=COMPLETE,acrF=COMPLETE,aph(3'')-Ib=COMPLETE,blaCTX-M-15=COMPLETE,blaEC=COMPLETE,blaOXA-1=COMPLETE,catB3=PARTIAL_END_OF_CONTIG,dfrA17=COMPLETE,gyrA_D87N=POINT,gyrA_S83L=POINT,mdtM=COMPLETE,mph(A)=COMPLETE,parC_E84V=POINT,parC_S80I=POINT,parE_I529L=POINT,ptsI_V25I=POINT,sul1=COMPLETE,sul2=COMPLETE,tet(A)=COMPLETE,uhpT_E350Q=POINT",,"amikacin=S,amoxicillin-clavulanic acid=I,ampicillin-sulbactam=R,ampicillin=R,aztreonam=R,cefazolin=R,cefepime=I,ceftriaxone=R,ciprofloxacin=R,ertapenem=S,gentamicin=R,imipenem=S,levofloxacin=R,meropenem=S,piperacillin-tazobactam=S,trimethoprim-sulfamethoxazole=R"
E.coli and Shigella,,"""0000-0057-9221"",""M46"",""SRS1477857""",,PDT000133647.2,2016-06-06T20:14:36Z,USA:Boston,blood,clinical,,PDS000003047.8,0.0,,SAMN05194543,GCA_012677185.1,"aac(3)-IIe=COMPLETE,aac(6')-Ib-cr5=COMPLETE,aadA5=COMPLETE,acrF=COMPLETE,aph(3'')-Ib=COMPLETE,blaCTX-M-15=COMPLETE,blaEC=COMPLETE,blaOXA-1=COMPLETE,catB3=PARTIAL_END_OF_CONTIG,dfrA17=COMPLETE,gyrA_D87N=POINT,gyrA_S83L=POINT,mdtM=COMPLETE,mph(A)=COMPLETE,parC_E84V=POINT,parC_S80I=POINT,parE_I529L=POINT,ptsI_V25I=POINT,sul1=COMPLETE,sul2=COMPLETE,tet(A)=COMPLETE,uhpT_E350Q=POINT",,"amikacin=S,amoxicillin-clavulanic acid=I,ampicillin-sulbactam=R,ampicillin=R,aztreonam=R,cefazolin=R,cefepime=I,ceftriaxone=R,ciprofloxacin=R,ertapenem=S,gentamicin=R,imipenem=S,levofloxacin=R,meropenem=S,piperacillin-tazobactam=S,trimethoprim-sulfamethoxazole=R"
E.coli and Shigella,,"""0000-0057-9224"",""M47"",""SRS1477858""",,PDT000133648.2,2016-06-06T20:14:36Z,USA:Boston,blood,clinical,,PDS000003047.8,1.0,,SAMN05194544,GCA_012677645.1,"aac(3)-IIe=COMPLETE,aac(6')-Ib-cr5=COMPLETE,aadA5=COMPLETE,acrF=COMPLETE,aph(3'')-Ib=COMPLETE,blaCTX-M-15=COMPLETE,blaEC=COMPLETE,blaOXA-1=COMPLETE,catB3=PARTIAL_END_OF_CONTIG,dfrA17=COMPLETE,gyrA_D87N=POINT,gyrA_S83L=POINT,mdtM=COMPLETE,mph(A)=COMPLETE,parC_E84V=POINT,parC_S80I=POINT,parE_I529L=POINT,ptsI_V25I=POINT,sul1=COMPLETE,sul2=COMPLETE,tet(A)=COMPLETE,uhpT_E350Q=POINT",,"amikacin=S,amoxicillin-clavulanic acid=I,ampicillin-sulbactam=R,ampicillin=R,aztreonam=R,cefazolin=R,cefepime=R,ceftriaxone=R,ciprofloxacin=R,ertapenem=S,gentamicin=R,imipenem=S,levofloxacin=R,meropenem=S,piperacillin-tazobactam=S,trimethoprim-sulfamethoxazole=R"
E.coli and Shigella,,"""0000-0057-7723"",""M40"",""SRS1477866""",,PDT000133656.2,2016-06-06T20:14:37Z,USA:Boston,blood,clinical,,PDS000034135.1,1.0,,SAMN05194538,GCA_012677675.1,"aac(6')-Ib-cr5=COMPLETE,aadA5=COMPLETE,acrF=COMPLETE,blaCTX-M-15=COMPLETE,blaEC=COMPLETE,blaOXA-1=COMPLETE,catB3=PARTIAL_END_OF_CONTIG,dfrA17=COMPLETE,gyrA_D87N=POINT,gyrA_S83L=POINT,mdtM=COMPLETE,mph(A)=COMPLETE,parC_E84V=POINT,parC_S80I=POINT,parE_I529L=POINT,ptsI_V25I=POINT,sul1=COMPLETE,uhpT_E350Q=POINT",,"amikacin=S,amoxicillin-clavulanic acid=I,ampicillin-sulbactam=R,ampicillin=R,aztreonam=S,cefazolin=R,cefepime=S,ceftriaxone=R,ciprofloxacin=R,ertapenem=S,gentamicin=S,imipenem=S,levofloxacin=R,meropenem=S,piperacillin-tazobactam=S,trimethoprim-sulfamethoxazole=R"
E.coli and Shigella,,"""0000-0057-7727"",""M41"",""SRS1477867""",,PDT000133657.2,2016-06-06T20:14:37Z,USA:Boston,blood,clinical,,PDS000003047.8,1.0,,SAMN05194539,GCA_012677605.1,"aac(3)-IIe=COMPLETE,aac(6')-Ib-cr5=COMPLETE,aadA5=COMPLETE,acrF=COMPLETE,aph(3'')-Ib=COMPLETE,blaCTX-M-15=COMPLETE,blaEC=COMPLETE,blaOXA-1=COMPLETE,catB3=PARTIAL_END_OF_CONTIG,dfrA17=COMPLETE,gyrA_D87N=POINT,gyrA_S83L=POINT,mdtM=COMPLETE,mph(A)=COMPLETE,parC_E84V=POINT,parC_S80I=POINT,parE_I529L=POINT,ptsI_V25I=POINT,sul1=COMPLETE,sul2=COMPLETE,tet(A)=COMPLETE,uhpT_E350Q=POINT",,"amikacin=S,amoxicillin-clavulanic acid=I,ampicillin-sulbactam=R,ampicillin=R,aztreonam=R,cefazolin=R,cefepime=I,ceftriaxone=R,ciprofloxacin=R,ertapenem=S,gentamicin=R,imipenem=S,levofloxacin=R,meropenem=S,piperacillin-tazobactam=S,trimethoprim-sulfamethoxazole=R"
E.coli and Shigella,,"""0000-0057-7730"",""M42"",""SRS1477868""",,PDT000133658.2,2016-06-06T20:14:37Z,USA:Boston,blood,clinical,,PDS000003047.8,0.0,,SAMN05194540,GCA_012677565.1,"aac(3)-IIe=COMPLETE,aac(6')-Ib-cr5=COMPLETE,aadA5=COMPLETE,acrF=COMPLETE,aph(3'')-Ib=COMPLETE,blaCTX-M-15=COMPLETE,blaEC=COMPLETE,blaOXA-1=COMPLETE,catB3=PARTIAL_END_OF_CONTIG,dfrA17=COMPLETE,gyrA_D87N=POINT,gyrA_S83L=POINT,mdtM=COMPLETE,mph(A)=COMPLETE,parC_E84V=POINT,parC_S80I=POINT,parE_I529L=POINT,ptsI_V25I=POINT,sul1=COMPLETE,sul2=COMPLETE,tet(A)=COMPLETE,uhpT_E350Q=POINT",,"amikacin=S,amoxicillin-clavulanic acid=I,ampicillin-sulbactam=R,ampicillin=R,aztreonam=R,cefazolin=R,cefepime=I,ceftriaxone=R,ciprofloxacin=R,ertapenem=S,gentamicin=R,imipenem=S,levofloxacin=R,meropenem=S,piperacillin-tazobactam=S,trimethoprim-sulfamethoxazole=R"
E.coli and Shigella,,"""0000-0057-9429"",""M54"",""SRS1571654""",,PDT000140739.2,2016-07-25T16:20:08Z,USA:Boston,blood,clinical,,PDS000003047.8,7.0,,SAMN05374483,GCA_012642845.1,"aac(3)-IIe=COMPLETE,aac(6')-Ib-cr5=COMPLETE,acrF=COMPLETE,aph(3'')-Ib=COMPLETE,aph(6)-Id=PARTIAL_END_OF_CONTIG,blaCTX-M-15=COMPLETE,blaEC=COMPLETE,blaOXA-1=COMPLETE,blaOXA=PARTIAL_END_OF_CONTIG,catB3=PARTIAL_END_OF_CONTIG,gyrA_D87N=POINT,gyrA_S83L=POINT,mdtM=COMPLETE,mph(A)=COMPLETE,parC_E84V=POINT,parC_S80I=POINT,parE_I529L=POINT,ptsI_V25I=POINT,sul2=COMPLETE,tet(A)=COMPLETE,uhpT_E350Q=POINT",,"amikacin=S,amoxicillin-clavulanic acid=I,ampicillin-sulbactam=R,ampicillin=R,aztreonam=R,cefazolin=R,cefepime=I,ceftriaxone=R,ciprofloxacin=R,ertapenem=S,gentamicin=R,imipenem=S,levofloxacin=R,meropenem=S,piperacillin-tazobactam=S,trimethoprim-sulfamethoxazole=S"
E.coli and Shigella,,"""0000-0057-7736"",""M44"",""SRS1571659""",,PDT000140742.2,2016-07-25T16:20:09Z,USA:Boston,blood,clinical,,PDS000003047.8,6.0,,SAMN05374486,GCA_012642925.1,"aac(3)-IIe=COMPLETE,aac(6')-Ib-cr5=COMPLETE,acrF=COMPLETE,blaCTX-M-15=COMPLETE,blaEC=COMPLETE,blaOXA-1=COMPLETE,catB3=PARTIAL_END_OF_CONTIG,gyrA_D87N=POINT,gyrA_S83L=POINT,mdtM=COMPLETE,parC_E84V=POINT,parC_S80I=POINT,parE_I529L=POINT,ptsI_V25I=POINT,tet(A)=COMPLETE,uhpT_E350Q=POINT",,"amikacin=S,amoxicillin-clavulanic acid=I,ampicillin-sulbactam=R,ampicillin=R,aztreonam=R,cefazolin=R,cefepime=I,ceftriaxone=R,ciprofloxacin=R,ertapenem=S,gentamicin=R,imipenem=S,levofloxacin=R,meropenem=S,piperacillin-tazobactam=S,trimethoprim-sulfamethoxazole=R"
E.coli and Shigella,,"""0000-0059-2027"",""221"",""SRS1571663""",,PDT000140746.2,2016-07-25T16:20:10Z,USA:Boston,urine,clinical,,PDS000046384.46,0.0,,SAMN05374478,GCA_012642825.1,"aac(3)-IId=COMPLETE,aac(6')-Ib-cr5=COMPLETE,aadA5=COMPLETE,acrF=COMPLETE,blaCTX-M-15=COMPLETE,blaEC=COMPLETE,blaOXA-1=COMPLETE,blaTEM-1=COMPLETE,catB3=PARTIAL_END_OF_CONTIG,cyaA_S352T=POINT,dfrA17=COMPLETE,ftsI_I336IKYRI=POINT,gyrA_D87N=POINT,gyrA_S83L=POINT,parC_S80I=POINT,parE_S458A=POINT,sul1=COMPLETE,tet(B)=COMPLETE",,"amikacin=S,amoxicillin-clavulanic acid=R,ampicillin=R,cefepime=R,cefoxitin=R,ceftazidime=R,ceftriaxone=R,ciprofloxacin=R,ertapenem=R,gentamicin=R,levofloxacin=R,meropenem=R,nitrofurantoin=S,piperacillin-tazobactam=R,tetracycline=R,tobramycin=R,trimethoprim-sulfamethoxazole=R"
E.coli and Shigella,,"""0000-0059-2039"",""223"",""SRS1571665""",,PDT000140747.2,2016-07-25T16:20:10Z,USA:Boston,abscess,clinical,,PDS000070132.3,1.0,,SAMN05374479,GCA_012642945.1,"aac(3)-IIe=COMPLETE,aac(6')-Ib-cr5=COMPLETE,acrF=COMPLETE,blaCMY-2=COMPLETE,blaCTX-M-15=COMPLETE,blaEC=COMPLETE,blaOXA-1=COMPLETE,catB3=PARTIAL_END_OF_CONTIG,gyrA_D87N=POINT,gyrA_S83L=POINT,mdtM=COMPLETE,parC_S80I=POINT,parE_S458A=POINT",,"amikacin=R,amoxicillin-clavulanic acid=R,ampicillin=R,cefazolin=R,cefepime=R,cefoxitin=R,ceftazidime=R,ceftriaxone=R,ciprofloxacin=R,gentamicin=R,levofloxacin=R,meropenem=R,piperacillin-tazobactam=R,tetracycline=S,tobramycin=R,trimethoprim-sulfamethoxazole=S"
E.coli and Shigella,,"""0000-0057-9414"",""M49"",""SRS1571664""",,PDT000140748.2,2016-07-25T16:20:10Z,USA:Boston,blood,clinical,,PDS000003047.8,7.0,,SAMN05374480,GCA_012642885.1,"aac(3)-IIe=COMPLETE,aac(6')-Ib-cr5=COMPLETE,aadA5=COMPLETE,acrF=COMPLETE,aph(3'')-Ib=COMPLETE,aph(6)-Id=PARTIAL_END_OF_CONTIG,blaCTX-M-15=COMPLETE,blaEC=COMPLETE,blaOXA-1=COMPLETE,catB3=PARTIAL_END_OF_CONTIG,dfrA17=COMPLETE,gyrA_D87N=POINT,gyrA_S83L=POINT,mdtM=COMPLETE,mph(A)=COMPLETE,parC_E84V=POINT,parC_S80I=POINT,parE_I529L=POINT,ptsI_V25I=POINT,sul1=COMPLETE,sul2=COMPLETE,tet(A)=COMPLETE,uhpT_E350Q=POINT",,"amikacin=S,amoxicillin-clavulanic acid=R,ampicillin-sulbactam=R,ampicillin=R,aztreonam=R,cefazolin=R,cefepime=I,ceftriaxone=R,ciprofloxacin=R,ertapenem=S,gentamicin=R,imipenem=S,levofloxacin=R,meropenem=S,piperacillin-tazobactam=S,trimethoprim-sulfamethoxazole=R"
E.coli and Shigella,,"""0000-0057-9423"",""M52"",""SRS1571666""",,PDT000140749.2,2016-07-25T16:20:10Z,USA:Boston,blood,clinical,,PDS000003047.8,7.0,,SAMN05374481,GCA_012642905.1,"aac(3)-IIe=COMPLETE,aac(6')-Ib-cr5=COMPLETE,aadA5=COMPLETE,acrF=COMPLETE,aph(3'')-Ib=COMPLETE,blaCTX-M-15=COMPLETE,blaEC=COMPLETE,blaOXA-1=COMPLETE,catB3=PARTIAL_END_OF_CONTIG,dfrA17=COMPLETE,gyrA_D87N=POINT,gyrA_S83L=POINT,mdtM=COMPLETE,mph(A)=COMPLETE,parC_E84V=POINT,parC_S80I=POINT,parE_I529L=POINT,ptsI_V25I=POINT,sul1=COMPLETE,sul2=COMPLETE,tet(A)=COMPLETE,uhpT_E350Q=POINT",,"amikacin=S,amoxicillin-clavulanic acid=I,ampicillin-sulbactam=R,ampicillin=R,aztreonam=R,cefazolin=R,cefepime=I,ceftriaxone=R,ciprofloxacin=R,ertapenem=S,gentamicin=R,imipenem=S,levofloxacin=R,meropenem=S,piperacillin-tazobactam=S,trimethoprim-sulfamethoxazole=R"
E.coli and Shigella,,"""0000-0057-9426"",""M53"",""SRS1571667""",,PDT000140750.2,2016-07-25T16:20:10Z,USA:Boston,blood,clinical,,PDS000003047.8,7.0,,SAMN05374482,GCA_012642835.1,"aac(3)-IIe=COMPLETE,aac(6')-Ib-cr5=COMPLETE,aadA5=COMPLETE,acrF=COMPLETE,aph(3'')-Ib=COMPLETE,aph(6)-Id=PARTIAL_END_OF_CONTIG,blaCTX-M-15=COMPLETE,blaEC=COMPLETE,blaOXA-1=COMPLETE,catB3=PARTIAL_END_OF_CONTIG,dfrA17=COMPLETE,gyrA_D87N=POINT,gyrA_S83L=POINT,mdtM=COMPLETE,mph(A)=COMPLETE,parC_E84V=POINT,parC_S80I=POINT,parE_I529L=POINT,ptsI_V25I=POINT,sul1=COMPLETE,sul2=COMPLETE,tet(A)=COMPLETE,uhpT_E350Q=POINT",,"amikacin=S,amoxicillin-clavulanic acid=I,ampicillin-sulbactam=R,ampicillin=R,aztreonam=R,cefazolin=R,cefepime=I,ceftriaxone=R,ciprofloxacin=R,ertapenem=S,gentamicin=R,imipenem=S,levofloxacin=R,meropenem=S,piperacillin-tazobactam=S,trimethoprim-sulfamethoxazole=R"
E.coli and Shigella,,"""0000-0060-5802"",""235"",""SRS1610059""",,PDT000144512.2,2016-08-16T14:23:21Z,USA:Boston,urine,clinical,,,,,SAMN05510456,GCA_012634225.1,"acrF=COMPLETE,blaCTX-M-15=COMPLETE,blaEC=COMPLETE,blaTEM-1=COMPLETE,gyrA_D87N=POINT,gyrA_S83L=POINT,mdtM=COMPLETE,parC_E84V=POINT,parC_S80I=POINT,parE_I529L=POINT,ptsI_V25I=POINT,uhpT_E350Q=POINT",,"amikacin=S,amoxicillin-clavulanic acid=S,ampicillin=R,cefepime=S,cefoxitin=S,ceftazidime=R,ceftriaxone=R,ciprofloxacin=R,ertapenem=S,gentamicin=S,levofloxacin=R,meropenem=S,nitrofurantoin=S,piperacillin-tazobactam=S,tetracycline=S,tobramycin=S,trimethoprim-sulfamethoxazole=S"
E.coli and Shigella,,"""0000-0053-5953"",""76"",""SRS1610046""",,PDT000144527.2,2016-08-16T14:23:23Z,USA:Boston,urine,clinical,,,,,SAMN05463123,GCA_012634085.1,"aadA5=COMPLETE,acrF=COMPLETE,blaEC=COMPLETE,blaTEM-1=COMPLETE,dfrA17=COMPLETE,gyrA_D87N=POINT,gyrA_S83L=POINT,mdtM=COMPLETE,parC_E84V=POINT,parC_S80I=POINT,parE_I529L=POINT,ptsI_V25I=POINT,sul1=COMPLETE,uhpT_E350Q=POINT",,"amikacin=S,amoxicillin-clavulanic acid=S,ampicillin=R,cefepime=S,cefoxitin=I,ceftazidime=S,ceftriaxone=S,ciprofloxacin=R,ertapenem=S,gentamicin=S,levofloxacin=R,meropenem=S,nitrofurantoin=S,piperacillin-tazobactam=S,tetracycline=S,tobramycin=S,trimethoprim-sulfamethoxazole=R"
E.coli and Shigella,,"""0000-0057-1723"",""194"",""SRS1693855""",,PDT000149557.2,2016-09-20T19:19:53Z,USA:Boston,urine,clinical,,,,,SAMN05774074,GCA_012587255.1,"aadA1=COMPLETE,blaCTX-M-1=COMPLETE,blaEC=COMPLETE,catA1=COMPLETE,dfrA1=COMPLETE,gyrA_D87N=POINT,gyrA_S83L=POINT,mdtM=COMPLETE,parC_S80I=POINT,sat2=COMPLETE,sul2=COMPLETE,tet(A)=COMPLETE",,"amikacin=R,amoxicillin-clavulanic acid=S,aztreonam=S,cefepime=S,cefotetan=S,ceftazidime=S,ceftriaxone=R,cephalothin=R,chloramphenicol=R,ciprofloxacin=R,colistin=S,ertapenem=S,gentamicin=R,imipenem=S,levofloxacin=R,meropenem=S,nitrofurantoin=S,piperacillin-tazobactam=S,piperacillin=R,sulfamethoxazole=R,tetracycline=R,tigecycline=R,tobramycin=S,trimethoprim-sulfamethoxazole=S"
E.coli and Shigella,,"""0000-0057-1779"",""205"",""SRS1693858""",,PDT000149560.2,2016-09-20T19:19:53Z,USA:Boston,urine,clinical,,PDS000033436.13,1.0,,SAMN05774085,GCA_012586495.1,"aac(3)-IIe=COMPLETE,aac(6')-Ib-cr5=COMPLETE,acrF=COMPLETE,blaCTX-M-15=COMPLETE,blaEC=COMPLETE,blaOXA-1=COMPLETE,blaOXA=PARTIAL_END_OF_CONTIG,catB3=PARTIAL_END_OF_CONTIG,gyrA_D87N=POINT,gyrA_S83L=POINT,mdtM=COMPLETE,parC_E84V=POINT,parC_S80I=POINT,parE_I529L=POINT,ptsI_V25I=POINT,uhpT_E350Q=POINT",,"amikacin=S,amoxicillin-clavulanic acid=I,ampicillin=R,cefepime=R,cefoxitin=I,ceftazidime=R,ceftriaxone=R,ciprofloxacin=R,ertapenem=S,gentamicin=R,levofloxacin=R,meropenem=S,nitrofurantoin=S,piperacillin-tazobactam=S,tetracycline=S,tobramycin=I,trimethoprim-sulfamethoxazole=S"
E.coli and Shigella,,"""0000-0057-1726"",""195"",""SRS1693859""",,PDT000149561.2,2016-09-20T19:19:53Z,USA:Boston,urine,clinical,,,,,SAMN05774075,GCA_012586815.1,"aac(3)-IIe=COMPLETE,aac(6')-Ib-cr5=COMPLETE,acrF=COMPLETE,blaCTX-M-15=COMPLETE,blaEC=COMPLETE,blaOXA-1=COMPLETE,catB3=PARTIAL_END_OF_CONTIG,gyrA_D87N=POINT,gyrA_S83L=POINT,mdtM=COMPLETE,parC_E84V=POINT,parC_S80I=POINT,parE_I529L=POINT,ptsI_V25I=POINT,tet(A)=COMPLETE,uhpT_E350Q=POINT",,"amikacin=S,amoxicillin-clavulanic acid=I,ampicillin=R,cefepime=S,cefoxitin=S,ceftazidime=R,ceftriaxone=R,ciprofloxacin=R,ertapenem=S,gentamicin=R,levofloxacin=R,meropenem=S,nitrofurantoin=S,piperacillin-tazobactam=S,tetracycline=R,tobramycin=I,trimethoprim-sulfamethoxazole=S"
E.coli and Shigella,,"""0000-0057-1732"",""197"",""SRS1693861""",,PDT000149563.2,2016-09-20T19:19:53Z,USA:Boston,rectal,clinical,,,,,SAMN05774077,GCA_012587435.1,"acrF=COMPLETE,aph(3'')-Ib=COMPLETE,aph(3')-Ia=COMPLETE,aph(3')-Ia=PARTIAL_END_OF_CONTIG,aph(6)-Id=COMPLETE,blaCMY-2=COMPLETE,blaEC=COMPLETE,blaTEM-1=COMPLETE,cyaA_S352T=POINT,dfrA51=COMPLETE,sul2=COMPLETE,tet(B)=COMPLETE",,"amikacin=S,amoxicillin-clavulanic acid=R,ampicillin=R,cefepime=R,cefoxitin=S,ceftazidime=R,ceftriaxone=R,ciprofloxacin=R,ertapenem=S,gentamicin=S,levofloxacin=S,meropenem=S,nitrofurantoin=S,piperacillin-tazobactam=S,tetracycline=R,tobramycin=S,trimethoprim-sulfamethoxazole=S"
E.coli and Shigella,,"""0000-0057-1735"",""198"",""SRS1693862""",,PDT000149564.2,2016-09-20T19:19:53Z,USA:Boston,urine,clinical,,PDS000033436.13,1.0,,SAMN05774078,GCA_012587415.1,"aac(3)-IIe=COMPLETE,aac(6')-Ib-cr5=COMPLETE,acrF=COMPLETE,blaCTX-M-15=COMPLETE,blaEC=COMPLETE,blaOXA-1=COMPLETE,catB3=PARTIAL_END_OF_CONTIG,gyrA_D87N=POINT,gyrA_S83L=POINT,mdtM=COMPLETE,parC_E84V=POINT,parC_S80I=POINT,parE_I529L=POINT,ptsI_V25I=POINT,uhpT_E350Q=POINT",,"amikacin=S,amoxicillin-clavulanic acid=I,ampicillin=R,cefepime=R,cefoxitin=I,ceftazidime=R,ceftriaxone=R,ciprofloxacin=R,ertapenem=S,gentamicin=R,levofloxacin=R,meropenem=S,nitrofurantoin=S,piperacillin-tazobactam=S,tetracycline=S,tobramycin=R,trimethoprim-sulfamethoxazole=S"
E.coli and Shigella,,"""0000-0057-1739"",""199"",""SRS1693864""",,PDT000149565.2,2016-09-20T19:19:53Z,USA:Boston,urine,clinical,,,,,SAMN05774079,GCA_012586855.1,"aadA5=COMPLETE,acrF=COMPLETE,aph(3'')-Ib=COMPLETE,aph(6)-Id=COMPLETE,blaCTX-M-27=COMPLETE,blaEC=COMPLETE,dfrA17=COMPLETE,gyrA_D87N=POINT,gyrA_S83L=POINT,mdtM=COMPLETE,mph(A)=COMPLETE,parC_E84V=POINT,parC_S80I=POINT,parE_I529L=POINT,ptsI_V25I=POINT,sul1=COMPLETE,sul2=COMPLETE,tet(A)=COMPLETE,uhpT_E350Q=POINT",,"amikacin=S,amoxicillin-clavulanic acid=S,ampicillin=R,cefepime=S,cefoxitin=I,ceftazidime=R,ceftriaxone=R,ciprofloxacin=R,ertapenem=S,gentamicin=R,levofloxacin=R,meropenem=S,nitrofurantoin=S,piperacillin-tazobactam=S,tetracycline=S,tobramycin=R,trimethoprim-sulfamethoxazole=S"
E.coli and Shigella,,"""0000-0057-1763"",""200"",""SRS1693865""",,PDT000149566.2,2016-09-20T19:19:53Z,USA:Boston,tracheal aspirate,clinical,,PDS000033436.13,5.0,,SAMN05774080,GCA_012587395.1,"aac(3)-IIe=COMPLETE,aac(6')-Ib-cr5=COMPLETE,acrF=COMPLETE,blaCTX-M-15=COMPLETE,blaEC=COMPLETE,blaOXA-1=COMPLETE,catB3=PARTIAL_END_OF_CONTIG,gyrA_D87N=POINT,gyrA_S83L=POINT,mdtM=COMPLETE,parC_E84V=POINT,parC_S80I=POINT,parE_I529L=POINT,ptsI_V25I=POINT,uhpT_E350Q=POINT",,"amikacin=S,amoxicillin-clavulanic acid=I,ampicillin=R,cefepime=R,cefoxitin=S,ceftazidime=I,ceftriaxone=S,ciprofloxacin=R,ertapenem=R,gentamicin=S,levofloxacin=R,meropenem=S,nitrofurantoin=R,piperacillin-tazobactam=S,tetracycline=S,tobramycin=R,trimethoprim-sulfamethoxazole=S"
E.coli and Shigella,,"""0000-0057-1770"",""202"",""SRS1693866""",,PDT000149568.2,2016-09-20T19:19:53Z,USA:Boston,urine,clinical,,PDS000012994.2,38.0,,SAMN05774082,GCA_012586555.1,"aac(6')-Ib-cr5=COMPLETE,aadA5=COMPLETE,acrF=COMPLETE,blaCTX-M-15=COMPLETE,blaEC=COMPLETE,blaOXA-1=COMPLETE,catB3=PARTIAL_END_OF_CONTIG,dfrA17=COMPLETE,gyrA_D87N=POINT,gyrA_S83L=POINT,mdtM=COMPLETE,mph(A)=COMPLETE,parC_S80I=POINT,parE_S458A=POINT,sul1=COMPLETE,tet(B)=COMPLETE",,"amikacin=S,amoxicillin-clavulanic acid=I,ampicillin=R,cefepime=S,cefoxitin=S,ceftazidime=S,ceftriaxone=R,ciprofloxacin=R,ertapenem=S,gentamicin=S,levofloxacin=R,meropenem=S,nitrofurantoin=S,piperacillin-tazobactam=S,tetracycline=R,tobramycin=I,trimethoprim-sulfamethoxazole=R"
E.coli and Shigella,,"""0000-0060-5811"",""240"",""SRS1712862""",,PDT000150945.2,2016-10-01T19:22:13Z,USA:Boston,ulcer,clinical,,,,,SAMN05806161,GCA_013131675.1,"aadA5=COMPLETE,acrF=COMPLETE,aph(3'')-Ib=COMPLETE,aph(3'')-Ib=PARTIAL_END_OF_CONTIG,aph(3')-Ia=COMPLETE,aph(6)-Id=COMPLETE,blaEC=COMPLETE,blaEC=PARTIAL_END_OF_CONTIG,blaLAP-2=COMPLETE,blaTEM-1=COMPLETE,blaTEM-30=COMPLETE,blaTEM=PARTIAL_END_OF_CONTIG,catA1=COMPLETE,dfrA14=COMPLETE,dfrA17=COMPLETE,gyrA_D87N=POINT,gyrA_S83L=POINT,mdtM=COMPLETE,parC_S80I=POINT,parE_S458A=POINT,qnrS1=COMPLETE,sul2=COMPLETE,sul2=PARTIAL_END_OF_CONTIG,tet(A)=COMPLETE,tet(B)=COMPLETE",,"amikacin=S,amoxicillin-clavulanic acid=R,ampicillin=R,cefazolin=R,cefepime=R,cefoxitin=S,ceftazidime=R,ceftriaxone=R,ciprofloxacin=R,ertapenem=S,gentamicin=S,levofloxacin=R,meropenem=S,piperacillin-tazobactam=R,tetracycline=R,tobramycin=S,trimethoprim-sulfamethoxazole=R"
E.coli and Shigella,,"""0000-0061-1744"",""253"",""SRS1712867""",,PDT000150950.2,2016-10-01T19:22:22Z,USA:Boston,urine,clinical,,PDS000033436.13,6.0,,SAMN05806174,GCA_012902145.1,"aac(3)-IIe=COMPLETE,aac(6')-Ib-cr5=COMPLETE,acrF=COMPLETE,blaCTX-M-15=COMPLETE,blaEC=COMPLETE,blaOXA-1=COMPLETE,catB3=PARTIAL_END_OF_CONTIG,gyrA_D87N=POINT,gyrA_S83L=POINT,mdtM=COMPLETE,parC_E84V=POINT,parC_S80I=POINT,parE_I529L=POINT,pmrB_T156M=POINT,ptsI_V25I=POINT,uhpT_E350Q=POINT",,"amikacin=S,amoxicillin-clavulanic acid=S,ampicillin=R,cefepime=S,cefoxitin=I,ceftazidime=R,ceftriaxone=R,ciprofloxacin=R,ertapenem=S,gentamicin=R,levofloxacin=R,meropenem=S,nitrofurantoin=S,piperacillin-tazobactam=S,tetracycline=S,tobramycin=R,trimethoprim-sulfamethoxazole=S"
E.coli and Shigella,,"""0000-0061-1747"",""254"",""SRS1712868""",,PDT000150951.2,2016-10-01T19:22:24Z,USA:Boston,sputum,clinical,,PDS000117107.116,28.0,42.0,SAMN05806175,GCA_012902095.1,"aadA5=COMPLETE,acrF=PARTIAL_END_OF_CONTIG,aph(3'')-Ib=COMPLETE,aph(6)-Id=COMPLETE,blaCMY-2=COMPLETE,blaEC=COMPLETE,blaTEM-1=COMPLETE,dfrA17=COMPLETE,gyrA_D87N=POINT,gyrA_S83L=POINT,mdtM=COMPLETE,mph(A)=COMPLETE,parC_E84V=POINT,parC_S80I=POINT,parE_I529L=POINT,ptsI_V25I=POINT,sul1=COMPLETE,sul2=COMPLETE,tet(A)=COMPLETE,uhpT_E350Q=POINT",,"amikacin=S,amoxicillin-clavulanic acid=R,ampicillin=R,cefazolin=R,cefepime=S,cefoxitin=R,ceftazidime=R,ceftriaxone=R,ciprofloxacin=R,ertapenem=S,gentamicin=S,levofloxacin=R,meropenem=S,piperacillin-tazobactam=S,tetracycline=R,tobramycin=S,trimethoprim-sulfamethoxazole=R"
E.coli and Shigella,AR_0001,"""AR_0001"",""FDA-CDC-AR_0001"",""SRS1256853""",,PDT000158300.1,2016-11-10T18:03:45Z,,,clinical,,PDS000171825.1,0.0,,SAMN04014842,GCA_001874785.1,"aac(6')-Ib-cr5=COMPLETE,aadA5=COMPLETE,acrF=COMPLETE,blaEC=COMPLETE,blaKPC-3=COMPLETE,blaOXA-1=COMPLETE,catB3=PARTIAL,dfrA17=COMPLETE,dfrA51=HMM,gyrA_D87N=POINT,gyrA_S83L=POINT,mdtM=COMPLETE,mph(A)=COMPLETE,parC_E84V=POINT,parC_S80I=POINT,parE_I529L=POINT,ptsI_V25I=POINT,sul1=COMPLETE,tet(A)=COMPLETE,uhpT_E350Q=POINT",,"amikacin=S,amoxicillin-clavulanic acid=R,ampicillin-sulbactam=R,ampicillin=R,aztreonam=R,cefazolin=R,cefepime=R,cefotaxime=R,cefoxitin=R,ceftazidime=R,ceftriaxone=R,ciprofloxacin=R,colistin=ND,doripenem=R,ertapenem=R,gentamicin=S,imipenem=R,levofloxacin=R,meropenem=R,piperacillin-tazobactam=R,polymyxin B=ND,tetracycline=R,tigecycline=S,tobramycin=R,trimethoprim-sulfamethoxazole=R"
E.coli and Shigella,AR_0048,"""AR_0048"",""FDA-CDC-AR_0048"",""SRS1256903""",,PDT000158301.1,2016-11-10T18:04:05Z,,,clinical,,,,,SAMN04014889,GCA_001874845.1,"aac(6')-Ib3=COMPLETE,aadA2=COMPLETE,acrF=COMPLETE,ampC_C-42T=POINT,aph(3'')-Ib=COMPLETE,aph(3')-Ia=COMPLETE,aph(6)-Id=COMPLETE,blaCMY-6=COMPLETE,blaCTX-M-15=COMPLETE,blaEC=COMPLETE,blaNDM-1=COMPLETE,blaOXA-2=COMPLETE,blaTEM-1=COMPLETE,blaTEMp_C32T=POINT,ble=COMPLETE,catA1=COMPLETE,dfrA12=COMPLETE,dfrA29=COMPLETE,dfrA4=COMPLETE,ftsI_N337NYRIN=POINT,gyrA_D87N=POINT,gyrA_S83L=POINT,mdtM=COMPLETE,parC_S80I=POINT,parE_E460D=POINT,rmtC=COMPLETE,sul1=COMPLETE,tet(B)=COMPLETE",,"amikacin=R,amoxicillin-clavulanic acid=R,ampicillin-sulbactam=R,ampicillin=R,aztreonam=R,cefazolin=R,cefepime=R,cefotaxime=R,cefoxitin=R,ceftazidime=R,ceftriaxone=R,ciprofloxacin=R,colistin=ND,doripenem=R,ertapenem=R,gentamicin=R,imipenem=R,levofloxacin=R,meropenem=R,piperacillin-tazobactam=R,polymyxin B=ND,tetracycline=S,tigecycline=S,tobramycin=R,trimethoprim-sulfamethoxazole=R"
E.coli and Shigella,,"""0000-0060-5808"",""237"",""SRS1848710""",,PDT000172049.4,2017-04-13T21:56:05Z,USA:Boston,urine,clinical,,PDS000089883.9,26.0,,SAMN06129826,GCA_013076645.1,"aac(3)-IIe=COMPLETE,aac(6')-Ib-cr5=COMPLETE,aadA5=COMPLETE,acrF=COMPLETE,aph(3'')-Ib=COMPLETE,aph(6)-Id=COMPLETE,aph(6)-Id=PARTIAL_END_OF_CONTIG,blaCTX-M-15=COMPLETE,blaEC=COMPLETE,blaOXA-1=COMPLETE,blaTEM-1=COMPLETE,catB3=PARTIAL_END_OF_CONTIG,dfrA17=COMPLETE,gyrA_D87N=POINT,gyrA_S83L=POINT,mdtM=COMPLETE,mph(A)=COMPLETE,nfsA_G126R=POINT,parC_S80I=POINT,parE_S458A=POINT,sul1=COMPLETE,sul2=COMPLETE,sul2=PARTIAL_END_OF_CONTIG,tet(A)=COMPLETE,tet(B)=COMPLETE",,"amikacin=S,amoxicillin-clavulanic acid=I,ampicillin=R,cefepime=S,cefoxitin=S,ceftazidime=R,ceftriaxone=R,ciprofloxacin=R,ertapenem=S,gentamicin=R,levofloxacin=R,meropenem=S,nitrofurantoin=I,piperacillin-tazobactam=I,tetracycline=R,tobramycin=R,trimethoprim-sulfamethoxazole=R"
E.coli and Shigella,,"""0000-0061-1759"",""258"",""SRS1870433""",,PDT000173716.2,2016-12-20T17:28:26Z,USA:Boston,urine,clinical,,PDS000034440.110,5.0,,SAMN06007769,GCA_012507815.1,"aac(6')-Ib-cr5=COMPLETE,acrF=COMPLETE,blaCTX-M-15=COMPLETE,blaEC=COMPLETE,blaOXA-1=COMPLETE,catB3=PARTIAL_END_OF_CONTIG,gyrA_D87N=POINT,gyrA_S83L=POINT,mdtM=COMPLETE,parC_E84V=POINT,parC_S80I=POINT,parE_I529L=POINT,ptsI_V25I=POINT,tet(A)=COMPLETE,uhpT_E350Q=POINT",,"amikacin=S,amoxicillin-clavulanic acid=R,ampicillin=R,cefepime=S,cefoxitin=S,ceftazidime=R,ceftriaxone=R,ciprofloxacin=R,ertapenem=S,gentamicin=S,levofloxacin=R,meropenem=S,nitrofurantoin=S,piperacillin-tazobactam=I,tetracycline=R,tobramycin=R,trimethoprim-sulfamethoxazole=S"
E.coli and Shigella,,"""0000-0061-1756"",""257"",""SRS1870434""",,PDT000173717.2,2016-12-20T17:28:26Z,USA:Boston,urine,clinical,,PDS000117091.382,21.0,22.0,SAMN06007768,GCA_012507835.1,"acrF=COMPLETE,blaCTX-M-27=COMPLETE,blaEC=COMPLETE,gyrA_D87N=POINT,gyrA_S83L=POINT,mdtM=COMPLETE,parC_E84V=POINT,parC_S80I=POINT,parE_I529L=POINT,ptsI_V25I=POINT,uhpT_E350Q=POINT",,"amikacin=S,amoxicillin-clavulanic acid=S,ampicillin=R,cefepime=R,cefoxitin=S,ceftazidime=S,ceftriaxone=R,ciprofloxacin=R,ertapenem=S,gentamicin=S,levofloxacin=R,meropenem=S,nitrofurantoin=S,piperacillin-tazobactam=S,tetracycline=S,tobramycin=S,trimethoprim-sulfamethoxazole=S"
E.coli and Shigella,,"""0000-0061-1774"",""264"",""SRS1870436""",,PDT000173719.2,2016-12-20T17:28:26Z,USA:Boston,fluid,clinical,,,,,SAMN06007775,GCA_013084515.1,"aadA5=COMPLETE,acrF=COMPLETE,blaCTX-M-15=COMPLETE,blaEC=COMPLETE,catA1=PARTIAL_END_OF_CONTIG,cyaA_S352T=POINT,dfrA17=COMPLETE,gyrA_D87N=POINT,gyrA_S83L=POINT,mdtM=COMPLETE,mph(A)=COMPLETE,parC_S80I=POINT,parE_S458A=POINT,sul1=COMPLETE,tet(B)=COMPLETE",,"amikacin=S,amoxicillin-clavulanic acid=S,ampicillin=R,cefazolin=R,cefepime=S,cefoxitin=I,ceftazidime=R,ceftriaxone=R,ciprofloxacin=R,ertapenem=S,gentamicin=S,levofloxacin=R,meropenem=S,piperacillin-tazobactam=S,tetracycline=R,tobramycin=S,trimethoprim-sulfamethoxazole=R"
E.coli and Shigella,,"""0000-0061-1779"",""262"",""SRS1870437""",,PDT000173720.4,2024-02-26T18:22:35Z,USA:Boston,urine,clinical,,PDS000225708.26,13.0,39.0,SAMN06007773,GCA_013084545.3,"aac(6')-Ib-cr5=COMPLETE,aadA5=COMPLETE,acrF=COMPLETE,blaCTX-M-15=COMPLETE,blaEC=COMPLETE,blaEC=PARTIAL_END_OF_CONTIG,blaOXA-1=COMPLETE,catB3=PARTIAL_END_OF_CONTIG,dfrA17=COMPLETE,gyrA_D87N=POINT,gyrA_S83L=POINT,mdtM=COMPLETE,mph(A)=COMPLETE,parC_E84V=POINT,parC_S80I=POINT,parE_I529L=POINT,ptsI_V25I=POINT,sul1=COMPLETE,tet(A)=COMPLETE,uhpT_E350Q=POINT",,"amikacin=S,amoxicillin-clavulanic acid=R,ampicillin=R,cefepime=S,cefoxitin=S,ceftazidime=S,ceftriaxone=R,ciprofloxacin=R,ertapenem=S,gentamicin=S,levofloxacin=R,meropenem=S,nitrofurantoin=S,tetracycline=R,tobramycin=R,trimethoprim-sulfamethoxazole=R"
E.coli and Shigella,,"""0000-0061-1782"",""265"",""SRS1870440""",,PDT000173723.3,2017-04-13T23:03:52Z,USA:Boston,urine,clinical,,,,,SAMN06007776,GCA_012479855.1,"acrF=COMPLETE,aph(3'')-Ib=COMPLETE,aph(6)-Id=COMPLETE,aph(6)-Id=PARTIAL_END_OF_CONTIG,blaCTX-M-14=COMPLETE,blaEC=COMPLETE,cyaA_S352T=POINT,gyrA_D87N=POINT,gyrA_S83L=POINT,mph(A)=COMPLETE,parC_S80I=POINT,parE_S458A=POINT,sul2=COMPLETE,tet(A)=COMPLETE",,"amikacin=S,amoxicillin-clavulanic acid=S,ampicillin=R,cefepime=S,cefoxitin=R,ceftazidime=S,ceftriaxone=R,ciprofloxacin=R,ertapenem=S,gentamicin=S,levofloxacin=R,meropenem=S,nitrofurantoin=S,piperacillin-tazobactam=S,tetracycline=R,tobramycin=S,trimethoprim-sulfamethoxazole=S"
E.coli and Shigella,,"""0000-0061-1771"",""263"",""SRS1870441""",,PDT000173724.2,2016-12-20T17:28:27Z,USA:Boston,urine,clinical,,,,,SAMN06007774,GCA_012507615.1,"acrF=COMPLETE,blaEC=COMPLETE,cyaA_S352T=POINT,floR=COMPLETE,gyrA_D87N=POINT,gyrA_S83L=POINT,mdtM=COMPLETE,parC_S80I=POINT,parE_S458A=POINT,tet(A)=COMPLETE",,"amikacin=S,amoxicillin-clavulanic acid=S,ampicillin=R,cefepime=S,cefoxitin=S,ceftazidime=S,ceftriaxone=R,ciprofloxacin=R,ertapenem=S,gentamicin=S,levofloxacin=R,meropenem=S,nitrofurantoin=S,piperacillin-tazobactam=S,tetracycline=R,tobramycin=S,trimethoprim-sulfamethoxazole=S"
E.coli and Shigella,,"""0000-0061-6690"",""279"",""SRS1870445""",,PDT000173728.2,2016-12-20T17:28:28Z,USA:Boston,blood,clinical,,PDS000228356.22,32.0,39.0,SAMN06015662,GCA_013084465.1,"aac(3)-IIe=COMPLETE,aac(6')-Ib-cr5=COMPLETE,acrF=COMPLETE,blaCTX-M-15=COMPLETE,blaEC=COMPLETE,blaOXA-1=COMPLETE,blaTEM-1=COMPLETE,catB3=PARTIAL_END_OF_CONTIG,dfrA14=COMPLETE,gyrA_D87N=POINT,gyrA_S83L=POINT,mdtM=COMPLETE,parC_E84V=POINT,parC_S80I=POINT,parE_I529L=POINT,ptsI_V25I=POINT,qnrS1=COMPLETE,uhpT_E350Q=POINT",,"amikacin=S,amoxicillin-clavulanic acid=R,ampicillin=R,cefepime=R,cefoxitin=I,ceftazidime=R,ceftriaxone=R,ciprofloxacin=R,ertapenem=S,gentamicin=R,levofloxacin=R,meropenem=S,piperacillin-tazobactam=I,tetracycline=S,tobramycin=R,trimethoprim-sulfamethoxazole=S"
E.coli and Shigella,,"""0000-0061-6751"",""283"",""SRS1870447""",,PDT000173730.2,2016-12-20T17:28:28Z,USA:Boston,urine,clinical,,PDS000034440.110,1.0,,SAMN06015666,GCA_012507775.1,"aac(6')-Ib-cr5=COMPLETE,aadA5=COMPLETE,acrF=COMPLETE,blaCTX-M-15=COMPLETE,blaEC=COMPLETE,blaOXA-1=COMPLETE,catB3=PARTIAL_END_OF_CONTIG,dfrA17=COMPLETE,gyrA_D87N=POINT,gyrA_S83L=POINT,mdtM=COMPLETE,mph(A)=COMPLETE,parC_E84V=POINT,parC_S80I=POINT,parE_I529L=POINT,ptsI_V25I=POINT,sul1=COMPLETE,tet(A)=COMPLETE,uhpT_E350Q=POINT",,"amikacin=S,amoxicillin-clavulanic acid=I,ampicillin=R,cefazolin=R,cefepime=S,cefoxitin=S,ceftazidime=R,ceftriaxone=R,ciprofloxacin=R,ertapenem=S,gentamicin=S,levofloxacin=R,meropenem=S,nitrofurantoin=S,piperacillin-tazobactam=S,tetracycline=R,tobramycin=R,trimethoprim-sulfamethoxazole=R"
E.coli and Shigella,ICBEC7P,"""ICBEC7P""",,PDT000177245.1,2017-01-10T21:56:08Z,Brazil: Santos,foot pad lesion,clinical,,PDS000168891.2,,12.0,SAMN05729964,GCA_001747365.2,"aadA1=COMPLETE,acrF=COMPLETE,blaCTX-M-1=COMPLETE,blaEC=COMPLETE,dfrA51=COMPLETE,gyrA_S83L=POINT,mcr-1.1=COMPLETE,mdtM=COMPLETE,sat2=COMPLETE,sul2=COMPLETE,tet(A)=COMPLETE,tet(B)=COMPLETE",,"cefotaxime-clavulanic acid=R,cefotaxime=R,cefoxitin=S,ciprofloxacin=R,ertapenem=S,gentamicin=R,tetracycline=R"
E.coli and Shigella,,"""0000-0062-1902"",""327"",""SRS1963408""",,PDT000186889.2,2017-02-14T17:38:41Z,USA:Boston,urine,clinical,,PDS000104055.8,26.0,,SAMN06311519,GCA_012499805.1,"aac(3)-IIe=COMPLETE,aac(6')-Ib-cr5=COMPLETE,acrF=COMPLETE,blaCTX-M-15=COMPLETE,blaEC=COMPLETE,blaOXA-1=COMPLETE,blaTEM-1=COMPLETE,catB3=PARTIAL_END_OF_CONTIG,dfrA14=COMPLETE,gyrA_D87N=POINT,gyrA_S83L=POINT,mdtM=COMPLETE,mph(A)=COMPLETE,parC_E84V=POINT,parC_S80I=POINT,parE_I529L=POINT,ptsI_V25I=POINT,tet(B)=COMPLETE,uhpT_E350Q=POINT",,"amikacin=S,amoxicillin-clavulanic acid=I,ampicillin=R,cefazolin=R,cefepime=S,cefoxitin=S,ceftazidime=S,ceftriaxone=R,ciprofloxacin=R,ertapenem=S,gentamicin=R,levofloxacin=R,meropenem=S,nitrofurantoin=S,piperacillin-tazobactam=S,tetracycline=R,tobramycin=I,trimethoprim-sulfamethoxazole=S"
E.coli and Shigella,AR_0118,"""AR_0118"",""FDA-CDC-AR_0118"",""SRS1613974""",,PDT000197012.1,2017-03-21T16:53:07Z,,,clinical,,PDS000011895.4,3.0,,SAMN04014959,GCA_002055635.1,"aac(3)-IIe=COMPLETE,aac(6')-Ib3=COMPLETE,acrF=COMPLETE,ampC_C-42T=POINT,aph(3'')-Ib=COMPLETE,aph(6)-Id=COMPLETE,blaCMY-6=COMPLETE,blaEC=COMPLETE,blaNDM-1=COMPLETE,blaOXA-2=COMPLETE,blaTEM-1=COMPLETE,ble=COMPLETE,catA1=COMPLETE,dfrA29=COMPLETE,ftsI_N337NYRIN=POINT,gyrA_D87N=POINT,gyrA_S83L=POINT,mdtM=COMPLETE,parC_S80I=POINT,parE_E460D=POINT,rmtC=COMPLETE,sul1=COMPLETE",,"amikacin=R,amoxicillin-clavulanic acid=R,ampicillin-sulbactam=R,ampicillin=R,aztreonam=R,cefazolin=R,cefepime=R,cefotaxime=R,cefoxitin=R,ceftazidime=R,ceftriaxone=R,ciprofloxacin=R,colistin=ND,ertapenem=R,gentamicin=R,imipenem=R,levofloxacin=R,meropenem=R,polymyxin B=ND,tetracycline=S,tigecycline=ND,tobramycin=R,trimethoprim-sulfamethoxazole=R"
E.coli and Shigella,AR_0104,"""AR_0104"",""FDA-CDC-AR_0104"",""SRS1613896""",,PDT000197015.1,2017-03-21T17:02:08Z,,,clinical,,PDS000105726.1,,,SAMN04014945,GCA_002056635.1,"aadA5=COMPLETE,acrF=COMPLETE,aph(3'')-Ib=COMPLETE,aph(3')-Ia=COMPLETE,aph(6)-Id=COMPLETE,blaEC=COMPLETE,blaKPC-4=COMPLETE,blaTEM-1=COMPLETE,dfrA14=COMPLETE,dfrA17=COMPLETE,dfrA51=COMPLETE,gyrA_D87N=POINT,gyrA_S83L=POINT,mdtM=COMPLETE,mph(A)=COMPLETE,parC_E84V=POINT,parC_S80I=POINT,parE_I529L=POINT,ptsI_V25I=POINT,sul1=COMPLETE,sul2=COMPLETE,tet(A)=COMPLETE,uhpT_E350Q=POINT",,"amikacin=S,amoxicillin-clavulanic acid=R,ampicillin-sulbactam=R,ampicillin=R,aztreonam=R,cefazolin=R,cefepime=R,cefotaxime=R,cefoxitin=R,ceftazidime=R,ceftriaxone=R,ciprofloxacin=R,colistin=ND,doripenem=S,ertapenem=I,gentamicin=S,imipenem=R,levofloxacin=R,meropenem=S,piperacillin-tazobactam=R,polymyxin B=ND,tetracycline=R,tigecycline=S,tobramycin=S,trimethoprim-sulfamethoxazole=R"
E.coli and Shigella,,"""0000-0063-5712"",""344"",""SRS2046640""",,PDT000198420.3,2017-04-14T00:40:10Z,USA:Boston,urine,clinical,,PDS000034421.1,9.0,,SAMN06546420,GCA_012480035.1,"aadA5=COMPLETE,acrF=COMPLETE,aph(3'')-Ib=COMPLETE,aph(6)-Id=COMPLETE,blaCTX-M-15=COMPLETE,blaEC=COMPLETE,cyaA_S352T=POINT,dfrA17=COMPLETE,gyrA_D87N=POINT,gyrA_S83L=POINT,mph(A)=COMPLETE,parC_S80I=POINT,parE_S458A=POINT,sul1=COMPLETE,sul2=COMPLETE,tet(A)=COMPLETE",,"amikacin=S,amoxicillin-clavulanic acid=S,ampicillin=R,cefazolin=R,cefepime=S,cefoxitin=S,ceftazidime=R,ceftriaxone=R,ciprofloxacin=R,ertapenem=S,gentamicin=S,levofloxacin=R,meropenem=S,nitrofurantoin=S,piperacillin-tazobactam=S,tetracycline=R,tobramycin=S,trimethoprim-sulfamethoxazole=R"
E.coli and Shigella,,"""0000-0063-5582"",""347"",""SRS2089809""",,PDT000198909.3,2017-04-14T00:40:10Z,USA:Boston,urine,clinical,,PDS000033436.13,15.0,,SAMN06672151,GCA_012479815.1,"acrF=COMPLETE,blaCTX-M-15=COMPLETE,blaEC=COMPLETE,gyrA_D87N=POINT,gyrA_S83L=POINT,mdtM=COMPLETE,parC_E84V=POINT,parC_S80I=POINT,parE_I529L=POINT,ptsI_V25I=POINT,tet(A)=COMPLETE,uhpT_E350Q=POINT",,"amikacin=S,amoxicillin-clavulanic acid=S,ampicillin=R,cefazolin=R,cefepime=S,cefoxitin=I,ceftazidime=R,ceftriaxone=R,ciprofloxacin=R,ertapenem=S,gentamicin=S,levofloxacin=R,meropenem=S,nitrofurantoin=S,piperacillin-tazobactam=S,tetracycline=R,tobramycin=S,trimethoprim-sulfamethoxazole=S"
E.coli and Shigella,,"""0000-0064-6888"",""377"",""SRS2089811""",,PDT000198911.3,2017-04-14T00:40:10Z,USA:Boston,drainage,clinical,,PDS000033436.13,5.0,,SAMN06672149,GCA_012479795.1,"aac(3)-IIe=COMPLETE,aac(6')-Ib-cr5=COMPLETE,acrF=COMPLETE,blaCTX-M-15=COMPLETE,blaEC=COMPLETE,blaOXA-1=COMPLETE,catB3=PARTIAL_END_OF_CONTIG,gyrA_D87N=POINT,gyrA_S83L=POINT,mdtM=COMPLETE,parC_E84V=POINT,parC_S80I=POINT,parE_I529L=POINT,ptsI_V25I=POINT,uhpT_E350Q=POINT",,"amikacin=S,amoxicillin-clavulanic acid=I,ampicillin=R,cefepime=R,cefoxitin=S,ceftazidime=R,ceftriaxone=R,ciprofloxacin=R,ertapenem=S,gentamicin=R,levofloxacin=R,meropenem=S,piperacillin-tazobactam=I,tetracycline=S,tobramycin=R,trimethoprim-sulfamethoxazole=S"
E.coli and Shigella,,"""0000-0065-7153"",""412"",""SRS2103321""",,PDT000200507.2,2017-04-07T03:10:29Z,USA:Boston,urine,clinical,,PDS000194248.147,24.0,43.0,SAMN06680406,GCA_012482395.1,"aac(6')-Ib-cr5=COMPLETE,acrF=COMPLETE,aph(3'')-Ib=COMPLETE,aph(6)-Id=COMPLETE,arr-3=COMPLETE,blaDHA-1=COMPLETE,blaEC-5=COMPLETE,blaOXA-1=COMPLETE,catB3=COMPLETE,dfrA17=COMPLETE,gyrA_D87N=POINT,gyrA_S83L=POINT,marR_S3N=POINT,mph(A)=COMPLETE,parC_S80I=POINT,parE_L416F=POINT,qnrB4=COMPLETE,sul1=COMPLETE,sul2=COMPLETE,tet(B)=COMPLETE,uhpT_E350Q=POINT",,"amikacin=S,amoxicillin-clavulanic acid=R,ampicillin=R,cefazolin=R,cefepime=S,cefoxitin=R,ceftazidime=R,ceftriaxone=I,ciprofloxacin=R,ertapenem=S,gentamicin=S,levofloxacin=R,meropenem=S,nitrofurantoin=S,piperacillin-tazobactam=R,tetracycline=R,tobramycin=R,trimethoprim-sulfamethoxazole=R"
E.coli and Shigella,,"""0000-0065-7142"",""410"",""SRS2103323""",,PDT000200509.2,2017-04-07T03:10:30Z,USA:Boston,urine,clinical,,PDS000071060.5,20.0,,SAMN06680404,GCA_012482475.1,"acrF=COMPLETE,blaCTX-M-15=COMPLETE,blaEC=COMPLETE,cyaA_S352T=POINT,gyrA_D87N=POINT,gyrA_S83L=POINT,mdtM=COMPLETE,parC_S80I=POINT,parE_S458A=POINT,tet(B)=COMPLETE",,"amikacin=S,amoxicillin-clavulanic acid=S,ampicillin=R,cefazolin=R,cefepime=S,cefoxitin=I,ceftazidime=S,ceftriaxone=R,ciprofloxacin=R,ertapenem=S,gentamicin=S,levofloxacin=R,meropenem=S,nitrofurantoin=S,piperacillin-tazobactam=S,tetracycline=R,tobramycin=S,trimethoprim-sulfamethoxazole=S"
E.coli and Shigella,,"""0000-0063-4590"",""338"",""SRS2103326""",,PDT000200512.3,2017-04-14T00:40:11Z,USA:Boston,catheterized specimen,clinical,,,,,SAMN06680401,GCA_012479675.1,"aac(3)-IIe=COMPLETE,aac(6')-Ib-cr5=COMPLETE,acrF=COMPLETE,blaCTX-M-15=COMPLETE,blaEC=COMPLETE,blaOXA-1=COMPLETE,catB3=PARTIAL_END_OF_CONTIG,gyrA_D87N=POINT,gyrA_S83L=POINT,mdtM=COMPLETE,parC_E84V=POINT,parC_S80I=POINT,parE_I529L=POINT,ptsI_V25I=POINT,uhpT_E350Q=POINT",,"amikacin=S,amoxicillin-clavulanic acid=S,ampicillin=R,cefazolin=R,cefepime=S,cefoxitin=S,ceftazidime=S,ceftriaxone=R,ciprofloxacin=R,ertapenem=S,gentamicin=R,levofloxacin=R,meropenem=S,nitrofurantoin=S,piperacillin-tazobactam=S,tetracycline=S,tobramycin=I,trimethoprim-sulfamethoxazole=S"
E.coli and Shigella,,"""0000-0063-4578"",""337"",""SRS2103327""",,PDT000200513.3,2017-04-14T00:40:11Z,USA:Boston,blood,clinical,,PDS000117091.382,9.0,18.0,SAMN06680400,GCA_012480075.1,"aadA5=COMPLETE,acrF=COMPLETE,aph(3'')-Ib=COMPLETE,aph(6)-Id=COMPLETE,blaCTX-M-27=COMPLETE,blaEC=COMPLETE,dfrA14=COMPLETE,dfrA17=COMPLETE,gyrA_D87N=POINT,gyrA_S83L=POINT,mdtM=COMPLETE,mph(A)=COMPLETE,parC_E84V=POINT,parC_S80I=POINT,parE_I529L=POINT,ptsI_V25I=POINT,sul1=COMPLETE,sul2=COMPLETE,tet(A)=COMPLETE,uhpT_E350Q=POINT",,"amikacin=S,amoxicillin-clavulanic acid=S,ampicillin=R,cefepime=S,cefoxitin=S,ceftazidime=S,ceftriaxone=R,ciprofloxacin=R,ertapenem=S,gentamicin=S,levofloxacin=R,meropenem=S,piperacillin-tazobactam=S,tetracycline=R,tobramycin=S,trimethoprim-sulfamethoxazole=R"
E.coli and Shigella,,"""0000-0064-6851"",""370"",""SRS2122754""",,PDT000201873.2,2017-04-14T17:24:49Z,USA:Boston,urine,clinical,,PDS000153329.10,20.0,33.0,SAMN06754738,GCA_012480015.1,"aac(3)-IIe=COMPLETE,aac(3)-IIe=PARTIAL_END_OF_CONTIG,aac(6')-Ib-cr5=COMPLETE,aadA5=COMPLETE,blaCTX-M-15=COMPLETE,blaEC=COMPLETE,blaOXA-1=COMPLETE,dfrA17=COMPLETE,gyrA_D87N=POINT,gyrA_S83L=POINT,mdtM=COMPLETE,mph(A)=COMPLETE,parC_S80I=POINT,parE_L416F=POINT,sul1=COMPLETE,sul2=COMPLETE,tet(B)=COMPLETE",,"amikacin=S,amoxicillin-clavulanic acid=S,ampicillin=R,cefazolin=R,cefepime=S,cefoxitin=S,ceftazidime=R,ceftriaxone=R,ciprofloxacin=R,ertapenem=S,gentamicin=R,levofloxacin=R,meropenem=S,nitrofurantoin=S,piperacillin-tazobactam=S,tetracycline=R,tobramycin=R,trimethoprim-sulfamethoxazole=R"
E.coli and Shigella,,"""0000-0064-6785"",""368"",""SRS2122759""",,PDT000201875.2,2017-04-14T17:24:50Z,USA:Boston,urine,clinical,,PDS000117091.382,29.0,29.0,SAMN06754736,GCA_012479735.1,"aadA5=COMPLETE,acrF=COMPLETE,aph(3'')-Ib=COMPLETE,aph(6)-Id=COMPLETE,blaCTX-M-27=COMPLETE,blaEC=COMPLETE,dfrA17=COMPLETE,gyrA_D87N=POINT,gyrA_S83L=POINT,mdtM=COMPLETE,mph(A)=COMPLETE,parC_E84V=POINT,parC_S80I=POINT,parE_I529L=POINT,ptsI_V25I=POINT,sul1=COMPLETE,sul2=COMPLETE,tet(A)=COMPLETE,uhpT_E350Q=POINT",,"amikacin=S,amoxicillin-clavulanic acid=S,ampicillin=R,cefazolin=R,cefepime=S,cefoxitin=S,ceftazidime=S,ceftriaxone=R,ciprofloxacin=R,ertapenem=S,gentamicin=S,levofloxacin=R,meropenem=S,nitrofurantoin=S,piperacillin-tazobactam=S,tetracycline=R,tobramycin=S,trimethoprim-sulfamethoxazole=R"
E.coli and Shigella,,"""0000-0064-6743"",""364"",""SRS2122762""",,PDT000201876.2,2017-04-14T17:24:50Z,USA:Boston,urine,clinical,,PDS000117091.382,24.0,28.0,SAMN06754733,GCA_012479925.1,"aadA5=COMPLETE,acrF=COMPLETE,aph(3'')-Ib=COMPLETE,aph(6)-Id=COMPLETE,blaCTX-M-27=COMPLETE,blaEC=COMPLETE,dfrA17=COMPLETE,gyrA_D87N=POINT,gyrA_S83L=POINT,mdtM=COMPLETE,mph(A)=COMPLETE,parC_E84V=POINT,parC_S80I=POINT,parE_I529L=POINT,ptsI_V25I=POINT,sul1=COMPLETE,sul2=COMPLETE,tet(A)=COMPLETE,uhpT_E350Q=POINT",,"amikacin=S,amoxicillin-clavulanic acid=S,ampicillin=R,cefazolin=R,cefepime=S,cefoxitin=S,ceftazidime=S,ceftriaxone=R,ciprofloxacin=R,ertapenem=S,gentamicin=S,levofloxacin=R,meropenem=S,nitrofurantoin=S,piperacillin-tazobactam=S,tetracycline=R,tobramycin=S,trimethoprim-sulfamethoxazole=R"
E.coli and Shigella,,"""0000-0064-6782"",""367"",""SRS2122757""",,PDT000201896.2,2017-04-14T18:50:30Z,USA:Boston,urine,clinical,,,,,SAMN06754735,GCA_012479935.1,"aadA5=COMPLETE,acrF=COMPLETE,aph(3'')-Ib=COMPLETE,aph(6)-Id=COMPLETE,blaCTX-M-27=COMPLETE,blaEC=COMPLETE,dfrA17=COMPLETE,gyrA_D87N=POINT,gyrA_S83L=POINT,mdtM=COMPLETE,mph(A)=COMPLETE,parC_E84V=POINT,parC_S80I=POINT,parE_I529L=POINT,ptsI_V25I=POINT,sul1=COMPLETE,sul2=COMPLETE,tet(A)=COMPLETE,uhpT_E350Q=POINT",,"amikacin=S,amoxicillin-clavulanic acid=S,ampicillin=R,cefazolin=R,cefepime=S,cefoxitin=S,ceftazidime=S,ceftriaxone=R,ciprofloxacin=R,ertapenem=S,gentamicin=S,levofloxacin=R,meropenem=S,nitrofurantoin=S,piperacillin-tazobactam=S,tetracycline=R,tobramycin=S,trimethoprim-sulfamethoxazole=R"
E.coli and Shigella,5CRE51,"""5CRE51""",,PDT000209466.1,2017-05-16T17:55:08Z,Taiwan: Tainan,urine,clinical,,,,,SAMN06828737,GCA_002142695.1,"aadA2=COMPLETE,acrF=COMPLETE,blaCTX-M-65=COMPLETE,blaEC=COMPLETE,blaNDM-9=COMPLETE,ble=COMPLETE,dfrA12=COMPLETE,floR=COMPLETE,fosA3=COMPLETE,ftsI_N337NYRIN=POINT,gyrA_D87N=POINT,gyrA_S83L=POINT,mcr-1.1=COMPLETE,mdtM=COMPLETE,nfsA_G126R=POINT,parC_S80I=POINT,parE_S458A=POINT,sul1=COMPLETE,tet(B)=COMPLETE",,"amikacin=S,amoxicillin-clavulanic acid=R,ampicillin=R,aztreonam=R,cefazolin=R,cefepime=R,cefoxitin=R,ceftazidime=R,ceftriaxone=R,cephalexin=R,chloramphenicol=R,ciprofloxacin=R,colistin=R,ertapenem=R,fosfomycin=ND,gentamicin=R,imipenem=R,meropenem=R,nitrofurantoin=S,norfloxacin=R,piperacillin-tazobactam=R,tetracycline=R,ticarcillin-clavulanic acid=R,tigecycline=ND,tobramycin=R,trimethoprim-sulfamethoxazole=R,trimethoprim=R"
E.coli and Shigella,81009,"""81009"",""SRS2149790""",,PDT000213276.1,2017-05-24T18:56:04Z,"United Arab Emirates: Tawam Hospital, Al Ain",urine,clinical,,PDS000117091.382,6.0,6.0,SAMN06808253,GCA_002157245.1,"aadA5=COMPLETE,acrF=COMPLETE,aph(3'')-Ib=COMPLETE,aph(6)-Id=COMPLETE,blaCTX-M-27=COMPLETE,blaEC=COMPLETE,dfrA17=COMPLETE,gyrA_D87N=POINT,gyrA_S83L=POINT,mdtM=COMPLETE,mph(A)=COMPLETE,parC_E84V=POINT,parC_S80I=POINT,parE_I529L=POINT,ptsI_V25I=POINT,sul1=COMPLETE,sul2=COMPLETE,tet(A)=COMPLETE,uhpT_E350Q=POINT",,"amikacin=S,aztreonam=R,cefotaxime=R,ceftazidime=R,chloramphenicol=S,ciprofloxacin=R,colistin=S,ertapenem=S,gentamicin=S,imipenem=S,meropenem=S,trimethoprim-sulfamethoxazole=R"
E.coli and Shigella,AR_0149,"""AR_0149"",""FDA-CDC-AR_0149"",""SRS1613990""",,PDT000216781.1,2017-06-08T17:51:05Z,,,clinical,,PDS000071278.13,27.0,,SAMN04014990,GCA_002180055.1,"acrF=COMPLETE,blaCMY-42=COMPLETE,blaEC=COMPLETE,blaNDM-7=COMPLETE,ble=COMPLETE,ftsI_N337NYRIN=POINT,gyrA_D87N=POINT,gyrA_S83L=POINT,mdtM=COMPLETE,parC_S80I=POINT,parE_S458A=POINT",,"amikacin=S,amoxicillin-clavulanic acid=R,ampicillin-sulbactam=R,ampicillin=R,aztreonam=S,cefazolin=R,cefepime=R,cefotaxime=R,cefoxitin=R,ceftazidime=R,ceftriaxone=R,ciprofloxacin=R,colistin=ND,doripenem=R,ertapenem=R,gentamicin=S,imipenem=R,levofloxacin=R,meropenem=R,piperacillin-tazobactam=R,polymyxin B=ND,tetracycline=S,tigecycline=S,tobramycin=S,trimethoprim-sulfamethoxazole=S"
E.coli and Shigella,AR_0119,"""AR_0119"",""FDA-CDC-AR_0119"",""SRS1613975""",,PDT000216782.1,2017-06-08T17:51:15Z,,,clinical,,,,,SAMN04014960,GCA_002180095.1,"aac(3)-IIe=COMPLETE,aac(6')-Ib-cr5=COMPLETE,aac(6')-Ib3=COMPLETE,aac(6')-Ib=COMPLETE,aadA1=COMPLETE,acrF=COMPLETE,ampC_C-42T=POINT,aph(3'')-Ib=COMPLETE,aph(6)-Id=COMPLETE,blaCMY-6=COMPLETE,blaCTX-M-15=COMPLETE,blaEC=COMPLETE,blaNDM-1=COMPLETE,blaOXA-1=COMPLETE,blaOXA-2=COMPLETE,blaOXA-9=COMPLETE,blaTEM-1=COMPLETE,ble=COMPLETE,catA1=COMPLETE,catB3=PARTIAL,dfrA29=COMPLETE,ftsI_N337NYRIN=POINT,gyrA_D87N=POINT,gyrA_S83L=POINT,mdtM=COMPLETE,parC_S80I=POINT,parE_E460D=POINT,rmtC=COMPLETE,sul1=COMPLETE",,"amikacin=R,amoxicillin-clavulanic acid=R,ampicillin-sulbactam=R,ampicillin=R,aztreonam=R,cefazolin=R,cefepime=R,cefotaxime=R,cefoxitin=R,ceftazidime=R,ceftriaxone=R,ciprofloxacin=R,colistin=ND,ertapenem=R,gentamicin=R,imipenem=R,levofloxacin=R,meropenem=R,polymyxin B=ND,tetracycline=S,tigecycline=S,tobramycin=R,trimethoprim-sulfamethoxazole=R"
E.coli and Shigella,AR_0162,"""AR_0162"",""FDA-CDC-AR_0162"",""SRS1613998""",,PDT000216783.1,2017-06-08T17:52:08Z,,,clinical,,PDS000115552.3,0.0,,SAMN04015003,GCA_002180135.1,"acrF=COMPLETE,aph(3'')-Ib=COMPLETE,aph(6)-Id=COMPLETE,blaCTX-M-15=COMPLETE,blaEC=COMPLETE,blaNDM-7=COMPLETE,blaTEM-1=COMPLETE,blaTEM=PARTIAL_END_OF_CONTIG,ble=COMPLETE,erm(B)=COMPLETE,ftsI_N337NYRIN=POINT,gyrA_D87N=POINT,gyrA_S83L=POINT,mdtM=COMPLETE,mph(A)=COMPLETE,parC_S80I=POINT,parE_S458A=POINT,qnrS1=COMPLETE,sul2=COMPLETE,tet(A)=COMPLETE",,"amikacin=S,amoxicillin-clavulanic acid=R,ampicillin-sulbactam=R,ampicillin=R,aztreonam=R,cefazolin=R,cefepime=R,cefotaxime=R,cefoxitin=R,ceftazidime=R,ceftriaxone=R,ciprofloxacin=R,colistin=ND,doripenem=R,ertapenem=R,gentamicin=S,imipenem=R,levofloxacin=R,meropenem=R,piperacillin-tazobactam=R,polymyxin B=ND,tetracycline=R,tigecycline=S,tobramycin=S,trimethoprim-sulfamethoxazole=S"
E.coli and Shigella,AR_0058,"""AR_0058"",""FDA-CDC-AR_0058"",""SRS1613889""",,PDT000216784.1,2017-06-08T17:53:08Z,,,clinical,,PDS000035257.5,22.0,,SAMN04014899,GCA_002180195.1,"aac(3)-IId=COMPLETE,aadA5=COMPLETE,acrF=COMPLETE,aph(3'')-Ib=COMPLETE,aph(6)-Id=COMPLETE,blaEC=COMPLETE,blaTEM-20=COMPLETE,blaTEMp_C32T=POINT,dfrA17=COMPLETE,gyrA_D87N=POINT,gyrA_S83L=POINT,mdtM=COMPLETE,mph(A)=COMPLETE,parC_E84V=POINT,parC_S80I=POINT,parE_I529L=POINT,ptsI_V25I=POINT,sul1=COMPLETE,sul2=COMPLETE,tet(A)=COMPLETE,uhpT_E350Q=POINT",,"amikacin=S,amoxicillin-clavulanic acid=R,ampicillin-sulbactam=R,ampicillin=R,aztreonam=R,cefazolin=R,cefepime=R,cefotaxime=R,cefoxitin=R,ceftazidime=R,ceftriaxone=R,ciprofloxacin=R,colistin=ND,doripenem=S,ertapenem=I,gentamicin=R,imipenem=S,levofloxacin=R,meropenem=S,piperacillin-tazobactam=R,polymyxin B=ND,tetracycline=R,tigecycline=S,tobramycin=S,trimethoprim-sulfamethoxazole=R"
E.coli and Shigella,AR_0151,"""AR_0151"",""FDA-CDC-AR_0151"",""SRS1613992""",,PDT000216785.1,2017-06-08T17:53:12Z,,,clinical,,PDS000101600.5,6.0,,SAMN04014992,GCA_002180215.1,"blaCMY-42=COMPLETE,blaEC=COMPLETE,blaNDM-5=COMPLETE,blaTEM-1=COMPLETE,ble=COMPLETE,ftsI_N337NYRIN=POINT,gyrA_D87N=POINT,gyrA_S83L=POINT,mdtM=COMPLETE,parC_S80I=POINT,parE_S458A=POINT",,"amikacin=S,amoxicillin-clavulanic acid=R,ampicillin-sulbactam=R,ampicillin=R,aztreonam=R,cefazolin=R,cefepime=R,cefotaxime=R,cefoxitin=R,ceftazidime=R,ceftriaxone=R,ciprofloxacin=R,colistin=ND,doripenem=R,ertapenem=R,gentamicin=S,imipenem=R,levofloxacin=R,meropenem=R,piperacillin-tazobactam=R,polymyxin B=ND,tetracycline=R,tigecycline=S,tobramycin=R,trimethoprim-sulfamethoxazole=R"
E.coli and Shigella,AR_0128,"""AR_0128"",""FDA-CDC-AR_0128"",""SRS1613979""",,PDT000216786.1,2017-06-08T17:54:15Z,,,clinical,,PDS000011895.4,12.0,,SAMN04014969,GCA_002180275.1,"aac(3)-IIe=COMPLETE,aac(6')-Ib3=COMPLETE,acrF=COMPLETE,ampC_C-42T=POINT,aph(3'')-Ib=COMPLETE,aph(6)-Id=COMPLETE,blaCMY-6=COMPLETE,blaEC=COMPLETE,blaNDM-1=COMPLETE,blaOXA-2=COMPLETE,blaTEM-1=COMPLETE,ble=COMPLETE,catA1=COMPLETE,dfrA29=COMPLETE,ftsI_N337NYRIN=POINT,gyrA_D87N=POINT,gyrA_S83L=POINT,mdtM=COMPLETE,parC_S80I=POINT,parE_E460D=POINT,rmtC=COMPLETE,sul1=COMPLETE",,"amikacin=R,amoxicillin-clavulanic acid=R,ampicillin-sulbactam=R,ampicillin=R,aztreonam=R,cefazolin=R,cefepime=R,cefotaxime=R,cefoxitin=R,ceftazidime=R,ceftriaxone=R,ciprofloxacin=R,colistin=ND,ertapenem=R,gentamicin=R,imipenem=R,levofloxacin=R,meropenem=R,polymyxin B=ND,tetracycline=R,tigecycline=S,tobramycin=R,trimethoprim-sulfamethoxazole=R"
E.coli and Shigella,AR_0114,"""AR_0114"",""FDA-CDC-AR_0114"",""SRS1613971""",,PDT000218720.1,2017-06-13T17:51:13Z,,,clinical,,,,,SAMN04014955,GCA_002192275.1,"aadA1=COMPLETE,acrF=COMPLETE,ant(2'')-Ia=COMPLETE,aph(3'')-Ib=COMPLETE,aph(6)-Id=COMPLETE,blaEC=COMPLETE,blaKPC-3=COMPLETE,blaTEM-1=COMPLETE,cmlA6=COMPLETE,dfrA5=COMPLETE,gyrA_D87N=POINT,gyrA_S83L=POINT,mdtM=COMPLETE,nfsA_G126R=POINT,parC_S80I=POINT,parE_S458A=POINT,sul1=COMPLETE,sul2=COMPLETE",,"amikacin=S,amoxicillin-clavulanic acid=R,ampicillin=R,aztreonam=R,cefazolin=R,cefepime=R,cefotaxime=R,cefoxitin=R,ceftazidime=R,ceftriaxone=R,ciprofloxacin=R,doripenem=R,ertapenem=R,gentamicin=S,imipenem=R,levofloxacin=R,meropenem=R,piperacillin-tazobactam=R,polymyxin B=ND,tetracycline=S,tobramycin=I,trimethoprim-sulfamethoxazole=R"
E.coli and Shigella,AR_0150,"""AR_0150"",""FDA-CDC-AR_0150"",""SRS1613991""",,PDT000218721.1,2017-06-13T17:52:05Z,,,clinical,,PDS000101600.5,6.0,,SAMN04014991,GCA_002192295.1,"aadA5=COMPLETE,blaCMY-42=COMPLETE,blaEC=COMPLETE,blaNDM-5=COMPLETE,blaTEM-1=COMPLETE,ble=COMPLETE,dfrA17=COMPLETE,ftsI_N337NYRIN=POINT,gyrA_D87N=POINT,gyrA_S83L=POINT,mdtM=COMPLETE,mph(A)=COMPLETE,parC_S80I=POINT,parE_S458A=POINT,sul1=COMPLETE,tet(A)=COMPLETE",,"amikacin=S,amoxicillin-clavulanic acid=R,ampicillin-sulbactam=R,ampicillin=R,aztreonam=R,cefazolin=R,cefepime=R,cefotaxime=R,cefoxitin=R,ceftazidime=R,ceftriaxone=R,ciprofloxacin=R,colistin=ND,doripenem=R,ertapenem=R,gentamicin=S,imipenem=R,levofloxacin=R,meropenem=R,piperacillin-tazobactam=R,polymyxin B=ND,tetracycline=R,tigecycline=S,tobramycin=S,trimethoprim-sulfamethoxazole=R"
E.coli and Shigella,AR_0137,"""AR_0137"",""FDA-CDC-AR_0137"",""SRS1613982""",,PDT000219963.1,2017-06-20T17:51:17Z,,,clinical,,PDS000104346.1,48.0,,SAMN04014978,GCA_002201835.1,"aac(3)-IIe=COMPLETE,aac(6')-Ib-cr5=COMPLETE,aac(6')-Ib=COMPLETE,aadA1=COMPLETE,aadA5=COMPLETE,acrF=COMPLETE,aph(3')-VI=COMPLETE,blaCMY-42=COMPLETE,blaCTX-M-15=COMPLETE,blaEC=COMPLETE,blaNDM-6=COMPLETE,blaOXA-1=COMPLETE,blaOXA-9=COMPLETE,blaTEM-1=COMPLETE,ble=COMPLETE,catB3=PARTIAL,dfrA17=COMPLETE,ftsI_N337NYRIN=POINT,gyrA_D87N=POINT,gyrA_S83L=POINT,mdtM=COMPLETE,mph(A)=COMPLETE,nfsA_G126R=POINT,parC_S80I=POINT,parE_S458A=POINT,qnrS1=COMPLETE,sul1=COMPLETE,tet(B)=COMPLETE",,"amikacin=R,amoxicillin-clavulanic acid=R,ampicillin-sulbactam=R,ampicillin=R,aztreonam=R,cefazolin=R,cefepime=R,cefotaxime=R,cefoxitin=R,ceftazidime=R,ceftriaxone=R,ciprofloxacin=R,colistin=ND,doripenem=R,ertapenem=R,gentamicin=R,imipenem=R,levofloxacin=R,meropenem=R,piperacillin-tazobactam=R,polymyxin B=ND,tetracycline=R,tigecycline=S,tobramycin=R,trimethoprim-sulfamethoxazole=R"
E.coli and Shigella,AR_0055,"""AR_0055"",""FDA-CDC-AR_0055"",""SRS1613888""",,PDT000219964.1,2017-06-20T18:55:09Z,,,clinical,,PDS000246112.3,3.0,52.0,SAMN04014896,GCA_002202175.1,"aac(3)-IIe=COMPLETE,aac(6')-Ib-cr5=COMPLETE,aac(6')-Ib3=COMPLETE,aadA5=COMPLETE,acrF=COMPLETE,blaCMY-6=COMPLETE,blaEC=COMPLETE,blaNDM-1=COMPLETE,blaOXA-1=COMPLETE,ble=COMPLETE,catB3=PARTIAL,dfrA17=COMPLETE,gyrA_D87N=POINT,gyrA_S83L=POINT,mdtM=COMPLETE,mph(A)=COMPLETE,parC_E84V=POINT,parC_S80I=POINT,parE_I529L=POINT,ptsI_V25I=POINT,rmtC=COMPLETE,sul1=COMPLETE,tet(A)=COMPLETE,uhpT_E350Q=POINT",,"amikacin=R,amoxicillin-clavulanic acid=R,ampicillin-sulbactam=R,ampicillin=R,aztreonam=R,cefazolin=R,cefepime=R,cefotaxime=R,cefoxitin=R,ceftazidime=R,ceftriaxone=R,ciprofloxacin=R,colistin=ND,doripenem=R,ertapenem=R,gentamicin=R,imipenem=R,levofloxacin=R,meropenem=R,piperacillin-tazobactam=R,polymyxin B=ND,tetracycline=R,tigecycline=S,tobramycin=R,trimethoprim-sulfamethoxazole=R"
E.coli and Shigella,,"""0000-0062-1815"",""309"",""SRS2338438""",,PDT000222826.2,2017-07-05T22:42:04Z,USA:Boston,urine,clinical,,,,,SAMN07325894,GCA_012442945.1,"acrF=COMPLETE,aph(3'')-Ib=COMPLETE,aph(6)-Id=COMPLETE,blaCMY-42=COMPLETE,blaCTX-M-27=COMPLETE,blaEC=COMPLETE,blaTEM-1=COMPLETE,dfrA8=COMPLETE,ftsI_I336IKYRI=POINT,gyrA_D87N=POINT,gyrA_S83L=POINT,mdtM=COMPLETE,mph(A)=COMPLETE,parC_S80I=POINT,parE_S458A=POINT,sul2=COMPLETE,tet(A)=COMPLETE,tet(B)=COMPLETE",,"amikacin=S,amoxicillin-clavulanic acid=R,ampicillin=R,cefazolin=R,cefepime=R,cefoxitin=R,ceftazidime=R,ceftriaxone=R,ciprofloxacin=R,ertapenem=S,gentamicin=S,levofloxacin=R,meropenem=S,nitrofurantoin=S,piperacillin-tazobactam=R,tetracycline=R,tobramycin=S,trimethoprim-sulfamethoxazole=R"
E.coli and Shigella,,"""0000-0062-1830"",""314"",""SRS2338431""",,PDT000222833.2,2017-07-05T22:42:05Z,USA:Boston,aspirate,clinical,,,,,SAMN07325899,GCA_012443035.1,"aac(3)-IIe=COMPLETE,aac(6')-Ib-cr5=COMPLETE,aadA5=COMPLETE,acrF=COMPLETE,blaCTX-M-15=COMPLETE,blaEC=COMPLETE,blaOXA-1=COMPLETE,catB3=PARTIAL_END_OF_CONTIG,cyaA_S352T=POINT,dfrA17=COMPLETE,gyrA_D87N=POINT,gyrA_S83L=POINT,mph(A)=COMPLETE,parC_S80I=POINT,parE_S458A=POINT,sul1=COMPLETE,tet(B)=COMPLETE",,"amikacin=S,amoxicillin-clavulanic acid=R,ampicillin=R,cefepime=R,cefoxitin=R,ceftazidime=R,ceftriaxone=R,ciprofloxacin=R,ertapenem=S,gentamicin=R,levofloxacin=R,meropenem=S,piperacillin-tazobactam=S,tetracycline=R,tobramycin=R,trimethoprim-sulfamethoxazole=R"
E.coli and Shigella,,"""0000-0062-1839"",""317"",""SRS2338430""",,PDT000222834.2,2017-07-05T22:42:05Z,USA:Boston,urine,clinical,,,,,SAMN07325902,GCA_012442985.1,"aac(3)-IIe=COMPLETE,aac(6')-Ib-cr5=COMPLETE,aadA5=COMPLETE,acrF=COMPLETE,aph(3'')-Ib=COMPLETE,aph(6)-Id=COMPLETE,blaCTX-M-15=COMPLETE,blaEC=COMPLETE,blaOXA-1=COMPLETE,blaTEM-1=COMPLETE,catB3=PARTIAL_END_OF_CONTIG,cyaA_S352T=POINT,dfrA14=COMPLETE,dfrA17=COMPLETE,dfrA51=COMPLETE,floR=COMPLETE,gyrA_D87N=POINT,gyrA_S83L=POINT,mdtM=COMPLETE,mph(A)=COMPLETE,parC_S80I=POINT,parE_S458A=POINT,sul1=COMPLETE,sul2=COMPLETE,tet(A)=COMPLETE,tet(D)=COMPLETE",,"amikacin=S,amoxicillin-clavulanic acid=R,ampicillin=R,cefazolin=R,cefepime=S,cefoxitin=I,ceftazidime=R,ceftriaxone=R,ciprofloxacin=R,ertapenem=S,gentamicin=R,levofloxacin=R,meropenem=S,nitrofurantoin=S,piperacillin-tazobactam=S,tetracycline=R,tobramycin=R,trimethoprim-sulfamethoxazole=R"
E.coli and Shigella,,"""0000-0062-1836"",""316"",""SRS2338429""",,PDT000222835.2,2017-07-05T22:42:05Z,USA:Boston,urine,clinical,,PDS000117091.382,33.0,41.0,SAMN07325901,GCA_012443025.1,"aadA5=COMPLETE,acrF=COMPLETE,aph(3'')-Ib=COMPLETE,aph(6)-Id=COMPLETE,blaCTX-M-27=COMPLETE,blaEC=COMPLETE,dfrA17=COMPLETE,gyrA_D87N=POINT,gyrA_S83L=POINT,mdtM=COMPLETE,mph(A)=COMPLETE,parC_E84V=POINT,parC_S80I=POINT,parE_I529L=POINT,ptsI_V25I=POINT,sul1=COMPLETE,sul2=COMPLETE,tet(A)=COMPLETE,uhpT_E350Q=POINT",,"amikacin=S,amoxicillin-clavulanic acid=S,ampicillin=R,cefazolin=R,cefepime=S,cefoxitin=S,ceftazidime=S,ceftriaxone=R,ciprofloxacin=R,ertapenem=S,gentamicin=S,levofloxacin=R,meropenem=S,nitrofurantoin=S,piperacillin-tazobactam=S,tetracycline=R,tobramycin=S,trimethoprim-sulfamethoxazole=R"
E.coli and Shigella,,"""0000-0062-1842"",""318"",""SRS2338425""",,PDT000222838.2,2017-07-05T22:42:06Z,USA:Boston,bile,clinical,,PDS000231643.1,19.0,,SAMN07325903,GCA_012443005.1,"aac(3)-IIe=COMPLETE,aac(6')-Ib-cr5=COMPLETE,aadA1=COMPLETE,acrF=COMPLETE,blaCTX-M-15=COMPLETE,blaCTX-M-1=COMPLETE,blaEC=COMPLETE,blaOXA-1=COMPLETE,catB3=PARTIAL_END_OF_CONTIG,cyaA_S352T=POINT,dfrA1=COMPLETE,gyrA_D87N=POINT,gyrA_S83L=POINT,parC_S57T=POINT,parC_S80I=POINT,parE_S458A=POINT,sat2=COMPLETE,sul2=COMPLETE,tet(A)=COMPLETE",,"amikacin=S,amoxicillin-clavulanic acid=R,ampicillin=R,cefepime=R,cefoxitin=R,ceftazidime=R,ceftriaxone=R,ciprofloxacin=R,ertapenem=S,gentamicin=R,levofloxacin=R,meropenem=S,piperacillin-tazobactam=I,tetracycline=R,tobramycin=R,trimethoprim-sulfamethoxazole=R"
E.coli and Shigella,,"""0000-0065-6499"",""399"",""SRS2340996""",,PDT000223022.2,2017-07-07T14:42:21Z,USA:Boston,urine,clinical,,PDS000117864.2,34.0,,SAMN07332512,GCA_012442285.1,"acrF=COMPLETE,blaCTX-M-65=COMPLETE,blaEC=COMPLETE,blaTEM-1=COMPLETE,floR=COMPLETE,gyrA_S83L=POINT,mdtM=COMPLETE,parC_S80I=POINT,qnrS2=COMPLETE",,"amikacin=S,amoxicillin-clavulanic acid=S,ampicillin=R,cefazolin=R,cefepime=S,cefoxitin=S,ceftazidime=S,ceftriaxone=R,ciprofloxacin=R,ertapenem=S,gentamicin=S,levofloxacin=R,meropenem=S,nitrofurantoin=S,piperacillin-tazobactam=S,tetracycline=S,tobramycin=S,trimethoprim-sulfamethoxazole=S"
E.coli and Shigella,,"""0000-0065-7056"",""403"",""SRS2340989""",,PDT000223026.2,2017-07-07T14:42:22Z,USA:Boston,urine,clinical,,PDS000033270.1,7.0,,SAMN07332516,GCA_012442305.1,"aac(6')-Ib-cr5=COMPLETE,acrF=COMPLETE,blaCTX-M-15=COMPLETE,blaEC=COMPLETE,blaOXA-1=COMPLETE,blaTEM=PARTIAL_END_OF_CONTIG,catB3=PARTIAL_END_OF_CONTIG,gyrA_D87N=POINT,gyrA_S83L=POINT,mdtM=COMPLETE,parC_E84V=POINT,parC_S80I=POINT,parE_I529L=POINT,ptsI_V25I=POINT,uhpT_E350Q=POINT",,"amikacin=S,amoxicillin-clavulanic acid=R,ampicillin=R,cefazolin=R,cefepime=R,cefoxitin=R,ceftazidime=R,ceftriaxone=R,ciprofloxacin=R,ertapenem=S,gentamicin=S,levofloxacin=R,meropenem=S,nitrofurantoin=I,piperacillin-tazobactam=I,tetracycline=S,tobramycin=R,trimethoprim-sulfamethoxazole=S"
E.coli and Shigella,,"""0000-0065-7053"",""406"",""SRS2340990""",,PDT000223027.2,2017-07-07T14:42:22Z,USA:Boston,urine,clinical,,,,,SAMN07332519,GCA_012442165.1,"acrF=COMPLETE,blaCTX-M-14=COMPLETE,blaEC=COMPLETE,cyaA_S352T=POINT,gyrA_D87N=POINT,gyrA_S83L=POINT,mdtM=COMPLETE,parC_S80I=POINT,parE_S458A=POINT",,"amikacin=S,amoxicillin-clavulanic acid=I,ampicillin=R,cefazolin=R,cefepime=S,cefoxitin=I,ceftazidime=S,ceftriaxone=R,ciprofloxacin=R,ertapenem=S,gentamicin=S,levofloxacin=R,meropenem=S,nitrofurantoin=S,piperacillin-tazobactam=S,tetracycline=S,tobramycin=S,trimethoprim-sulfamethoxazole=S"
E.coli and Shigella,,"""0000-0065-7047"",""404"",""SRS2340987""",,PDT000223028.2,2017-07-07T14:42:22Z,USA:Boston,urine,clinical,,PDS000117091.382,25.0,31.0,SAMN07332517,GCA_012442325.1,"aadA5=COMPLETE,acrF=COMPLETE,aph(3'')-Ib=COMPLETE,aph(6)-Id=COMPLETE,blaCTX-M-27=COMPLETE,blaEC=COMPLETE,dfrA17=COMPLETE,gyrA_D87N=POINT,gyrA_S83L=POINT,mdtM=COMPLETE,mph(A)=COMPLETE,parC_E84V=POINT,parC_S80I=POINT,parE_I529L=POINT,ptsI_V25I=POINT,sul1=COMPLETE,sul2=COMPLETE,tet(A)=COMPLETE,uhpT_E350Q=POINT",,"amikacin=S,amoxicillin-clavulanic acid=S,ampicillin=R,cefazolin=R,cefepime=S,cefoxitin=I,ceftazidime=R,ceftriaxone=R,ciprofloxacin=R,ertapenem=S,gentamicin=S,levofloxacin=R,meropenem=S,nitrofurantoin=S,piperacillin-tazobactam=S,tetracycline=R,tobramycin=S,trimethoprim-sulfamethoxazole=R"
E.coli and Shigella,,"""0000-0065-7044"",""407"",""SRS2340988""",,PDT000223031.2,2017-07-07T15:45:09Z,USA:Boston,urine,clinical,,PDS000033270.1,7.0,,SAMN07332520,GCA_012442225.1,"aac(6')-Ib-cr5=COMPLETE,acrF=COMPLETE,blaCTX-M-15=COMPLETE,blaEC=COMPLETE,blaOXA-1=COMPLETE,blaTEM=PARTIAL_END_OF_CONTIG,catB3=PARTIAL_END_OF_CONTIG,gyrA_D87N=POINT,gyrA_S83L=POINT,mdtM=COMPLETE,parC_E84V=POINT,parC_S80I=POINT,parE_I529L=POINT,ptsI_V25I=POINT,uhpT_E350Q=POINT",,"amikacin=S,amoxicillin-clavulanic acid=R,ampicillin=R,cefazolin=R,cefepime=R,cefoxitin=R,ceftazidime=R,ceftriaxone=R,ciprofloxacin=R,ertapenem=S,gentamicin=S,levofloxacin=R,meropenem=S,nitrofurantoin=I,piperacillin-tazobactam=I,tetracycline=S,tobramycin=R,trimethoprim-sulfamethoxazole=S"
E.coli and Shigella,,"""0000-0065-7050"",""405"",""SRS2340986""",,PDT000223032.2,2017-07-07T15:45:09Z,USA:Boston,urine,clinical,,PDS000194248.147,17.0,28.0,SAMN07332518,GCA_012442685.1,"acrF=COMPLETE,blaCTX-M-55=COMPLETE,blaEC-5=COMPLETE,gyrA_D87N=POINT,gyrA_S83L=POINT,marR_S3N=POINT,parC_S80I=POINT,parE_L416F=POINT,uhpT_E350Q=POINT",,"amikacin=S,amoxicillin-clavulanic acid=S,ampicillin=R,cefazolin=R,cefepime=S,cefoxitin=S,ceftazidime=R,ceftriaxone=R,ciprofloxacin=R,ertapenem=S,gentamicin=S,levofloxacin=R,meropenem=S,nitrofurantoin=S,piperacillin-tazobactam=S,tetracycline=S,tobramycin=S,trimethoprim-sulfamethoxazole=S"
E.coli and Shigella,,"""0000-0067-4042"",""453"",""SRS2379965""",,PDT000226502.2,2017-07-24T20:39:16Z,USA:Boston,urine,clinical,,,,,SAMN07410708,GCA_012437555.1,"aadA2=COMPLETE,acrF=COMPLETE,blaCTX-M-15=COMPLETE,blaEC=COMPLETE,catA1=COMPLETE,cyaA_S352T=POINT,dfrA12=COMPLETE,erm(B)=COMPLETE,gyrA_D87N=POINT,gyrA_S83L=POINT,mdtM=COMPLETE,mph(A)=COMPLETE,parC_S80I=POINT,sul1=COMPLETE",,"amikacin=S,amoxicillin-clavulanic acid=S,ampicillin=R,cefazolin=R,cefepime=S,cefoxitin=I,ceftazidime=R,ceftriaxone=R,ciprofloxacin=R,ertapenem=S,gentamicin=S,levofloxacin=R,meropenem=S,nitrofurantoin=S,piperacillin-tazobactam=S,tetracycline=S,tobramycin=S,trimethoprim-sulfamethoxazole=S"
E.coli and Shigella,,"""0000-0068-9276"",""478"",""SRS2407846""",,PDT000231446.4,2024-02-26T18:22:36Z,USA:Boston,urine,clinical,,,,,SAMN07450853,GCA_012432855.3,"aac(6')-Ib-cr5=COMPLETE,aadA5=COMPLETE,acrF=COMPLETE,blaCTX-M-15=COMPLETE,blaEC=COMPLETE,blaOXA-1=COMPLETE,catB3=PARTIAL_END_OF_CONTIG,dfrA17=COMPLETE,gyrA_D87N=POINT,gyrA_S83L=POINT,mdtM=COMPLETE,mph(A)=COMPLETE,parC_E84V=POINT,parC_S80I=POINT,parE_I529L=POINT,ptsI_V25I=POINT,sul1=COMPLETE,tet(A)=COMPLETE,uhpT_E350Q=POINT",,"amikacin=S,amoxicillin-clavulanic acid=I,ampicillin=R,cefazolin=R,cefepime=R,cefoxitin=I,ceftazidime=R,ceftriaxone=R,ciprofloxacin=R,ertapenem=S,gentamicin=S,levofloxacin=R,meropenem=S,nitrofurantoin=S,piperacillin-tazobactam=S,tetracycline=R,tobramycin=I,trimethoprim-sulfamethoxazole=R"
E.coli and Shigella,,"""0000-0068-9254"",""472"",""SRS2407850""",,PDT000231450.2,2017-08-07T18:40:32Z,USA:Boston,umbilicus,clinical,,PDS000041690.188,14.0,15.0,SAMN07450847,GCA_012432675.1,"aadA5=COMPLETE,acrF=COMPLETE,aph(3'')-Ib=COMPLETE,aph(6)-Id=COMPLETE,blaCTX-M-27=COMPLETE,blaEC=COMPLETE,dfrA17=COMPLETE,gyrA_D87N=POINT,gyrA_S83L=POINT,mdtM=COMPLETE,mph(A)=COMPLETE,parC_S80I=POINT,parE_E460D=POINT,ptsI_V25I=POINT,sul1=COMPLETE,sul2=COMPLETE,tet(A)=COMPLETE,uhpT_E350Q=POINT",,"amikacin=S,amoxicillin-clavulanic acid=S,ampicillin=R,cefepime=S,cefoxitin=S,ceftazidime=S,ceftriaxone=R,ciprofloxacin=R,ertapenem=S,gentamicin=S,levofloxacin=R,meropenem=S,piperacillin-tazobactam=S,tetracycline=R,tobramycin=S,trimethoprim-sulfamethoxazole=R"
E.coli and Shigella,,"""0000-0068-9267"",""475"",""SRS2407855""",,PDT000231455.2,2017-08-07T18:40:33Z,USA:Boston,urine,clinical,,,,,SAMN07450850,GCA_012432695.1,"aac(6')-Ib4=COMPLETE,acrF=COMPLETE,blaCMY-2=COMPLETE,blaEC=PARTIAL,blaTEM-1=COMPLETE,catA1=COMPLETE,catB3=COMPLETE,dfrA1=COMPLETE,gyrA_D87N=POINT,gyrA_S83L=POINT,parC_E84G=POINT,parC_S80I=POINT,soxS_A12S=POINT,sul1=COMPLETE,tet(B)=COMPLETE",,"amikacin=S,amoxicillin-clavulanic acid=R,ampicillin=R,cefazolin=R,cefepime=S,cefoxitin=R,ceftazidime=R,ceftriaxone=R,ciprofloxacin=R,ertapenem=S,gentamicin=I,levofloxacin=R,meropenem=S,nitrofurantoin=R,piperacillin-tazobactam=I,tetracycline=R,tobramycin=I,trimethoprim-sulfamethoxazole=R"
E.coli and Shigella,,"""0000-0068-9351"",""482"",""SRS2407856""",,PDT000231456.2,2017-08-07T18:40:33Z,USA:Boston,abdominal,clinical,,,,,SAMN07450857,GCA_012432755.1,"aac(6')-Ib-cr5=COMPLETE,aadA5=COMPLETE,acrF=COMPLETE,blaCTX-M-15=COMPLETE,blaEC=COMPLETE,blaOXA-1=COMPLETE,catB3=PARTIAL_END_OF_CONTIG,dfrA17=COMPLETE,gyrA_D87N=POINT,gyrA_S83L=POINT,mdtM=COMPLETE,mph(A)=COMPLETE,parC_E84V=POINT,parC_S80I=POINT,parE_I529L=POINT,ptsI_V25I=POINT,sul1=COMPLETE,uhpT_E350Q=POINT",,"amikacin=S,amoxicillin-clavulanic acid=R,ampicillin=R,cefepime=R,cefoxitin=R,ceftazidime=R,ceftriaxone=R,ciprofloxacin=R,ertapenem=S,gentamicin=S,levofloxacin=R,meropenem=S,piperacillin-tazobactam=I,tetracycline=S,tobramycin=R,trimethoprim-sulfamethoxazole=R"
E.coli and Shigella,,"""0000-0068-9354"",""483"",""SRS2407860""",,PDT000231460.2,2017-08-07T18:40:34Z,USA:Boston,urine,clinical,,,,,SAMN07450858,GCA_012432635.1,"aac(3)-IIe=COMPLETE,aac(6')-Ib-cr5=COMPLETE,acrF=COMPLETE,blaCTX-M-15=COMPLETE,blaEC=COMPLETE,blaOXA-1=COMPLETE,catB3=PARTIAL_END_OF_CONTIG,gyrA_D87N=POINT,gyrA_S83L=POINT,mdtM=COMPLETE,parC_E84V=POINT,parC_S80I=POINT,parE_I529L=POINT,ptsI_V25I=POINT,uhpT_E350Q=POINT",,"amikacin=S,amoxicillin-clavulanic acid=I,ampicillin=R,cefazolin=R,cefepime=S,cefoxitin=S,ceftazidime=R,ceftriaxone=R,ciprofloxacin=R,ertapenem=S,gentamicin=R,levofloxacin=R,meropenem=S,nitrofurantoin=S,piperacillin-tazobactam=S,tetracycline=S,tobramycin=R,trimethoprim-sulfamethoxazole=S"
E.coli and Shigella,ZTA15/01169-1EB1,"""Isolate_ZTA15/01169-1EB1_Escherichia_coli_mcr1_mcr3_bovine_faeces_Spain"",""ZTA15/01169-1EB1""",,PDT000233842.1,2017-08-14T18:20:13Z,Spain:Lerida,feces,environmental/other,,PDS000104303.4,57.0,48.0,SAMN07357130,GCA_002250825.1,"aac(3)-IId=COMPLETE,aadA22=COMPLETE,aadA2=COMPLETE,acrF=COMPLETE,aph(3'')-Ib=COMPLETE,aph(6)-Id=COMPLETE,blaCTX-M-55=COMPLETE,blaEC=COMPLETE,blaTEM=COMPLETE,bleO=COMPLETE,dfrA1=COMPLETE,floR=COMPLETE,gyrA_D87N=POINT,gyrA_S83L=POINT,mcr-1.1=COMPLETE,mcr-3.2=COMPLETE,mdtM=COMPLETE,mph(A)=COMPLETE,parC_S80I=POINT,sul1=COMPLETE,sul3=COMPLETE,tet(A)=COMPLETE,uhpT_E350Q=POINT",,"ampicillin=R,azithromycin=R,cefepime=R,cefotaxime=R,cefoxitin=R,ceftazidime=R,chloramphenicol=R,ciprofloxacin=R,colistin=R,ertapenem=S,gentamicin=R,imipenem=S,meropenem=S,nalidixic acid=R,sulfamethoxazole=R,temocillin=R,tetracycline=R,tigecycline=S,trimethoprim=R"
E.coli and Shigella,AR_0006,"""AR_0006"",""FDA-CDC-AR_0006"",""SRS1256849""",,PDT000267147.1,2017-11-20T19:22:10Z,,,clinical,,PDS000078386.1,0.0,,SAMN04014847,GCA_002787215.1,"aac(3)-IIe=COMPLETE,aac(6')-Ib3=COMPLETE,aadA5=COMPLETE,acrF=COMPLETE,aph(3'')-Ib=COMPLETE,aph(6)-Id=COMPLETE,blaCMY-2=COMPLETE,blaCTX-M-14=COMPLETE,blaEC=COMPLETE,blaTEM-1=COMPLETE,cmlA1=COMPLETE,cyaA_S352T=POINT,dfrA17=COMPLETE,gyrA_D87N=POINT,gyrA_S83L=POINT,mph(A)=COMPLETE,parC_S80I=POINT,parE_S458A=POINT,sul1=COMPLETE,sul2=COMPLETE,tet(A)=COMPLETE",,"amikacin=S,amoxicillin-clavulanic acid=R,ampicillin-sulbactam=R,ampicillin=R,aztreonam=R,cefazolin=R,cefepime=R,cefotaxime=R,cefoxitin=R,ceftazidime=R,ceftriaxone=R,ciprofloxacin=R,colistin=ND,doripenem=R,ertapenem=R,gentamicin=R,imipenem=R,levofloxacin=R,meropenem=R,piperacillin-tazobactam=R,polymyxin B=ND,tetracycline=R,tigecycline=S,tobramycin=R,trimethoprim-sulfamethoxazole=R"
E.coli and Shigella,AR_0014,"""AR_0014"",""FDA-CDC-AR_0014"",""SRS1256842""",,PDT000267148.1,2017-11-20T19:26:04Z,,,clinical,,PDS000017457.3,0.0,,SAMN04014855,GCA_002787315.1,"aac(3)-IIe=COMPLETE,aac(6')-Ib-cr5=COMPLETE,acrF=COMPLETE,blaCTX-M-15=COMPLETE,blaEC=COMPLETE,blaOXA-1=COMPLETE,catB3=PARTIAL,gyrA_D87N=POINT,gyrA_S83L=POINT,mdtM=COMPLETE,parC_S80I=POINT,parE_S458A=POINT,tet(A)=COMPLETE",,"amikacin=S,amoxicillin-clavulanic acid=I,ampicillin-sulbactam=R,ampicillin=R,aztreonam=R,cefazolin=R,cefepime=R,cefotaxime=R,cefoxitin=S,ceftazidime=R,ceftriaxone=R,ciprofloxacin=R,colistin=ND,doripenem=S,ertapenem=S,gentamicin=R,imipenem=S,levofloxacin=R,meropenem=S,piperacillin-tazobactam=S,polymyxin B=ND,tetracycline=R,tigecycline=S,tobramycin=R,trimethoprim-sulfamethoxazole=S"
E.coli and Shigella,AR_0015,"""AR_0015"",""FDA-CDC-AR_0015"",""SRS1256868""",,PDT000267155.1,2017-11-20T19:54:04Z,,,clinical,,PDS000247170.1,6.0,,SAMN04014856,GCA_002788115.1,"aac(3)-IId=COMPLETE,aac(6')-Ib-cr5=COMPLETE,aadA5=COMPLETE,acrF=COMPLETE,aph(3'')-Ib=COMPLETE,aph(6)-Id=COMPLETE,blaCTX-M-15=COMPLETE,blaEC=COMPLETE,blaOXA-1=COMPLETE,blaTEM-1=COMPLETE,blaTEM=COMPLETE,blaTEMp_G162T=POINT,catB3=PARTIAL,cyaA_S352T=POINT,dfrA17=COMPLETE,gyrA_D87N=POINT,gyrA_S83L=POINT,mph(A)=COMPLETE,parC_S80I=POINT,parE_S458A=POINT,sul1=COMPLETE,sul2=COMPLETE,tet(A)=COMPLETE,tet(B)=COMPLETE",,"amikacin=S,amoxicillin-clavulanic acid=R,ampicillin-sulbactam=R,ampicillin=R,aztreonam=R,cefazolin=R,cefepime=R,cefotaxime=R,cefoxitin=R,ceftazidime=R,ceftriaxone=R,ciprofloxacin=R,colistin=ND,doripenem=S,ertapenem=S,gentamicin=R,imipenem=S,levofloxacin=R,meropenem=S,piperacillin-tazobactam=R,polymyxin B=ND,tetracycline=R,tigecycline=S,tobramycin=R,trimethoprim-sulfamethoxazole=R"
E.coli and Shigella,AR_0011,"""AR_0011"",""FDA-CDC-AR_0011"",""SRS1256845""",,PDT000267156.1,2017-11-20T19:59:07Z,,,clinical,,PDS000017457.3,3.0,,SAMN04014852,GCA_002788295.1,"aac(3)-IIe=COMPLETE,aac(6')-Ib-cr5=COMPLETE,acrF=COMPLETE,aph(3'')-Ib=COMPLETE,aph(6)-Id=COMPLETE,blaCTX-M-15=COMPLETE,blaEC=COMPLETE,blaOXA-1=COMPLETE,catB3=PARTIAL,dfrA4=COMPLETE,gyrA_D87N=POINT,gyrA_S83L=POINT,mdtM=COMPLETE,parC_S80I=POINT,parE_S458A=POINT,sul2=COMPLETE,tet(A)=COMPLETE",,"amikacin=S,amoxicillin-clavulanic acid=I,ampicillin-sulbactam=R,ampicillin=R,aztreonam=R,cefazolin=R,cefepime=R,cefotaxime=R,cefoxitin=I,ceftazidime=R,ceftriaxone=R,ciprofloxacin=R,colistin=ND,doripenem=S,ertapenem=S,gentamicin=R,imipenem=S,levofloxacin=R,meropenem=S,piperacillin-tazobactam=S,polymyxin B=ND,tetracycline=R,tigecycline=S,tobramycin=R,trimethoprim-sulfamethoxazole=R"
E.coli and Shigella,AR_0019,"""AR_0019"",""FDA-CDC-AR_0019"",""SRS1256864""",,PDT000267827.1,2017-11-27T13:55:04Z,,,clinical,,,,,SAMN04014860,GCA_002796445.1,"acrF=COMPLETE,blaEC=COMPLETE,blaTEM-1=COMPLETE,gyrA_D87N=POINT,gyrA_S83L=POINT,mdtM=COMPLETE,parC_S80I=POINT,parE_S458T=POINT",,"amikacin=S,amoxicillin-clavulanic acid=S,ampicillin-sulbactam=I,ampicillin=R,aztreonam=S,cefazolin=R,cefepime=S,cefotaxime=S,cefoxitin=I,ceftazidime=S,ceftriaxone=S,ciprofloxacin=R,colistin=ND,doripenem=S,ertapenem=S,gentamicin=S,imipenem=S,levofloxacin=R,meropenem=S,piperacillin-tazobactam=S,polymyxin B=ND,tetracycline=S,tigecycline=S,tobramycin=S,trimethoprim-sulfamethoxazole=S"
E.coli and Shigella,CRE1540,"""CRE1540"",""SRS1892034""",,PDT000276841.1,2018-01-04T15:01:07Z,Hong Kong,Rectal Swab,clinical,,,,,SAMN06198938,GCA_002860085.1,"aac(3)-IId=COMPLETE,aac(3)-IVa=COMPLETE,aac(6')-Ib-cr5=COMPLETE,aadA16=COMPLETE,aadA2=COMPLETE,aadA5=COMPLETE,acrF=COMPLETE,aph(3'')-Ib=COMPLETE,aph(3')-Ia=COMPLETE,aph(4)-Ia=COMPLETE,aph(6)-Id=COMPLETE,arr-3=COMPLETE,blaCTX-M-55=COMPLETE,blaEC=COMPLETE,blaNDM-1=COMPLETE,blaTEM-1=COMPLETE,ble=COMPLETE,bleO=COMPLETE,catA1=COMPLETE,catB3=PARTIAL,dfrA12=COMPLETE,dfrA17=COMPLETE,dfrA27=COMPLETE,floR=COMPLETE,fosA3=COMPLETE,ftsI_I336IPYRI=POINT,gyrA_D87Y=POINT,gyrA_S83V=POINT,mcr-1.1=COMPLETE,mdtM=COMPLETE,mph(A)=COMPLETE,parC_S80I=POINT,qepA1=COMPLETE,rmtB1=COMPLETE,soxS_A12S=POINT,sul1=COMPLETE,sul2=COMPLETE,tet(A)=COMPLETE",,"amikacin=R,amoxicillin-clavulanic acid=R,ampicillin=R,aztreonam=R,cefepime=R,cefotaxime=R,ceftaroline=R,ceftazidime=R,ceftriaxone=R,cefuroxime=R,chloramphenicol=R,ciprofloxacin=R,ertapenem=R,fosfomycin=R,gentamicin=R,imipenem=R,meropenem=R,netilmicin=R,nitrofurantoin=R,piperacillin-tazobactam=R,tetracycline=R,trimethoprim-sulfamethoxazole=R,trimethoprim=R"
E.coli and Shigella,CRE1493,"""CRE1493"",""SRS1892027""",,PDT000276842.1,2018-01-04T15:03:07Z,China: Shenzhen,Rectal Swab,clinical,,PDS000019075.9,15.0,,SAMN06198937,GCA_002860105.1,"aac(3)-IId=COMPLETE,aac(3)-IIe=COMPLETE,aac(6')-Ib-cr5=COMPLETE,aadA2=COMPLETE,aadA5=COMPLETE,acrF=COMPLETE,aph(3'')-Ib=COMPLETE,aph(6)-Id=COMPLETE,blaCTX-M-15=COMPLETE,blaEC=COMPLETE,blaNDM-5=COMPLETE,blaOXA-1=COMPLETE,blaTEM-1=COMPLETE,ble=COMPLETE,bleO=PARTIAL,catB3=PARTIAL,dfrA12=COMPLETE,dfrA17=COMPLETE,floR=COMPLETE,ftsI_N337NYRIN=POINT,gyrA_D87N=POINT,gyrA_S83L=POINT,mcr-1.1=COMPLETE,mdtM=COMPLETE,mph(A)=COMPLETE,oqxA=COMPLETE,oqxB=COMPLETE,parC_S80I=POINT,parE_S458A=POINT,sul1=COMPLETE,sul2=COMPLETE,tet(A)=COMPLETE",,"amoxicillin-clavulanic acid=R,ampicillin=R,aztreonam=R,cefepime=R,cefotaxime=R,ceftaroline=R,ceftazidime=R,ceftriaxone=R,cefuroxime=R,chloramphenicol=R,ciprofloxacin=R,ertapenem=R,gentamicin=R,imipenem=R,meropenem=R,nitrofurantoin=R,piperacillin-tazobactam=R,tetracycline=R,trimethoprim-sulfamethoxazole=R,trimethoprim=R"
E.coli and Shigella,,"""AR_0372"",""SRS3020748""",,PDT000292892.1,2018-03-05T14:39:07Z,,,clinical,,PDS000038801.65,27.0,,SAMN07291515,GCA_002968735.1,"aac(3)-IIe=COMPLETE,aac(6')-Ib-cr5=COMPLETE,aadA5=COMPLETE,acrF=COMPLETE,blaCTX-M-15=COMPLETE,blaEC=COMPLETE,blaOXA-1=COMPLETE,catB3=PARTIAL,cyaA_S352T=POINT,dfrA17=COMPLETE,ftsI_I336IKYRI=POINT,gyrA_D87N=POINT,gyrA_S83L=POINT,mph(A)=COMPLETE,parC_S80I=POINT,parE_S458A=POINT,sul1=COMPLETE,tet(B)=COMPLETE",,"amikacin=S,ampicillin-sulbactam=R,ampicillin=R,aztreonam=R,cefazolin=R,cefepime=R,cefotaxime=R,cefoxitin=R,ceftazidime-avibactam=S,ceftazidime=R,ceftolozane-tazobactam=R,ceftriaxone=R,ciprofloxacin=R,colistin=ND,doripenem=S,ertapenem=S,gentamicin=R,imipenem=S,levofloxacin=R,meropenem=S,piperacillin-tazobactam=I,polymyxin B=ND,tetracycline=R,tigecycline=S,tobramycin=R,trimethoprim-sulfamethoxazole=R"
E.coli and Shigella,AR_0081,"""AR_0081"",""FDA-CDC-AR_0081"",""SRS1256918""",,PDT000294786.1,2018-03-14T22:16:53Z,,,clinical,,PDS000149459.2,0.0,,SAMN04014922,GCA_002996945.1,"acrF=COMPLETE,blaCMY-2=COMPLETE,blaEC=COMPLETE,blaTEM-1=COMPLETE,gyrA_D87N=POINT,gyrA_S83L=POINT,mdtM=COMPLETE,parC_E84V=POINT,parC_S80I=POINT,parE_I529L=POINT,ptsI_V25I=POINT,uhpT_E350Q=POINT",,"amikacin=S,amoxicillin-clavulanic acid=R,ampicillin-sulbactam=R,ampicillin=R,aztreonam=R,cefazolin=R,cefepime=S,cefotaxime=R,cefoxitin=R,ceftazidime=R,ceftriaxone=R,ciprofloxacin=R,colistin=ND,doripenem=S,ertapenem=S,gentamicin=S,imipenem=S,levofloxacin=R,meropenem=S,piperacillin-tazobactam=S,polymyxin B=ND,tetracycline=S,tigecycline=S,tobramycin=S,trimethoprim-sulfamethoxazole=S"
E.coli and Shigella,,"""AR_0374"",""SRS3013418""",,PDT000294787.1,2018-03-14T22:18:45Z,,,clinical,,PDS000019623.7,0.0,,SAMN07291517,GCA_002999075.1,"aac(6')-Ib4=COMPLETE,acrF=COMPLETE,blaCMY-2=COMPLETE,blaEC=PARTIAL,blaTEM-1=COMPLETE,catA1=COMPLETE,catB3=COMPLETE,dfrA1=COMPLETE,gyrA_D87N=POINT,gyrA_S83L=POINT,mdtM=COMPLETE,parC_E84G=POINT,parC_S80I=POINT,soxS_A12S=POINT,sul1=COMPLETE,tet(B)=COMPLETE",,"amikacin=S,ampicillin-sulbactam=R,ampicillin=R,aztreonam=R,cefazolin=R,cefepime=S,cefotaxime=R,cefoxitin=R,ceftazidime-avibactam=S,ceftazidime=R,ceftolozane-tazobactam=R,ceftriaxone=R,ciprofloxacin=R,colistin=ND,doripenem=S,ertapenem=S,gentamicin=S,imipenem=S,levofloxacin=R,meropenem=S,piperacillin-tazobactam=R,polymyxin B=ND,tetracycline=R,tigecycline=S,tobramycin=R,trimethoprim-sulfamethoxazole=R"
E.coli and Shigella,AR_0371,"""AR_0371"",""SRS3013417""",,PDT000294790.1,2018-03-14T23:06:06Z,,,clinical,,PDS000019614.2,1.0,,SAMN07291514,GCA_003000615.1,"aadA1=COMPLETE,acrF=COMPLETE,blaCMY-42=COMPLETE,blaEC=COMPLETE,blaOXA-1=COMPLETE,catA1=COMPLETE,dfrA1=COMPLETE,ftsI_N337NYRIN=POINT,gyrA_D87N=POINT,gyrA_S83L=POINT,mdtM=COMPLETE,parC_S80I=POINT,parE_S458A=POINT,sat2=COMPLETE,tet(B)=COMPLETE",,"amikacin=S,ampicillin-sulbactam=R,ampicillin=R,aztreonam=R,cefazolin=R,cefepime=R,cefotaxime=R,cefoxitin=R,ceftazidime-avibactam=S,ceftazidime=R,ceftolozane-tazobactam=R,ceftriaxone=R,ciprofloxacin=R,colistin=ND,doripenem=S,ertapenem=S,gentamicin=S,imipenem=S,levofloxacin=R,meropenem=S,piperacillin-tazobactam=R,polymyxin B=ND,tetracycline=R,tigecycline=S,tobramycin=S,trimethoprim-sulfamethoxazole=R"
E.coli and Shigella,AR_0370,"""AR_0370"",""SRS3013416""",,PDT000294791.1,2018-03-14T23:11:05Z,,,clinical,,PDS000117107.116,25.0,20.0,SAMN07291513,GCA_003000675.1,"aac(6')-Ib-cr5=COMPLETE,acrF=COMPLETE,blaCTX-M-15=COMPLETE,blaEC=COMPLETE,blaOXA-1=COMPLETE,catB3=PARTIAL,gyrA_D87N=POINT,gyrA_S83L=POINT,mdtM=COMPLETE,parC_E84V=POINT,parC_S80I=POINT,parE_I529L=POINT,ptsI_V25I=POINT,tet(A)=COMPLETE,uhpT_E350Q=POINT",,"amikacin=S,ampicillin-sulbactam=R,ampicillin=R,aztreonam=R,cefazolin=R,cefepime=R,cefotaxime=R,cefoxitin=R,ceftazidime-avibactam=S,ceftazidime=R,ceftolozane-tazobactam=S,ceftriaxone=R,ciprofloxacin=R,colistin=ND,doripenem=S,ertapenem=S,gentamicin=S,imipenem=S,levofloxacin=R,meropenem=S,piperacillin-tazobactam=I,polymyxin B=ND,tetracycline=R,tigecycline=S,tobramycin=R,trimethoprim-sulfamethoxazole=S"
E.coli and Shigella,165,"""0000-0055-8761"",""165"",""SRS1243684""",,PDT000304333.1,2018-04-03T17:23:09Z,USA:Boston,abdominal,clinical,,PDS000040660.3,0.0,,SAMN04393397,GCA_003031735.1,"aac(3)-IId=COMPLETE,aac(6')-Ib-cr5=COMPLETE,aadA16=COMPLETE,acrF=COMPLETE,aph(3'')-Ib=COMPLETE,aph(3')-Ia=COMPLETE,aph(6)-Id=COMPLETE,arr-3=COMPLETE,blaEC=COMPLETE,blaNDM-5=COMPLETE,blaTEM-1=COMPLETE,ble=COMPLETE,catA1=COMPLETE,dfrA14=COMPLETE,dfrA27=COMPLETE,ftsI_N337NYRIN=POINT,gyrA_D87N=POINT,gyrA_S83L=POINT,mdtM=COMPLETE,mph(A)=COMPLETE,parC_S80I=POINT,parE_S458A=POINT,rmtB1=COMPLETE,sul1=COMPLETE,sul2=COMPLETE,tet(A)=COMPLETE",,"amikacin=R,amoxicillin-clavulanic acid=R,ampicillin=R,cefepime=R,cefoxitin=R,ceftazidime=R,ceftriaxone=R,ciprofloxacin=R,ertapenem=R,gentamicin=R,levofloxacin=R,meropenem=R,nitrofurantoin=R,piperacillin-tazobactam=R,tetracycline=R,tobramycin=R,trimethoprim-sulfamethoxazole=R"
E.coli and Shigella,219,"""0000-0058-7850"",""219"",""SRS1476331""",,PDT000304335.1,2018-04-03T17:30:31Z,USA:Boston,blood,clinical,,PDS000070131.6,0.0,,SAMN05194389,GCA_003031775.1,"aac(6')-Ib-cr5=COMPLETE,aadA2=COMPLETE,acrF=COMPLETE,blaCMY-2=COMPLETE,blaCTX-M-15=COMPLETE,blaEC=COMPLETE,blaNDM-5=COMPLETE,blaOXA-1=COMPLETE,blaTEM-1=COMPLETE,ble=COMPLETE,catB3=PARTIAL,dfrA12=COMPLETE,ftsI_I336IKYRI=POINT,gyrA_D87N=POINT,gyrA_S83L=POINT,mdtM=COMPLETE,parC_S80I=POINT,parE_S458A=POINT,rmtB1=COMPLETE,sul1=COMPLETE",,"amikacin=R,amoxicillin-clavulanic acid=R,ampicillin=R,cefazolin=R,cefepime=R,cefoxitin=R,ceftazidime=R,ceftriaxone=R,ciprofloxacin=R,gentamicin=R,levofloxacin=R,meropenem=R,piperacillin-tazobactam=R,tetracycline=S,tobramycin=R,trimethoprim-sulfamethoxazole=S"
E.coli and Shigella,222,"""0000-0059-2033"",""222"",""SRS1476332""",,PDT000304336.1,2018-04-03T17:37:30Z,USA:Boston,urine,clinical,,PDS000046384.46,0.0,,SAMN05194390,GCA_003031795.1,"aac(3)-IId=COMPLETE,aac(6')-Ib-cr5=COMPLETE,aadA2=COMPLETE,aadA5=COMPLETE,acrF=COMPLETE,blaCTX-M-15=COMPLETE,blaEC=COMPLETE,blaNDM-5=COMPLETE,blaOXA-1=COMPLETE,blaTEM-1=COMPLETE,ble=COMPLETE,catB3=PARTIAL,cyaA_S352T=POINT,dfrA12=COMPLETE,dfrA17=COMPLETE,erm(B)=COMPLETE,ftsI_I336IKYRI=POINT,gyrA_D87N=POINT,gyrA_S83L=POINT,mph(A)=COMPLETE,parC_S80I=POINT,parE_S458A=POINT,qnrS1=COMPLETE,sul1=COMPLETE,tet(B)=COMPLETE",,"amikacin=S,amoxicillin-clavulanic acid=R,ampicillin=R,cefepime=R,cefoxitin=R,ceftazidime=R,ceftriaxone=R,ciprofloxacin=R,ertapenem=R,gentamicin=R,levofloxacin=R,meropenem=R,nitrofurantoin=S,piperacillin-tazobactam=R,tetracycline=R,tobramycin=R,trimethoprim-sulfamethoxazole=R"
E.coli and Shigella,190,"""0000-0057-1694"",""190"",""SRS1381427""",,PDT000304337.1,2018-04-03T17:43:08Z,USA:Boston,urine,clinical,,PDS000040663.6,0.0,,SAMN04622917,GCA_003031815.1,"aac(6')-Ib-cr5=COMPLETE,acrF=COMPLETE,aph(3'')-Ib=COMPLETE,aph(3')-Ia=COMPLETE,aph(3')-VI=COMPLETE,aph(6)-Id=COMPLETE,arr-2=COMPLETE,blaCMY-6=COMPLETE,blaCTX-M-15=COMPLETE,blaEC=COMPLETE,blaNDM-1=COMPLETE,blaOXA-1=COMPLETE,blaTEM-1=COMPLETE,ble=COMPLETE,catB3=PARTIAL,cmlA5=COMPLETE,dfrA14=COMPLETE,gyrA_D87N=POINT,gyrA_S83L=POINT,mdtM=COMPLETE,parC_S80I=POINT,parE_S458A=POINT,qnrB1=COMPLETE,rmtC=COMPLETE,sul1=COMPLETE,sul2=COMPLETE",,"amikacin=R,amoxicillin-clavulanic acid=R,ampicillin=R,cefepime=R,cefoxitin=R,ceftazidime=R,ceftriaxone=R,ciprofloxacin=R,gentamicin=R,levofloxacin=R,meropenem=R,nitrofurantoin=S,piperacillin-tazobactam=R,tetracycline=S,tobramycin=R,trimethoprim-sulfamethoxazole=R"
E.coli and Shigella,AR437,"""AR437"",""AR_0437"",""SRS3159752""",,PDT000310771.1,2018-04-30T13:09:07Z,,,clinical,,,,,SAMN07291530,GCA_003073815.1,"aac(6')-Ib-cr5=COMPLETE,acrF=COMPLETE,blaCTX-M-15=COMPLETE,blaEC=COMPLETE,blaOXA-1=COMPLETE,catB3=PARTIAL,dfrA8=COMPLETE,ftsI_I336IKYRI=POINT,gyrA_D87N=POINT,gyrA_S83L=POINT,mdtM=COMPLETE,mph(A)=COMPLETE,parC_S80I=POINT,parE_S458A=POINT,tet(A)=COMPLETE",,"amikacin=S,ampicillin-sulbactam=R,ampicillin=R,aztreonam=R,cefazolin=R,cefepime=R,cefotaxime=R,cefoxitin=R,ceftazidime-avibactam=S,ceftazidime=R,ceftriaxone=R,ciprofloxacin=R,colistin=ND,doripenem=S,ertapenem=S,gentamicin=S,imipenem=S,levofloxacin=R,meropenem=S,piperacillin-tazobactam=R,polymyxin B=ND,tetracycline=R,tigecycline=S,tobramycin=R,trimethoprim-sulfamethoxazole=R"
E.coli and Shigella,AR435,"""AR435"",""AR_0435"",""SRS3163143""",,PDT000310772.1,2018-04-30T13:13:09Z,,,clinical,,,,,SAMN07291528,GCA_003073835.1,"aac(6')-Ib=COMPLETE,aadA1=COMPLETE,aadA2=COMPLETE,aadA5=COMPLETE,acrF=COMPLETE,aph(3'')-Ib=COMPLETE,aph(6)-Id=COMPLETE,armA=COMPLETE,blaCMY-42=COMPLETE,blaEC=COMPLETE,blaNDM-1=COMPLETE,blaOXA-9=COMPLETE,blaSHV-12=COMPLETE,blaTEM-1=COMPLETE,ble=COMPLETE,dfrA12=COMPLETE,ftsI_N337NYRIN=POINT,gyrA_D87N=POINT,gyrA_S83L=POINT,mdtM=COMPLETE,mph(A)=COMPLETE,mph(E)=COMPLETE,msr(E)=COMPLETE,parC_S80I=POINT,parE_S458A=POINT,sul1=COMPLETE,sul2=COMPLETE,tet(A)=COMPLETE",,"amikacin=R,ampicillin-sulbactam=R,ampicillin=R,aztreonam=R,cefazolin=R,cefepime=R,cefotaxime=R,cefoxitin=R,ceftazidime-avibactam=R,ceftazidime=R,ceftriaxone=R,ciprofloxacin=R,colistin=ND,doripenem=R,ertapenem=R,gentamicin=R,imipenem=R,levofloxacin=R,meropenem=R,piperacillin-tazobactam=R,polymyxin B=ND,tetracycline=R,tigecycline=S,tobramycin=R,trimethoprim-sulfamethoxazole=R"
E.coli and Shigella,AR436,"""AR436"",""AR_0436"",""SRS3163144""",,PDT000310773.1,2018-04-30T13:18:09Z,,,clinical,,PDS000019623.7,0.0,,SAMN07291529,GCA_003073875.1,"aac(6')-Ib4=COMPLETE,acrF=COMPLETE,blaCMY-2=COMPLETE,blaEC=PARTIAL,blaTEM-1=COMPLETE,catA1=COMPLETE,catB3=COMPLETE,dfrA1=COMPLETE,gyrA_D87N=POINT,gyrA_S83L=POINT,mdtM=COMPLETE,parC_E84G=POINT,parC_S80I=POINT,soxS_A12S=POINT,sul1=COMPLETE,tet(B)=COMPLETE",,"amikacin=S,ampicillin-sulbactam=R,ampicillin=R,aztreonam=R,cefazolin=R,cefepime=S,cefotaxime=R,cefoxitin=R,ceftazidime-avibactam=S,ceftazidime=R,ceftriaxone=R,ciprofloxacin=R,colistin=ND,doripenem=S,ertapenem=S,gentamicin=S,imipenem=S,levofloxacin=R,meropenem=S,piperacillin-tazobactam=I,polymyxin B=ND,tetracycline=R,tigecycline=S,tobramycin=I,trimethoprim-sulfamethoxazole=R"
E.coli and Shigella,AR434,"""AR434"",""AR_0434"",""SRS3163142""",,PDT000310774.1,2018-04-30T13:27:07Z,,,clinical,,,,,SAMN07291527,GCA_003073955.1,"aac(3)-IId=COMPLETE,aac(6')-Ib3=COMPLETE,acrF=COMPLETE,blaEC=COMPLETE,blaVEB-5=COMPLETE,dfrA4=COMPLETE,gyrA_D87N=POINT,gyrA_S83L=POINT,mdtM=COMPLETE,parC_S80I=POINT,parE_S458A=POINT,sul1=COMPLETE,tet(A)=PARTIAL,tet(B)=COMPLETE",,"amikacin=S,ampicillin-sulbactam=S,ampicillin=R,aztreonam=R,cefazolin=R,cefepime=R,cefotaxime=R,cefoxitin=S,ceftazidime-avibactam=R,ceftazidime=R,ceftriaxone=R,ciprofloxacin=R,colistin=ND,doripenem=S,ertapenem=S,gentamicin=R,imipenem=S,levofloxacin=R,meropenem=S,piperacillin-tazobactam=S,polymyxin B=ND,tetracycline=R,tigecycline=S,tobramycin=R,trimethoprim-sulfamethoxazole=R"
E.coli and Shigella,Win2012_WWKa_OUT_35,"""SRS8730474"",""Win2012_WWKa_OUT_35""",,PDT000318970.1,2018-05-21T23:21:30Z,Germany: Dresden-Kaditz,wastewater outflow,environmental/other,,,,,SAMN06641881,GCA_003145015.1,"acrF=COMPLETE,blaEC=COMPLETE,marR_S3N=POINT",,"ciprofloxacin=R,levofloxacin=S,nalidixic acid=S,norfloxacin=S"
E.coli and Shigella,Win2012_WWKa_OUT_26,"""SRS8730468"",""Win2012_WWKa_OUT_26""",,PDT000318978.1,2018-05-21T23:33:27Z,Germany: Dresden-Kaditz,wastewater outflow,environmental/other,,,,,SAMN06641879,GCA_003145165.1,"aadA1=COMPLETE,acrF=COMPLETE,blaEC=COMPLETE,blaTEM-1=COMPLETE,dfrA14=COMPLETE,dfrA1=COMPLETE,mdtM=COMPLETE,mph(B)=COMPLETE,sul1=COMPLETE,tet(A)=COMPLETE",,"ciprofloxacin=R,levofloxacin=R,nalidixic acid=R,norfloxacin=R"
E.coli and Shigella,Win2012_WWKa_NEU_16,"""SRS8730457"",""Win2012_WWKa_NEU_16""",,PDT000318981.1,2018-05-21T23:38:26Z,Germany: Dresden-Kaditz,wastewater inflow,environmental/other,,,,,SAMN06641870,GCA_003145235.1,"blaEC=COMPLETE,gyrA_D87N=POINT,gyrA_S83L=POINT,mdtM=COMPLETE,parC_S80I=POINT,parE_L416F=POINT",,"ciprofloxacin=R,levofloxacin=R,nalidixic acid=R,norfloxacin=R"
E.coli and Shigella,Sum2013_WWKa_ALT_44,"""SRS8730435"",""Sum2013_WWKa_ALT_44""",,PDT000318993.1,2018-05-21T23:56:19Z,Germany: Dresden-Kaditz,wastewater inflow,environmental/other,,,,,SAMN06641853,GCA_003145465.1,"acrF=COMPLETE,blaEC=COMPLETE,dfrA51=HMM,mdtM=COMPLETE",,"ciprofloxacin=R,levofloxacin=I,nalidixic acid=R,norfloxacin=I"
E.coli and Shigella,Win2012_WWKa_NEU_37,"""SRS8730461"",""Win2012_WWKa_NEU_37""",,PDT000318997.1,2018-05-22T05:07:54Z,Germany: Dresden-Kaditz,wastewater inflow,environmental/other,,,,,SAMN06641871,GCA_003145535.1,"acrF=COMPLETE,blaEC=COMPLETE,mdtM=COMPLETE,tet(A)=COMPLETE",,"ciprofloxacin=R,levofloxacin=S,nalidixic acid=S,norfloxacin=S"
E.coli and Shigella,Sum2013_WWKa_NEU_39,"""SRS8730437"",""Sum2013_WWKa_NEU_39""",,PDT000319000.1,2018-05-22T05:07:58Z,Germany: Dresden-Kaditz,wastewater inflow,environmental/other,,,,,SAMN06641854,GCA_003145615.1,"acrF=COMPLETE,blaCTX-M-1=COMPLETE,blaEC=COMPLETE,blaTEM-1=COMPLETE,dfrA12=COMPLETE,gyrA_D87N=POINT,gyrA_S83L=POINT,mdtM=COMPLETE,parC_S80I=POINT,parE_S458A=POINT,sul3=COMPLETE,tet(A)=COMPLETE,uhpT_E350Q=POINT",,"ciprofloxacin=R,levofloxacin=R,nalidixic acid=R,norfloxacin=R"
E.coli and Shigella,Spr2013_WWKa_NEU_6,"""SRS8730419"",""Spr2013_WWKa_NEU_6""",,PDT000319011.1,2018-05-22T05:35:24Z,Germany: Dresden-Kaditz,wastewater inflow,environmental/other,,,,,SAMN06641820,GCA_003145835.1,"acrF=COMPLETE,blaEC=COMPLETE,mdtM=COMPLETE",,"ciprofloxacin=R,levofloxacin=R,nalidixic acid=R,norfloxacin=S"
E.coli and Shigella,Spr2012_WWKa_OUT_12,"""SRS8730399"",""Spr2012_WWKa_OUT_12""",,PDT000319027.1,2018-05-22T06:05:20Z,Germany: Dresden-Kaditz,wastewater outflow,environmental/other,,,,,SAMN06641802,GCA_003146155.1,"aadA2=COMPLETE,acrF=COMPLETE,blaEC=COMPLETE,catA1=COMPLETE,dfrA12=COMPLETE,emrD=COMPLETE,gyrA_D87N=POINT,gyrA_S83L=POINT,mdtM=COMPLETE,parC_S80I=POINT,sul1=COMPLETE",,"ciprofloxacin=R,levofloxacin=R,nalidixic acid=R,norfloxacin=R"
E.coli and Shigella,Aut2013_WWKa_NEU_53,"""Aut2013_WWKa_NEU_53"",""SRS8730383""",,PDT000319035.1,2018-05-22T06:19:29Z,Germany: Dresden-Kaditz,wastewater inflow,environmental/other,,,,,SAMN06641789,GCA_003146305.1,"aadA5=COMPLETE,acrF=COMPLETE,aph(3'')-Ib=COMPLETE,aph(6)-Id=COMPLETE,blaEC=COMPLETE,blaTEM-1=COMPLETE,cyaA_S352T=POINT,dfrA17=COMPLETE,gyrA_D87N=POINT,gyrA_S83L=POINT,mdtM=COMPLETE,mph(A)=COMPLETE,parC_S57T=POINT,parC_S80I=POINT,parE_L416F=POINT,sul1=COMPLETE,sul2=COMPLETE,tet(B)=COMPLETE,uhpT_E350Q=POINT",,"ciprofloxacin=R,levofloxacin=R,nalidixic acid=R,norfloxacin=R"
E.coli and Shigella,Spr2012_WWKa_OUT_25,"""SRS8730402"",""Spr2012_WWKa_OUT_25""",,PDT000319038.1,2018-05-22T06:19:55Z,Germany: Dresden-Kaditz,wastewater outflow,environmental/other,,PDS000080209.2,,26.0,SAMN06641807,GCA_003146385.1,"blaEC=COMPLETE,blaTEM-1=COMPLETE,blaTEMp_C32T=POINT,dfrA7=COMPLETE,gyrA_D87N=POINT,gyrA_S83L=POINT,mdtM=COMPLETE,parC_S80I=POINT,parE_L416F=POINT,sul1=COMPLETE,tet(B)=COMPLETE",,"ciprofloxacin=R,levofloxacin=R,nalidixic acid=R,norfloxacin=R"
E.coli and Shigella,Aut2013_WWKa_ALT_48,"""Aut2013_WWKa_ALT_48"",""SRS8730418""",,PDT000319044.1,2018-05-22T06:33:34Z,Germany: Dresden-Kaditz,wastewater inflow,environmental/other,,PDS000040073.9,54.0,34.0,SAMN06641782,GCA_003146495.1,"aac(3)-IId=COMPLETE,aac(6')-Ib-cr5=COMPLETE,aadA5=PARTIAL,acrF=COMPLETE,aph(3'')-Ib=COMPLETE,aph(6)-Id=COMPLETE,blaEC=COMPLETE,blaOXA-1=COMPLETE,blaTEM-1=COMPLETE,dfrA17=COMPLETE,gyrA_D87N=POINT,gyrA_S83L=POINT,mdtM=COMPLETE,mph(A)=COMPLETE,parC_S80I=POINT,parE_S458A=POINT,qnrS1=COMPLETE,sul2=COMPLETE,tet(B)=COMPLETE",,"ciprofloxacin=R,levofloxacin=R,nalidixic acid=R,norfloxacin=R"
E.coli and Shigella,Aut2013_WWKa_ALT_30,"""Aut2013_WWKa_ALT_30"",""SRS8730396""",,PDT000319046.1,2018-05-22T06:34:58Z,Germany: Dresden-Kaditz,wastewater inflow,environmental/other,,,,,SAMN06641779,GCA_003146525.1,"acrF=COMPLETE,blaEC=COMPLETE,mdtM=COMPLETE",,"ciprofloxacin=R,levofloxacin=R,nalidixic acid=R,norfloxacin=R"
E.coli and Shigella,CCUG 70745,"""A2_Eco"",""CCUG 70745"",""SRS2514201""",,PDT000325637.1,2018-06-06T14:05:07Z,Sweden: Gothenburg,feces,clinical,,PDS000096862.18,19.0,,SAMN07602583,GCA_003194265.1,"aac(6')-Ib-cr5=COMPLETE,aadA5=COMPLETE,acrF=COMPLETE,aph(3'')-Ib=COMPLETE,aph(3'')-Ib=PARTIAL,aph(6)-Id=COMPLETE,blaCMY-6=COMPLETE,blaCTX-M-15=COMPLETE,blaEC=COMPLETE,blaNDM-7=COMPLETE,blaOXA-1=COMPLETE,ble=COMPLETE,cyaA_S352T=POINT,dfrA17=COMPLETE,erm(B)=COMPLETE,ftsI_N337NYRIN=POINT,gyrA_D87N=POINT,gyrA_S83L=POINT,mdtM=COMPLETE,mph(A)=COMPLETE,nfsA_G126R=POINT,parC_A108V=POINT,parC_S80I=POINT,parE_S458A=POINT,sul1=COMPLETE,tet(B)=COMPLETE",,"amikacin=I,amoxicillin-clavulanic acid=R,amoxicillin=R,ampicillin=R,azithromycin=R,aztreonam=R,benzylpenicillin=R,cefotaxime=R,ceftaroline=R,ceftazidime=R,ceftriaxone=R,cefuroxime=R,chloramphenicol=R,ciprofloxacin=R,clarithromycin=R,clindamycin=R,colistin=S,daptomycin=R,ertapenem=R,erythromycin=R,fosfomycin=S,gentamicin=S,imipenem=R,levofloxacin=R,linezolid=R,meropenem=R,metronidazole=ND,moxifloxacin=R,piperacillin-tazobactam=R,rifampin=R,teicoplanin=R,tetracycline=ND,tigecycline=S,tobramycin=R,trimethoprim-sulfamethoxazole=R,vancomycin=R"
E.coli and Shigella,AR_0085,"""AR_0085"",""FDA-CDC-AR_0085"",""SRS1256916""",,PDT000329816.1,2018-06-10T12:00:08Z,,,clinical,,PDS000174197.1,0.0,,SAMN04014926,GCA_003204155.1,"aadA1=COMPLETE,aph(3'')-Ib=COMPLETE,aph(6)-Id=COMPLETE,aph(6)-Id=PARTIAL,blaCMY-2=COMPLETE,blaEC=COMPLETE,dfrA1=COMPLETE,floR=COMPLETE,gyrA_D87N=POINT,gyrA_S83L=POINT,mdtM=COMPLETE,ompF_Q88STOP=POINT,parC_E84G=POINT,parC_S80I=POINT,sat2=COMPLETE,sul2=COMPLETE,tet(A)=COMPLETE,tet(B)=COMPLETE",,"amikacin=S,amoxicillin-clavulanic acid=R,ampicillin-sulbactam=R,ampicillin=R,aztreonam=R,cefazolin=R,cefepime=S,cefotaxime=R,cefoxitin=R,ceftazidime=R,ceftriaxone=R,ciprofloxacin=R,colistin=ND,doripenem=S,ertapenem=R,gentamicin=S,imipenem=S,levofloxacin=R,meropenem=S,piperacillin-tazobactam=I,polymyxin B=ND,tetracycline=R,tigecycline=S,tobramycin=S,trimethoprim-sulfamethoxazole=R"
E.coli and Shigella,AR_452,"""AR_0452"",""AR_452"",""SRS3159760""",,PDT000343389.1,2018-07-05T11:52:21Z,,,clinical,,PDS000045187.90,8.0,35.0,SAMN07291545,GCA_003288415.1,"aadA2=COMPLETE,acrF=COMPLETE,blaEC=COMPLETE,blaNDM-5=COMPLETE,blaTEM-1=COMPLETE,ble=COMPLETE,dfrA12=COMPLETE,gyrA_D87N=POINT,gyrA_S83L=POINT,mdtM=COMPLETE,mph(A)=COMPLETE,parC_E84G=POINT,parC_S80I=POINT,qepA9=COMPLETE,soxS_A12S=POINT,sul1=COMPLETE,tet(B)=COMPLETE",,"amikacin=S,ampicillin-sulbactam=R,ampicillin=R,aztreonam=S,cefazolin=R,cefepime=R,cefotaxime=R,cefoxitin=R,ceftazidime-avibactam=R,ceftazidime=R,ceftriaxone=R,ciprofloxacin=R,colistin=ND,doripenem=R,ertapenem=R,gentamicin=S,imipenem=R,levofloxacin=R,meropenem=R,piperacillin-tazobactam=R,polymyxin B=ND,tetracycline=R,tigecycline=S,tobramycin=S,trimethoprim-sulfamethoxazole=R"
E.coli and Shigella,AR_451,"""AR_0451"",""AR_451"",""SRS3159776""",,PDT000343391.1,2018-07-05T11:53:15Z,,,clinical,,,,,SAMN07291544,GCA_003288455.1,"aac(6')-Ib'=COMPLETE,aadA1=COMPLETE,acrF=COMPLETE,blaEC=COMPLETE,blaKPC-3=COMPLETE,blaOXA-9=COMPLETE,blaTEM-1=COMPLETE,dfrA14=COMPLETE,gyrA_D87N=POINT,gyrA_S83L=POINT,mdtM=COMPLETE,parC_E84V=POINT,parC_S80I=POINT,parE_I529L=POINT,ptsI_V25I=POINT,qnrS1=COMPLETE,uhpT_E350Q=POINT",,"amikacin=S,ampicillin-sulbactam=R,ampicillin=R,aztreonam=R,cefazolin=R,cefepime=R,cefotaxime=R,cefoxitin=I,ceftazidime-avibactam=S,ceftazidime=R,ceftriaxone=R,ciprofloxacin=R,colistin=ND,doripenem=S,ertapenem=I,gentamicin=I,imipenem=I,levofloxacin=R,meropenem=S,piperacillin-tazobactam=R,polymyxin B=ND,tetracycline=I,tigecycline=S,tobramycin=R,trimethoprim-sulfamethoxazole=R"
E.coli and Shigella,AR_0433,"""AR_0433"",""SRS3163141""",,PDT000352556.1,2018-07-16T13:13:18Z,,,clinical,,PDS000019614.2,1.0,,SAMN07291526,GCA_003324505.1,"aadA1=COMPLETE,acrF=COMPLETE,blaCMY-42=COMPLETE,blaEC=COMPLETE,blaOXA-1=COMPLETE,catA1=COMPLETE,dfrA1=COMPLETE,ftsI_N337NYRIN=POINT,gyrA_D87N=POINT,gyrA_S83L=POINT,mdtM=COMPLETE,parC_S80I=POINT,parE_S458A=POINT,sat2=COMPLETE,tet(B)=COMPLETE",,"amikacin=S,ampicillin-sulbactam=R,ampicillin=R,aztreonam=R,cefazolin=R,cefepime=R,cefotaxime=R,cefoxitin=R,ceftazidime-avibactam=S,ceftazidime=R,ceftriaxone=R,ciprofloxacin=R,colistin=ND,doripenem=S,ertapenem=S,gentamicin=S,imipenem=S,levofloxacin=R,meropenem=S,piperacillin-tazobactam=R,polymyxin B=ND,tetracycline=R,tigecycline=S,tobramycin=S,trimethoprim-sulfamethoxazole=R"
E.coli and Shigella,AR_0378,"""AR_0378"",""SRS3159750""",,PDT000358737.1,2018-05-17T21:56:12Z,,,clinical,,PDS000034440.110,6.0,,SAMN07291521,GCA_003075555.1,"aadA5=COMPLETE,acrF=COMPLETE,blaEC=COMPLETE,dfrA17=COMPLETE,gyrA_D87N=POINT,gyrA_S83L=POINT,mdtM=COMPLETE,mph(A)=COMPLETE,parC_E84V=POINT,parC_S80I=POINT,parE_I529L=POINT,ptsI_V25I=POINT,sul1=COMPLETE,tet(A)=COMPLETE,uhpT_E350Q=POINT",,"amikacin=S,ampicillin-sulbactam=S,ampicillin=S,aztreonam=S,cefazolin=S,cefepime=S,cefotaxime=S,cefoxitin=S,ceftazidime-avibactam=S,ceftazidime=S,ceftolozane-tazobactam=S,ceftriaxone=S,ciprofloxacin=R,colistin=ND,doripenem=S,ertapenem=S,gentamicin=S,imipenem=S,levofloxacin=R,meropenem=S,piperacillin-tazobactam=S,polymyxin B=ND,tetracycline=R,tigecycline=S,tobramycin=S,trimethoprim-sulfamethoxazole=R"
E.coli and Shigella,,"""FDA-CDC-AR_0086"",""SRS1256915""",,PDT000380899.1,2018-09-16T12:11:05Z,,,clinical,,PDS000052987.2,0.0,,SAMN04014927,GCA_003571665.1,"aac(3)-IId=COMPLETE,aadA5=COMPLETE,acrF=COMPLETE,aph(3'')-Ib=COMPLETE,aph(6)-Id=COMPLETE,blaCTX-M-14=COMPLETE,blaEC=COMPLETE,blaTEM-1=COMPLETE,dfrA17=COMPLETE,gyrA_D87N=POINT,gyrA_S83L=POINT,mdtM=COMPLETE,mph(A)=COMPLETE,parC_E84V=POINT,parC_S80I=POINT,parE_I529L=POINT,ptsI_V25I=POINT,sul1=COMPLETE,sul2=COMPLETE,tet(A)=COMPLETE,uhpT_E350Q=POINT",,"amikacin=S,amoxicillin-clavulanic acid=I,ampicillin-sulbactam=R,ampicillin=R,aztreonam=R,cefazolin=R,cefepime=R,cefotaxime=R,cefoxitin=R,ceftazidime=S,ceftriaxone=R,ciprofloxacin=R,colistin=ND,doripenem=S,ertapenem=I,gentamicin=R,imipenem=S,levofloxacin=R,meropenem=S,piperacillin-tazobactam=I,polymyxin B=ND,tetracycline=R,tigecycline=S,tobramycin=R,trimethoprim-sulfamethoxazole=R"
E.coli and Shigella,,"""FDA-CDC-AR_0067"",""SRS1256897""",,PDT000380902.1,2018-09-17T13:51:09Z,,,clinical,,,,,SAMN04014908,GCA_003571785.1,"acrF=COMPLETE,ampC_T-32A=POINT,blaEC=COMPLETE,blaTEM-1=COMPLETE,cyaA_S352T=POINT,gyrA_D87N=POINT,gyrA_S83L=POINT,parC_E84A=POINT,parC_S80I=POINT",,"amikacin=S,amoxicillin-clavulanic acid=R,ampicillin-sulbactam=R,ampicillin=R,aztreonam=I,cefazolin=R,cefepime=S,cefotaxime=I,cefoxitin=R,ceftazidime=S,ceftriaxone=S,ciprofloxacin=R,colistin=ND,doripenem=S,ertapenem=S,gentamicin=S,imipenem=S,levofloxacin=R,meropenem=S,piperacillin-tazobactam=S,polymyxin B=ND,tetracycline=S,tigecycline=S,tobramycin=S,trimethoprim-sulfamethoxazole=S"
E.coli and Shigella,CVM N17EC0168,"""CVM N17EC0168"",""SRS3967702""",,PDT000394844.1,2018-10-23T19:35:16Z,USA:IA,ground turkey,environmental/other,,PDS000020209.12,21.0,,SAMN10221040,GCA_004282155.1,"aac(3)-IId=COMPLETE,acrF=COMPLETE,aph(3'')-Ib=COMPLETE,aph(6)-Id=COMPLETE,blaEC=COMPLETE,blaTEM-135=COMPLETE,blaTEM-1=COMPLETE,gyrA_D87N=POINT,gyrA_S83L=POINT,mdtM=COMPLETE,parC_A56T=POINT,parC_S80I=POINT,sul2=COMPLETE,tet(A)=COMPLETE,tet(B)=COMPLETE",,"amoxicillin-clavulanic acid=I,ampicillin=R,azithromycin=S,cefoxitin=S,ceftriaxone=S,chloramphenicol=S,ciprofloxacin=R,gentamicin=R,meropenem=S,nalidixic acid=R,streptomycin=R,sulfisoxazole=R,tetracycline=R,trimethoprim-sulfamethoxazole=S"
E.coli and Shigella,CVM N17EC0440,"""CVM N17EC0440"",""SRS3967657""",,PDT000394889.1,2018-10-23T19:35:23Z,USA:SD,Chicken Breasts,environmental/other,,,,,SAMN10221175,GCA_012075085.1,"aadA1=COMPLETE,aadA2=COMPLETE,acrF=COMPLETE,blaEC=COMPLETE,cmlA1=COMPLETE,cyaA_S352T=POINT,estX-3=COMPLETE,gyrA_S83L=POINT,mdtM=COMPLETE,sul3=COMPLETE,tet(A)=COMPLETE",,"amoxicillin-clavulanic acid=S,ampicillin=S,azithromycin=S,cefoxitin=S,ceftriaxone=S,chloramphenicol=R,ciprofloxacin=R,gentamicin=S,meropenem=S,nalidixic acid=R,streptomycin=S,sulfisoxazole=R,tetracycline=R,trimethoprim-sulfamethoxazole=S"
E.coli and Shigella,CVM N17EC1160,"""CVM N17EC1160"",""SRS3967573""",,PDT000394973.1,2018-10-23T19:35:39Z,USA:TX,Ground Beef,environmental/other,,PDS000037850.1,24.0,,SAMN10221521,GCA_012073565.1,"acrF=PARTIAL_END_OF_CONTIG,blaEC=COMPLETE,gyrA_S83L=POINT,mdtM=COMPLETE",,"amoxicillin-clavulanic acid=S,ampicillin=S,azithromycin=S,cefoxitin=S,ceftriaxone=S,chloramphenicol=I,ciprofloxacin=R,gentamicin=S,meropenem=S,nalidixic acid=R,streptomycin=S,sulfisoxazole=S,tetracycline=S,trimethoprim-sulfamethoxazole=S"
E.coli and Shigella,CVM N17EC0138,"""CVM N17EC0138"",""SRS3967949""",,PDT000395191.1,2018-10-23T19:36:21Z,USA:IA,Pork Chops,environmental/other,,,,,SAMN10221026,GCA_003794375.1,"aadA1=COMPLETE,aadA1=PARTIAL_END_OF_CONTIG,aadA2=COMPLETE,acrF=COMPLETE,aph(3')-Ia=COMPLETE,blaEC=COMPLETE,blaTEM-1=COMPLETE,blaTEM=PARTIAL_END_OF_CONTIG,cmlA1=COMPLETE,cmlA1=PARTIAL_END_OF_CONTIG,dfrA12=COMPLETE,gyrA_S83L=POINT,mdtM=COMPLETE,sul3=COMPLETE,tet(A)=COMPLETE,tet(M)=COMPLETE",,"amoxicillin-clavulanic acid=S,ampicillin=R,azithromycin=S,cefoxitin=S,ceftriaxone=S,chloramphenicol=R,ciprofloxacin=R,gentamicin=S,meropenem=S,nalidixic acid=R,streptomycin=S,sulfisoxazole=R,tetracycline=R,trimethoprim-sulfamethoxazole=R"
E.coli and Shigella,CVM N17EC0328,"""CVM N17EC0328"",""SRS3967863""",,PDT000395279.1,2018-10-23T19:36:36Z,USA:OR,Ground Beef,environmental/other,,PDS000037850.1,24.0,,SAMN10221119,GCA_003773045.1,"acrF=PARTIAL_END_OF_CONTIG,blaEC=COMPLETE,gyrA_S83L=POINT,mdtM=COMPLETE",,"amoxicillin-clavulanic acid=S,ampicillin=S,azithromycin=S,cefoxitin=S,ceftriaxone=S,chloramphenicol=S,ciprofloxacin=R,gentamicin=S,meropenem=S,nalidixic acid=R,streptomycin=S,sulfisoxazole=S,tetracycline=S,trimethoprim-sulfamethoxazole=S"
E.coli and Shigella,CVM N17EC0672,"""CVM N17EC0672"",""SRS3967761""",,PDT000395382.1,2018-10-23T19:36:54Z,USA:GA,Mixed Parts,environmental/other,,,,,SAMN10221281,GCA_003775105.1,"aac(3)-VIa=COMPLETE,aac(3)-VIa=MISTRANSLATION,aadA1=COMPLETE,acrF=COMPLETE,aph(3'')-Ib=COMPLETE,aph(6)-Id=COMPLETE,blaEC=COMPLETE,cyaA_S352T=POINT,mdtM=COMPLETE,tet(B)=COMPLETE",,"amoxicillin-clavulanic acid=S,ampicillin=S,azithromycin=S,cefoxitin=S,ceftriaxone=S,chloramphenicol=S,ciprofloxacin=R,gentamicin=R,meropenem=S,nalidixic acid=S,streptomycin=R,sulfisoxazole=S,tetracycline=R,trimethoprim-sulfamethoxazole=S"
E.coli and Shigella,CVM N17EC1040,"""CVM N17EC1040"",""SRS3968134""",,PDT000395421.1,2018-10-23T19:37:02Z,USA:SD,Ground Beef,environmental/other,,,,,SAMN10221461,GCA_003791925.1,"acrF=COMPLETE,blaEC=COMPLETE,mdtM=COMPLETE",,"amoxicillin-clavulanic acid=S,ampicillin=S,azithromycin=S,cefoxitin=S,ceftriaxone=S,chloramphenicol=S,ciprofloxacin=R,gentamicin=S,meropenem=S,nalidixic acid=S,streptomycin=S,sulfisoxazole=S,tetracycline=S,trimethoprim-sulfamethoxazole=S"
E.coli and Shigella,BR03-DEC,"""BR03-DEC"",""MS8874"",""SRS4252526""",,PDT000457700.1,2019-01-29T12:51:12Z,"Brazil: Botucatu, Sao Paulo State",urine,clinical,,PDS000042691.1,1.0,,SAMN10748446,GCA_004116595.1,"aadA5=COMPLETE,acrF=COMPLETE,aph(3'')-Ib=COMPLETE,aph(6)-Id=COMPLETE,blaEC=COMPLETE,blaTEM-1=COMPLETE,catA1=COMPLETE,dfrA17=COMPLETE,gyrA_D87N=POINT,gyrA_S83L=POINT,mdtM=COMPLETE,parC_S80I=POINT,sul1=COMPLETE,sul2=COMPLETE,tet(B)=COMPLETE",,"amikacin=S,ampicillin=R,cefepime=R,ciprofloxacin=R,gentamicin=R,nalidixic acid=R,nitrofurantoin=S,trimethoprim-sulfamethoxazole=R"
E.coli and Shigella,BR07-DEC,"""BR07-DEC"",""MS8876"",""SRS4253094""",,PDT000457701.1,2019-01-29T12:51:55Z,"Brazil: Botucatu, Sao Paulo State",urine,clinical,,,,,SAMN10748581,GCA_004116695.1,"aadA5=COMPLETE,acrF=COMPLETE,aph(3'')-Ib=COMPLETE,aph(6)-Id=COMPLETE,blaCMY=COMPLETE,blaEC=COMPLETE,catA1=COMPLETE,dfrA17=COMPLETE,gyrA_D87N=POINT,gyrA_S83L=POINT,mdtM=COMPLETE,parC_S80I=POINT,sul1=COMPLETE,sul2=COMPLETE",,"amikacin=S,ampicillin=R,cefepime=R,chloramphenicol=R,ciprofloxacin=R,gentamicin=I,nalidixic acid=R,nitrofurantoin=S,tetracycline=R,trimethoprim-sulfamethoxazole=R"
E.coli and Shigella,BR10-DEC,"""BR10-DEC"",""MS8877"",""SRS4253869""",,PDT000457702.1,2019-01-29T12:52:16Z,"Brazil: Botucatu, Sao Paulo State",urine,clinical,,,,,SAMN10748585,GCA_004116795.1,"aac(3)-II=HMM,aadA1=COMPLETE,aadA2=COMPLETE,acrF=COMPLETE,aph(3'')-Ib=COMPLETE,aph(6)-Id=COMPLETE,blaEC=COMPLETE,blaTEM-1=COMPLETE,cmlA1=COMPLETE,dfrA12=COMPLETE,dfrA51=HMM,dfrA8=COMPLETE,floR=COMPLETE,gyrA_D87N=POINT,gyrA_S83L=POINT,mdtM=COMPLETE,nfsA_Q44STOP=POINT,parC_S80I=POINT,parE_S458A=POINT,sul2=COMPLETE,sul3=COMPLETE,tet(A)=COMPLETE",,"amikacin=S,ampicillin=R,cefepime=S,ciprofloxacin=R,gentamicin=R,nalidixic acid=R,nitrofurantoin=S,trimethoprim-sulfamethoxazole=R"
E.coli and Shigella,BR12-DEC,"""BR12-DEC"",""MS8879"",""SRS4255138""",,PDT000457703.1,2019-01-29T12:53:06Z,"Brazil: Botucatu, Sao Paulo State",urine,clinical,,PDS000255451.1,37.0,,SAMN10748588,GCA_004116815.1,"aadA5=COMPLETE,acrF=COMPLETE,blaEC=COMPLETE,dfrA17=COMPLETE,gyrA_D87N=POINT,gyrA_S83L=POINT,mdtM=COMPLETE,mph(A)=COMPLETE,parC_S80I=POINT,parE_S458A=POINT,sul1=COMPLETE,tet(A)=COMPLETE",,"amikacin=S,ampicillin=I,cefepime=S,chloramphenicol=S,ciprofloxacin=R,fosfomycin=S,gentamicin=S,nalidixic acid=R,nitrofurantoin=S,tetracycline=R,trimethoprim-sulfamethoxazole=R"
E.coli and Shigella,BR02-DEC,"""BR02-DEC"",""MS8873"",""SRS4240524""",,PDT000457704.1,2019-01-29T12:53:13Z,"Brazil: Botucatu, Sao Paulo State",urine,clinical,,PDS000042691.1,1.0,,SAMN10621277,GCA_004116835.1,"aadA5=COMPLETE,acrF=COMPLETE,aph(3'')-Ib=COMPLETE,aph(6)-Id=COMPLETE,blaEC=COMPLETE,blaTEM-1=COMPLETE,catA1=COMPLETE,dfrA17=COMPLETE,gyrA_D87N=POINT,gyrA_S83L=POINT,mdtM=COMPLETE,parC_S80I=POINT,sul1=COMPLETE,sul2=COMPLETE,tet(B)=COMPLETE",,"amikacin=S,cefepime=S,ciprofloxacin=R,gentamicin=S,nalidixic acid=R,nitrofurantoin=S,norfloxacin=R,trimethoprim-sulfamethoxazole=R"
E.coli and Shigella,BR14-DEC,"""BR14-DEC"",""MS8881"",""SRS4256664""",,PDT000457705.1,2019-01-29T12:53:20Z,"Brazil: Botucatu, Sao Paulo State",urine,clinical,,,,,SAMN10748593,GCA_004116855.1,"acrF=COMPLETE,blaEC-5=COMPLETE,gyrA_D87N=POINT,gyrA_S83L=POINT,marR_S3N=POINT,parC_S80I=POINT,parE_L416F=POINT,uhpT_E350Q=POINT",,"amikacin=S,ampicillin=S,cefepime=S,chloramphenicol=S,ciprofloxacin=R,fosfomycin=S,gentamicin=S,nalidixic acid=R,nitrofurantoin=S,tetracycline=S,trimethoprim-sulfamethoxazole=S"
E.coli and Shigella,BR25-DEC,"""BR25-DEC"",""MS8882"",""SRS4256835""",,PDT000457706.1,2019-01-29T12:53:27Z,"Brazil: Botucatu, Sao Paulo State",urine,clinical,,,,,SAMN10748596,GCA_004116875.1,"acrF=COMPLETE,aph(3'')-Ib=COMPLETE,aph(6)-Id=COMPLETE,blaEC=COMPLETE,blaTEM-1=COMPLETE,gyrA_D87N=POINT,gyrA_S83L=POINT,mdtM=COMPLETE,parC_S80I=POINT,tet(B)=COMPLETE",,"amikacin=S,ampicillin=R,cefepime=S,chloramphenicol=R,ciprofloxacin=R,fosfomycin=S,gentamicin=S,nalidixic acid=R,nitrofurantoin=S,tetracycline=R,trimethoprim-sulfamethoxazole=S"
E.coli and Shigella,BR29-DEC,"""BR29-DEC"",""MS8883"",""SRS4257393""",,PDT000457707.1,2019-01-29T12:54:11Z,"Brazil: Botucatu, Sao Paulo State",urine,clinical,,PDS000042693.1,0.0,,SAMN10748603,GCA_004116895.1,"aadA1=COMPLETE,aadA2=COMPLETE,acrF=COMPLETE,blaEC=COMPLETE,blaTEM-1=COMPLETE,cmlA1=COMPLETE,dfrA12=COMPLETE,gyrA_D87N=POINT,gyrA_S83L=POINT,mdtM=COMPLETE,parC_S80I=POINT,parE_S458A=POINT,sul3=COMPLETE,tet(A)=COMPLETE,tet(M)=COMPLETE,uhpT_E350Q=POINT",,"amikacin=I,ampicillin=R,cefepime=S,chloramphenicol=R,ciprofloxacin=R,fosfomycin=S,gentamicin=R,kanamycin=S,nalidixic acid=R,nitrofurantoin=S,tetracycline=R,trimethoprim-sulfamethoxazole=R"
E.coli and Shigella,BR32-DEC,"""BR32-DEC"",""MS8884"",""SRS4257396""",,PDT000457708.1,2019-01-29T12:55:10Z,"Brazil: Botucatu, Sao Paulo State",urine,clinical,,PDS000190385.1,,45.0,SAMN10748605,GCA_004116915.1,"aadA2=COMPLETE,acrF=COMPLETE,blaCTX-M-15=COMPLETE,blaEC=COMPLETE,blaTEM-1=COMPLETE,dfrA8=COMPLETE,floR=COMPLETE,gyrA_D87N=POINT,gyrA_S83L=POINT,lnu(F)=COMPLETE,mdtM=COMPLETE,nfsA_G126R=POINT,parC_S80I=POINT,parE_S458A=POINT,tet(A)=COMPLETE",,"amikacin=I,ampicillin=R,cefepime=R,chloramphenicol=R,ciprofloxacin=R,fosfomycin=S,gentamicin=S,kanamycin=S,nalidixic acid=R,nitrofurantoin=I,tetracycline=R,trimethoprim-sulfamethoxazole=R"
E.coli and Shigella,BR64-DEC,"""BR64-DEC"",""MS8886"",""SRS4258103""",,PDT000457709.1,2019-01-29T12:55:16Z,"Brazil: Botucatu, Sao Paulo State",urine,clinical,,PDS000042693.1,0.0,,SAMN10748607,GCA_004116935.1,"aadA1=COMPLETE,aadA2=COMPLETE,acrF=COMPLETE,blaEC=COMPLETE,blaTEM-1=COMPLETE,cmlA1=COMPLETE,dfrA12=COMPLETE,gyrA_D87N=POINT,gyrA_S83L=POINT,mdtM=COMPLETE,parC_S80I=POINT,parE_S458A=POINT,sul3=COMPLETE,tet(A)=COMPLETE,tet(M)=COMPLETE,uhpT_E350Q=POINT",,"amikacin=S,ampicillin=R,cefepime=S,chloramphenicol=S,ciprofloxacin=R,fosfomycin=S,gentamicin=I,kanamycin=R,nalidixic acid=R,nitrofurantoin=S,tetracycline=S,trimethoprim-sulfamethoxazole=S"
E.coli and Shigella,,"""BR43-DEC"",""MS8885"",""SRS4258047""",,PDT000457711.1,2019-01-30T12:51:13Z,"Brazil: Botucatu, Sao Paulo State",urine,clinical,,,,,SAMN10748606,GCA_004118895.1,"acrF=COMPLETE,blaEC=COMPLETE,blaTEM-1=COMPLETE,gyrA_D87N=POINT,gyrA_S83L=POINT,mdtM=COMPLETE,parC_E84V=POINT,parC_S80I=POINT,parE_I529L=POINT,ptsI_V25I=POINT,uhpT_E350Q=POINT",,"amikacin=R,ampicillin=R,chloramphenicol=S,ciprofloxacin=R,fosfomycin=S,gentamicin=R,nalidixic acid=R,tetracycline=S,trimethoprim-sulfamethoxazole=R"
E.coli and Shigella,103,"""0000-0054-1465"",""103"",""SRS1073969""",,PDT000485906.1,2019-04-02T12:57:11Z,USA:Boston,urine,clinical,,PDS000046384.46,0.0,,SAMN04096281,GCA_004564175.1,"aac(3)-IId=COMPLETE,aac(6')-Ib-cr5=COMPLETE,aadA5=COMPLETE,acrF=COMPLETE,blaCTX-M-15=COMPLETE,blaEC=COMPLETE,blaOXA-1=COMPLETE,blaTEM-1=COMPLETE,catB3=PARTIAL,cyaA_S352T=POINT,dfrA17=COMPLETE,ftsI_I336IKYRI=POINT,gyrA_D87N=POINT,gyrA_S83L=POINT,parC_S80I=POINT,parE_S458A=POINT,sul1=COMPLETE,tet(B)=COMPLETE",,"amikacin=S,amoxicillin-clavulanic acid=R,ampicillin=R,cefepime=R,cefoxitin=R,ceftazidime=R,ceftriaxone=R,ciprofloxacin=R,ertapenem=R,gentamicin=R,levofloxacin=R,meropenem=R,nitrofurantoin=S,piperacillin-tazobactam=R,tetracycline=R,tobramycin=R,trimethoprim-sulfamethoxazole=R"
E.coli and Shigella,URMC_8,"""URMC_8"",""URMC_8_E_Col""",,PDT000485908.1,2019-04-03T05:01:12Z,"USA: Rochester, NY",urine,clinical,,PDS000149495.3,6.0,,SAMN10620088,GCA_004566575.1,"aac(3)-IIe=COMPLETE,aadA1=COMPLETE,acrF=COMPLETE,blaCTX-M-55=COMPLETE,blaEC=COMPLETE,dfrA14=COMPLETE,floR=COMPLETE,gyrA_D87N=POINT,gyrA_S83L=POINT,mdtM=COMPLETE,parC_S80I=POINT,parE_S458T=POINT,sul3=COMPLETE",,"amikacin=S,ampicillin=R,aztreonam=R,cefazolin=R,cefepime=S,ceftriaxone=R,ciprofloxacin=R,ertapenem=S,gentamicin=R,imipenem=S,levofloxacin=R,meropenem=S,moxifloxacin=R,nitrofurantoin=S,tigecycline=S,tobramycin=I"
E.coli and Shigella,URMC_50,"""URMC_50"",""URMC_50_E_Col""",,PDT000485909.1,2019-04-03T05:01:25Z,"USA: Rochester, NY",urine,clinical,,PDS000149436.3,2.0,,SAMN10620123,GCA_004567065.1,"acrF=COMPLETE,blaEC=COMPLETE,mdtM=COMPLETE,uhpT_E350Q=POINT",,"amikacin=S,ampicillin=R,aztreonam=R,cefazolin=R,cefepime=S,ceftriaxone=R,ciprofloxacin=R,ertapenem=S,gentamicin=S,meropenem=S,nitrofurantoin=S,tigecycline=S,tobramycin=S"
E.coli and Shigella,URMC_35,"""URMC_35"",""URMC_35_E_Col""",,PDT000485910.1,2019-04-03T05:01:56Z,"USA: Rochester, NY",urine,clinical,,PDS000044571.6,0.0,,SAMN10620111,GCA_004567165.1,"aac(3)-IIe=COMPLETE,aadA2=COMPLETE,acrF=COMPLETE,acrR_R45C=POINT,blaCTX-M-14=COMPLETE,blaEC=COMPLETE,cyaA_S352T=POINT,dfrA12=COMPLETE,gyrA_D87Y=POINT,gyrA_S83L=POINT,mph(A)=COMPLETE,parC_S80I=POINT,parE_S458A=POINT,sul1=COMPLETE",,"amikacin=S,ampicillin=R,aztreonam=R,cefazolin=R,ceftriaxone=R,ciprofloxacin=R,ertapenem=S,gentamicin=R,imipenem=S,levofloxacin=R,meropenem=S,moxifloxacin=R,nitrofurantoin=S,tigecycline=S,tobramycin=S"
E.coli and Shigella,URMC_93,"""URMC_93"",""URMC_93_E_Col""",,PDT000485911.1,2019-04-03T05:01:50Z,"USA: Rochester, NY",sepsis,clinical,,,,,SAMN10620164,GCA_004567345.1,"aadA1=COMPLETE,acrF=COMPLETE,blaCMY-2=COMPLETE,blaEC=COMPLETE,dfrA1=COMPLETE,sat2=COMPLETE",,"amikacin=S,ampicillin=R,aztreonam=S,cefazolin=R,cefepime=S,ceftriaxone=R,ciprofloxacin=R,ertapenem=S,gentamicin=S,imipenem=S,levofloxacin=R,meropenem=S,moxifloxacin=R,nitrofurantoin=S,tigecycline=S,tobramycin=S"
E.coli and Shigella,URMC_97,"""URMC_97"",""URMC_97_E_Col""",,PDT000485912.1,2019-04-03T05:02:32Z,"USA: Rochester, NY",urine,clinical,,PDS000053082.3,27.0,,SAMN10620168,GCA_004567315.1,"aac(3)-IIe=COMPLETE,aac(6')-Ib-cr=PARTIAL,aadA1=COMPLETE,acrF=COMPLETE,blaCTX-M-15=COMPLETE,blaEC=COMPLETE,blaOXA-1=COMPLETE,catB3=PARTIAL,cyaA_S352T=POINT,dfrA1=COMPLETE,gyrA_D87N=POINT,gyrA_S83L=POINT,parC_S57T=POINT,parC_S80I=POINT,parE_S458A=POINT,sat2=COMPLETE,tet(A)=COMPLETE",,"amikacin=S,ampicillin=R,aztreonam=R,cefazolin=R,ceftriaxone=R,ciprofloxacin=R,ertapenem=S,gentamicin=R,meropenem=S,nitrofurantoin=R,tigecycline=S,tobramycin=S"
E.coli and Shigella,URMC_105,"""URMC_105"",""URMC_105_E_Col""",,PDT000485972.1,2019-04-03T05:09:29Z,"USA: Rochester, NY",urine,clinical,,,,,SAMN10620169,GCA_004569165.1,"acrF=COMPLETE,blaCTX-M-55=COMPLETE,blaCTX-M=COMPLETE,blaEC=COMPLETE,blaTEM-1=COMPLETE,gyrA_D87N=POINT,gyrA_S83L=POINT,mdtM=COMPLETE,parC_E84V=POINT,parC_S80I=POINT,parE_I529L=POINT,ptsI_V25I=POINT,uhpT_E350Q=POINT",,"amikacin=S,ampicillin=R,aztreonam=R,cefazolin=R,cefepime=R,ceftriaxone=R,ciprofloxacin=R,ertapenem=S,gentamicin=S,meropenem=S,nitrofurantoin=S,tigecycline=S,tobramycin=S"
E.coli and Shigella,URMC_108,"""URMC_108"",""URMC_108_E_Col""",,PDT000485976.1,2019-04-03T05:11:50Z,"USA: Rochester, NY",bone,clinical,,,,,SAMN10620172,GCA_004569695.1,"aac(3)-IId=COMPLETE,aadA5=COMPLETE,acrF=COMPLETE,aph(3'')-Ib=PARTIAL,aph(6)-Id=COMPLETE,blaCTX-M-1=COMPLETE,blaEC=COMPLETE,blaTEM-1=COMPLETE,dfrA17=COMPLETE,gyrA_D87N=POINT,gyrA_S83L=POINT,mdtM=COMPLETE,mph(A)=COMPLETE,parC_E84V=POINT,parC_S80I=POINT,parE_I529L=POINT,ptsI_V25I=POINT,sul1=COMPLETE,sul2=COMPLETE,tet(A)=COMPLETE,uhpT_E350Q=POINT",,"amikacin=S,ampicillin=R,aztreonam=R,cefazolin=R,cefepime=R,ceftriaxone=R,ciprofloxacin=R,ertapenem=S,gentamicin=R,imipenem=S,levofloxacin=R,meropenem=S,moxifloxacin=R,nitrofurantoin=S,tigecycline=S,tobramycin=R"
E.coli and Shigella,CVM N18EC128,"""CVM N18EC128"",""SRS4713993""",,PDT000497374.1,2019-05-02T13:52:02Z,USA:SC,Ground Beef,environmental/other,,PDS000045254.1,22.0,,SAMN11372888,GCA_012374815.1,"acrF=COMPLETE,aph(3'')-Ib=COMPLETE,aph(6)-Id=COMPLETE,blaEC=MISTRANSLATION,floR=COMPLETE,gyrA_S83L=POINT,mdtM=COMPLETE,sul2=COMPLETE,tet(A)=COMPLETE,uhpT_E350Q=POINT",,"amoxicillin-clavulanic acid=S,ampicillin=S,azithromycin=S,cefoxitin=S,ceftriaxone=S,chloramphenicol=R,ciprofloxacin=R,gentamicin=S,meropenem=S,nalidixic acid=R,streptomycin=R,sulfisoxazole=R,tetracycline=R,trimethoprim-sulfamethoxazole=S"
E.coli and Shigella,CVM N18EC012,"""CVM N18EC012"",""SRS4713980""",,PDT000497387.1,2019-05-02T13:52:04Z,USA:IA,ground turkey,environmental/other,,,,,SAMN11372833,GCA_012337795.1,"acrF=COMPLETE,blaEC=COMPLETE,blaTEM-1=COMPLETE,blaTEM=COMPLETE,gyrA_S83L=POINT,tet(A)=COMPLETE",,"amoxicillin-clavulanic acid=R,ampicillin=R,azithromycin=S,cefoxitin=S,ceftriaxone=S,chloramphenicol=S,ciprofloxacin=R,gentamicin=S,meropenem=S,nalidixic acid=R,streptomycin=S,sulfisoxazole=S,tetracycline=R,trimethoprim-sulfamethoxazole=S"
E.coli and Shigella,CVM N18EC018,"""CVM N18EC018"",""SRS4713977""",,PDT000497390.1,2019-05-02T13:52:05Z,USA:IA,Pork Chop,environmental/other,,,,,SAMN11372836,GCA_012337675.1,"aadA5=COMPLETE,acrF=COMPLETE,aph(3'')-Ib=COMPLETE,aph(6)-Id=COMPLETE,blaEC=COMPLETE,blaTEM-214=COMPLETE,catA1=COMPLETE,dfrA17=COMPLETE,gyrA_D87N=POINT,gyrA_S83L=POINT,mdtM=COMPLETE,mph(A)=COMPLETE,parC_A56T=POINT,parC_S80I=POINT,sul1=COMPLETE,sul2=COMPLETE,tet(A)=COMPLETE,tet(B)=COMPLETE",,"amoxicillin-clavulanic acid=S,ampicillin=I,azithromycin=R,cefoxitin=S,ceftriaxone=S,chloramphenicol=R,ciprofloxacin=R,gentamicin=S,meropenem=S,nalidixic acid=R,streptomycin=R,sulfisoxazole=R,tetracycline=R,trimethoprim-sulfamethoxazole=R"
E.coli and Shigella,CVM N18EC176,"""CVM N18EC176"",""SRS4713939""",,PDT000497428.1,2019-05-02T13:52:12Z,USA:CA,Pork Chop,environmental/other,,PDS000239218.1,36.0,,SAMN11372912,GCA_012347615.1,"acrF=COMPLETE,aph(3'')-Ib=COMPLETE,aph(6)-Id=COMPLETE,blaEC=COMPLETE,blaTEM-1=COMPLETE,mdtM=COMPLETE,qnrB19=COMPLETE,tet(B)=COMPLETE",,"amoxicillin-clavulanic acid=S,ampicillin=R,azithromycin=S,cefoxitin=S,ceftriaxone=S,chloramphenicol=S,ciprofloxacin=R,gentamicin=S,meropenem=S,nalidixic acid=S,streptomycin=R,sulfisoxazole=S,tetracycline=R,trimethoprim-sulfamethoxazole=S"
E.coli and Shigella,19OR03GT06-EC,"""19OR03GT06-EC"",""SRS4818795""",,PDT000505390.1,2019-05-25T03:50:37Z,USA:OR,ground turkey,environmental/other,,PDS000195734.1,,,SAMN11854355,GCA_012383125.1,"acrF=COMPLETE,aph(3'')-Ib=COMPLETE,aph(3')-Ia=COMPLETE,aph(6)-Id=COMPLETE,blaEC=COMPLETE,gyrA_S83L=POINT,mdtM=COMPLETE,sul2=COMPLETE,tet(B)=COMPLETE",,"amoxicillin-clavulanic acid=S,ampicillin=S,azithromycin=S,cefoxitin=S,ceftriaxone=S,chloramphenicol=S,ciprofloxacin=R,gentamicin=S,meropenem=S,nalidixic acid=R,streptomycin=R,sulfisoxazole=R,tetracycline=R,trimethoprim-sulfamethoxazole=S"
E.coli and Shigella,19OR03CB06-EC,"""19OR03CB06-EC"",""SRS4894038""",,PDT000519119.1,2019-06-10T19:51:06Z,USA:OR,Chicken breasts,environmental/other,,,,,SAMN11982667,GCA_012292355.1,"acrF=COMPLETE,aph(3'')-Ib=COMPLETE,aph(3')-Ia=COMPLETE,aph(6)-Id=COMPLETE,blaEC=COMPLETE,gyrA_S83L=POINT,mdtM=COMPLETE,sul2=COMPLETE,tet(B)=COMPLETE",,"amoxicillin-clavulanic acid=S,ampicillin=S,azithromycin=S,cefoxitin=S,ceftriaxone=S,chloramphenicol=S,ciprofloxacin=R,gentamicin=S,meropenem=S,nalidixic acid=R,streptomycin=R,sulfisoxazole=R,tetracycline=R,trimethoprim-sulfamethoxazole=S"
E.coli and Shigella,MEZEC7,"""Escherichia coli strain MEZEC7"",""MEZEC7"",""SRS4805559""",,PDT000521581.1,2019-06-12T05:08:07Z,South Africa: KwaZulu-Natal,feces,environmental/other,,PDS000046443.1,4.0,,SAMN11643621,GCA_006265155.1,"acrF=COMPLETE,blaEC=COMPLETE,mdtM=COMPLETE,tet(B)=COMPLETE",,"amikacin=R,ampicillin-sulbactam=S,ampicillin=R,azithromycin=R,cefalexin=I,cefepime=S,cefotaxime=S,ceftazidime=S,ceftriaxone=S,chloramphenicol=R,ciprofloxacin=R,colistin=ND,doripenem=R,doxycycline=R,ertapenem=S,erythromycin=R,gentamicin=S,imipenem=S,levofloxacin=S,meropenem=R,minocycline=R,neomycin=R,norfloxacin=S,polymyxin B=ND,streptomycin=R,tetracycline=R,tobramycin=S,trimethoprim-sulfamethoxazole=R"
E.coli and Shigella,URMC_1,"""URMC_1"",""URMC_1_E_Col""",,PDT000542613.1,2019-07-11T22:35:24Z,"USA: Rochester, NY",urine,clinical,,PDS000048086.6,1.0,,SAMN10620082,GCA_004569745.1,"aac(3)-IIe=COMPLETE,acrF=COMPLETE,aph(3')-Ia=COMPLETE,blaCTX-M-55=COMPLETE,blaEC=COMPLETE,gyrA_D87N=POINT,gyrA_S83L=POINT,mdtM=COMPLETE,parC_S80I=POINT,parE_S458A=POINT,tet(A)=COMPLETE",,"amikacin=S,ampicillin=R,aztreonam=R,cefazolin=R,cefepime=R,ceftriaxone=R,ciprofloxacin=R,ertapenem=S,levofloxacin=S,moxifloxacin=S,nitrofurantoin=S,tigecycline=I,tobramycin=S"
E.coli and Shigella,URMC_12,"""URMC_12"",""URMC_12_E_Col""",,PDT000542614.1,2019-07-11T22:35:24Z,"USA: Rochester, NY",urine,clinical,,PDS000149468.3,2.0,,SAMN10620091,GCA_004569995.1,"aac(3)-IId=COMPLETE,aadA5=COMPLETE,acrF=COMPLETE,aph(3'')-Ib=COMPLETE,aph(6)-Id=COMPLETE,blaCTX-M-15=COMPLETE,blaEC-5=COMPLETE,blaTEM-1=COMPLETE,dfrA17=COMPLETE,gyrA_D87N=POINT,gyrA_S83L=POINT,marR_S3N=POINT,mph(A)=COMPLETE,parC_S80I=POINT,parE_L416F=POINT,sul1=COMPLETE,sul2=COMPLETE,tet(A)=COMPLETE,uhpT_E350Q=POINT",,"amikacin=S,ampicillin=R,aztreonam=R,cefazolin=R,cefepime=R,ceftriaxone=R,ciprofloxacin=R,ertapenem=S,gentamicin=R,meropenem=S,nitrofurantoin=S,tigecycline=S,tobramycin=I"
E.coli and Shigella,URMC_106,"""URMC_106"",""URMC_106_E_Col""",,PDT000542615.1,2019-07-11T22:35:24Z,"USA: Rochester, NY",bone,clinical,,PDS000140173.1,40.0,,SAMN10620170,GCA_004570035.1,"aadA5=COMPLETE,acrF=COMPLETE,aph(3'')-Ib=COMPLETE,aph(3')-Ia=COMPLETE,aph(6)-Id=COMPLETE,blaCTX-M-27=COMPLETE,blaEC=COMPLETE,dfrA17=COMPLETE,gyrA_D87N=POINT,gyrA_S83L=POINT,mdtM=COMPLETE,mph(A)=COMPLETE,parC_A56T=POINT,parC_S80I=POINT,sul1=COMPLETE,sul2=COMPLETE,sul2=PARTIAL_END_OF_CONTIG,tet(A)=COMPLETE,tet(B)=COMPLETE",,"amikacin=S,ampicillin=R,aztreonam=R,cefazolin=R,cefepime=S,ceftriaxone=R,ciprofloxacin=R,ertapenem=S,gentamicin=S,imipenem=S,levofloxacin=R,meropenem=S,moxifloxacin=R,nitrofurantoin=S,tigecycline=S,tobramycin=S"
E.coli and Shigella,URMC_20,"""URMC_20"",""URMC_20_E_Col""",,PDT000543085.1,2019-07-12T12:46:53Z,"USA: Rochester, NY",urine,clinical,,PDS000048103.6,4.0,,SAMN10620098,GCA_004568225.1,"acrF=COMPLETE,blaCTX-M-15=COMPLETE,blaEC=COMPLETE,gyrA_D87N=POINT,gyrA_S83L=POINT,mdtM=COMPLETE,parC_E84V=POINT,parC_S80I=POINT,parE_I529L=POINT,ptsI_V25I=POINT,uhpT_E350Q=POINT",,"amikacin=S,ampicillin=R,aztreonam=R,cefazolin=R,cefepime=S,ceftriaxone=R,ciprofloxacin=R,ertapenem=S,gentamicin=S,imipenem=S,levofloxacin=R,meropenem=S,moxifloxacin=R,nitrofurantoin=S,tigecycline=S,tobramycin=S"
E.coli and Shigella,URMC_34,"""URMC_34"",""URMC_34_E_Col""",,PDT000543086.1,2019-07-12T12:46:54Z,"USA: Rochester, NY",urine,clinical,,,,,SAMN10620110,GCA_004567175.1,"acrF=COMPLETE,blaCTX-M=COMPLETE,blaEC=MISTRANSLATION,catA2=COMPLETE,cyaA_S352T=POINT,fosA7.5=COMPLETE,gyrA_D87Y=POINT,gyrA_S83L=POINT,mdtM=COMPLETE,nfsA_R203C=POINT,parC_S80I=POINT,parE_S458A=POINT,tet(A)=COMPLETE,tet(M)=COMPLETE,uhpT_E350Q=POINT",,"amikacin=S,ampicillin=R,aztreonam=R,cefazolin=R,cefepime=R,ceftriaxone=R,ciprofloxacin=R,ertapenem=S,gentamicin=S,imipenem=S,levofloxacin=R,meropenem=S,moxifloxacin=R,nitrofurantoin=I,tigecycline=S,tobramycin=S"
E.coli and Shigella,URMC_42,"""URMC_42"",""URMC_42_E_Col""",,PDT000543087.1,2019-07-12T12:46:54Z,"USA: Rochester, NY",urine,clinical,,PDS000048091.1,17.0,,SAMN10620117,GCA_004567615.1,"aadA5=COMPLETE,acrF=COMPLETE,aph(3'')-Ib=COMPLETE,aph(6)-Id=COMPLETE,blaCTX-M-27=COMPLETE,blaEC=COMPLETE,cyaA_S352T=POINT,dfrA17=COMPLETE,erm(B)=COMPLETE,gyrA_D87N=POINT,gyrA_S83L=POINT,mdtM=COMPLETE,mph(A)=COMPLETE,parC_S57T=POINT,parC_S80I=POINT,parE_L416F=POINT,sul1=COMPLETE,sul2=COMPLETE,tet(A)=COMPLETE,uhpT_E350Q=POINT",,"amikacin=S,ampicillin=R,aztreonam=S,cefazolin=R,cefepime=S,ceftriaxone=R,ciprofloxacin=R,ertapenem=S,gentamicin=S,meropenem=S,nitrofurantoin=S,tigecycline=S,tobramycin=S"
E.coli and Shigella,URMC_30,"""URMC_30"",""URMC_30_E_Col""",,PDT000543088.1,2019-07-12T12:46:54Z,"USA: Rochester, NY",urine,clinical,,PDS000052522.117,19.0,28.0,SAMN10620106,GCA_004567225.1,"aac(3)-IIe=COMPLETE,aac(6')-Ib-cr5=COMPLETE,acrF=COMPLETE,blaCTX-M-15=COMPLETE,blaEC=COMPLETE,blaOXA-1=COMPLETE,catB3=PARTIAL,gyrA_D87N=POINT,gyrA_S83L=POINT,mdtM=COMPLETE,parC_E84V=POINT,parC_S80I=POINT,parE_I529L=POINT,ptsI_V25I=POINT,tet(A)=COMPLETE,uhpT_E350Q=POINT",,"amikacin=S,ampicillin=R,aztreonam=R,cefazolin=R,cefepime=R,ceftriaxone=R,ciprofloxacin=R,ertapenem=S,gentamicin=R,meropenem=S,nitrofurantoin=S,tigecycline=S,tobramycin=R"
E.coli and Shigella,URMC_33,"""URMC_33"",""URMC_33_E_Col""",,PDT000543089.1,2019-07-12T12:46:55Z,"USA: Rochester, NY",urine,clinical,,,,,SAMN10620109,GCA_004567725.1,"aadA5=COMPLETE,acrF=COMPLETE,aph(3'')-Ib=COMPLETE,aph(6)-Id=COMPLETE,blaCTX-M-27=COMPLETE,blaEC=COMPLETE,dfrA17=COMPLETE,gyrA_D87N=POINT,gyrA_S83L=POINT,mdtM=COMPLETE,mph(A)=COMPLETE,parC_E84V=POINT,parC_S80I=POINT,parE_I529L=POINT,ptsI_V25I=POINT,sul1=COMPLETE,sul2=COMPLETE,tet(A)=COMPLETE,uhpT_E350Q=POINT",,"amikacin=S,ampicillin=R,aztreonam=S,cefazolin=R,cefepime=S,ceftriaxone=R,ciprofloxacin=R,ertapenem=S,gentamicin=S,meropenem=S,nitrofurantoin=S,tigecycline=S,tobramycin=S"
E.coli and Shigella,URMC_19,"""URMC_19"",""URMC_19_E_Col""",,PDT000543090.1,2019-07-12T12:46:55Z,"USA: Rochester, NY",urine,clinical,,PDS000120463.3,27.0,,SAMN10620097,GCA_004567895.1,"aac(6')-Ib-cr5=COMPLETE,aadA5=PARTIAL_END_OF_CONTIG,acrF=COMPLETE,blaCTX-M-15=COMPLETE,blaEC=COMPLETE,blaOXA-1=COMPLETE,catA1=COMPLETE,catB3=PARTIAL,dfrA17=COMPLETE,gyrA_D87N=POINT,gyrA_S83L=POINT,mdtM=COMPLETE,parC_E84V=POINT,parC_S80I=POINT,parE_I529L=POINT,ptsI_V25I=POINT,uhpT_E350Q=POINT",,"amikacin=S,ampicillin=R,aztreonam=R,cefazolin=R,cefepime=R,ceftriaxone=R,ciprofloxacin=R,ertapenem=S,gentamicin=S,meropenem=S,nitrofurantoin=S,tigecycline=S,tobramycin=I"
E.coli and Shigella,URMC_32,"""URMC_32"",""URMC_32_E_Col""",,PDT000543092.1,2019-07-12T12:46:56Z,"USA: Rochester, NY",urine,clinical,,PDS000149486.3,7.0,,SAMN10620108,GCA_004567745.1,"aadA5=COMPLETE,acrF=COMPLETE,aph(3'')-Ib=COMPLETE,aph(6)-Id=COMPLETE,blaCTX-M-27=COMPLETE,blaEC=COMPLETE,blaTEM-1=COMPLETE,dfrA17=COMPLETE,gyrA_D87N=POINT,gyrA_S83L=POINT,mdtM=COMPLETE,mph(A)=COMPLETE,parC_E84V=POINT,parC_S80I=POINT,parE_I529L=POINT,ptsI_V25I=POINT,sul1=COMPLETE,sul2=COMPLETE,tet(A)=COMPLETE,uhpT_E350Q=POINT",,"amikacin=S,ampicillin=R,aztreonam=R,cefazolin=R,cefepime=S,ceftriaxone=R,ciprofloxacin=R,ertapenem=S,gentamicin=S,meropenem=S,nitrofurantoin=S,tigecycline=S,tobramycin=S"
E.coli and Shigella,URMC_66,"""URMC_66"",""URMC_66_E_Col""",,PDT000543094.1,2019-07-12T12:46:56Z,"USA: Rochester, NY",sepsis,clinical,,PDS000070330.22,23.0,69.0,SAMN10620138,GCA_004567505.1,"aac(3)-IIe=COMPLETE,aadA1=COMPLETE,aadA5=COMPLETE,acrF=COMPLETE,blaCTX-M-15=COMPLETE,blaEC=COMPLETE,blaOXA=COMPLETE,catA1=COMPLETE,dfrA17=COMPLETE,gyrA_D87N=POINT,gyrA_S83L=POINT,mdtM=COMPLETE,mph(A)=COMPLETE,parC_S80I=POINT,parE_S458T=POINT,sul1=COMPLETE,tet(B)=COMPLETE",,"amikacin=S,ampicillin=R,aztreonam=R,cefazolin=R,cefepime=R,ceftriaxone=R,ciprofloxacin=R,ertapenem=S,gentamicin=R,imipenem=S,levofloxacin=R,meropenem=S,moxifloxacin=R,nitrofurantoin=S,tigecycline=S,tobramycin=R"
E.coli and Shigella,URMC_41,"""URMC_41"",""URMC_41_E_Col""",,PDT000543096.1,2019-07-12T12:46:57Z,"USA: Rochester, NY",urine,clinical,,PDS000000925.64,4.0,,SAMN10620116,GCA_004567675.1,"aac(3)-IId=COMPLETE,aadA5=COMPLETE,acrF=COMPLETE,ant(2'')-Ia=COMPLETE,aph(3'')-Ib=COMPLETE,aph(3')-Ia=COMPLETE,aph(6)-Id=COMPLETE,blaCTX-M-1=COMPLETE,blaEC=COMPLETE,blaOXA-1=COMPLETE,dfrA17=COMPLETE,dfrA36=COMPLETE,floR=COMPLETE,gyrA_D87N=POINT,gyrA_S83L=POINT,mdtM=COMPLETE,mph(A)=COMPLETE,parC_S80I=POINT,parE_S458A=POINT,sul1=COMPLETE,sul2=COMPLETE,sul2=PARTIAL_END_OF_CONTIG,tet(B)=COMPLETE",,"amikacin=S,ampicillin=R,aztreonam=S,cefazolin=R,cefepime=S,ceftriaxone=R,ciprofloxacin=R,ertapenem=S,gentamicin=R,meropenem=S,nitrofurantoin=S,tigecycline=S,tobramycin=R"
E.coli and Shigella,URMC_111,"""URMC_111"",""URMC_111_E_Col""",,PDT000543100.1,2019-07-12T12:46:58Z,"USA: Rochester, NY",bone,clinical,,PDS000052522.117,19.0,31.0,SAMN10620175,GCA_004568895.1,"aac(3)-IIe=COMPLETE,aac(6')-Ib-cr5=COMPLETE,acrF=COMPLETE,blaEC=COMPLETE,blaOXA-1=COMPLETE,catB3=PARTIAL,gyrA_D87N=POINT,gyrA_S83L=POINT,mdtM=COMPLETE,parC_E84V=POINT,parC_S80I=POINT,parE_I529L=POINT,ptsI_V25I=POINT,tet(A)=COMPLETE,uhpT_E350Q=POINT",,"amikacin=S,ampicillin=R,aztreonam=R,cefazolin=R,cefepime=R,ceftriaxone=R,ciprofloxacin=R,ertapenem=S,gentamicin=R,imipenem=S,levofloxacin=R,meropenem=S,moxifloxacin=R,nitrofurantoin=S,tigecycline=S,tobramycin=R"
E.coli and Shigella,URMC_10,"""URMC_10"",""URMC_10_E_Col""",,PDT000543102.1,2019-07-12T14:50:34Z,"USA: Rochester, NY",urine,clinical,,PDS000149473.3,4.0,,SAMN10620090,GCA_004568935.1,"acrF=COMPLETE,aph(3'')-Ib=COMPLETE,aph(6)-Id=COMPLETE,blaCTX-M-15=COMPLETE,blaEC=COMPLETE,blaTEM-1=COMPLETE,blaTEMp_C32T=POINT,dfrA8=COMPLETE,gyrA_D87N=POINT,gyrA_S83L=POINT,mdtM=COMPLETE,parC_E84V=POINT,parC_S80I=POINT,parE_I529L=POINT,ptsI_V25I=POINT,sul2=COMPLETE,tet(B)=COMPLETE,uhpT_E350Q=POINT",,"amikacin=S,ampicillin=R,aztreonam=S,cefazolin=R,cefepime=S,ceftriaxone=R,ciprofloxacin=R,ertapenem=S,gentamicin=S,meropenem=S,nitrofurantoin=S,tigecycline=S,tobramycin=S"
E.coli and Shigella,URMC_80,"""URMC_80"",""URMC_80_E_Col""",,PDT000543103.1,2019-07-12T14:50:35Z,"USA: Rochester, NY",sepsis,clinical,,PDS000035273.5,1.0,,SAMN10620151,GCA_004567415.1,"aac(3)-IId=COMPLETE,aadA5=COMPLETE,acrF=COMPLETE,aph(3'')-Ib=COMPLETE,aph(6)-Id=COMPLETE,blaCTX-M-15=COMPLETE,blaEC=COMPLETE,blaTEM-1=COMPLETE,dfrA17=COMPLETE,gyrA_D87N=POINT,gyrA_S83L=POINT,mdtM=COMPLETE,mph(A)=COMPLETE,parC_E84V=POINT,parC_S80I=POINT,parE_I529L=POINT,ptsI_V25I=POINT,sul1=COMPLETE,sul2=COMPLETE,tet(A)=COMPLETE,uhpT_E350Q=POINT",,"amikacin=S,ampicillin=R,aztreonam=R,cefazolin=R,cefepime=S,ceftriaxone=R,ciprofloxacin=R,ertapenem=S,gentamicin=R,imipenem=S,levofloxacin=R,meropenem=S,moxifloxacin=R,nitrofurantoin=S,tigecycline=S,tobramycin=I"
E.coli and Shigella,URMC_17,"""URMC_17"",""URMC_17_E_Col""",,PDT000543104.1,2019-07-12T14:50:35Z,"USA: Rochester, NY",urine,clinical,,,,,SAMN10620095,GCA_004568145.1,"acrF=COMPLETE,blaCTX-M-15=COMPLETE,blaEC=COMPLETE,blaTEM-40=COMPLETE,gyrA_D87N=POINT,gyrA_S83L=POINT,mdtM=COMPLETE,parC_E84V=POINT,parC_S80I=POINT,parE_I529L=POINT,ptsI_V25I=POINT,uhpT_E350Q=POINT",,"amikacin=S,ampicillin=R,aztreonam=R,cefazolin=R,cefepime=R,ceftriaxone=R,ciprofloxacin=R,ertapenem=S,gentamicin=S,meropenem=S,nitrofurantoin=S,tigecycline=S,tobramycin=S"
E.coli and Shigella,URMC_24,"""URMC_24"",""URMC_24_E_Col""",,PDT000543107.1,2019-07-12T14:50:36Z,"USA: Rochester, NY",urine,clinical,,PDS000062492.37,3.0,44.0,SAMN10620102,GCA_004567285.1,"aac(3)-IIe=COMPLETE,aac(6')-Ib-cr5=COMPLETE,aadA1=COMPLETE,acrF=COMPLETE,ant(2'')-Ia=COMPLETE,blaCTX-M-15=COMPLETE,blaEC=COMPLETE,blaOXA-1=COMPLETE,catB3=PARTIAL,cmlA6=COMPLETE,gyrA_D87N=POINT,gyrA_S83L=POINT,mdtM=COMPLETE,mph(A)=COMPLETE,parC_E84V=POINT,parC_S80I=POINT,parE_I529L=POINT,ptsI_V25I=POINT,sul1=COMPLETE,tet(A)=COMPLETE,uhpT_E350Q=POINT",,"amikacin=S,ampicillin=R,aztreonam=R,cefazolin=R,ceftriaxone=R,ciprofloxacin=R,ertapenem=S,gentamicin=R,meropenem=S,nitrofurantoin=S,tigecycline=S,tobramycin=R"
E.coli and Shigella,URMC_18,"""URMC_18"",""URMC_18_E_Col""",,PDT000543108.1,2019-07-12T14:50:36Z,"USA: Rochester, NY",urine,clinical,,PDS000190669.1,,,SAMN10620096,GCA_004568035.1,"aph(3'')-Ib=COMPLETE,aph(6)-Id=COMPLETE,blaCTX-M-1=COMPLETE,blaEC=COMPLETE,blaTEM-1=COMPLETE,dfrA14=COMPLETE,gyrA_D87N=POINT,gyrA_S83L=POINT,mdtM=COMPLETE,mph(A)=COMPLETE,parC_S80I=POINT,parE_L416F=POINT,sul2=COMPLETE,tet(A)=COMPLETE",,"amikacin=S,ampicillin=R,aztreonam=R,cefazolin=R,cefepime=S,ceftriaxone=R,ciprofloxacin=R,ertapenem=S,gentamicin=S,meropenem=S,nitrofurantoin=S,tigecycline=S,tobramycin=S"
E.coli and Shigella,URMC_21,"""URMC_21"",""URMC_21_E_Col""",,PDT000543110.1,2019-07-12T14:50:36Z,"USA: Rochester, NY",urine,clinical,,,,,SAMN10620099,GCA_004567275.1,"acrF=COMPLETE,blaCTX-M-15=COMPLETE,blaEC=COMPLETE,gyrA_D87N=POINT,gyrA_S83L=POINT,mdtM=COMPLETE,parC_E84V=POINT,parC_S80I=POINT,parE_I529L=POINT,ptsI_V25I=POINT,uhpT_E350Q=POINT",,"amikacin=S,ampicillin=R,aztreonam=R,cefazolin=R,cefepime=R,ceftriaxone=R,ciprofloxacin=R,ertapenem=S,gentamicin=S,meropenem=S,nitrofurantoin=S,tigecycline=S,tobramycin=S"
E.coli and Shigella,URMC_49,"""URMC_49"",""URMC_49_E_Col""",,PDT000543112.1,2019-07-12T14:50:36Z,"USA: Rochester, NY",urine,clinical,,PDS000039241.50,20.0,,SAMN10620122,GCA_004567565.1,"aac(6')-Ib-cr5=COMPLETE,aadA5=COMPLETE,acrF=COMPLETE,blaCTX-M-15=COMPLETE,blaEC=COMPLETE,blaOXA-1=COMPLETE,catB3=PARTIAL,cyaA_S352T=POINT,dfrA17=COMPLETE,gyrA_D87N=POINT,gyrA_S83L=POINT,mph(A)=COMPLETE,parC_S80I=POINT,parE_S458A=POINT,sul1=COMPLETE,tet(B)=COMPLETE",,"amikacin=S,ampicillin=R,aztreonam=R,cefazolin=R,cefepime=R,ceftriaxone=R,ciprofloxacin=R,ertapenem=S,gentamicin=S,meropenem=S,nitrofurantoin=S,tigecycline=S,tobramycin=R"
E.coli and Shigella,URMC_91,"""URMC_91"",""URMC_91_E_Col""",,PDT000543113.1,2019-07-12T14:50:36Z,"USA: Rochester, NY",sepsis,clinical,,,,,SAMN10620162,GCA_004567375.1,"acrF=COMPLETE,blaCTX-M-27=COMPLETE,blaEC=COMPLETE,blaTEM-40=COMPLETE,gyrA_D87N=POINT,gyrA_S83L=POINT,mdtM=COMPLETE,nfsA_Q113STOP=POINT,parC_E84V=POINT,parC_S80I=POINT,parE_I529L=POINT,ptsI_V25I=POINT,uhpT_E350Q=POINT",,"amikacin=S,ampicillin=R,aztreonam=S,cefazolin=R,cefepime=S,ceftriaxone=R,ciprofloxacin=R,ertapenem=S,gentamicin=S,imipenem=S,levofloxacin=R,meropenem=S,moxifloxacin=R,nitrofurantoin=R,tigecycline=S,tobramycin=S"
E.coli and Shigella,URMC_14,"""URMC_14"",""URMC_14_E_Col""",,PDT000543114.1,2019-07-12T14:50:37Z,"USA: Rochester, NY",urine,clinical,,,,,SAMN10620093,GCA_004568575.1,"acrF=COMPLETE,blaCTX-M-14=COMPLETE,blaEC=COMPLETE,gyrA_D87N=POINT,gyrA_S83L=POINT,mdtM=COMPLETE,parC_E84V=POINT,parC_S80I=POINT,parE_I529L=POINT,ptsI_V25I=POINT,uhpT_E350Q=POINT",,"amikacin=S,ampicillin=R,aztreonam=S,cefazolin=R,cefepime=S,ceftriaxone=R,ciprofloxacin=R,ertapenem=S,gentamicin=S,meropenem=S,nitrofurantoin=S,tigecycline=S,tobramycin=S"
E.coli and Shigella,URMC_31,"""URMC_31"",""URMC_31_E_Col""",,PDT000543115.1,2019-07-12T14:50:37Z,"USA: Rochester, NY",urine,clinical,,PDS000053788.43,0.0,53.0,SAMN10620107,GCA_004567185.1,"acrF=COMPLETE,blaCTX-M-15=COMPLETE,blaEC=COMPLETE,blaTEM-1=COMPLETE,gyrA_D87N=POINT,gyrA_S83L=POINT,mdtM=COMPLETE,mph(A)=COMPLETE,parC_E84V=POINT,parC_S80I=POINT,parE_I529L=POINT,ptsI_V25I=POINT,uhpT_E350Q=POINT",,"amikacin=S,ampicillin=R,aztreonam=R,cefazolin=R,cefepime=R,ceftriaxone=R,ciprofloxacin=R,ertapenem=S,gentamicin=S,meropenem=S,nitrofurantoin=I,tigecycline=S,tobramycin=S"
E.coli and Shigella,URMC_37,"""URMC_37"",""URMC_37_E_Col""",,PDT000543116.1,2019-07-12T14:50:37Z,"USA: Rochester, NY",urine,clinical,,PDS000048094.1,37.0,,SAMN10620113,GCA_004567145.1,"acrF=COMPLETE,blaCTX-M-27=COMPLETE,blaEC=COMPLETE,blaTEM-1=COMPLETE,gyrA_D87N=POINT,gyrA_S83L=POINT,mdtM=COMPLETE,parC_E84V=POINT,parC_S80I=POINT,parE_I529L=POINT,ptsI_V25I=POINT,uhpT_E350Q=POINT",,"amikacin=S,ampicillin=R,aztreonam=S,cefazolin=R,cefepime=S,ceftriaxone=R,ciprofloxacin=R,ertapenem=S,gentamicin=S,meropenem=S,nitrofurantoin=S,tigecycline=S,tobramycin=S"
E.coli and Shigella,URMC_68,"""URMC_68"",""URMC_68_E_Col""",,PDT000543118.1,2019-07-12T14:50:37Z,"USA: Rochester, NY",sepsis,clinical,,PDS000149503.3,14.0,,SAMN10620140,GCA_004567495.1,"aadA5=COMPLETE,acrF=COMPLETE,blaCTX-M-15=COMPLETE,blaEC=COMPLETE,dfrA17=COMPLETE,gyrA_D87N=POINT,gyrA_S83L=POINT,mdtM=COMPLETE,mph(A)=COMPLETE,parC_E84V=POINT,parC_S80I=POINT,parE_I529L=POINT,ptsI_V25I=POINT,sul1=COMPLETE,tet(A)=COMPLETE,uhpT_E350Q=POINT",,"amikacin=S,ampicillin=R,aztreonam=S,cefazolin=R,cefepime=S,ceftriaxone=R,ciprofloxacin=R,ertapenem=S,gentamicin=S,imipenem=S,levofloxacin=R,meropenem=S,moxifloxacin=R,nitrofurantoin=I,tigecycline=S,tobramycin=S"
E.coli and Shigella,URMC_63,"""URMC_63"",""URMC_63_E_Col""",,PDT000543119.1,2019-07-12T14:50:38Z,"USA: Rochester, NY",sepsis,clinical,,PDS000231405.32,19.0,66.0,SAMN10620135,GCA_004567535.1,"aac(3)-IIe=COMPLETE,aac(6')-Ib-cr5=COMPLETE,aadA5=COMPLETE,acrF=COMPLETE,blaCTX-M-15=COMPLETE,blaEC=COMPLETE,blaOXA-1=COMPLETE,catB3=PARTIAL,dfrA17=COMPLETE,gyrA_D87N=POINT,gyrA_S83L=POINT,mdtM=COMPLETE,mph(A)=COMPLETE,parC_E84V=POINT,parC_S80I=POINT,parE_I529L=POINT,ptsI_V25I=POINT,sul1=COMPLETE,tet(A)=COMPLETE,uhpT_E350Q=POINT",,"amikacin=S,ampicillin=R,aztreonam=R,cefazolin=R,cefepime=S,ceftriaxone=R,ciprofloxacin=R,ertapenem=S,gentamicin=R,imipenem=S,levofloxacin=R,meropenem=S,moxifloxacin=R,nitrofurantoin=S,tigecycline=S,tobramycin=R"
E.coli and Shigella,URMC_57,"""URMC_57"",""URMC_57_E_Col""",,PDT000543120.1,2019-07-12T14:50:38Z,"USA: Rochester, NY",urine,clinical,,,,,SAMN10620129,GCA_004566955.1,"acrF=COMPLETE,blaCTX-M-55=COMPLETE,blaEC=COMPLETE,gyrA_D87N=POINT,gyrA_S83L=POINT,mdtM=COMPLETE,parC_S80I=POINT,parE_S458T=POINT",,"amikacin=S,aztreonam=R,cefazolin=R,cefepime=S,ceftriaxone=R,ciprofloxacin=R,ertapenem=S,gentamicin=S,meropenem=S,nitrofurantoin=S,tigecycline=S,tobramycin=S"
E.coli and Shigella,URMC_82,"""URMC_82"",""URMC_82_E_Col""",,PDT000543124.1,2019-07-12T14:50:38Z,"USA: Rochester, NY",sepsis,clinical,,PDS000035273.5,1.0,,SAMN10620153,GCA_004567405.1,"aac(3)-IId=COMPLETE,aadA5=COMPLETE,acrF=COMPLETE,aph(3'')-Ib=COMPLETE,aph(6)-Id=COMPLETE,blaCTX-M-15=COMPLETE,blaEC=COMPLETE,blaTEM-1=COMPLETE,dfrA17=COMPLETE,gyrA_D87N=POINT,gyrA_S83L=POINT,mdtM=COMPLETE,mph(A)=COMPLETE,parC_E84V=POINT,parC_S80I=POINT,parE_I529L=POINT,ptsI_V25I=POINT,sul1=COMPLETE,sul2=COMPLETE,tet(A)=COMPLETE,uhpT_E350Q=POINT",,"amikacin=S,ampicillin=R,aztreonam=R,cefazolin=R,cefepime=S,ceftriaxone=R,ciprofloxacin=R,ertapenem=S,gentamicin=R,imipenem=S,levofloxacin=R,meropenem=S,moxifloxacin=R,nitrofurantoin=S,tigecycline=S,tobramycin=I"
E.coli and Shigella,URMC_23,"""URMC_23"",""URMC_23_E_Col""",,PDT000543125.1,2019-07-12T14:50:38Z,"USA: Rochester, NY",urine,clinical,,PDS000048094.1,37.0,,SAMN10620101,GCA_004568205.1,"aadA5=COMPLETE,acrF=COMPLETE,aph(3'')-Ib=COMPLETE,aph(6)-Id=COMPLETE,blaCTX-M-27=COMPLETE,blaEC=COMPLETE,dfrA17=COMPLETE,gyrA_D87N=POINT,gyrA_S83L=POINT,mdtM=COMPLETE,mph(A)=COMPLETE,parC_E84V=POINT,parC_S80I=POINT,parE_I529L=POINT,ptsI_V25I=POINT,sul1=COMPLETE,sul2=COMPLETE,tet(A)=COMPLETE,uhpT_E350Q=POINT",,"amikacin=S,ampicillin=R,aztreonam=R,cefazolin=R,cefepime=S,ceftriaxone=R,ciprofloxacin=R,ertapenem=S,gentamicin=S,meropenem=S,nitrofurantoin=S,tigecycline=S,tobramycin=S"
E.coli and Shigella,URMC_36,"""URMC_36"",""URMC_36_E_Col""",,PDT000543127.1,2019-07-12T14:50:39Z,"USA: Rochester, NY",urine,clinical,,PDS000149466.3,3.0,,SAMN10620112,GCA_004567715.1,"aadA5=COMPLETE,acrF=COMPLETE,aph(3'')-Ib=COMPLETE,aph(6)-Id=COMPLETE,blaCTX-M-27=COMPLETE,blaEC=COMPLETE,blaTEM-1=COMPLETE,dfrA17=COMPLETE,gyrA_D87N=POINT,gyrA_S83L=POINT,mdtM=COMPLETE,mph(A)=COMPLETE,parC_E84V=POINT,parC_S80I=POINT,parE_I529L=POINT,ptsI_V25I=POINT,sul1=COMPLETE,sul2=COMPLETE,tet(A)=COMPLETE,uhpT_E350Q=POINT",,"amikacin=S,ampicillin=R,aztreonam=S,cefazolin=R,cefepime=S,ceftriaxone=R,ciprofloxacin=R,ertapenem=S,gentamicin=S,meropenem=S,nitrofurantoin=S,tigecycline=S,tobramycin=S"
E.coli and Shigella,URMC_58,"""URMC_58"",""URMC_58_E_Col""",,PDT000543128.1,2019-07-12T14:50:39Z,"USA: Rochester, NY",urine,clinical,,PDS000117091.382,13.0,16.0,SAMN10620130,GCA_004567585.1,"aadA5=COMPLETE,acrF=COMPLETE,aph(3'')-Ib=COMPLETE,aph(6)-Id=COMPLETE,blaCTX-M-27=COMPLETE,blaEC=COMPLETE,dfrA17=COMPLETE,gyrA_D87N=POINT,gyrA_S83L=POINT,mdtM=COMPLETE,mph(A)=COMPLETE,parC_E84V=POINT,parC_S80I=POINT,parE_I529L=POINT,ptsI_V25I=POINT,sul1=COMPLETE,sul2=COMPLETE,tet(A)=COMPLETE,uhpT_E350Q=POINT",,"amikacin=S,ampicillin=R,aztreonam=R,cefazolin=R,cefepime=S,ceftriaxone=R,ciprofloxacin=R,ertapenem=S,gentamicin=S,imipenem=S,levofloxacin=R,meropenem=S,moxifloxacin=R,nitrofurantoin=S,tigecycline=S,tobramycin=S"
E.coli and Shigella,URMC_25,"""URMC_25"",""URMC_25_E_Col""",,PDT000543130.1,2019-07-12T14:50:40Z,"USA: Rochester, NY",urine,clinical,,PDS000117091.382,23.0,23.0,SAMN10620103,GCA_004567265.1,"acrF=COMPLETE,blaCTX-M-134=COMPLETE,blaEC=COMPLETE,gyrA_D87N=POINT,gyrA_S83L=POINT,mdtM=COMPLETE,parC_E84V=POINT,parC_S80I=POINT,parE_I529L=POINT,ptsI_V25I=POINT,uhpT_E350Q=POINT",,"amikacin=S,ampicillin=R,aztreonam=S,cefazolin=R,cefepime=S,ceftriaxone=R,ciprofloxacin=R,ertapenem=S,gentamicin=S,meropenem=S,nitrofurantoin=S,tigecycline=S,tobramycin=S"
E.coli and Shigella,URMC_86,"""URMC_86"",""URMC_86_E_Col""",,PDT000543131.1,2019-07-12T14:50:40Z,"USA: Rochester, NY",sepsis,clinical,,PDS000052522.117,8.0,43.0,SAMN10620157,GCA_004567365.1,"aac(3)-IIe=COMPLETE,aac(6')-Ib-cr5=COMPLETE,acrF=COMPLETE,blaCTX-M-15=COMPLETE,blaEC=COMPLETE,blaOXA-1=COMPLETE,catB3=PARTIAL,gyrA_D87N=POINT,gyrA_S83L=POINT,mdtM=COMPLETE,parC_E84V=POINT,parC_S80I=POINT,parE_I529L=POINT,ptsI_V25I=POINT,tet(A)=COMPLETE,uhpT_E350Q=POINT",,"amikacin=S,ampicillin=R,aztreonam=R,cefazolin=R,cefepime=S,ceftriaxone=R,ciprofloxacin=R,ertapenem=S,gentamicin=R,imipenem=S,levofloxacin=R,meropenem=S,moxifloxacin=R,nitrofurantoin=S,tigecycline=S,tobramycin=R"
E.coli and Shigella,URMC_3,"""URMC_3"",""URMC_3_E_Col""",,PDT000543132.1,2019-07-12T14:50:40Z,"USA: Rochester, NY",urine,clinical,,PDS000052522.117,1.0,37.0,SAMN10620084,GCA_004567255.1,"aac(3)-IIe=COMPLETE,aac(6')-Ib-cr5=COMPLETE,acrF=COMPLETE,blaCTX-M-15=COMPLETE,blaEC=COMPLETE,blaOXA-1=COMPLETE,catB3=PARTIAL,gyrA_D87N=POINT,gyrA_S83L=POINT,mdtM=COMPLETE,parC_E84V=POINT,parC_S80I=POINT,parE_I529L=POINT,ptsI_V25I=POINT,tet(A)=COMPLETE,uhpT_E350Q=POINT",,"amikacin=S,ampicillin=R,aztreonam=R,cefazolin=R,cefepime=S,ceftriaxone=R,ciprofloxacin=R,ertapenem=S,gentamicin=R,meropenem=S,nitrofurantoin=S,tigecycline=S,tobramycin=R"
E.coli and Shigella,URMC_77,"""URMC_77"",""URMC_77_E_Col""",,PDT000543134.1,2019-07-12T14:50:41Z,"USA: Rochester, NY",sepsis,clinical,,PDS000035273.5,2.0,,SAMN10620148,GCA_004566665.1,"aac(3)-IId=COMPLETE,aadA5=COMPLETE,acrF=COMPLETE,aph(3'')-Ib=COMPLETE,aph(6)-Id=COMPLETE,blaCTX-M-15=COMPLETE,blaEC=COMPLETE,blaTEM-1=COMPLETE,dfrA17=COMPLETE,gyrA_D87N=POINT,gyrA_S83L=POINT,mdtM=COMPLETE,mph(A)=COMPLETE,parC_E84V=POINT,parC_S80I=POINT,parE_I529L=POINT,ptsI_V25I=POINT,sul1=COMPLETE,sul2=COMPLETE,tet(A)=COMPLETE,uhpT_E350Q=POINT",,"amikacin=S,ampicillin=R,aztreonam=R,cefazolin=R,cefepime=S,ceftriaxone=R,ciprofloxacin=R,ertapenem=S,gentamicin=R,imipenem=S,levofloxacin=R,meropenem=S,moxifloxacin=R,nitrofurantoin=S,tigecycline=S,tobramycin=I"
E.coli and Shigella,URMC_72,"""URMC_72"",""URMC_72_E_Col""",,PDT000543135.1,2019-07-12T14:50:41Z,"USA: Rochester, NY",sepsis,clinical,,,,,SAMN10620144,GCA_004566685.1,"aadA1=COMPLETE,acrF=COMPLETE,aph(3'')-Ib=COMPLETE,aph(6)-Id=COMPLETE,blaEC=COMPLETE,blaSHV-12=COMPLETE,blaTEM-1=COMPLETE,dfrA1=COMPLETE,gyrA_D87N=POINT,gyrA_S83L=POINT,mdtM=COMPLETE,parC_S80I=POINT,parE_S458A=POINT,qnrS1=COMPLETE,sul1=COMPLETE,sul2=COMPLETE,uhpT_E350Q=POINT",,"amikacin=S,ampicillin=R,aztreonam=R,cefazolin=R,cefepime=S,ceftriaxone=R,ciprofloxacin=R,ertapenem=S,gentamicin=S,imipenem=S,levofloxacin=R,meropenem=S,moxifloxacin=R,nitrofurantoin=S,tigecycline=S,tobramycin=S"
E.coli and Shigella,URMC_69,"""URMC_69"",""URMC_69_E_Col""",,PDT000543138.1,2019-07-12T14:50:42Z,"USA: Rochester, NY",sepsis,clinical,,PDS000117091.382,2.0,27.0,SAMN10620141,GCA_004566775.1,"acrF=COMPLETE,blaCTX-M-27=COMPLETE,blaEC=COMPLETE,gyrA_D87N=POINT,gyrA_S83L=POINT,mdtM=COMPLETE,parC_E84V=POINT,parC_S80I=POINT,parE_I529L=POINT,ptsI_V25I=POINT,uhpT_E350Q=POINT",,"amikacin=S,ampicillin=R,aztreonam=S,cefazolin=R,cefepime=S,ceftriaxone=R,ciprofloxacin=R,ertapenem=S,gentamicin=S,imipenem=S,levofloxacin=R,meropenem=S,moxifloxacin=R,nitrofurantoin=S,tigecycline=S,tobramycin=S"
E.coli and Shigella,URMC_79,"""URMC_79"",""URMC_79_E_Col""",,PDT000543139.1,2019-07-12T14:50:43Z,"USA: Rochester, NY",sepsis,clinical,,PDS000048086.6,11.0,,SAMN10620150,GCA_004566595.1,"aac(3)-IIe=COMPLETE,aadA1=COMPLETE,acrF=COMPLETE,aph(3'')-Ib=COMPLETE,aph(3')-Ia=COMPLETE,aph(6)-Id=COMPLETE,blaCTX-M-55=COMPLETE,blaEC=COMPLETE,blaTEM-1=COMPLETE,catA2=COMPLETE,dfrA14=COMPLETE,floR=COMPLETE,gyrA_D87N=POINT,gyrA_S83L=POINT,mdtM=COMPLETE,parC_S80I=POINT,parE_S458A=POINT,sul2=COMPLETE,sul3=COMPLETE,tet(A)=COMPLETE",,"amikacin=S,ampicillin=R,aztreonam=R,cefazolin=R,cefepime=S,ceftriaxone=R,ciprofloxacin=R,ertapenem=S,gentamicin=S,imipenem=S,levofloxacin=R,meropenem=S,moxifloxacin=R,nitrofurantoin=S,tigecycline=S,tobramycin=S"
E.coli and Shigella,URMC_56,"""URMC_56"",""URMC_56_E_Col""",,PDT000543140.1,2019-07-12T14:50:43Z,"USA: Rochester, NY",urine,clinical,,PDS000048103.6,6.0,,SAMN10620128,GCA_004566965.1,"aadA5=COMPLETE,acrF=COMPLETE,aph(3'')-Ib=COMPLETE,aph(6)-Id=COMPLETE,blaCTX-M-15=COMPLETE,blaEC=COMPLETE,dfrA17=COMPLETE,gyrA_D87N=POINT,gyrA_S83L=POINT,mdtM=COMPLETE,mph(A)=COMPLETE,parC_E84V=POINT,parC_S80I=POINT,parE_I529L=POINT,ptsI_V25I=POINT,sul1=COMPLETE,sul2=COMPLETE,tet(A)=COMPLETE,uhpT_E350Q=POINT",,"amikacin=S,ampicillin=R,aztreonam=R,cefazolin=R,cefepime=S,ceftriaxone=R,ciprofloxacin=R,ertapenem=S,gentamicin=S,meropenem=S,nitrofurantoin=S,tigecycline=S,tobramycin=S"
E.coli and Shigella,URMC_65,"""URMC_65"",""URMC_65_E_Col""",,PDT000543141.1,2019-07-12T14:50:43Z,"USA: Rochester, NY",sepsis,clinical,,PDS000039966.37,28.0,51.0,SAMN10620137,GCA_004566795.1,"aac(3)-IId=COMPLETE,aadA22=COMPLETE,aadA5=COMPLETE,acrF=COMPLETE,aph(3'')-Ib=COMPLETE,aph(3')-Ia=COMPLETE,aph(6)-Id=COMPLETE,blaCTX-M-1=COMPLETE,blaEC=COMPLETE,blaTEM-1=COMPLETE,catA1=COMPLETE,dfrA17=COMPLETE,gyrA_D87N=POINT,gyrA_S83L=POINT,lnu(F)=COMPLETE,mdtM=COMPLETE,mph(A)=COMPLETE,parC_A56T=POINT,parC_S80I=POINT,sul1=COMPLETE,sul2=COMPLETE,tet(B)=COMPLETE",,"amikacin=S,ampicillin=R,aztreonam=R,cefazolin=R,cefepime=S,ceftriaxone=R,ciprofloxacin=R,ertapenem=S,gentamicin=R,imipenem=S,levofloxacin=R,meropenem=S,moxifloxacin=R,nitrofurantoin=S,tigecycline=S,tobramycin=I"
E.coli and Shigella,URMC_87,"""URMC_87"",""URMC_87_E_Col""",,PDT000543142.1,2019-07-12T14:50:44Z,"USA: Rochester, NY",sepsis,clinical,,PDS000117091.382,18.0,28.0,SAMN10620158,GCA_004566465.1,"aadA5=COMPLETE,acrF=COMPLETE,aph(3'')-Ib=COMPLETE,aph(6)-Id=COMPLETE,blaCTX-M-27=COMPLETE,blaEC=COMPLETE,dfrA17=COMPLETE,gyrA_D87N=POINT,gyrA_S83L=POINT,mdtM=COMPLETE,mph(A)=COMPLETE,parC_E84V=POINT,parC_S80I=POINT,parE_I529L=POINT,ptsI_V25I=POINT,sul1=COMPLETE,sul2=COMPLETE,tet(A)=COMPLETE,uhpT_E350Q=POINT",,"amikacin=S,ampicillin=R,aztreonam=S,cefazolin=R,cefepime=S,ceftriaxone=R,ciprofloxacin=R,ertapenem=S,gentamicin=S,imipenem=S,levofloxacin=R,meropenem=S,moxifloxacin=R,nitrofurantoin=S,tigecycline=S,tobramycin=S"
E.coli and Shigella,URMC_81,"""URMC_81"",""URMC_81_E_Col""",,PDT000543143.1,2019-07-12T14:50:44Z,"USA: Rochester, NY",sepsis,clinical,,PDS000063328.6,19.0,,SAMN10620152,GCA_004566555.1,"aac(3)-IIe=COMPLETE,aac(6')-Ib-cr5=COMPLETE,acrF=COMPLETE,blaCTX-M-15=COMPLETE,blaEC=COMPLETE,blaOXA-1=COMPLETE,catB3=PARTIAL,gyrA_D87N=POINT,gyrA_S83L=POINT,mdtM=COMPLETE,parC_E84V=POINT,parC_S80I=POINT,parE_I529L=POINT,ptsI_V25I=POINT,uhpT_E350Q=POINT",,"amikacin=S,ampicillin=R,aztreonam=R,cefazolin=R,cefepime=R,ceftriaxone=R,ciprofloxacin=R,ertapenem=S,gentamicin=R,imipenem=S,levofloxacin=R,meropenem=S,moxifloxacin=R,nitrofurantoin=S,tigecycline=S,tobramycin=R"
E.coli and Shigella,URMC_96,"""URMC_96"",""URMC_96_E_Col""",,PDT000543144.1,2019-07-12T14:50:44Z,"USA: Rochester, NY",urine,clinical,,,,,SAMN10620167,GCA_004566385.1,"aadA5=COMPLETE,acrF=COMPLETE,aph(3'')-Ib=COMPLETE,aph(6)-Id=COMPLETE,blaCTX-M-27=COMPLETE,blaEC=COMPLETE,blaTEM=PARTIAL,blaTEM=PARTIAL_END_OF_CONTIG,cyaA_S352T=POINT,dfrA17=COMPLETE,gyrA_D87N=POINT,gyrA_S83L=POINT,mdtM=COMPLETE,mph(A)=COMPLETE,parC_S80I=POINT,sul1=COMPLETE,sul2=COMPLETE,tet(A)=COMPLETE",,"amikacin=S,ampicillin=R,aztreonam=R,cefazolin=R,cefepime=S,ceftriaxone=R,ciprofloxacin=R,ertapenem=S,gentamicin=S,meropenem=S,nitrofurantoin=S,tigecycline=S,tobramycin=S"
E.coli and Shigella,URMC_67,"""URMC_67"",""URMC_67_E_Col""",,PDT000543146.1,2019-07-12T14:50:45Z,"USA: Rochester, NY",sepsis,clinical,,PDS000117091.382,2.0,27.0,SAMN10620139,GCA_004566785.1,"acrF=COMPLETE,blaCTX-M-27=COMPLETE,blaEC=COMPLETE,gyrA_D87N=POINT,gyrA_S83L=POINT,mdtM=COMPLETE,parC_E84V=POINT,parC_S80I=POINT,parE_I529L=POINT,ptsI_V25I=POINT,uhpT_E350Q=POINT",,"amikacin=S,ampicillin=R,aztreonam=S,cefazolin=R,cefepime=S,ceftriaxone=R,ciprofloxacin=R,ertapenem=S,gentamicin=S,imipenem=S,levofloxacin=R,meropenem=S,moxifloxacin=R,nitrofurantoin=S,tigecycline=S,tobramycin=S"
E.coli and Shigella,URMC_89,"""URMC_89"",""URMC_89_E_Col""",,PDT000543147.1,2019-07-12T14:50:45Z,"USA: Rochester, NY",sepsis,clinical,,PDS000117091.382,26.0,27.0,SAMN10620160,GCA_004566455.1,"aadA5=COMPLETE,acrF=COMPLETE,aph(3'')-Ib=COMPLETE,aph(6)-Id=COMPLETE,blaCTX-M-27=COMPLETE,blaEC=COMPLETE,dfrA17=COMPLETE,gyrA_D87N=POINT,gyrA_S83L=POINT,mdtM=COMPLETE,mph(A)=COMPLETE,parC_E84V=POINT,parC_S80I=POINT,parE_I529L=POINT,ptsI_V25I=POINT,sul1=COMPLETE,sul2=COMPLETE,tet(A)=COMPLETE,uhpT_E350Q=POINT",,"amikacin=S,ampicillin=R,aztreonam=S,cefazolin=R,cefepime=S,ceftriaxone=R,ciprofloxacin=R,ertapenem=S,gentamicin=S,imipenem=S,levofloxacin=R,meropenem=S,moxifloxacin=R,nitrofurantoin=S,tigecycline=S,tobramycin=S"
E.coli and Shigella,URMC_61,"""URMC_61"",""URMC_61_E_Col""",,PDT000543148.1,2019-07-12T14:50:46Z,"USA: Rochester, NY",sepsis,clinical,,,,,SAMN10620133,GCA_004566875.1,"aac(3)-IId=COMPLETE,aadA5=COMPLETE,acrF=COMPLETE,aph(3'')-Ib=COMPLETE,aph(6)-Id=COMPLETE,blaCTX-M-14=COMPLETE,blaEC=COMPLETE,blaTEM-1=COMPLETE,dfrA17=COMPLETE,gyrA_D87N=POINT,gyrA_S83L=POINT,mdtM=COMPLETE,mph(A)=COMPLETE,parC_E84V=POINT,parC_S80I=POINT,parE_I529L=POINT,ptsI_V25I=POINT,sul1=COMPLETE,sul2=COMPLETE,tet(A)=COMPLETE,uhpT_E350Q=POINT",,"amikacin=S,ampicillin=R,aztreonam=R,cefazolin=R,cefepime=SDD,ceftriaxone=R,ciprofloxacin=R,ertapenem=S,gentamicin=R,imipenem=S,levofloxacin=R,meropenem=S,moxifloxacin=R,nitrofurantoin=S,tigecycline=S,tobramycin=I"
E.coli and Shigella,URMC_62,"""URMC_62"",""URMC_62_E_Col""",,PDT000543149.1,2019-07-12T14:50:46Z,"USA: Rochester, NY",sepsis,clinical,,PDS000041347.4,32.0,31.0,SAMN10620134,GCA_004566865.1,"acrF=COMPLETE,aph(3'')-Ib=COMPLETE,aph(6)-Id=COMPLETE,blaCTX-M-15=COMPLETE,blaEC=COMPLETE,blaTEM-1=COMPLETE,gyrA_D87N=POINT,gyrA_S83L=POINT,mdtM=COMPLETE,parC_S80I=POINT,parE_S458A=POINT,qnrS1=COMPLETE,rpoB_S531F=POINT,sul2=COMPLETE,tet(A)=COMPLETE",,"amikacin=S,ampicillin=R,aztreonam=R,cefazolin=R,cefepime=S,ceftriaxone=R,ciprofloxacin=R,ertapenem=S,gentamicin=S,imipenem=S,levofloxacin=R,meropenem=S,moxifloxacin=R,nitrofurantoin=S,tigecycline=S,tobramycin=S"
E.coli and Shigella,URMC_40,"""URMC_40"",""URMC_40_E_Col""",,PDT000543151.1,2019-07-12T14:50:47Z,"USA: Rochester, NY",urine,clinical,,PDS000174142.2,4.0,,SAMN10620115,GCA_004567115.1,"acrF=COMPLETE,blaEC=COMPLETE",,"amikacin=S,ampicillin=R,aztreonam=R,cefazolin=R,cefepime=S,ceftriaxone=R,ciprofloxacin=R,ertapenem=S,gentamicin=S,meropenem=S,nitrofurantoin=S,tigecycline=S,tobramycin=S"
E.coli and Shigella,URMC_74,"""URMC_74"",""URMC_74_E_Col""",,PDT000543210.1,2019-07-12T14:50:48Z,"USA: Rochester, NY",sepsis,clinical,,,,,SAMN10620146,GCA_004566675.1,"aac(3)-IIe=COMPLETE,aac(6')-Ib-cr5=COMPLETE,aadA5=COMPLETE,acrF=COMPLETE,blaCTX-M-15=COMPLETE,blaEC=COMPLETE,blaOXA-1=COMPLETE,blaTEM-1=COMPLETE,catB3=PARTIAL,dfrA17=COMPLETE,gyrA_D87N=POINT,gyrA_S83L=POINT,mdtM=COMPLETE,mph(A)=COMPLETE,parC_E84V=POINT,parC_S80I=POINT,parE_I529L=POINT,ptsI_V25I=POINT,sul1=COMPLETE,tet(A)=COMPLETE,uhpT_E350Q=POINT",,"amikacin=S,ampicillin=R,aztreonam=R,cefazolin=R,cefepime=R,ceftriaxone=R,ciprofloxacin=R,ertapenem=S,gentamicin=R,imipenem=S,levofloxacin=R,meropenem=S,moxifloxacin=R,nitrofurantoin=S,tigecycline=S,tobramycin=R"
E.coli and Shigella,URMC_90,"""URMC_90"",""URMC_90_E_Col""",,PDT000543211.1,2019-07-12T14:50:48Z,"USA: Rochester, NY",sepsis,clinical,,PDS000052522.117,1.0,35.0,SAMN10620161,GCA_004566415.1,"aac(3)-IIe=COMPLETE,aac(6')-Ib-cr5=COMPLETE,acrF=COMPLETE,blaCTX-M-15=COMPLETE,blaEC=COMPLETE,blaOXA-1=COMPLETE,catB3=PARTIAL,gyrA_D87N=POINT,gyrA_S83L=POINT,mdtM=COMPLETE,parC_E84V=POINT,parC_S80I=POINT,parE_I529L=POINT,ptsI_V25I=POINT,tet(A)=COMPLETE,uhpT_E350Q=POINT",,"amikacin=S,ampicillin=R,aztreonam=R,cefazolin=R,cefepime=S,ceftriaxone=R,ciprofloxacin=R,ertapenem=S,gentamicin=R,imipenem=S,levofloxacin=R,meropenem=S,moxifloxacin=R,nitrofurantoin=S,tigecycline=S,tobramycin=I"
E.coli and Shigella,URMC_48,"""URMC_48"",""URMC_48_E_Col""",,PDT000543216.1,2019-07-12T14:50:49Z,"USA: Rochester, NY",urine,clinical,,,,,SAMN10620121,GCA_004567075.1,"acrF=COMPLETE,blaCTX-M-15=COMPLETE,blaEC=COMPLETE,dfrA51=HMM,gyrA_D87N=POINT,gyrA_S83L=POINT,mdtM=COMPLETE,parC_E84V=POINT,parC_S80I=POINT,parE_I529L=POINT,ptsI_V25I=POINT,uhpT_E350Q=POINT",,"amikacin=S,ampicillin=R,aztreonam=R,cefazolin=R,ceftriaxone=R,ciprofloxacin=R,ertapenem=S,gentamicin=S,meropenem=S,nitrofurantoin=S,tigecycline=S,tobramycin=S"
E.coli and Shigella,URMC_55,"""URMC_55"",""URMC_55_E_Col""",,PDT000543222.1,2019-07-12T14:50:49Z,"USA: Rochester, NY",urine,clinical,,PDS000048091.1,17.0,,SAMN10620127,GCA_004566985.1,"aadA5=COMPLETE,acrF=COMPLETE,aph(3'')-Ib=COMPLETE,aph(6)-Id=COMPLETE,blaCTX-M-27=COMPLETE,blaEC=COMPLETE,cyaA_S352T=POINT,dfrA17=COMPLETE,erm(B)=COMPLETE,gyrA_D87N=POINT,gyrA_S83L=POINT,mdtM=COMPLETE,mph(A)=COMPLETE,parC_S57T=POINT,parC_S80I=POINT,parE_L416F=POINT,sul1=COMPLETE,sul2=COMPLETE,tet(A)=COMPLETE,uhpT_E350Q=POINT",,"amikacin=S,ampicillin=R,aztreonam=S,cefazolin=R,cefepime=S,ceftriaxone=R,ciprofloxacin=R,ertapenem=S,gentamicin=S,meropenem=S,nitrofurantoin=S,tigecycline=S,tobramycin=S"
E.coli and Shigella,URMC_6,"""URMC_6"",""URMC_6_E_Col""",,PDT000543226.1,2019-07-12T14:50:50Z,"USA: Rochester, NY",urine,clinical,,,,,SAMN10620086,GCA_004566895.1,"acrF=COMPLETE,blaCTX-M-27=COMPLETE,blaEC=COMPLETE,gyrA_D87N=POINT,gyrA_S83L=POINT,mdtM=COMPLETE,parC_E84V=POINT,parC_S80I=POINT,parE_I529L=POINT,ptsI_V25I=POINT,uhpT_E350Q=POINT",,"amikacin=S,aztreonam=R,cefazolin=R,cefepime=S,ceftriaxone=R,ciprofloxacin=R,ertapenem=S,levofloxacin=S,moxifloxacin=S,nitrofurantoin=S,tigecycline=S,tobramycin=S"
E.coli and Shigella,URMC_7,"""URMC_7"",""URMC_7_E_Col""",,PDT000543228.1,2019-07-12T14:50:51Z,"USA: Rochester, NY",drain from toe infection,clinical,,,,,SAMN10620087,GCA_004566765.1,"acrF=COMPLETE,blaCTX-M-15=COMPLETE,blaEC=COMPLETE,gyrA_D87N=POINT,gyrA_S83L=POINT,mdtM=COMPLETE,parC_E84V=POINT,parC_S80I=POINT,parE_I529L=POINT,ptsI_V25I=POINT,uhpT_E350Q=POINT",,"amikacin=S,ampicillin=R,aztreonam=R,cefazolin=R,cefepime=R,ceftriaxone=R,ciprofloxacin=R,ertapenem=S,gentamicin=S,imipenem=S,levofloxacin=R,meropenem=S,moxifloxacin=R,nitrofurantoin=S,tigecycline=S,tobramycin=S"
E.coli and Shigella,URMC_78,"""URMC_78"",""URMC_78_E_Col""",,PDT000543236.1,2019-07-12T14:50:51Z,"USA: Rochester, NY",sepsis,clinical,,PDS000035273.5,1.0,,SAMN10620149,GCA_004566645.1,"aac(3)-IId=COMPLETE,aadA5=COMPLETE,acrF=COMPLETE,aph(3'')-Ib=COMPLETE,aph(6)-Id=COMPLETE,blaCTX-M-15=COMPLETE,blaEC=COMPLETE,blaTEM-1=COMPLETE,dfrA17=COMPLETE,gyrA_D87N=POINT,gyrA_S83L=POINT,mdtM=COMPLETE,mph(A)=COMPLETE,parC_E84V=POINT,parC_S80I=POINT,parE_I529L=POINT,ptsI_V25I=POINT,sul1=COMPLETE,sul2=COMPLETE,tet(A)=COMPLETE,uhpT_E350Q=POINT",,"amikacin=S,ampicillin=R,aztreonam=R,cefazolin=R,cefepime=S,ceftriaxone=R,ciprofloxacin=R,ertapenem=S,gentamicin=R,imipenem=S,levofloxacin=R,meropenem=S,moxifloxacin=R,nitrofurantoin=S,tigecycline=S,tobramycin=I"
E.coli and Shigella,URMC_64,"""URMC_64"",""URMC_64_E_Col""",,PDT000543237.1,2019-07-12T14:50:51Z,"USA: Rochester, NY",sepsis,clinical,,PDS000085161.1,38.0,,SAMN10620136,GCA_004566835.1,"aac(3)-IIe=COMPLETE,aac(6')-Ib-cr5=COMPLETE,aadA5=COMPLETE,acrF=COMPLETE,blaCTX-M-15=COMPLETE,blaEC=COMPLETE,blaOXA-1=COMPLETE,catB3=PARTIAL,dfrA17=COMPLETE,gyrA_D87N=POINT,gyrA_S83L=POINT,mdtM=COMPLETE,mph(A)=COMPLETE,parC_E84V=POINT,parC_S80I=POINT,parE_I529L=POINT,ptsI_V25I=POINT,sul1=COMPLETE,tet(A)=COMPLETE,uhpT_E350Q=POINT",,"amikacin=S,ampicillin=R,aztreonam=R,cefazolin=R,cefepime=S,ceftriaxone=R,ciprofloxacin=R,ertapenem=S,gentamicin=R,imipenem=S,levofloxacin=R,meropenem=S,moxifloxacin=R,nitrofurantoin=S,tigecycline=S,tobramycin=I"
E.coli and Shigella,URMC_59,"""URMC_59"",""URMC_59_E_Col""",,PDT000543238.1,2019-07-12T14:50:52Z,"USA: Rochester, NY",urine,clinical,,PDS000034871.21,37.0,,SAMN10620131,GCA_004566915.1,"aadA5=COMPLETE,acrF=COMPLETE,aph(3'')-Ib=COMPLETE,aph(6)-Id=COMPLETE,blaCTX-M-15=COMPLETE,blaEC=PARTIAL_END_OF_CONTIG,dfrA17=COMPLETE,gyrA_D87N=POINT,gyrA_S83L=POINT,mdtM=COMPLETE,mph(A)=COMPLETE,parC_E84V=POINT,parC_S80I=POINT,parE_I529L=POINT,ptsI_V25I=POINT,sul1=COMPLETE,sul2=COMPLETE,tet(A)=COMPLETE,uhpT_E350Q=POINT",,"amikacin=S,ampicillin=R,aztreonam=R,cefazolin=R,cefepime=R,ceftriaxone=R,ciprofloxacin=R,ertapenem=S,gentamicin=S,meropenem=S,nitrofurantoin=S,tigecycline=S,tobramycin=S"
E.coli and Shigella,URMC_70,"""URMC_70"",""URMC_70_E_Col""",,PDT000543240.1,2019-07-12T14:50:52Z,"USA: Rochester, NY",sepsis,clinical,,PDS000048102.4,34.0,,SAMN10620142,GCA_004566755.1,"aadA5=COMPLETE,acrF=COMPLETE,arr-3=COMPLETE,blaCTX-M-15=COMPLETE,blaEC=COMPLETE,blaOXA=COMPLETE,catB3=COMPLETE,cyaA_S352T=POINT,dfrA17=COMPLETE,gyrA_D87N=POINT,gyrA_S83L=POINT,mph(A)=COMPLETE,parC_S80I=POINT,parE_S458A=POINT,sul1=COMPLETE,tet(B)=COMPLETE",,"amikacin=S,ampicillin=R,aztreonam=R,cefazolin=R,cefepime=SDD,ceftriaxone=R,ciprofloxacin=R,ertapenem=S,gentamicin=S,imipenem=S,levofloxacin=R,meropenem=S,moxifloxacin=R,nitrofurantoin=S,tigecycline=S,tobramycin=I"
E.coli and Shigella,19OR06PC04-EC,"""19OR06PC04-EC"",""SRS5114044""",,PDT000545604.1,2019-07-18T23:54:26Z,USA:OR,Pork Chops,environmental/other,,,,,SAMN12307939,GCA_012318505.1,"acrF=COMPLETE,blaEC=COMPLETE,emrD=COMPLETE,mdtM=COMPLETE,qnrB19=COMPLETE,tet(A)=COMPLETE",,"amoxicillin-clavulanic acid=S,ampicillin=S,azithromycin=S,cefoxitin=S,ceftriaxone=S,chloramphenicol=S,ciprofloxacin=R,gentamicin=S,meropenem=S,nalidixic acid=S,streptomycin=S,sulfisoxazole=S,tetracycline=R,trimethoprim-sulfamethoxazole=S"
E.coli and Shigella,CVM N18EC1310,"""CVM N18EC1310"",""SRS5171927""",,PDT000550383.1,2019-07-29T14:32:25Z,USA:SC,Pork Chop (bone-in),environmental/other,,,,,SAMN12359572,GCA_012315005.1,"acrF=COMPLETE,blaEC=COMPLETE,mdtM=COMPLETE,qnrB19=COMPLETE,tet(A)=COMPLETE",,"amoxicillin-clavulanic acid=S,ampicillin=S,azithromycin=S,cefoxitin=S,ceftriaxone=S,chloramphenicol=S,ciprofloxacin=R,gentamicin=S,meropenem=S,nalidixic acid=S,streptomycin=S,sulfisoxazole=S,tetracycline=R,trimethoprim-sulfamethoxazole=S"
E.coli and Shigella,CVM N18EC1224,"""CVM N18EC1224"",""SRS5277695""",,PDT000565993.1,2019-08-16T15:34:47Z,USA:TX,Pork Chop (bone-in),environmental/other,,,,,SAMN12360027,GCA_012993085.1,"aadA5=COMPLETE,acrF=COMPLETE,blaEC=COMPLETE,cyaA_S352T=POINT,dfrA17=COMPLETE,dfrA51=COMPLETE,mdtM=COMPLETE,qnrS1=COMPLETE,sul2=COMPLETE,tet(A)=COMPLETE",,"amoxicillin-clavulanic acid=S,ampicillin=S,azithromycin=S,cefoxitin=S,ceftriaxone=S,chloramphenicol=S,ciprofloxacin=R,gentamicin=S,meropenem=S,nalidixic acid=S,streptomycin=S,sulfisoxazole=R,tetracycline=R,trimethoprim-sulfamethoxazole=R"
E.coli and Shigella,CVM N18EC0886,"""CVM N18EC0886"",""SRS5277665""",,PDT000566023.1,2019-08-16T15:34:53Z,USA:KS,Pork Chop,environmental/other,,,,,SAMN12359878,GCA_012992565.1,"acrF=PARTIAL,blaEC=COMPLETE,mdtM=COMPLETE,qnrB19=COMPLETE,tet(B)=COMPLETE",,"amoxicillin-clavulanic acid=S,ampicillin=S,azithromycin=S,cefoxitin=S,ceftriaxone=S,chloramphenicol=S,ciprofloxacin=R,gentamicin=S,meropenem=S,nalidixic acid=S,streptomycin=S,sulfisoxazole=S,tetracycline=R,trimethoprim-sulfamethoxazole=S"
E.coli and Shigella,CVM N18EC1216,"""CVM N18EC1216"",""SRS5277614""",,PDT000566072.1,2019-08-16T15:35:02Z,USA:TX,ground turkey,environmental/other,,PDS000107052.2,,,SAMN12360023,GCA_012991535.1,"acrF=COMPLETE,aph(3'')-Ib=COMPLETE,aph(3')-Ia=COMPLETE,aph(6)-Id=COMPLETE,blaEC=COMPLETE,blaHER-3=COMPLETE,gyrA_S83L=POINT,mdtM=COMPLETE,sul2=COMPLETE,tet(B)=COMPLETE",,"amoxicillin-clavulanic acid=I,ampicillin=R,azithromycin=S,cefoxitin=S,ceftriaxone=S,chloramphenicol=S,ciprofloxacin=R,gentamicin=S,meropenem=S,nalidixic acid=R,streptomycin=R,sulfisoxazole=R,tetracycline=R,trimethoprim-sulfamethoxazole=S"
E.coli and Shigella,CVM N18EC0225,"""CVM N18EC0225"",""SRS5277612""",,PDT000566074.1,2019-08-16T15:35:03Z,USA:TX,Pork Chop,environmental/other,,,,,SAMN12359619,GCA_012991465.1,"acrF=COMPLETE,blaEC=COMPLETE,mdtM=COMPLETE,qnrB19=COMPLETE,tet(B)=COMPLETE",,"amoxicillin-clavulanic acid=S,ampicillin=S,azithromycin=S,cefoxitin=S,ceftriaxone=S,chloramphenicol=S,ciprofloxacin=R,gentamicin=S,meropenem=S,nalidixic acid=S,streptomycin=S,sulfisoxazole=S,tetracycline=R,trimethoprim-sulfamethoxazole=S"
E.coli and Shigella,CVM N18EC0494,"""CVM N18EC0494"",""SRS5277985""",,PDT000566127.1,2019-08-16T15:35:12Z,USA:SD,ground turkey,environmental/other,,PDS000020209.12,24.0,,SAMN12359698,GCA_012990405.1,"aadA2=COMPLETE,acrF=COMPLETE,blaEC=COMPLETE,blaTEM-135=COMPLETE,dfrA12=COMPLETE,gyrA_D87N=POINT,gyrA_S83L=POINT,mdtM=COMPLETE,parC_A56T=POINT,parC_S80I=POINT,sul3=COMPLETE,sul3=PARTIAL_END_OF_CONTIG,tet(B)=COMPLETE,tet(M)=COMPLETE",,"amoxicillin-clavulanic acid=I,ampicillin=R,azithromycin=S,cefoxitin=S,ceftriaxone=S,chloramphenicol=S,ciprofloxacin=R,gentamicin=S,meropenem=S,nalidixic acid=R,streptomycin=S,sulfisoxazole=R,tetracycline=R,trimethoprim-sulfamethoxazole=R"
E.coli and Shigella,CVM N18EC0542,"""CVM N18EC0542"",""SRS5277875""",,PDT000566233.1,2019-08-16T15:35:30Z,USA:CA,ground turkey,environmental/other,,PDS000049479.9,7.0,20.0,SAMN12359719,GCA_012988525.1,"aac(3)-VIa=COMPLETE,aac(3)-VIa=PARTIAL_END_OF_CONTIG,aadA1=COMPLETE,acrF=COMPLETE,blaEC=COMPLETE,blaHER-3=COMPLETE,gyrA_D87N=POINT,gyrA_S83L=POINT,mdtM=COMPLETE,parC_A56T=POINT,parC_S80I=POINT,sul1=COMPLETE,tet(B)=COMPLETE",,"amoxicillin-clavulanic acid=S,ampicillin=R,azithromycin=S,cefoxitin=S,ceftriaxone=S,chloramphenicol=S,ciprofloxacin=R,gentamicin=R,meropenem=S,nalidixic acid=R,streptomycin=R,sulfisoxazole=R,tetracycline=R,trimethoprim-sulfamethoxazole=S"
E.coli and Shigella,CVM N18EC0416,"""CVM N18EC0416"",""SRS5286562""",,PDT000568773.1,2019-08-21T01:42:09Z,USA:PA,ground turkey,environmental/other,,,,,SAMN12587167,GCA_012007605.1,"aac(3)-IVa=COMPLETE,aadA1=COMPLETE,aadA2=COMPLETE,aph(4)-Ia=COMPLETE,blaEC=COMPLETE,blaEC=PARTIAL_END_OF_CONTIG,blaTEM-1=COMPLETE,blaTEM=COMPLETE,cmlA1=COMPLETE,cmlA1=MISTRANSLATION,dfrA12=COMPLETE,gyrA_D87N=POINT,gyrA_S83L=POINT,mdtM=COMPLETE,mef(B)=COMPLETE,parE_L416F=POINT,sul2=COMPLETE,sul3=COMPLETE,tet(A)=COMPLETE",,"amoxicillin-clavulanic acid=S,ampicillin=R,azithromycin=S,cefoxitin=S,ceftriaxone=S,chloramphenicol=R,ciprofloxacin=R,gentamicin=R,meropenem=S,nalidixic acid=R,streptomycin=S,sulfisoxazole=R,tetracycline=R,trimethoprim-sulfamethoxazole=R"
E.coli and Shigella,CVM N18EC1301,"""CVM N18EC1301"",""SRS5286582""",,PDT000570973.1,2019-08-22T12:31:23Z,USA:SC,Ground Beef,environmental/other,,PDS000045884.3,32.0,37.0,SAMN12587178,GCA_014345885.1,"aadA2=COMPLETE,acrF=COMPLETE,aph(3'')-Ib=COMPLETE,aph(6)-Id=COMPLETE,blaEC=COMPLETE,dfrA12=COMPLETE,floR=COMPLETE,gyrA_D87N=POINT,gyrA_S83L=POINT,mdtM=COMPLETE,parC_S80I=POINT,sul1=COMPLETE,sul2=COMPLETE,tet(A)=COMPLETE",,"amoxicillin-clavulanic acid=S,ampicillin=S,azithromycin=S,cefoxitin=S,ceftriaxone=S,chloramphenicol=R,ciprofloxacin=R,gentamicin=S,meropenem=S,nalidixic acid=R,streptomycin=R,sulfisoxazole=R,tetracycline=R,trimethoprim-sulfamethoxazole=R"
E.coli and Shigella,CVM N17EC1164,"""CVM N17EC1164"",""SRS3967579""",,PDT000588009.1,2019-09-16T15:36:04Z,USA:TX,Pork Chops bone-in,environmental/other,,,,,SAMN10221523,GCA_008386435.1,"aadA1=COMPLETE,aadA2=COMPLETE,acrF=COMPLETE,blaEC=COMPLETE,blaTEM-1=COMPLETE,cmlA1=COMPLETE,dfrA12=COMPLETE,mdtM=COMPLETE,qnrS1=COMPLETE,sul3=COMPLETE,tet(A)=COMPLETE,tet(M)=COMPLETE",,"amoxicillin-clavulanic acid=S,ampicillin=R,azithromycin=S,cefoxitin=S,ceftriaxone=I,chloramphenicol=R,ciprofloxacin=R,gentamicin=S,meropenem=S,nalidixic acid=S,streptomycin=R,sulfisoxazole=R,tetracycline=R,trimethoprim-sulfamethoxazole=R"
E.coli and Shigella,19IA08PC06-EC,"""19IA08PC06-EC"",""CFSAN099624"",""SRS5438866""",,PDT000594324.1,2019-09-27T00:28:11Z,USA:IA,pork chop,environmental/other,,PDS000080720.1,35.0,,SAMN12846560,GCA_012451685.1,"acrF=COMPLETE,blaEC=COMPLETE,mdtM=COMPLETE,qnrB19=COMPLETE",,"amoxicillin-clavulanic acid=S,ampicillin=S,azithromycin=S,cefoxitin=S,ceftriaxone=S,chloramphenicol=S,ciprofloxacin=R,gentamicin=S,meropenem=S,nalidixic acid=S,streptomycin=S,sulfisoxazole=S,tetracycline=S,trimethoprim-sulfamethoxazole=S"
E.coli and Shigella,19CO04PC01-EC,"""19CO04PC01-EC"",""SRS5597417""",,PDT000621302.1,2019-11-01T00:36:03Z,USA:CO,Pork Chop,environmental/other,,,,,SAMN13172701,GCA_012619805.1,"acrF=COMPLETE,blaEC=COMPLETE,mdtM=COMPLETE,qnrB19=COMPLETE,tet(B)=COMPLETE",,"amoxicillin-clavulanic acid=S,ampicillin=S,azithromycin=S,cefoxitin=S,ceftriaxone=S,chloramphenicol=S,ciprofloxacin=R,gentamicin=S,meropenem=S,nalidixic acid=S,streptomycin=S,sulfisoxazole=S,tetracycline=R,trimethoprim-sulfamethoxazole=S"
E.coli and Shigella,19SD09PC08-EC,"""19SD09PC08-EC"",""CFSAN101405"",""SRS5697095""",,PDT000631566.1,2019-11-21T23:32:22Z,USA:SD,pork chop,environmental/other,,,,,SAMN13340364,GCA_012614065.1,"acrF=COMPLETE,blaEC=COMPLETE,blaTEM-1=COMPLETE,gyrA_S83L=POINT,mdtM=COMPLETE,tet(A)=COMPLETE",,"amoxicillin-clavulanic acid=S,ampicillin=R,azithromycin=S,cefoxitin=S,ceftriaxone=S,chloramphenicol=S,ciprofloxacin=R,gentamicin=S,meropenem=S,nalidixic acid=R,streptomycin=S,sulfisoxazole=S,tetracycline=R,trimethoprim-sulfamethoxazole=S"
E.coli and Shigella,CVM N19EC0558,"""CVM N19EC0558"",""SRS5756004""",,PDT000639555.1,2019-12-05T03:30:05Z,USA:CA,Chicken Breasts,environmental/other,,PDS000054139.10,20.0,18.0,SAMN12990657,GCA_012609195.1,"acrF=COMPLETE,blaEC=COMPLETE,gyrA_S83L=POINT,mdtM=COMPLETE,tet(A)=COMPLETE",,"amoxicillin-clavulanic acid=S,ampicillin=S,azithromycin=S,cefoxitin=S,ceftriaxone=S,chloramphenicol=S,ciprofloxacin=R,gentamicin=S,meropenem=S,nalidixic acid=R,streptomycin=S,sulfisoxazole=S,tetracycline=R,trimethoprim-sulfamethoxazole=S"
E.coli and Shigella,CVM N19EC0529,"""CVM N19EC0529"",""SRS5756000""",,PDT000639558.1,2019-12-05T03:30:06Z,USA:SD,Pork Chop,environmental/other,,,,,SAMN12990653,GCA_012609155.1,"acrF=COMPLETE,blaCMY-2=COMPLETE,blaEC=COMPLETE,blaTEM-1=COMPLETE,emrD=COMPLETE,gyrA_S83L=POINT,mdtM=COMPLETE",,"amoxicillin-clavulanic acid=R,ampicillin=R,azithromycin=S,cefoxitin=R,ceftriaxone=R,chloramphenicol=S,ciprofloxacin=R,gentamicin=S,meropenem=S,nalidixic acid=R,streptomycin=S,sulfisoxazole=S,tetracycline=S,trimethoprim-sulfamethoxazole=S"
E.coli and Shigella,CVM N19EC0489,"""CVM N19EC0489"",""SRS5755983""",,PDT000639575.1,2019-12-05T03:30:11Z,USA:IA,Pork Chop,environmental/other,,,,,SAMN12990636,GCA_012609025.1,"aac(3)-IIe=COMPLETE,aadA1=COMPLETE,acrF=COMPLETE,aph(3'')-Ib=COMPLETE,aph(3')-IIa=COMPLETE,aph(3')-Ia=COMPLETE,aph(6)-Ic=PARTIAL,aph(6)-Id=COMPLETE,blaCTX-M-55=COMPLETE,blaEC=COMPLETE,ble=COMPLETE,estX-3=COMPLETE,gyrA_D87N=POINT,gyrA_S83L=POINT,mdtM=COMPLETE,parC_A56T=POINT,parC_S80I=POINT,sul2=COMPLETE,sul3=COMPLETE,sul3=PARTIAL_END_OF_CONTIG,tet(B)=COMPLETE",,"amoxicillin-clavulanic acid=S,ampicillin=R,azithromycin=S,cefoxitin=S,ceftriaxone=R,chloramphenicol=S,ciprofloxacin=R,gentamicin=R,meropenem=S,nalidixic acid=R,streptomycin=R,sulfisoxazole=R,tetracycline=R,trimethoprim-sulfamethoxazole=S"
E.coli and Shigella,CVM N19EC0473,"""CVM N19EC0473"",""SRS5755968""",,PDT000639590.1,2019-12-05T03:30:16Z,USA:IA,ground turkey,environmental/other,,PDS000033244.6,19.0,36.0,SAMN12990622,GCA_012608495.1,"aac(3)-IId=COMPLETE,acrF=COMPLETE,blaCTX-M-55=COMPLETE,blaEC=COMPLETE,mdtM=COMPLETE,qnrS1=COMPLETE,tet(A)=COMPLETE",,"amoxicillin-clavulanic acid=S,ampicillin=R,azithromycin=S,cefoxitin=S,ceftriaxone=R,chloramphenicol=S,ciprofloxacin=R,gentamicin=R,meropenem=S,nalidixic acid=S,streptomycin=S,sulfisoxazole=S,tetracycline=R,trimethoprim-sulfamethoxazole=S"
E.coli and Shigella,CVM N19EC0471,"""CVM N19EC0471"",""SRS5755966""",,PDT000639592.1,2019-12-05T03:30:17Z,USA:IA,Chicken Whole - cut in lab,environmental/other,,PDS000230409.1,32.0,,SAMN12990620,GCA_012608355.1,"aac(3)-VIa=COMPLETE,aadA1=COMPLETE,acrF=COMPLETE,aph(3'')-Ib=COMPLETE,aph(6)-Id=COMPLETE,blaEC=COMPLETE,gyrA_D87Y=POINT,mdtM=COMPLETE,sul1=COMPLETE,tet(A)=COMPLETE",,"amoxicillin-clavulanic acid=S,ampicillin=S,azithromycin=S,cefoxitin=S,ceftriaxone=S,chloramphenicol=S,ciprofloxacin=R,gentamicin=R,meropenem=S,nalidixic acid=R,streptomycin=R,sulfisoxazole=R,tetracycline=R,trimethoprim-sulfamethoxazole=S"
E.coli and Shigella,19CA09GT15-UCD-EC,"""19CA09GT15-UCD-EC"",""CFSAN101073"",""SRS5756101""",,PDT000639817.1,2019-12-05T15:27:15Z,USA:CA,ground turkey,environmental/other,,PDS000107095.2,35.0,,SAMN13474469,GCA_012606315.1,"acrF=MISTRANSLATION,blaEC=COMPLETE,blaTEM-1=COMPLETE,mdtM=COMPLETE,qnrS1=COMPLETE,tet(A)=COMPLETE",,"amoxicillin-clavulanic acid=S,ampicillin=R,azithromycin=S,cefoxitin=S,ceftriaxone=S,chloramphenicol=S,ciprofloxacin=R,gentamicin=S,meropenem=S,nalidixic acid=S,streptomycin=S,sulfisoxazole=S,tetracycline=R,trimethoprim-sulfamethoxazole=S"
E.coli and Shigella,19NC11PC02_EC,"""19NC11PC02_EC"",""CFSAN101944"",""SRS5761103""",,PDT000639899.1,2019-12-05T15:27:41Z,USA:NC,ground pork (Sus scrofa),environmental/other,,,,,SAMN13482050,GCA_012608095.1,"aadA1=COMPLETE,aadA1=PARTIAL_END_OF_CONTIG,aadA2=COMPLETE,acrF=COMPLETE,blaEC=COMPLETE,blaTEM-1=COMPLETE,cmlA1=COMPLETE,dfrA12=COMPLETE,estX=COMPLETE,floR=COMPLETE,floR=PARTIAL_END_OF_CONTIG,mdtM=COMPLETE,qnrB19=COMPLETE,sat2=COMPLETE,sul2=COMPLETE,sul3=COMPLETE,tet(B)=COMPLETE,tet(M)=COMPLETE",,"amoxicillin-clavulanic acid=S,ampicillin=R,azithromycin=S,cefoxitin=S,ceftriaxone=S,chloramphenicol=R,ciprofloxacin=R,gentamicin=S,meropenem=S,nalidixic acid=S,streptomycin=S,sulfisoxazole=R,tetracycline=R,trimethoprim-sulfamethoxazole=R"
E.coli and Shigella,CVM N19EC0173,"""CVM N19EC0173"",""SRS5823568""",,PDT000644843.1,2019-12-15T00:08:14Z,USA:SC,ground turkey,environmental/other,,PDS000076276.5,11.0,,SAMN12943572,GCA_012604575.1,"acrF=COMPLETE,blaEC=COMPLETE,mdtM=COMPLETE,uhpT_E350Q=POINT",,"amoxicillin-clavulanic acid=S,ampicillin=S,azithromycin=S,cefoxitin=S,ceftriaxone=S,chloramphenicol=S,ciprofloxacin=R,gentamicin=S,meropenem=S,nalidixic acid=S,streptomycin=S,sulfisoxazole=S,tetracycline=S,trimethoprim-sulfamethoxazole=S"
E.coli and Shigella,CVM N19EC0398,"""CVM N19EC0398"",""SRS5823557""",,PDT000644852.1,2019-12-15T00:08:18Z,USA:NC,Ground Turkey (patties),environmental/other,,,,,SAMN12943708,GCA_012604335.1,"acrF=COMPLETE,blaEC=COMPLETE,gyrA_S83L=POINT,mdtM=COMPLETE",,"amoxicillin-clavulanic acid=S,ampicillin=S,azithromycin=S,cefoxitin=S,ceftriaxone=S,chloramphenicol=S,ciprofloxacin=R,gentamicin=S,meropenem=S,nalidixic acid=R,streptomycin=S,sulfisoxazole=S,tetracycline=S,trimethoprim-sulfamethoxazole=S"
E.coli and Shigella,CVM N19EC0391,"""CVM N19EC0391"",""SRS5823552""",,PDT000644859.1,2019-12-15T00:08:21Z,USA:KS,Chicken Thighs,environmental/other,,,,,SAMN12943702,GCA_012604195.1,"aac(3)-IId=COMPLETE,acrF=PARTIAL,blaEC=COMPLETE,cyaA_S352T=POINT,gyrA_D87N=POINT,gyrA_S83L=POINT,mdtM=COMPLETE,parC_E84G=POINT,parC_S80I=POINT,parE_I355T=POINT,uhpT_E350Q=POINT",,"amoxicillin-clavulanic acid=S,ampicillin=S,azithromycin=S,cefoxitin=S,ceftriaxone=S,chloramphenicol=S,ciprofloxacin=R,gentamicin=R,meropenem=S,nalidixic acid=R,streptomycin=S,sulfisoxazole=S,tetracycline=S,trimethoprim-sulfamethoxazole=S"
E.coli and Shigella,CVM N19EC0079,"""CVM N19EC0079"",""SRS5823482""",,PDT000644930.1,2019-12-15T00:08:51Z,USA:GA,Chicken Thighs,environmental/other,,,,,SAMN12943494,GCA_012602595.1,"aadA1=COMPLETE,aadA1=PARTIAL_END_OF_CONTIG,aadA2=COMPLETE,acrF=COMPLETE,blaEC=COMPLETE,cmlA1=COMPLETE,dfrA12=COMPLETE,mdtM=COMPLETE,qnrS1=COMPLETE,qnrS=COMPLETE,sul3=COMPLETE,tet(A)=COMPLETE",,"amoxicillin-clavulanic acid=S,ampicillin=S,azithromycin=S,cefoxitin=S,ceftriaxone=S,chloramphenicol=R,ciprofloxacin=R,gentamicin=S,meropenem=S,nalidixic acid=S,streptomycin=S,sulfisoxazole=R,tetracycline=R,trimethoprim-sulfamethoxazole=R"
E.coli and Shigella,CVM N19EC0305,"""CVM N19EC0305"",""SRS5823399""",,PDT000645011.1,2019-12-15T00:09:26Z,USA:TX,Pork Chop,environmental/other,,,,,SAMN12943644,GCA_012601175.1,"aadA1=COMPLETE,aadA1=PARTIAL_END_OF_CONTIG,aadA2=COMPLETE,acrF=COMPLETE,aph(3'')-Ib=COMPLETE,aph(3')-Ia=COMPLETE,aph(6)-Id=COMPLETE,blaEC=COMPLETE,cmlA1=COMPLETE,cmlA1=PARTIAL_END_OF_CONTIG,dfrA12=COMPLETE,mdtM=PARTIAL,qnrB19=COMPLETE,sul3=COMPLETE,tet(B)=COMPLETE",,"amoxicillin-clavulanic acid=S,ampicillin=S,azithromycin=S,cefoxitin=S,ceftriaxone=S,chloramphenicol=I,ciprofloxacin=R,gentamicin=S,meropenem=S,nalidixic acid=S,streptomycin=R,sulfisoxazole=R,tetracycline=R,trimethoprim-sulfamethoxazole=R"
E.coli and Shigella,CVM N19EC0290,"""CVM N19EC0290"",""SRS5823386""",,PDT000645025.1,2019-12-15T00:09:32Z,USA:SD,Pork Chop,environmental/other,,,,,SAMN12943632,GCA_012600665.1,"acrF=COMPLETE,blaEC=COMPLETE,blaTEM-1=COMPLETE,gyrA_S83L=POINT,parE_I529L=POINT,ptsI_V25I=POINT,tet(A)=COMPLETE,uhpT_E350Q=POINT",,"amoxicillin-clavulanic acid=S,ampicillin=R,azithromycin=S,cefoxitin=S,ceftriaxone=S,chloramphenicol=S,ciprofloxacin=R,gentamicin=S,meropenem=S,nalidixic acid=R,streptomycin=S,sulfisoxazole=S,tetracycline=R,trimethoprim-sulfamethoxazole=S"
E.coli and Shigella,CVM N19EC0435,"""CVM N19EC0435"",""SRS5823312""",,PDT000645098.1,2019-12-15T00:10:05Z,USA:TN,ground turkey,environmental/other,,,,,SAMN12943738,GCA_012600115.1,"acrF=COMPLETE,aph(3'')-Ib=COMPLETE,aph(6)-Id=COMPLETE,blaEC=COMPLETE,gyrA_S83L=POINT,mdtM=COMPLETE",,"amoxicillin-clavulanic acid=S,ampicillin=S,azithromycin=S,cefoxitin=S,ceftriaxone=S,chloramphenicol=S,ciprofloxacin=R,gentamicin=S,meropenem=S,nalidixic acid=R,streptomycin=R,sulfisoxazole=S,tetracycline=S,trimethoprim-sulfamethoxazole=S"
E.coli and Shigella,19IA12GB04-EC,"""19IA12GB04-EC"",""CFSAN103440"",""SRS6060573""",,PDT000669509.1,2020-01-25T01:12:46Z,USA:IA,ground beef,environmental/other,,PDS000019624.7,39.0,,SAMN13920676,GCA_012653125.1,"acrF=COMPLETE,aph(3'')-Ib=COMPLETE,aph(6)-Id=COMPLETE,blaEC=COMPLETE,emrD=COMPLETE,floR=COMPLETE,gyrA_S83L=POINT,mdtM=COMPLETE,sul2=COMPLETE,tet(A)=COMPLETE",,"amoxicillin-clavulanic acid=S,ampicillin=S,azithromycin=S,cefoxitin=S,ceftriaxone=S,chloramphenicol=R,ciprofloxacin=R,gentamicin=S,meropenem=S,nalidixic acid=R,streptomycin=R,sulfisoxazole=R,tetracycline=R,trimethoprim-sulfamethoxazole=S"
E.coli and Shigella,unkown,"""B1Heidi014"",""SRS5599229"",""unkown""",,PDT000724068.1,2020-04-20T20:16:41Z,USA:Cincinnati,urine,clinical,,,,,SAMN13176242,GCA_012909805.1,"aac(3)-IId=COMPLETE,acrF=COMPLETE,blaEC=COMPLETE,blaTEM-1=COMPLETE,gyrA_D87N=POINT,gyrA_S83L=POINT,mdtM=COMPLETE,parC_E84V=POINT,parC_S80I=POINT,parE_I529L=POINT,ptsI_V25I=POINT,uhpT_E350Q=POINT",,"amikacin=S,ampicillin=R,cefazolin=S,cefepime=S,cefoxitin=S,ceftazidime=S,ceftriaxone=S,ciprofloxacin=R,ertapenem=S,gentamicin=R,meropenem=S,nitrofurantoin=S,tobramycin=R"
E.coli and Shigella,unkown,"""F10Heidi015"",""SRS5599222"",""unkown""",,PDT000724075.1,2020-04-20T20:16:44Z,USA:Cincinnati,urine,clinical,,,,,SAMN13176252,GCA_012858695.1,"acrB_R717L=POINT,acrF=COMPLETE,aph(3'')-Ib=COMPLETE,aph(6)-Id=COMPLETE,blaEC-5=COMPLETE,blaTEM-1=COMPLETE,gyrA_D87N=POINT,gyrA_S83L=POINT,marR_S3N=POINT,parC_S80I=POINT,parE_L416F=POINT,sul2=COMPLETE,uhpT_E350Q=POINT",,"amikacin=S,ampicillin=R,cefazolin=S,cefepime=S,cefoxitin=S,ceftazidime=S,ceftriaxone=S,ciprofloxacin=R,ertapenem=S,gentamicin=S,meropenem=S,nitrofurantoin=S,tobramycin=S"
E.coli and Shigella,unkown,"""A12Heidi014"",""SRS5599217"",""unkown""",,PDT000724080.1,2020-04-20T20:16:45Z,USA:Cincinnati,urine,clinical,,,,,SAMN13176239,GCA_012915085.1,"acrF=COMPLETE,blaEC=COMPLETE,blaTEM-1=COMPLETE,gyrA_D87N=POINT,gyrA_S83L=POINT,mdtM=COMPLETE,parC_E84V=POINT,parC_S80I=POINT,parE_I529L=POINT,ptsI_V25I=POINT,uhpT_E350Q=POINT",,"amikacin=S,ampicillin=R,cefazolin=R,cefepime=S,cefoxitin=S,ceftazidime=S,ceftriaxone=S,ciprofloxacin=R,ertapenem=S,gentamicin=S,meropenem=S,nitrofurantoin=S,tobramycin=S"
E.coli and Shigella,U3790,"""Infected urine of a child"",""SRS4776018"",""U3790""",,PDT000838265.1,2020-09-17T14:25:21Z,India,urine,clinical,,,,,SAMN11638310,GCA_014625455.1,"aac(3)-IId=COMPLETE,aac(6')-Ib-cr5=COMPLETE,aadA2=COMPLETE,aadA5=COMPLETE,acrF=COMPLETE,blaCTX-M-15=COMPLETE,blaEC=COMPLETE,blaNDM-5=COMPLETE,blaOXA-1=COMPLETE,blaTEM-1=COMPLETE,ble=COMPLETE,catB3=PARTIAL_END_OF_CONTIG,cyaA_S352T=POINT,dfrA12=COMPLETE,dfrA17=COMPLETE,ftsI_I336IKYRI=POINT,gyrA_D87N=POINT,gyrA_S83L=POINT,parC_S80I=POINT,parE_S458A=POINT,sul1=COMPLETE,tet(B)=COMPLETE",,"amikacin=S,ceftriaxone=R,ciprofloxacin=R,colistin=R,erythromycin=ND,gentamicin=R,kanamycin=R,levofloxacin=R,meropenem=R,minocycline=R,norfloxacin=R,rifampin=ND,streptomycin=S,tetracycline=R,tigecycline=R,tobramycin=R"
E.coli and Shigella,CVM N19EC1329,"""CVM N19EC1329"",""SRS7420880""",,PDT000844540.1,2020-09-24T17:23:05Z,USA:TX,Chicken Breasts,environmental/other,,,,,SAMN16245289,GCA_014746375.1,"acrF=COMPLETE,aph(3')-Ia=COMPLETE,blaEC=COMPLETE,blaTEM-1=COMPLETE,gyrA_D87N=POINT,gyrA_S83L=POINT,mdtM=COMPLETE,parC_A56T=POINT,parC_S80I=POINT",,"amoxicillin-clavulanic acid=S,ampicillin=R,azithromycin=S,cefoxitin=S,ceftriaxone=S,chloramphenicol=S,ciprofloxacin=R,gentamicin=S,meropenem=S,nalidixic acid=R,streptomycin=S,sulfisoxazole=S,tetracycline=S,trimethoprim-sulfamethoxazole=S"
E.coli and Shigella,CVM N19EC1177,"""CVM N19EC1177"",""SRS7420853""",,PDT000844564.1,2020-09-24T17:23:14Z,USA:TN,Pork Chops,environmental/other,,,,,SAMN16245264,GCA_020469325.1,"acrF=COMPLETE,blaEC=COMPLETE,mdtM=COMPLETE,nfsA_W159Ter=POINT,qnrS1=COMPLETE,tet(A)=COMPLETE",,"amoxicillin-clavulanic acid=S,ampicillin=S,azithromycin=S,cefoxitin=S,ceftriaxone=S,chloramphenicol=I,ciprofloxacin=R,gentamicin=S,meropenem=S,nalidixic acid=S,streptomycin=S,sulfisoxazole=S,tetracycline=R,trimethoprim-sulfamethoxazole=S"
E.coli and Shigella,CVM N19EC1263,"""CVM N19EC1263"",""SRS7541683""",,PDT000863760.1,2020-10-20T15:21:08Z,USA:TN,ground turkey,environmental/other,,PDS000020209.12,23.0,,SAMN16484144,GCA_014942965.1,"acrF=COMPLETE,blaEC=COMPLETE,blaTEM-135=COMPLETE,gyrA_D87N=POINT,gyrA_S83L=POINT,mdtM=COMPLETE,parC_A56T=POINT,parC_S80I=POINT,tet(B)=COMPLETE",,"amoxicillin-clavulanic acid=S,ampicillin=R,azithromycin=S,cefoxitin=S,ceftriaxone=S,chloramphenicol=S,ciprofloxacin=R,gentamicin=S,meropenem=S,nalidixic acid=R,streptomycin=R,sulfisoxazole=S,tetracycline=R,trimethoprim-sulfamethoxazole=S"
E.coli and Shigella,Res13-Lact-PER02-44,"""Res13-Lact-PER02-44""",,PDT000898656.1,2020-11-24T05:45:06Z,Canada: Quebec,feces,clinical,,PDS000076227.4,0.0,11.0,SAMN16304228,GCA_015673165.1,"aac(3)-VIa=COMPLETE,aadA1=COMPLETE,aadA5=COMPLETE,acrF=COMPLETE,aph(3'')-Ib=COMPLETE,aph(3')-Ia=COMPLETE,aph(6)-Id=COMPLETE,blaCTX-M-1=COMPLETE,blaEC=COMPLETE,dfrA17=COMPLETE,mdtM=COMPLETE,sul1=COMPLETE,sul2=COMPLETE",,"amoxicillin-clavulanic acid=S,ampicillin=R,azithromycin=S,cefazolin=S,cefepime=S,cefotaxime-clavulanic acid=ND,cefotaxime=R,cefoxitin=S,cefpodoxime=R,ceftazidime-clavulanic acid=ND,ceftazidime=R,ceftriaxone=R,cephalothin=R,chloramphenicol=S,ciprofloxacin=R,gentamicin=R,imipenem=S,meropenem=S,nalidixic acid=S,piperacillin-tazobactam=S,streptomycin=R,sulfisoxazole=R,tetracycline=R,trimethoprim-sulfamethoxazole=R"
E.coli and Shigella,CVM N17EC0326,"""CVM N17EC0326"",""SRS3967860""",,PDT000976993.1,2019-12-19T13:24:11Z,USA:OR,ground turkey,environmental/other,,,,,SAMN10221118,GCA_003792995.2,"acrF=COMPLETE,blaEC=COMPLETE,blaHER-3=COMPLETE,mdtM=COMPLETE,qnrB19=COMPLETE,sul2=COMPLETE,tet(A)=COMPLETE",,"amoxicillin-clavulanic acid=S,ampicillin=R,azithromycin=S,cefoxitin=S,ceftriaxone=S,chloramphenicol=S,ciprofloxacin=R,gentamicin=S,meropenem=S,nalidixic acid=S,streptomycin=S,sulfisoxazole=R,tetracycline=R,trimethoprim-sulfamethoxazole=S"
E.coli and Shigella,microbial,"""EC39"",""SRS5985052"",""microbial""",,PDT001018077.1,2021-05-03T22:28:20Z,Guadeloupe,blood,clinical,,PDS000153316.2,37.0,,SAMN13836988,GCA_018258145.1,"aac(3)-IIe=COMPLETE,aac(6')-Ib-cr5=COMPLETE,acrF=COMPLETE,blaCTX-M-15=COMPLETE,blaEC=COMPLETE,blaOXA-1=COMPLETE,catB3=PARTIAL_END_OF_CONTIG,gyrA_D87N=POINT,gyrA_S83L=POINT,mdtM=COMPLETE,parC_E84V=POINT,parC_S80I=POINT,parE_I529L=POINT,ptsI_V25I=POINT,uhpT_E350Q=POINT",,"amikacin=S,amoxicillin-clavulanic acid=S,amoxicillin=R,cefotaxime=R,cefoxitin=S,ceftazidime=R,ciprofloxacin=R,gentamicin=R,imipenem=S,nalidixic acid=R,tetracycline=S,ticarcillin=R,trimethoprim-sulfamethoxazole=S"
E.coli and Shigella,microbial,"""EC5"",""SRS5985048"",""microbial""",,PDT001018081.1,2021-05-03T22:28:21Z,Guadeloupe,feces,environmental/other,,,,,SAMN13836999,GCA_018263815.1,"aadA1=COMPLETE,acrF=COMPLETE,aph(3'')-Ib=COMPLETE,aph(6)-Id=COMPLETE,blaEC=COMPLETE,blaTEM-1=COMPLETE,blaTEM-30=COMPLETE,blaTEM=PARTIAL_END_OF_CONTIG,dfrA1=COMPLETE,floR=COMPLETE,gyrA_D87N=POINT,gyrA_S83L=POINT,mdtM=PARTIAL,parC_E84K=POINT,sat2=COMPLETE,sul2=COMPLETE,tet(B)=COMPLETE",,"amikacin=S,amoxicillin-clavulanic acid=S,amoxicillin=R,cefotaxime=R,cefoxitin=S,ceftazidime=I,ciprofloxacin=R,gentamicin=S,imipenem=S,nalidixic acid=R,tetracycline=R,ticarcillin=R,trimethoprim-sulfamethoxazole=R"
E.coli and Shigella,microbial,"""EC58"",""SRS5985047"",""microbial""",,PDT001018082.1,2021-05-03T22:28:21Z,Guadeloupe,blood,clinical,,PDS000061455.83,19.0,41.0,SAMN13837008,GCA_018258735.1,"aac(3)-IIe=COMPLETE,aac(6')-Ib-cr5=COMPLETE,acrF=COMPLETE,blaCTX-M-15=COMPLETE,blaEC=COMPLETE,blaOXA-1=COMPLETE,catB3=PARTIAL_END_OF_CONTIG,gyrA_D87N=POINT,gyrA_S83L=POINT,mdtM=COMPLETE,nfsA_H11Y=POINT,parC_E84V=POINT,parC_S80I=POINT,parE_I529L=POINT,ptsI_V25I=POINT,tet(A)=COMPLETE,uhpT_E350Q=POINT",,"amikacin=S,amoxicillin-clavulanic acid=R,amoxicillin=R,cefotaxime=R,cefoxitin=S,ceftazidime=R,ciprofloxacin=R,gentamicin=R,imipenem=S,nalidixic acid=R,tetracycline=R,ticarcillin=R,trimethoprim-sulfamethoxazole=S"
E.coli and Shigella,microbial,"""EC57"",""SRS5985046"",""microbial""",,PDT001018083.1,2021-05-03T22:28:22Z,Guadeloupe,blood,clinical,,PDS000061455.83,19.0,43.0,SAMN13837007,GCA_018258755.1,"aac(3)-IIe=COMPLETE,aac(6')-Ib-cr5=COMPLETE,acrF=COMPLETE,blaCTX-M-15=COMPLETE,blaEC=COMPLETE,blaOXA-1=COMPLETE,catB3=PARTIAL_END_OF_CONTIG,gyrA_D87N=POINT,gyrA_S83L=POINT,mdtM=COMPLETE,nfsA_H11Y=POINT,parC_E84V=POINT,parC_S80I=POINT,parE_I529L=POINT,ptsI_V25I=POINT,tet(A)=COMPLETE,uhpT_E350Q=POINT",,"amikacin=S,amoxicillin-clavulanic acid=S,amoxicillin=R,cefotaxime=R,cefoxitin=S,ceftazidime=R,ciprofloxacin=R,gentamicin=R,imipenem=S,nalidixic acid=R,tetracycline=R,ticarcillin=R,trimethoprim-sulfamethoxazole=S"
E.coli and Shigella,microbial,"""EC56"",""SRS5985045"",""microbial""",,PDT001018084.1,2021-05-03T22:28:22Z,Guadeloupe,blood,clinical,,PDS000085507.2,21.0,,SAMN13837006,GCA_018260195.1,"aac(3)-IIe=COMPLETE,aac(6')-Ib-cr5=COMPLETE,aadA5=COMPLETE,acrF=COMPLETE,aph(3'')-Ib=COMPLETE,aph(6)-Id=COMPLETE,blaCTX-M-15=COMPLETE,blaEC=COMPLETE,blaOXA-1=COMPLETE,catA1=COMPLETE,catB3=PARTIAL_END_OF_CONTIG,dfrA17=COMPLETE,gyrA_D87N=POINT,gyrA_S83L=POINT,mdtM=COMPLETE,mph(A)=COMPLETE,nfsB_W94Ter=POINT,parC_S80I=POINT,parE_S458A=POINT,sul1=COMPLETE,sul2=COMPLETE,tet(B)=COMPLETE",,"amikacin=S,amoxicillin-clavulanic acid=R,amoxicillin=R,cefotaxime=R,cefoxitin=R,ceftazidime=R,ciprofloxacin=R,gentamicin=R,imipenem=S,nalidixic acid=R,tetracycline=R,ticarcillin=R,trimethoprim-sulfamethoxazole=R"
E.coli and Shigella,microbial,"""EC55"",""SRS5985044"",""microbial""",,PDT001018085.1,2021-05-03T22:28:22Z,Guadeloupe,blood,clinical,,PDS000085507.2,21.0,,SAMN13837005,GCA_018261555.1,"aac(3)-IIe=COMPLETE,aac(6')-Ib-cr5=COMPLETE,aadA5=COMPLETE,acrF=COMPLETE,aph(3'')-Ib=COMPLETE,aph(6)-Id=COMPLETE,blaCTX-M-15=COMPLETE,blaEC=COMPLETE,blaOXA-1=COMPLETE,catA1=COMPLETE,catB3=PARTIAL_END_OF_CONTIG,dfrA17=COMPLETE,gyrA_D87N=POINT,gyrA_S83L=POINT,mdtM=COMPLETE,mph(A)=COMPLETE,nfsB_W94Ter=POINT,parC_S80I=POINT,parE_S458A=POINT,sul1=COMPLETE,sul2=COMPLETE,tet(B)=COMPLETE",,"amikacin=S,amoxicillin-clavulanic acid=S,amoxicillin=R,cefotaxime=R,cefoxitin=S,ceftazidime=R,ciprofloxacin=R,gentamicin=R,imipenem=S,nalidixic acid=R,tetracycline=R,ticarcillin=R,trimethoprim-sulfamethoxazole=R"
E.coli and Shigella,microbial,"""EC54"",""SRS5985043"",""microbial""",,PDT001018086.1,2021-05-03T22:28:22Z,Guadeloupe,blood,clinical,,PDS000194248.147,17.0,32.0,SAMN13837004,GCA_018264175.1,"acrF=COMPLETE,blaCTX-M-27=COMPLETE,blaEC-5=COMPLETE,gyrA_D87N=POINT,gyrA_S83L=POINT,marR_S3N=POINT,parC_S80I=POINT,parE_L416F=POINT,uhpT_E350Q=POINT",,"amikacin=S,amoxicillin-clavulanic acid=S,amoxicillin=R,cefotaxime=R,cefoxitin=S,ceftazidime=I,ciprofloxacin=R,gentamicin=S,imipenem=S,nalidixic acid=R,tetracycline=S,ticarcillin=R,trimethoprim-sulfamethoxazole=S"
E.coli and Shigella,microbial,"""EC53"",""SRS5985042"",""microbial""",,PDT001018087.1,2021-05-03T22:28:23Z,Guadeloupe,blood,clinical,,PDS000117091.382,23.0,35.0,SAMN13837003,GCA_018260765.1,"acrF=COMPLETE,blaCTX-M-27=COMPLETE,blaEC=COMPLETE,gyrA_D87N=POINT,gyrA_S83L=POINT,mdtM=COMPLETE,parC_E84V=POINT,parC_S80I=POINT,parE_I529L=POINT,ptsI_V25I=POINT,uhpT_E350Q=POINT",,"amikacin=S,amoxicillin-clavulanic acid=S,amoxicillin=R,cefotaxime=R,cefoxitin=S,ceftazidime=S,ciprofloxacin=R,gentamicin=S,imipenem=S,nalidixic acid=R,tetracycline=S,ticarcillin=R,trimethoprim-sulfamethoxazole=S"
E.coli and Shigella,microbial,"""EC52"",""SRS5985040"",""microbial""",,PDT001018089.1,2021-05-03T22:28:23Z,Guadeloupe,blood,clinical,,PDS000117091.382,22.0,27.0,SAMN13837002,GCA_018259295.1,"acrF=COMPLETE,blaCTX-M-27=COMPLETE,blaEC=COMPLETE,gyrA_D87N=POINT,gyrA_S83L=POINT,mdtM=COMPLETE,parC_E84V=POINT,parC_S80I=POINT,parE_I529L=POINT,ptsI_V25I=POINT,uhpT_E350Q=POINT",,"amikacin=S,amoxicillin-clavulanic acid=S,amoxicillin=R,cefotaxime=R,cefoxitin=S,ceftazidime=I,ciprofloxacin=R,gentamicin=S,imipenem=S,nalidixic acid=R,tetracycline=S,ticarcillin=R,trimethoprim-sulfamethoxazole=S"
E.coli and Shigella,microbial,"""EC51"",""SRS5985039"",""microbial""",,PDT001018090.1,2021-05-03T22:28:24Z,Guadeloupe,blood,clinical,,PDS000061455.83,19.0,42.0,SAMN13837001,GCA_018258715.1,"aac(3)-IIe=COMPLETE,aac(6')-Ib-cr5=COMPLETE,acrF=COMPLETE,blaCTX-M-15=COMPLETE,blaEC=COMPLETE,blaOXA-1=COMPLETE,catB3=PARTIAL_END_OF_CONTIG,gyrA_D87N=POINT,gyrA_S83L=POINT,mdtM=COMPLETE,nfsA_H11Y=POINT,parC_E84V=POINT,parC_S80I=POINT,parE_I529L=POINT,ptsI_V25I=POINT,tet(A)=COMPLETE,uhpT_E350Q=POINT",,"amikacin=S,amoxicillin-clavulanic acid=S,amoxicillin=R,cefotaxime=R,cefoxitin=S,ceftazidime=R,ciprofloxacin=R,gentamicin=R,imipenem=S,nalidixic acid=R,tetracycline=R,ticarcillin=R,trimethoprim-sulfamethoxazole=S"
E.coli and Shigella,microbial,"""EC49"",""SRS5985036"",""microbial""",,PDT001018093.1,2021-05-03T22:28:24Z,Guadeloupe,blood,clinical,,PDS000050455.15,34.0,39.0,SAMN13836998,GCA_018258775.1,"aac(6')-Ib-cr5=COMPLETE,aadA5=COMPLETE,acrF=COMPLETE,blaCTX-M-15=COMPLETE,blaEC=COMPLETE,blaOXA-1=COMPLETE,catB3=PARTIAL_END_OF_CONTIG,dfrA17=COMPLETE,gyrA_D87N=POINT,gyrA_S83L=POINT,mdtM=COMPLETE,mph(A)=COMPLETE,ompC_Q82Ter=POINT,parC_E84V=POINT,parC_S80I=POINT,parE_I529L=POINT,ptsI_V25I=POINT,sul1=COMPLETE,tet(A)=COMPLETE,uhpT_E350Q=POINT",,"amikacin=R,amoxicillin-clavulanic acid=R,amoxicillin=R,cefotaxime=R,cefoxitin=S,ceftazidime=R,ciprofloxacin=R,gentamicin=S,imipenem=S,nalidixic acid=R,tetracycline=R,ticarcillin=R,trimethoprim-sulfamethoxazole=R"
E.coli and Shigella,microbial,"""EC47"",""SRS5985034"",""microbial""",,PDT001018095.1,2021-05-03T22:28:25Z,Guadeloupe,blood,clinical,,,,,SAMN13836996,GCA_018258205.1,"acrF=COMPLETE,aph(3'')-Ib=COMPLETE,aph(6)-Id=COMPLETE,blaCTX-M-14=COMPLETE,blaEC=COMPLETE,blaTEM-1=COMPLETE,cyaA_S352T=POINT,dfrA14=COMPLETE,gyrA_D87N=POINT,gyrA_S83L=POINT,mdtM=COMPLETE,mph(A)=COMPLETE,parC_S80I=POINT,sul2=COMPLETE,tet(B)=COMPLETE",,"amikacin=S,amoxicillin-clavulanic acid=S,amoxicillin=R,cefotaxime=R,cefoxitin=S,ceftazidime=S,ciprofloxacin=R,gentamicin=S,imipenem=S,nalidixic acid=R,tetracycline=R,ticarcillin=R,trimethoprim-sulfamethoxazole=R"
E.coli and Shigella,microbial,"""EC46"",""SRS5985033"",""microbial""",,PDT001018096.1,2021-05-03T22:28:25Z,Guadeloupe,blood,clinical,,PDS000080748.21,18.0,,SAMN13836995,GCA_018263235.1,"acrF=COMPLETE,blaCTX-M-15=COMPLETE,blaEC=COMPLETE,gyrA_D87N=POINT,gyrA_S83L=POINT,mdtM=COMPLETE,mph(A)=COMPLETE,parC_E84V=POINT,parC_S80I=POINT,parE_I529L=POINT,ptsI_V25I=POINT,sul1=COMPLETE,tet(A)=COMPLETE,uhpT_E350Q=POINT",,"amikacin=S,amoxicillin-clavulanic acid=S,amoxicillin=R,cefotaxime=R,cefoxitin=S,ceftazidime=R,ciprofloxacin=R,gentamicin=S,imipenem=S,nalidixic acid=R,tetracycline=R,ticarcillin=R,trimethoprim-sulfamethoxazole=S"
E.coli and Shigella,microbial,"""EC43"",""SRS5985031"",""microbial""",,PDT001018098.1,2021-05-03T22:28:26Z,Guadeloupe,blood,clinical,,PDS000117091.382,10.0,30.0,SAMN13836993,GCA_018258695.1,"aadA5=COMPLETE,acrF=COMPLETE,aph(3'')-Ib=COMPLETE,aph(6)-Id=COMPLETE,blaCTX-M-27=COMPLETE,blaEC=COMPLETE,dfrA17=COMPLETE,gyrA_D87N=POINT,gyrA_S83L=POINT,mdtM=COMPLETE,mph(A)=COMPLETE,parC_E84V=POINT,parC_S80I=POINT,parE_I529L=POINT,ptsI_V25I=POINT,sul1=COMPLETE,sul2=COMPLETE,tet(A)=COMPLETE,uhpT_E350Q=POINT",,"amikacin=S,amoxicillin-clavulanic acid=S,amoxicillin=R,cefotaxime=R,cefoxitin=S,ceftazidime=R,ciprofloxacin=R,gentamicin=S,imipenem=S,nalidixic acid=R,tetracycline=R,ticarcillin=R,trimethoprim-sulfamethoxazole=R"
E.coli and Shigella,,"""MBRL-2476"",""MBRL2476"",""SRS9184901""",,PDT001125426.1,2021-09-08T15:32:23Z,USA: Minnesota,blood culture,clinical,,PDS000225708.26,1.0,44.0,SAMN19670127,GCA_019903725.1,"aac(6')-Ib-cr5=COMPLETE,aadA5=COMPLETE,acrF=COMPLETE,blaCTX-M-15=COMPLETE,blaEC=COMPLETE,blaOXA-1=COMPLETE,catB3=PARTIAL_END_OF_CONTIG,dfrA17=COMPLETE,gyrA_D87N=POINT,gyrA_S83L=POINT,mdtM=COMPLETE,mph(A)=COMPLETE,parC_E84V=POINT,parC_S80I=POINT,parE_I529L=POINT,ptsI_V25I=POINT,sul1=COMPLETE,uhpT_E350Q=POINT",,"amikacin=I,ampicillin-sulbactam=R,ampicillin=R,aztreonam=S,cefazolin=R,cefepime=S,ceftazidime-avibactam=S,ceftazidime=S,ceftolozane-tazobactam=S,ceftriaxone=R,ciprofloxacin=R,colistin=I,ertapenem=S,fosfomycin=S,gentamicin=S,levofloxacin=R,meropenem-vaborbactam=S,meropenem=S,nitrofurantoin=S,piperacillin-tazobactam=S,tobramycin=R,trimethoprim-sulfamethoxazole=R"
E.coli and Shigella,,"""MBRL-2475"",""MBRL2475"",""SRS9184900""",,PDT001125427.1,2021-09-08T15:32:23Z,USA: Minnesota,blood culture,clinical,,PDS000225708.26,0.0,42.0,SAMN19670126,GCA_019903585.1,"aac(6')-Ib-cr5=COMPLETE,aadA5=COMPLETE,acrF=COMPLETE,blaCTX-M-15=COMPLETE,blaEC=COMPLETE,blaOXA-1=COMPLETE,catB3=PARTIAL_END_OF_CONTIG,dfrA17=COMPLETE,gyrA_D87N=POINT,gyrA_S83L=POINT,mdtM=COMPLETE,mph(A)=COMPLETE,parC_E84V=POINT,parC_S80I=POINT,parE_I529L=POINT,ptsI_V25I=POINT,sul1=COMPLETE,uhpT_E350Q=POINT",,"amikacin=I,ampicillin-sulbactam=R,ampicillin=R,aztreonam=S,cefazolin=R,cefepime=S,ceftazidime-avibactam=S,ceftazidime=S,ceftolozane-tazobactam=S,ceftriaxone=R,ciprofloxacin=R,colistin=I,ertapenem=S,fosfomycin=S,gentamicin=S,levofloxacin=R,meropenem-vaborbactam=S,meropenem=S,nitrofurantoin=S,piperacillin-tazobactam=S,tobramycin=R,trimethoprim-sulfamethoxazole=R"
E.coli and Shigella,,"""MBRL-2462"",""MBRL2462"",""SRS9184898""",,PDT001125429.1,2021-09-08T15:32:24Z,USA: Minnesota,blood culture,clinical,,PDS000117091.382,18.0,22.0,SAMN19670125,GCA_019903935.1,"acrF=COMPLETE,blaCTX-M-27=COMPLETE,blaEC=COMPLETE,gyrA_D87N=POINT,gyrA_S83L=POINT,mdtM=COMPLETE,parC_E84V=POINT,parC_S80I=POINT,parE_I529L=POINT,ptsI_V25I=POINT,uhpT_E350Q=POINT",,"amikacin=S,ampicillin-sulbactam=S,ampicillin=R,aztreonam=S,cefazolin=R,cefepime=S,ceftazidime-avibactam=S,ceftazidime=S,ceftolozane-tazobactam=S,ceftriaxone=R,ciprofloxacin=R,colistin=I,ertapenem=S,fosfomycin=S,gentamicin=S,levofloxacin=R,meropenem-vaborbactam=S,meropenem=S,nitrofurantoin=S,piperacillin-tazobactam=S,tobramycin=S,trimethoprim-sulfamethoxazole=S"
E.coli and Shigella,,"""MBRL-2461"",""MBRL2461"",""SRS9184897""",,PDT001125430.1,2021-09-08T15:32:24Z,USA: Minnesota,blood culture,clinical,,,,,SAMN19670124,GCA_019903685.1,"acrF=COMPLETE,aph(3'')-Ib=COMPLETE,blaCTX-M-14=COMPLETE,blaEC=COMPLETE,blaTEM-1=COMPLETE,gyrA_D87N=POINT,gyrA_S83L=POINT,mdtM=COMPLETE,mph(A)=COMPLETE,parC_E84V=POINT,parC_S80I=POINT,parE_I529L=POINT,ptsI_V25I=POINT,sul2=COMPLETE,uhpT_E350Q=POINT",,"amikacin=S,ampicillin-sulbactam=R,ampicillin=R,aztreonam=I,cefazolin=R,cefepime=SDD,ceftazidime-avibactam=S,ceftazidime=S,ceftolozane-tazobactam=S,ceftriaxone=R,ciprofloxacin=R,colistin=I,ertapenem=S,fosfomycin=S,gentamicin=S,levofloxacin=R,meropenem-vaborbactam=S,meropenem=S,nitrofurantoin=S,piperacillin-tazobactam=S,tobramycin=S,trimethoprim-sulfamethoxazole=S"
E.coli and Shigella,CVM N19EC1266,"""19TN12PC04N-EC"",""CVM N19EC1266"",""SRS10787695""",,PDT001166136.1,2021-10-31T16:30:12Z,USA:TN,Pork Chops,environmental/other,,PDS000112928.6,6.0,,SAMN22785528,GCA_020690345.1,"blaEC=COMPLETE,mdtM=COMPLETE",,"amoxicillin-clavulanic acid=R,ampicillin=R,azithromycin=S,cefoxitin=S,ceftriaxone=S,chloramphenicol=S,ciprofloxacin=R,gentamicin=S,meropenem=S,nalidixic acid=R,streptomycin=R,sulfisoxazole=S,tetracycline=R,trimethoprim-sulfamethoxazole=S"
E.coli and Shigella,OSUCMP42NDM,"""CMP42"",""OSUCMP42NDM""",,PDT001184877.1,2021-11-25T12:51:08Z,USA: Ohio,feces,clinical,,PDS000099405.2,31.0,0.0,SAMN23219802,GCA_020985225.1,"aadA2=COMPLETE,acrF=COMPLETE,blaCMY-141=COMPLETE,blaEC=COMPLETE,blaNDM-5=COMPLETE,ble=COMPLETE,dfrA12=COMPLETE,ftsI_N337NYRIN=POINT,gyrA_D87Y=POINT,gyrA_S83L=POINT,mdtM=COMPLETE,mph(A)=COMPLETE,parC_S80I=POINT,parE_E460D=POINT,sul1=COMPLETE,tet(A)=COMPLETE",,"amikacin=S,amoxicillin-clavulanic acid=R,ampicillin=R,azithromycin=ND,aztreonam=R,cefazolin=NS,cefepime=R,cefotaxime=R,cefoxitin=R,ceftiofur=ND,ceftriaxone=R,chloramphenicol=S,ciprofloxacin=R,colistin=I,doripenem=I,doxycycline=R,ertapenem=R,gentamicin=S,imipenem=R,levofloxacin=R,meropenem=R,minocycline=S,nalidixic acid=R,piperacillin-tazobactam=NS,polymyxin B=I,streptomycin=ND,sulfisoxazole=NS,tetracycline=R,ticarcillin-clavulanic acid=ND,tigecycline=ND,tobramycin=S,trimethoprim-sulfamethoxazole=R"
E.coli and Shigella,SMG008F2,"""SMG008F2"",""SRS12547526""",,PDT001277402.1,2022-03-25T03:03:41Z,Brazil: Sao Paulo,rectal swab,clinical,,PDS000056209.34,1.0,22.0,SAMN23402391,GCA_022694385.1,"aac(6')-Ib-cr5=COMPLETE,aadA1=COMPLETE,acrF=COMPLETE,aph(3'')-Ib=COMPLETE,aph(3')-Ia=COMPLETE,aph(6)-Id=COMPLETE,blaCTX-M-15=COMPLETE,blaEC=COMPLETE,blaOXA-1=COMPLETE,blaTEM-1=COMPLETE,catB3=PARTIAL,cmlA1=PARTIAL,dfrA14=COMPLETE,floR=COMPLETE,gyrA_D87N=POINT,gyrA_S83L=POINT,mdtM=COMPLETE,mph(A)=COMPLETE,parC_S80I=POINT,parE_S458A=POINT,sul3=COMPLETE,tet(A)=COMPLETE,tet(B)=COMPLETE",,"amikacin=R,ampicillin-sulbactam=R,aztreonam=R,cefepime=R,ceftazidime=R,ceftriaxone=R,ciprofloxacin=R,colistin=S,ertapenem=S,gentamicin=R,imipenem=S,levofloxacin=R,meropenem=S,polymyxin=S,tigecycline=R"
E.coli and Shigella,SMG008F9,"""SMG008F9"",""SRS12547527""",,PDT001277403.1,2022-03-25T03:03:49Z,Brazil: Sao Paulo,rectal swab,clinical,,PDS000056209.34,1.0,21.0,SAMN23404404,GCA_022694405.1,"aac(6')-Ib-cr5=COMPLETE,aadA1=COMPLETE,acrF=COMPLETE,aph(3'')-Ib=COMPLETE,aph(3')-Ia=COMPLETE,aph(6)-Id=COMPLETE,blaCTX-M-15=COMPLETE,blaEC=COMPLETE,blaOXA-1=COMPLETE,blaTEM-1=COMPLETE,catB3=PARTIAL,cmlA1=PARTIAL,dfrA14=COMPLETE,floR=COMPLETE,gyrA_D87N=POINT,gyrA_S83L=POINT,mdtM=COMPLETE,mph(A)=COMPLETE,parC_S80I=POINT,parE_S458A=POINT,sul3=COMPLETE,tet(A)=COMPLETE,tet(B)=COMPLETE",,"amikacin=R,ampicillin-sulbactam=R,aztreonam=R,cefepime=R,ceftazidime=R,ceftriaxone=R,ciprofloxacin=R,colistin=S,ertapenem=S,gentamicin=R,imipenem=S,levofloxacin=R,meropenem=S,polymyxin=S,tigecycline=R"
E.coli and Shigella,SMG010F1,"""SMG010F1"",""SRS12547532""",,PDT001277541.1,2022-03-30T03:07:25Z,Brazil: Sao Paulo,rectal swab,clinical,,,,,SAMN23405798,GCA_022758385.1,"acrF=COMPLETE,blaDHA-1=COMPLETE,blaEC=COMPLETE,blaTEM-1=COMPLETE,gyrA_D87N=POINT,gyrA_S83L=POINT,mdtM=COMPLETE,mph(A)=COMPLETE,mph(E)=COMPLETE,msr(E)=COMPLETE,parC_S80I=POINT,parE_S458A=POINT,qnrB4=COMPLETE,sul1=COMPLETE,tet(B)=COMPLETE,uhpT_E350Q=POINT",,"amikacin=R,ampicillin-sulbactam=R,aztreonam=R,cefepime=R,ceftazidime=R,ceftriaxone=R,ciprofloxacin=R,colistin=S,ertapenem=S,gentamicin=R,imipenem=S,levofloxacin=R,meropenem=S,polymyxin=S,tigecycline=R"
E.coli and Shigella,SMG008U,"""SMG008U"",""SRS12547530""",,PDT001277560.1,2022-03-30T03:10:17Z,Brazil: Sao Paulo,urine,clinical,,PDS000056209.34,1.0,20.0,SAMN23390744,GCA_022758785.1,"aac(6')-Ib-cr5=COMPLETE,aadA1=COMPLETE,acrF=COMPLETE,aph(3'')-Ib=COMPLETE,aph(3')-Ia=COMPLETE,aph(6)-Id=COMPLETE,blaCTX-M-15=COMPLETE,blaEC=COMPLETE,blaOXA-1=COMPLETE,blaTEM-1=COMPLETE,catB3=PARTIAL,cmlA1=PARTIAL,dfrA14=COMPLETE,floR=COMPLETE,gyrA_D87N=POINT,gyrA_S83L=POINT,mdtM=COMPLETE,mph(A)=COMPLETE,parC_S80I=POINT,parE_S458A=POINT,sul3=COMPLETE,tet(A)=COMPLETE,tet(B)=COMPLETE",,"amikacin=S,ampicillin-sulbactam=R,aztreonam=R,cefepime=R,ceftazidime=R,ceftriaxone=R,ciprofloxacin=R,colistin=S,ertapenem=S,gentamicin=S,imipenem=S,levofloxacin=R,meropenem=S,polymyxin=S,tigecycline=R"
E.coli and Shigella,698482,"""698482"",""SRS15339684""",,PDT001340079.1,2022-06-22T20:43:03Z,USA: District of Columbia,urine,clinical,,,,,SAMN26309210,GCA_023857725.1,"acrF=COMPLETE,aph(3'')-Ib=COMPLETE,aph(6)-Id=COMPLETE,blaEC-5=COMPLETE,blaTEM-1=COMPLETE,dfrA17=COMPLETE,emrD=COMPLETE,gyrA_D87N=POINT,gyrA_S83L=POINT,marR_S3N=POINT,mph(A)=COMPLETE,parC_S80I=POINT,parE_L416F=POINT,sul2=COMPLETE,tet(B)=COMPLETE,uhpT_E350Q=POINT",,"amikacin=S,amoxicillin-clavulanic acid=S,ampicillin=R,aztreonam=S,cefazolin=S,cefepime=S,ceftazidime=S,ceftriaxone=S,ciprofloxacin=R,ertapenem=S,gentamicin=S,imipenem=S,levofloxacin=R,meropenem=S,piperacillin-tazobactam=S,tetracycline=R,tobramycin=S,trimethoprim-sulfamethoxazole=R"
E.coli and Shigella,699058,"""699058"",""SRS15339852""",,PDT001340083.1,2022-06-22T20:43:26Z,USA: District of Columbia,urine,clinical,,PDS000112865.1,0.0,,SAMN26309214,GCA_023857805.1,"aac(3)-IIe=COMPLETE,aac(6')-Ib-cr5=COMPLETE,acrF=COMPLETE,aph(3'')-Ib=COMPLETE,aph(6)-Id=COMPLETE,blaCTX-M-15=COMPLETE,blaEC-5=COMPLETE,blaOXA-1=COMPLETE,catB3=PARTIAL_END_OF_CONTIG,dfrA17=COMPLETE,emrD=COMPLETE,gyrA_D87N=POINT,gyrA_S83L=POINT,marR_S3N=POINT,parC_S80I=POINT,parE_L416F=POINT,sul2=COMPLETE,tet(B)=COMPLETE,uhpT_E350Q=POINT",,"amikacin=S,amoxicillin-clavulanic acid=I,ampicillin=R,aztreonam=S,cefazolin=R,cefepime=I,ceftazidime=S,ceftriaxone=R,ciprofloxacin=R,ertapenem=S,gentamicin=R,imipenem=S,levofloxacin=R,meropenem=S,piperacillin-tazobactam=S,tetracycline=R,tobramycin=I,trimethoprim-sulfamethoxazole=R"
E.coli and Shigella,699040,"""699040"",""SRS15339850""",,PDT001340094.1,2022-06-22T20:45:20Z,USA: District of Columbia,urine,clinical,,PDS000071258.2,18.0,,SAMN26305204,GCA_023858025.1,"aac(6')-Ib-cr5=COMPLETE,aadA5=COMPLETE,acrF=COMPLETE,arr=PARTIAL_END_OF_CONTIG,blaEC=COMPLETE,blaOXA-1=COMPLETE,catB3=COMPLETE,cyaA_S352T=POINT,dfrA17=COMPLETE,emrD=COMPLETE,gyrA_D87N=POINT,gyrA_S83L=POINT,mdtM=COMPLETE,mph(A)=COMPLETE,parC_S80I=POINT,parE_S458A=POINT,sul1=COMPLETE",,"amikacin=S,amoxicillin-clavulanic acid=I,ampicillin=R,aztreonam=S,cefazolin=S,cefepime=S,ceftazidime=S,ceftriaxone=S,ciprofloxacin=R,ertapenem=S,gentamicin=S,imipenem=S,levofloxacin=R,meropenem=S,piperacillin-tazobactam=S,tetracycline=S,tobramycin=R,trimethoprim-sulfamethoxazole=R"
E.coli and Shigella,698878,"""698878"",""SRS15339791""",,PDT001340110.1,2022-06-22T20:47:12Z,USA: District of Columbia,urine,clinical,,,,,SAMN26309270,GCA_023858345.1,"aadA5=COMPLETE,acrF=COMPLETE,aph(3'')-Ib=COMPLETE,aph(6)-Id=COMPLETE,blaEC=COMPLETE,blaTEM-1=COMPLETE,cyaA_S352T=POINT,dfrA17=COMPLETE,emrD=COMPLETE,gyrA_D87N=POINT,gyrA_S83L=POINT,mdtM=COMPLETE,mph(A)=COMPLETE,parC_S80I=POINT,sul1=COMPLETE,sul2=COMPLETE,tet(A)=COMPLETE",,"amikacin=S,amoxicillin-clavulanic acid=S,ampicillin=R,aztreonam=S,cefazolin=S,cefepime=S,ceftazidime=S,ceftriaxone=S,ciprofloxacin=R,ertapenem=S,gentamicin=S,imipenem=S,levofloxacin=R,meropenem=S,piperacillin-tazobactam=S,tetracycline=R,tobramycin=S,trimethoprim-sulfamethoxazole=R"
E.coli and Shigella,698958,"""698958"",""SRS15339800""",,PDT001340121.1,2022-06-22T20:49:12Z,USA: District of Columbia,urine,clinical,,PDS000112706.1,0.0,,SAMN26308791,GCA_023858565.1,"acrF=COMPLETE,blaEC=COMPLETE,blaTEM-1=COMPLETE,emrD=COMPLETE,gyrA_D87N=POINT,gyrA_S83L=POINT,mdtM=COMPLETE,parC_E84V=POINT,parC_S80I=POINT,parE_I529L=POINT,ptsI_V25I=POINT,uhpT_E350Q=POINT",,"amikacin=S,amoxicillin-clavulanic acid=S,ampicillin=R,aztreonam=S,cefazolin=R,cefepime=S,ceftazidime=S,ceftriaxone=S,ciprofloxacin=R,ertapenem=S,gentamicin=S,imipenem=S,levofloxacin=R,meropenem=S,piperacillin-tazobactam=S,tetracycline=S,tobramycin=S,trimethoprim-sulfamethoxazole=S"
E.coli and Shigella,772215,"""772215"",""SRS15355555""",,PDT001340124.1,2022-06-22T20:49:24Z,USA: District of Columbia,urine,clinical,,PDS000112813.1,3.0,,SAMN26309350,GCA_023858625.1,"acrF=COMPLETE,blaEC=COMPLETE,cyaA_S352T=POINT,emrD=COMPLETE,gyrA_D87N=POINT,gyrA_S83L=POINT,parC_S80I=POINT,parE_I464F=POINT,pmrB_V161G=POINT",,"amikacin=S,amoxicillin-clavulanic acid=S,ampicillin=S,aztreonam=S,cefazolin=S,cefepime=S,ceftazidime=S,ceftriaxone=S,ciprofloxacin=R,ertapenem=S,gentamicin=S,imipenem=S,levofloxacin=R,meropenem=S,piperacillin-tazobactam=S,tetracycline=S,tobramycin=S,trimethoprim-sulfamethoxazole=S"
E.coli and Shigella,698894,"""698894"",""SRS15339794""",,PDT001340126.1,2022-06-22T20:49:33Z,USA: District of Columbia,urine,clinical,,PDS000194248.147,3.0,42.0,SAMN26304875,GCA_023858665.1,"acrF=COMPLETE,aph(3'')-Ib=COMPLETE,aph(6)-Id=COMPLETE,blaEC-5=COMPLETE,blaTEM-1=COMPLETE,dfrA17=COMPLETE,emrD=COMPLETE,gyrA_D87N=POINT,gyrA_S83L=POINT,marR_S3N=POINT,mph(A)=COMPLETE,parC_S80I=POINT,parE_L416F=POINT,sul2=COMPLETE,tet(B)=COMPLETE,uhpT_E350Q=POINT",,"amikacin=S,amoxicillin-clavulanic acid=S,ampicillin=R,aztreonam=S,cefazolin=R,cefepime=S,ceftazidime=S,ceftriaxone=S,ciprofloxacin=R,ertapenem=S,gentamicin=S,imipenem=S,levofloxacin=R,meropenem=S,piperacillin-tazobactam=S,tetracycline=R,tobramycin=S,trimethoprim-sulfamethoxazole=R"
E.coli and Shigella,698764,"""698764"",""SRS15339779""",,PDT001340130.1,2022-06-22T20:49:53Z,USA: District of Columbia,urine,clinical,,PDS000194248.147,21.0,40.0,SAMN26304526,GCA_023858745.1,"acrF=COMPLETE,blaEC-5=COMPLETE,emrD=COMPLETE,gyrA_D87N=POINT,gyrA_S83L=POINT,marR_S3N=POINT,parC_S80I=POINT,parE_L416F=POINT,uhpT_E350Q=POINT",,"amikacin=S,amoxicillin-clavulanic acid=S,ampicillin=S,aztreonam=S,cefazolin=S,cefepime=S,ceftazidime=S,ceftriaxone=S,ciprofloxacin=R,ertapenem=S,gentamicin=S,imipenem=S,levofloxacin=R,meropenem=S,piperacillin-tazobactam=S,tetracycline=S,tobramycin=S,trimethoprim-sulfamethoxazole=S"
E.coli and Shigella,699284,"""699284"",""SRS15339708""",,PDT001340132.1,2022-06-22T20:50:20Z,USA: District of Columbia,urine,clinical,,PDS000112755.1,7.0,,SAMN26305180,GCA_023858765.1,"acrF=COMPLETE,aph(3'')-Ib=COMPLETE,aph(6)-Id=COMPLETE,blaEC=COMPLETE,emrD=COMPLETE,gyrA_D87N=POINT,gyrA_S83L=POINT,mdtM=COMPLETE,parC_E84V=POINT,parC_S80I=POINT,parE_I529L=POINT,ptsI_V25I=POINT,sul2=COMPLETE,tet(A)=COMPLETE,uhpT_E350Q=POINT",,"amikacin=S,amoxicillin-clavulanic acid=S,ampicillin=S,aztreonam=S,cefazolin=S,cefepime=S,ceftazidime=S,ceftriaxone=S,ciprofloxacin=R,ertapenem=S,gentamicin=S,imipenem=S,levofloxacin=R,meropenem=S,piperacillin-tazobactam=S,tetracycline=R,tobramycin=S,trimethoprim-sulfamethoxazole=S"
E.coli and Shigella,748949,"""748949"",""SRS15351902""",,PDT001340135.1,2022-06-22T20:50:48Z,USA: District of Columbia,other,clinical,,PDS000002968.261,16.0,25.0,SAMN26304582,GCA_023858845.1,"acrF=COMPLETE,blaEC-5=COMPLETE,emrD=COMPLETE,gyrA_D87N=POINT,gyrA_S83L=POINT,marR_S3N=POINT,parC_S80I=POINT,parE_L416F=POINT,uhpT_E350Q=POINT",,"amikacin=S,amoxicillin-clavulanic acid=S,ampicillin=S,aztreonam=S,cefazolin=R,cefepime=S,ceftazidime=S,ceftriaxone=S,ciprofloxacin=R,ertapenem=S,gentamicin=S,imipenem=S,levofloxacin=R,meropenem=S,piperacillin-tazobactam=S,tetracycline=S,tobramycin=S,trimethoprim-sulfamethoxazole=S"
E.coli and Shigella,698490,"""698490"",""SRS15339686""",,PDT001340154.1,2022-06-22T20:53:20Z,USA: District of Columbia,urine,clinical,,,,,SAMN26304820,GCA_023859225.1,"acrF=COMPLETE,blaEC-5=COMPLETE,emrD=COMPLETE,gyrA_D87N=POINT,gyrA_S83L=POINT,marR_S3N=POINT,parC_S80I=POINT,parE_L416F=POINT,uhpT_E350Q=POINT",,"amikacin=S,amoxicillin-clavulanic acid=S,ampicillin=S,aztreonam=S,cefazolin=S,cefepime=S,ceftazidime=S,ceftriaxone=S,ciprofloxacin=R,ertapenem=S,gentamicin=S,imipenem=S,levofloxacin=R,meropenem=S,piperacillin-tazobactam=S,tetracycline=S,tobramycin=S,trimethoprim-sulfamethoxazole=S"
E.coli and Shigella,782099,"""782099"",""SRS15357607""",,PDT001340155.1,2022-06-22T20:53:20Z,USA: District of Columbia,urine,clinical,,,,,SAMN26304563,GCA_023859245.1,"acrF=COMPLETE,blaEC-5=COMPLETE,emrD=COMPLETE,gyrA_D87N=POINT,gyrA_S83L=POINT,marR_S3N=POINT,parC_S80I=POINT,parE_L416F=POINT,uhpT_E350Q=POINT",,"amikacin=S,amoxicillin-clavulanic acid=S,ampicillin=S,aztreonam=S,cefazolin=S,cefepime=S,ceftazidime=S,ceftriaxone=S,ciprofloxacin=R,ertapenem=S,gentamicin=S,imipenem=S,levofloxacin=R,meropenem=S,piperacillin-tazobactam=S,tetracycline=S,tobramycin=S,trimethoprim-sulfamethoxazole=S"
E.coli and Shigella,748957,"""748957"",""SRS15351977""",,PDT001340163.1,2022-06-22T20:55:10Z,USA: District of Columbia,urine,clinical,,PDS000112829.2,2.0,,SAMN26309225,GCA_023859405.1,"acrF=COMPLETE,aph(3'')-Ib=COMPLETE,aph(6)-Id=COMPLETE,blaEC-5=COMPLETE,blaTEM-1=COMPLETE,dfrA17=COMPLETE,emrD=COMPLETE,gyrA_D87N=POINT,gyrA_S83L=POINT,marR_S3N=POINT,mph(A)=COMPLETE,parC_S80I=POINT,parE_L416F=POINT,sul2=COMPLETE,tet(B)=COMPLETE,uhpT_E350Q=POINT",,"amikacin=S,amoxicillin-clavulanic acid=S,ampicillin=R,aztreonam=S,cefazolin=S,cefepime=S,ceftazidime=S,ceftriaxone=S,ciprofloxacin=R,ertapenem=S,gentamicin=S,imipenem=S,levofloxacin=R,meropenem=S,piperacillin-tazobactam=S,tetracycline=R,tobramycin=S,trimethoprim-sulfamethoxazole=R"
E.coli and Shigella,772781,"""772781"",""SRS15357670""",,PDT001340178.1,2022-06-22T20:56:51Z,USA: District of Columbia,urine,clinical,,PDS000112726.3,15.0,,SAMN26308855,GCA_023859705.1,"acrF=COMPLETE,blaEC=COMPLETE,blaTEM-1=COMPLETE,emrD=COMPLETE,gyrA_D87N=POINT,gyrA_S83L=POINT,mdtM=COMPLETE,parC_E84V=POINT,parC_S80I=POINT,parE_I529L=POINT,ptsI_V25I=POINT,uhpT_E350Q=POINT",,"amikacin=S,amoxicillin-clavulanic acid=S,ampicillin=R,aztreonam=S,cefazolin=I,cefepime=S,ceftazidime=S,ceftriaxone=S,ciprofloxacin=R,ertapenem=S,gentamicin=S,imipenem=S,levofloxacin=R,meropenem=S,piperacillin-tazobactam=S,tetracycline=S,tobramycin=S,trimethoprim-sulfamethoxazole=S"
E.coli and Shigella,806900,"""806900"",""SRS15358636""",,PDT001340182.1,2022-06-22T20:57:14Z,USA: District of Columbia,urine,clinical,,PDS000194248.147,23.0,42.0,SAMN26309252,GCA_023859785.1,"acrF=COMPLETE,blaEC-5=COMPLETE,emrD=COMPLETE,gyrA_D87N=POINT,gyrA_S83L=POINT,marR_S3N=POINT,parC_S80I=POINT,parE_L416F=POINT,uhpT_E350Q=POINT",,"amikacin=S,amoxicillin-clavulanic acid=S,ampicillin=S,aztreonam=S,cefazolin=S,cefepime=S,ceftazidime=S,ceftriaxone=S,ciprofloxacin=R,ertapenem=S,gentamicin=S,imipenem=S,levofloxacin=R,meropenem=S,piperacillin-tazobactam=S,tetracycline=S,tobramycin=S,trimethoprim-sulfamethoxazole=S"
E.coli and Shigella,704903,"""704903"",""SRS15339723""",,PDT001340187.1,2022-06-22T20:58:35Z,USA: District of Columbia,blood,clinical,,,,,SAMN26309370,GCA_023859885.1,"aadA1=COMPLETE,aadA2=COMPLETE,acrF=COMPLETE,blaEC=COMPLETE,blaTEM-1=COMPLETE,cmlA1=COMPLETE,dfrA12=COMPLETE,gyrA_S83L=POINT,mdtM=COMPLETE,parC_S80I=POINT,tet(M)=COMPLETE",,"amikacin=S,amoxicillin-clavulanic acid=S,ampicillin=R,aztreonam=S,cefazolin=S,cefepime=S,ceftazidime=S,ceftriaxone=S,ciprofloxacin=R,ertapenem=S,gentamicin=S,imipenem=S,levofloxacin=S,meropenem=S,piperacillin-tazobactam=S,tetracycline=S,tobramycin=S,trimethoprim-sulfamethoxazole=S"
E.coli and Shigella,698642,"""698642"",""SRS15339702""",,PDT001340191.1,2022-06-22T20:59:10Z,USA: District of Columbia,urine,clinical,,,,,SAMN26309312,GCA_023859965.1,"aac(3)-IId=COMPLETE,aadA5=COMPLETE,acrF=COMPLETE,aph(3'')-Ib=COMPLETE,aph(6)-Id=COMPLETE,blaCTX-M-14=COMPLETE,blaEC=COMPLETE,dfrA17=COMPLETE,gyrA_D87N=POINT,gyrA_S83L=POINT,mdtM=COMPLETE,mph(A)=COMPLETE,parC_S80I=POINT,sul2=COMPLETE,tet(A)=COMPLETE",,"amikacin=S,amoxicillin-clavulanic acid=S,ampicillin=R,aztreonam=S,cefazolin=R,cefepime=I,ceftazidime=S,ceftriaxone=R,ciprofloxacin=R,ertapenem=S,gentamicin=R,imipenem=S,levofloxacin=R,meropenem=S,piperacillin-tazobactam=S,tetracycline=R,tobramycin=I,trimethoprim-sulfamethoxazole=R"
E.coli and Shigella,781297,"""781297"",""SRS15357554""",,PDT001340193.1,2022-06-22T20:59:20Z,USA: District of Columbia,urine,clinical,,PDS000112706.1,1.0,,SAMN26308856,GCA_023860005.1,"acrF=COMPLETE,blaEC=COMPLETE,blaTEM-1=COMPLETE,emrD=COMPLETE,gyrA_D87N=POINT,gyrA_S83L=POINT,mdtM=COMPLETE,parC_E84V=POINT,parC_S80I=POINT,parE_I529L=POINT,ptsI_V25I=POINT,uhpT_E350Q=POINT",,"amikacin=S,amoxicillin-clavulanic acid=S,ampicillin=R,aztreonam=S,cefazolin=S,cefepime=S,ceftazidime=S,ceftriaxone=S,ciprofloxacin=R,ertapenem=S,gentamicin=S,imipenem=S,levofloxacin=R,meropenem=S,piperacillin-tazobactam=S,tetracycline=S,tobramycin=S,trimethoprim-sulfamethoxazole=S"
E.coli and Shigella,781393,"""781393"",""SRS15357565""",,PDT001340196.1,2022-06-22T20:59:32Z,USA: District of Columbia,Tissue,clinical,,PDS000112703.2,1.0,,SAMN26308858,GCA_023860065.1,"acrF=COMPLETE,blaEC=COMPLETE,blaTEM-1=COMPLETE,emrD=COMPLETE,gyrA_D87N=POINT,gyrA_S83L=POINT,mdtM=COMPLETE,parC_E84V=POINT,parC_S80I=POINT,parE_I529L=POINT,ptsI_V25I=POINT,soxR_G121D=POINT,uhpT_E350Q=POINT",,"amikacin=S,amoxicillin-clavulanic acid=S,ampicillin=R,aztreonam=S,cefazolin=I,cefepime=S,ceftazidime=S,ceftriaxone=S,ciprofloxacin=R,ertapenem=S,gentamicin=S,imipenem=S,levofloxacin=R,meropenem=S,piperacillin-tazobactam=S,tetracycline=S,tobramycin=S,trimethoprim-sulfamethoxazole=S"
E.coli and Shigella,698916,"""698916"",""SRS15339796""",,PDT001340201.1,2022-06-22T21:00:11Z,USA: District of Columbia,urine,clinical,,PDS000194248.147,13.0,41.0,SAMN26309194,GCA_023860165.1,"acrF=COMPLETE,blaEC-5=COMPLETE,dfrA17=COMPLETE,emrD=COMPLETE,gyrA_D87N=POINT,gyrA_S83L=POINT,marR_S3N=POINT,parC_S80I=POINT,parE_L416F=POINT,tet(B)=COMPLETE,uhpT_E350Q=POINT",,"amikacin=S,amoxicillin-clavulanic acid=S,ampicillin=S,aztreonam=S,cefazolin=S,cefepime=S,ceftazidime=S,ceftriaxone=S,ciprofloxacin=R,ertapenem=S,gentamicin=S,imipenem=S,levofloxacin=R,meropenem=S,piperacillin-tazobactam=S,tetracycline=R,tobramycin=S,trimethoprim-sulfamethoxazole=R"
E.coli and Shigella,807500,"""807500"",""SRS15358736""",,PDT001340226.1,2022-06-22T21:03:20Z,USA: District of Columbia,urine,clinical,,PDS000002968.261,27.0,50.0,SAMN26309250,GCA_023860665.1,"aac(3)-IId=COMPLETE,aadA5=COMPLETE,acrF=COMPLETE,aph(3'')-Ib=COMPLETE,aph(6)-Id=PARTIAL_END_OF_CONTIG,blaCTX-M=PARTIAL_END_OF_CONTIG,blaEC-5=COMPLETE,blaTEM-1=COMPLETE,catA2=COMPLETE,dfrA17=COMPLETE,emrD=COMPLETE,gyrA_D87N=POINT,gyrA_S83L=POINT,marR_S3N=POINT,mph(A)=COMPLETE,parC_S80I=POINT,parE_L416F=POINT,qnrS1=COMPLETE,sul1=COMPLETE,sul2=COMPLETE,tet(A)=COMPLETE,uhpT_E350Q=POINT",,"amikacin=S,amoxicillin-clavulanic acid=S,ampicillin=R,aztreonam=R,cefazolin=R,cefepime=R,ceftazidime=I,ceftriaxone=R,ciprofloxacin=R,ertapenem=S,gentamicin=R,imipenem=S,levofloxacin=R,meropenem=S,piperacillin-tazobactam=S,tetracycline=R,tobramycin=I,trimethoprim-sulfamethoxazole=R"
E.coli and Shigella,698692,"""698692"",""SRS15339772""",,PDT001340229.1,2022-06-22T21:03:49Z,USA: District of Columbia,urine,clinical,,,,,SAMN26304637,GCA_023860725.1,"aadA5=COMPLETE,acrF=COMPLETE,aph(3'')-Ib=COMPLETE,aph(6)-Id=COMPLETE,blaEC=COMPLETE,blaTEM-1=COMPLETE,dfrA17=COMPLETE,gyrA_D87N=POINT,gyrA_S83L=POINT,mdtM=COMPLETE,parC_S80I=POINT,sul2=COMPLETE,tet(B)=COMPLETE",,"amikacin=S,amoxicillin-clavulanic acid=S,ampicillin=R,aztreonam=S,cefazolin=S,cefepime=S,ceftazidime=S,ceftriaxone=S,ciprofloxacin=R,ertapenem=S,gentamicin=S,imipenem=S,levofloxacin=R,meropenem=S,piperacillin-tazobactam=S,tetracycline=R,tobramycin=S,trimethoprim-sulfamethoxazole=R"
E.coli and Shigella,699032,"""699032"",""SRS15339849""",,PDT001340230.1,2022-06-22T21:04:10Z,USA: District of Columbia,urine,clinical,,,,,SAMN26308792,GCA_023860745.1,"acrF=COMPLETE,blaEC=COMPLETE,emrD=COMPLETE,gyrA_D87N=POINT,gyrA_S83L=POINT,mdtM=COMPLETE,parC_E84V=POINT,parC_S80I=POINT,parE_I529L=POINT,ptsI_V25I=POINT",,"amikacin=S,amoxicillin-clavulanic acid=S,ampicillin=S,aztreonam=S,cefazolin=S,cefepime=S,ceftazidime=S,ceftriaxone=S,ciprofloxacin=R,ertapenem=S,gentamicin=S,imipenem=S,levofloxacin=R,meropenem=S,piperacillin-tazobactam=S,tetracycline=S,tobramycin=S,trimethoprim-sulfamethoxazole=S"
E.coli and Shigella,782103,"""782103"",""SRS15357608""",,PDT001340246.1,2022-06-22T21:06:15Z,USA: District of Columbia,urine,clinical,,PDS000194248.147,28.0,38.0,SAMN26309245,GCA_023861065.1,"acrF=COMPLETE,aph(3'')-Ib=COMPLETE,aph(6)-Id=COMPLETE,blaEC-5=COMPLETE,blaTEM-1=COMPLETE,emrD=COMPLETE,gyrA_D87N=POINT,gyrA_S83L=POINT,marR_S3N=POINT,parC_S80I=POINT,parE_L416F=POINT,sul2=COMPLETE,uhpT_E350Q=POINT",,"amikacin=S,amoxicillin-clavulanic acid=S,ampicillin=R,aztreonam=S,cefazolin=S,cefepime=S,ceftazidime=S,ceftriaxone=S,ciprofloxacin=R,ertapenem=S,gentamicin=S,imipenem=S,levofloxacin=R,meropenem=S,piperacillin-tazobactam=S,tetracycline=S,tobramycin=S,trimethoprim-sulfamethoxazole=S"
E.coli and Shigella,805002,"""805002"",""SRS15358798""",,PDT001340256.1,2022-06-22T21:07:25Z,USA: District of Columbia,urine,clinical,,PDS000255353.1,28.0,,SAMN26308572,GCA_023861265.1,"acrF=COMPLETE,aph(3'')-Ib=COMPLETE,aph(6)-Id=COMPLETE,blaEC-5=COMPLETE,blaTEM-1=COMPLETE,emrD=COMPLETE,gyrA_D87N=POINT,gyrA_S83L=POINT,marR_S3N=POINT,mph(A)=COMPLETE,parC_S80I=POINT,parE_L416F=POINT,sul2=COMPLETE,tet(A)=COMPLETE,uhpT_E350Q=POINT",,"amikacin=S,amoxicillin-clavulanic acid=S,ampicillin=R,aztreonam=S,cefazolin=S,cefepime=S,ceftazidime=S,ceftriaxone=S,ciprofloxacin=R,ertapenem=S,gentamicin=S,imipenem=S,levofloxacin=R,meropenem=S,piperacillin-tazobactam=S,tetracycline=R,tobramycin=S,trimethoprim-sulfamethoxazole=S"
E.coli and Shigella,836964,"""836964"",""SRS15359991""",,PDT001340276.1,2022-06-22T21:10:49Z,USA: District of Columbia,urine,clinical,,PDS000112833.8,0.0,27.0,SAMN26309346,GCA_023861665.1,"acrF=COMPLETE,blaCTX-M-14=COMPLETE,blaEC=COMPLETE,blaTEM-1=COMPLETE,cyaA_S352T=POINT,emrD=COMPLETE,gyrA_D87Y=POINT,gyrA_S83L=POINT,parC_S80I=POINT,parE_S458A=POINT,tet(D)=COMPLETE",,"amikacin=S,amoxicillin-clavulanic acid=I,ampicillin=R,aztreonam=S,cefazolin=R,cefepime=I,ceftazidime=S,ceftriaxone=R,ciprofloxacin=R,ertapenem=S,gentamicin=S,imipenem=S,levofloxacin=R,meropenem=S,piperacillin-tazobactam=S,tetracycline=R,tobramycin=S,trimethoprim-sulfamethoxazole=S"
E.coli and Shigella,750205,"""750205"",""SRS15352069""",,PDT001340280.1,2022-06-22T21:11:17Z,USA: District of Columbia,urine,clinical,,,,,SAMN26305279,GCA_023861745.1,"acrF=COMPLETE,blaEC=COMPLETE,blaTEM-1=COMPLETE,cyaA_S352T=POINT,emrD=COMPLETE,gyrA_D87N=POINT,gyrA_S83L=POINT,parC_E84G=POINT,parC_S80I=POINT",,"amikacin=S,amoxicillin-clavulanic acid=S,ampicillin=R,aztreonam=S,cefazolin=I,cefepime=S,ceftazidime=S,ceftriaxone=S,ciprofloxacin=R,ertapenem=S,gentamicin=S,imipenem=S,levofloxacin=R,meropenem=S,piperacillin-tazobactam=S,tetracycline=S,tobramycin=S,trimethoprim-sulfamethoxazole=S"
E.coli and Shigella,766509,"""766509"",""SRS15355503""",,PDT001340283.1,2022-06-22T21:11:29Z,USA: District of Columbia,urine,clinical,,PDS000112861.1,0.0,,SAMN26308844,GCA_023861805.1,"aac(3)-IIe=COMPLETE,aac(6')-Ib-cr5=COMPLETE,aadA5=COMPLETE,acrF=COMPLETE,blaCTX-M-15=COMPLETE,blaEC=COMPLETE,blaOXA-1=COMPLETE,catB3=PARTIAL_END_OF_CONTIG,dfrA17=COMPLETE,emrD=COMPLETE,gyrA_D87N=POINT,gyrA_S83L=POINT,mdtM=COMPLETE,mph(A)=COMPLETE,parC_E84V=POINT,parC_S80I=POINT,parE_I529L=POINT,ptsI_V25I=POINT,sul1=COMPLETE,tet(A)=COMPLETE,uhpT_E350Q=POINT",,"amikacin=S,amoxicillin-clavulanic acid=R,ampicillin=R,aztreonam=R,cefazolin=R,cefepime=R,ceftazidime=R,ceftriaxone=R,ciprofloxacin=R,ertapenem=S,gentamicin=R,imipenem=S,levofloxacin=R,meropenem=S,piperacillin-tazobactam=R,tetracycline=R,tobramycin=R,trimethoprim-sulfamethoxazole=R"
E.coli and Shigella,749451,"""749451"",""SRS15351965""",,PDT001340290.1,2022-06-22T21:12:24Z,USA: District of Columbia,urine,clinical,,PDS000071814.74,0.0,21.0,SAMN26308564,GCA_023861945.1,"acrF=COMPLETE,blaEC-5=COMPLETE,blaTEM-1=COMPLETE,emrD=COMPLETE,gyrA_D87N=POINT,gyrA_S83L=POINT,marR_S3N=POINT,parC_S80I=POINT,parE_L416F=POINT,uhpT_E350Q=POINT",,"amikacin=S,amoxicillin-clavulanic acid=S,ampicillin=R,aztreonam=S,cefazolin=S,cefepime=S,ceftazidime=S,ceftriaxone=S,ciprofloxacin=R,ertapenem=S,gentamicin=S,imipenem=S,levofloxacin=R,meropenem=S,piperacillin-tazobactam=S,tetracycline=S,tobramycin=S,trimethoprim-sulfamethoxazole=S"
E.coli and Shigella,735533,"""735533"",""SRS15348422""",,PDT001340299.1,2022-06-22T21:14:12Z,USA: District of Columbia,urine,clinical,,,,,SAMN26304825,GCA_023862125.1,"acrF=COMPLETE,blaEC-5=COMPLETE,emrD=COMPLETE,gyrA_D87N=POINT,gyrA_S83L=POINT,marR_S3N=POINT,parC_S80I=POINT,parE_L416F=POINT,uhpT_E350Q=POINT",,"amikacin=S,amoxicillin-clavulanic acid=S,ampicillin=S,aztreonam=S,cefazolin=S,cefepime=S,ceftazidime=S,ceftriaxone=S,ciprofloxacin=R,ertapenem=S,gentamicin=S,imipenem=S,levofloxacin=R,meropenem=S,piperacillin-tazobactam=S,tetracycline=S,tobramycin=S,trimethoprim-sulfamethoxazole=S"
E.coli and Shigella,750579,"""750579"",""SRS15352142""",,PDT001340304.1,2022-06-22T21:14:42Z,USA: District of Columbia,urine,clinical,,PDS000194248.147,23.0,44.0,SAMN26309233,GCA_023862225.1,"acrF=COMPLETE,aph(3'')-Ib=COMPLETE,aph(6)-Id=COMPLETE,blaEC-5=COMPLETE,blaTEM-1=COMPLETE,dfrA17=COMPLETE,emrD=COMPLETE,gyrA_D87N=POINT,gyrA_S83L=POINT,marR_S3N=POINT,mph(A)=COMPLETE,parC_S80I=POINT,parE_L416F=POINT,sul2=COMPLETE,tet(B)=COMPLETE,uhpT_E350Q=POINT",,"amikacin=S,amoxicillin-clavulanic acid=S,ampicillin=R,aztreonam=S,cefazolin=S,cefepime=S,ceftazidime=S,ceftriaxone=S,ciprofloxacin=R,ertapenem=S,gentamicin=S,imipenem=S,levofloxacin=R,meropenem=S,piperacillin-tazobactam=S,tetracycline=R,tobramycin=S,trimethoprim-sulfamethoxazole=R"
E.coli and Shigella,836980,"""836980"",""SRS15359993""",,PDT001340309.1,2022-06-22T21:15:04Z,USA: District of Columbia,urine,clinical,,PDS000250142.1,39.0,,SAMN26304849,GCA_023862325.1,"aadA15=PARTIAL_END_OF_CONTIG,acrF=COMPLETE,aph(3'')-Ib=COMPLETE,aph(3')-Ia=COMPLETE,aph(6)-Id=COMPLETE,blaEC=COMPLETE,blaTEM=COMPLETE,dfrA1=COMPLETE,dfrA5=COMPLETE,lnu(A)=COMPLETE,mdtM=COMPLETE,sul2=COMPLETE",,"amikacin=S,amoxicillin-clavulanic acid=I,ampicillin=R,aztreonam=S,cefazolin=R,cefepime=S,ceftazidime=S,ceftriaxone=S,ciprofloxacin=R,ertapenem=S,gentamicin=S,imipenem=S,levofloxacin=R,meropenem=S,piperacillin-tazobactam=S,tetracycline=R,tobramycin=R,trimethoprim-sulfamethoxazole=S"
E.coli and Shigella,807698,"""807698"",""SRS15358757""",,PDT001340313.1,2022-06-22T21:15:31Z,USA: District of Columbia,urine,clinical,,PDS000073029.14,0.0,,SAMN26305210,GCA_023862405.1,"aac(3)-IId=COMPLETE,aadA5=COMPLETE,acrF=COMPLETE,aph(3'')-Ib=COMPLETE,aph(6)-Id=COMPLETE,blaCTX-M-14=COMPLETE,blaEC=COMPLETE,blaTEM-1=COMPLETE,cyaA_S352T=POINT,dfrA17=COMPLETE,emrD=COMPLETE,gyrA_D87N=POINT,gyrA_S83L=POINT,mph(A)=COMPLETE,parC_E84G=POINT,parC_S80I=POINT,sul1=COMPLETE,sul2=COMPLETE,tet(A)=COMPLETE",,"amikacin=S,amoxicillin-clavulanic acid=I,ampicillin=R,aztreonam=R,cefazolin=R,cefepime=R,ceftazidime=S,ceftriaxone=R,ciprofloxacin=R,ertapenem=S,gentamicin=R,imipenem=S,levofloxacin=R,meropenem=S,piperacillin-tazobactam=S,tetracycline=R,tobramycin=I,trimethoprim-sulfamethoxazole=R"
E.coli and Shigella,836770,"""836770"",""SRS15360023""",,PDT001340314.1,2022-06-22T21:15:40Z,USA: District of Columbia,urine,clinical,,PDS000112678.1,1.0,,SAMN26308770,GCA_023862425.1,"aac(3)-IId=COMPLETE,aadA5=COMPLETE,acrF=COMPLETE,aph(3'')-Ib=COMPLETE,aph(6)-Id=COMPLETE,blaEC=COMPLETE,blaTEM-1=COMPLETE,dfrA17=COMPLETE,emrD=COMPLETE,gyrA_D87N=POINT,gyrA_S83L=POINT,mdtM=COMPLETE,mph(A)=COMPLETE,parC_E84V=POINT,parC_S80I=POINT,parE_I529L=POINT,ptsI_V25I=POINT,sul1=COMPLETE,sul2=COMPLETE,tet(A)=COMPLETE,uhpT_E350Q=POINT",,"amikacin=S,amoxicillin-clavulanic acid=S,ampicillin=R,aztreonam=S,cefazolin=I,cefepime=S,ceftazidime=S,ceftriaxone=S,ciprofloxacin=R,ertapenem=S,gentamicin=R,imipenem=S,levofloxacin=R,meropenem=S,piperacillin-tazobactam=S,tetracycline=R,tobramycin=I,trimethoprim-sulfamethoxazole=R"
E.coli and Shigella,836800,"""836800"",""SRS15359976""",,PDT001340319.1,2022-06-22T21:16:20Z,USA: District of Columbia,urine,clinical,,PDS000149720.9,19.0,,SAMN26304562,GCA_023862525.1,"aac(3)-IIe=COMPLETE,aac(6')-Ib-cr5=COMPLETE,acrF=COMPLETE,blaCTX-M-15=COMPLETE,blaEC=COMPLETE,blaOXA-1=COMPLETE,catB3=PARTIAL_END_OF_CONTIG,emrD=COMPLETE,gyrA_D87N=POINT,gyrA_S83L=POINT,mdtM=COMPLETE,parC_E84V=POINT,parC_S80I=POINT,parE_I529L=POINT,ptsI_V25I=POINT,tet(A)=COMPLETE,uhpT_E350Q=POINT",,"amikacin=S,amoxicillin-clavulanic acid=I,ampicillin=R,aztreonam=R,cefazolin=R,cefepime=R,ceftazidime=R,ceftriaxone=R,ciprofloxacin=R,ertapenem=S,gentamicin=R,imipenem=S,levofloxacin=R,meropenem=S,piperacillin-tazobactam=S,tetracycline=R,tobramycin=R,trimethoprim-sulfamethoxazole=S"
E.coli and Shigella,836738,"""836738"",""SRS15360019""",,PDT001340322.1,2022-06-22T21:17:21Z,USA: District of Columbia,Fluid,clinical,,PDS000112843.1,1.0,,SAMN26309202,GCA_023862585.1,"acrF=COMPLETE,aph(3'')-Ib=COMPLETE,aph(6)-Id=COMPLETE,blaEC-5=COMPLETE,blaTEM-1=COMPLETE,dfrA17=COMPLETE,emrD=COMPLETE,gyrA_D87N=POINT,gyrA_S83L=POINT,marR_S3N=POINT,mph(A)=COMPLETE,mph(E)=COMPLETE,msr(E)=COMPLETE,parC_S80I=POINT,parE_L416F=POINT,sul2=COMPLETE,tet(B)=COMPLETE,uhpT_E350Q=POINT",,"amikacin=S,amoxicillin-clavulanic acid=S,ampicillin=R,aztreonam=S,cefazolin=S,cefepime=S,ceftazidime=S,ceftriaxone=S,ciprofloxacin=R,ertapenem=S,gentamicin=S,imipenem=S,levofloxacin=R,meropenem=S,piperacillin-tazobactam=S,tetracycline=R,tobramycin=S,trimethoprim-sulfamethoxazole=R"
E.coli and Shigella,836632,"""836632"",""SRS15360008""",,PDT001340328.1,2022-06-22T21:18:11Z,USA: District of Columbia,blood,clinical,,,,,SAMN26308456,GCA_023862705.1,"aac(6')-Ib-cr5=COMPLETE,acrF=COMPLETE,blaCTX-M-15=COMPLETE,blaEC=COMPLETE,blaOXA=PARTIAL,blaTEM-1=COMPLETE,catB3=PARTIAL_END_OF_CONTIG,cyaA_S352T=POINT,emrD=COMPLETE,gyrA_D87N=POINT,gyrA_S83L=POINT,mdtM=COMPLETE,nfsA_G126R=POINT,parC_S80I=POINT,parE_S458A=POINT",,"amikacin=S,amoxicillin-clavulanic acid=S,ampicillin=R,aztreonam=R,cefazolin=R,cefepime=R,ceftazidime=R,ceftriaxone=R,ciprofloxacin=R,ertapenem=S,gentamicin=S,imipenem=S,levofloxacin=R,meropenem=S,piperacillin-tazobactam=S,tetracycline=S,tobramycin=R,trimethoprim-sulfamethoxazole=S"
E.coli and Shigella,805334,"""805334"",""SRS15358816""",,PDT001340333.1,2022-06-22T21:18:39Z,USA: District of Columbia,urine,clinical,,PDS000194248.147,29.0,58.0,SAMN26309197,GCA_023862805.1,"acrF=COMPLETE,blaEC-5=COMPLETE,dfrA17=COMPLETE,emrD=COMPLETE,gyrA_D87N=POINT,gyrA_S83L=POINT,marR_S3N=POINT,parC_S80I=POINT,parE_L416F=POINT,tet(B)=COMPLETE,uhpT_E350Q=POINT",,"amikacin=S,amoxicillin-clavulanic acid=S,ampicillin=S,aztreonam=S,cefazolin=S,cefepime=S,ceftazidime=S,ceftriaxone=S,ciprofloxacin=R,ertapenem=S,gentamicin=S,imipenem=S,levofloxacin=R,meropenem=S,piperacillin-tazobactam=S,tetracycline=R,tobramycin=S,trimethoprim-sulfamethoxazole=R"
E.coli and Shigella,750247,"""750247"",""SRS15352073""",,PDT001340342.1,2022-06-22T21:20:20Z,USA: District of Columbia,urine,clinical,,PDS000112829.2,21.0,,SAMN26309231,GCA_023862985.1,"acrF=COMPLETE,aph(3'')-Ib=COMPLETE,aph(6)-Id=COMPLETE,blaEC-5=COMPLETE,emrD=COMPLETE,gyrA_D87N=POINT,gyrA_S83L=POINT,marR_S3N=POINT,parC_S80I=POINT,parE_L416F=POINT,sul2=COMPLETE,tet(B)=COMPLETE,uhpT_E350Q=POINT",,"amikacin=S,amoxicillin-clavulanic acid=S,ampicillin=R,aztreonam=S,cefazolin=S,cefepime=S,ceftazidime=S,ceftriaxone=S,ciprofloxacin=R,ertapenem=S,gentamicin=S,imipenem=S,levofloxacin=R,meropenem=S,piperacillin-tazobactam=S,tetracycline=R,tobramycin=S,trimethoprim-sulfamethoxazole=R"
E.coli and Shigella,806064,"""806064"",""SRS15358723""",,PDT001340352.1,2022-06-22T21:21:30Z,USA: District of Columbia,urine,clinical,,PDS000112849.1,2.0,,SAMN26305281,GCA_023863185.1,"acrF=COMPLETE,blaEC=COMPLETE,cyaA_S352T=POINT,emrD=COMPLETE,gyrA_D87N=POINT,gyrA_S83L=POINT,parC_S80I=POINT,parE_S458A=POINT",,"amikacin=S,amoxicillin-clavulanic acid=S,ampicillin=S,aztreonam=S,cefazolin=S,cefepime=S,ceftazidime=S,ceftriaxone=S,ciprofloxacin=R,ertapenem=S,gentamicin=S,imipenem=S,levofloxacin=R,meropenem=S,piperacillin-tazobactam=S,tetracycline=S,tobramycin=S,trimethoprim-sulfamethoxazole=S"
E.coli and Shigella,836850,"""836850"",""SRS15359979""",,PDT001340353.1,2022-06-22T21:21:34Z,USA: District of Columbia,urine,clinical,,,,,SAMN26304604,GCA_023863205.1,"aac(3)-IId=COMPLETE,acrF=COMPLETE,blaEC=COMPLETE,blaTEM-1=COMPLETE,emrD=COMPLETE,gyrA_D87N=POINT,gyrA_S83L=POINT,mdtM=COMPLETE,parC_S80I=POINT,parE_L445H=POINT,ptsI_V25I=POINT,uhpT_E350Q=POINT",,"amikacin=S,amoxicillin-clavulanic acid=S,ampicillin=R,aztreonam=S,cefazolin=I,cefepime=S,ceftazidime=S,ceftriaxone=S,ciprofloxacin=R,ertapenem=S,gentamicin=R,imipenem=S,levofloxacin=R,meropenem=S,piperacillin-tazobactam=S,tetracycline=S,tobramycin=S,trimethoprim-sulfamethoxazole=S"
E.coli and Shigella,749695,"""749695"",""SRS15352120""",,PDT001340380.1,2022-06-22T21:25:07Z,USA: District of Columbia,urine,clinical,,PDS000112706.1,0.0,,SAMN26308825,GCA_023863745.1,"acrF=COMPLETE,blaEC=COMPLETE,blaTEM-1=COMPLETE,emrD=COMPLETE,gyrA_D87N=POINT,gyrA_S83L=POINT,mdtM=COMPLETE,parC_E84V=POINT,parC_S80I=POINT,parE_I529L=POINT,ptsI_V25I=POINT,uhpT_E350Q=POINT",,"amikacin=S,amoxicillin-clavulanic acid=S,ampicillin=R,aztreonam=S,cefazolin=I,cefepime=S,ceftazidime=S,ceftriaxone=S,ciprofloxacin=R,ertapenem=S,gentamicin=S,imipenem=S,levofloxacin=R,meropenem=S,piperacillin-tazobactam=S,tetracycline=S,tobramycin=S,trimethoprim-sulfamethoxazole=S"
E.coli and Shigella,747961,"""747961"",""SRS15348386""",,PDT001340382.1,2022-06-22T21:25:10Z,USA: District of Columbia,urine,clinical,,PDS000112782.1,1.0,,SAMN26308830,GCA_023863785.1,"aac(3)-IId=COMPLETE,acrF=COMPLETE,blaEC=COMPLETE,blaTEM-1=COMPLETE,emrD=COMPLETE,gyrA_D87N=POINT,gyrA_S83L=POINT,mdtM=COMPLETE,parC_E84V=POINT,parC_S80I=POINT,parE_I529L=POINT,ptsI_V25I=POINT,uhpT_E350Q=POINT",,"amikacin=S,amoxicillin-clavulanic acid=S,ampicillin=R,aztreonam=S,cefazolin=S,cefepime=S,ceftazidime=S,ceftriaxone=S,ciprofloxacin=R,ertapenem=S,gentamicin=R,imipenem=S,levofloxacin=R,meropenem=S,piperacillin-tazobactam=S,tetracycline=S,tobramycin=I,trimethoprim-sulfamethoxazole=S"
E.coli and Shigella,766525,"""766525"",""SRS15355505""",,PDT001340385.1,2022-06-22T21:26:10Z,USA: District of Columbia,wound,clinical,,PDS000112861.1,0.0,,SAMN26308848,GCA_023863845.1,"aac(3)-IIe=COMPLETE,aadA5=COMPLETE,acrF=COMPLETE,blaEC=COMPLETE,dfrA17=COMPLETE,emrD=COMPLETE,gyrA_D87N=POINT,gyrA_S83L=POINT,mdtM=COMPLETE,mph(A)=COMPLETE,parC_E84V=POINT,parC_S80I=POINT,parE_I529L=POINT,ptsI_V25I=POINT,sul1=COMPLETE,tet(A)=COMPLETE,uhpT_E350Q=POINT",,"amikacin=S,amoxicillin-clavulanic acid=I,ampicillin=R,aztreonam=R,cefazolin=R,cefepime=R,ceftazidime=R,ceftriaxone=R,ciprofloxacin=R,ertapenem=I,gentamicin=R,imipenem=S,levofloxacin=R,meropenem=S,piperacillin-tazobactam=R,tetracycline=R,tobramycin=R,trimethoprim-sulfamethoxazole=R"
E.coli and Shigella,822706,"""822706"",""SRS15358710""",,PDT001340387.1,2022-06-22T21:26:28Z,USA: District of Columbia,urine,clinical,,,,,SAMN26304761,GCA_023863885.1,"acrF=COMPLETE,blaEC=COMPLETE,blaTEM=PARTIAL_END_OF_CONTIG,emrD=COMPLETE,gyrA_D87N=POINT,gyrA_S83L=POINT,mdtM=COMPLETE,parC_E84V=POINT,parC_S80I=POINT,parE_I529L=POINT,ptsI_V25I=POINT,uhpT_E350Q=POINT",,"amikacin=S,amoxicillin-clavulanic acid=S,ampicillin=R,aztreonam=S,cefazolin=I,cefepime=S,ceftazidime=S,ceftriaxone=S,ciprofloxacin=R,ertapenem=S,gentamicin=S,imipenem=S,levofloxacin=R,meropenem=S,piperacillin-tazobactam=S,tetracycline=S,tobramycin=S,trimethoprim-sulfamethoxazole=S"
E.coli and Shigella,697874,"""697874"",""SRS15339955""",,PDT001340400.1,2022-06-22T21:39:28Z,USA: District of Columbia,urine,clinical,,PDS000112865.1,0.0,,SAMN26309208,GCA_023865375.1,"aac(3)-IIe=COMPLETE,aac(6')-Ib-cr5=COMPLETE,acrF=COMPLETE,aph(3'')-Ib=COMPLETE,aph(6)-Id=COMPLETE,blaCTX-M-15=COMPLETE,blaEC-5=COMPLETE,blaOXA-1=COMPLETE,catB3=PARTIAL_END_OF_CONTIG,dfrA17=COMPLETE,emrD=COMPLETE,gyrA_D87N=POINT,gyrA_S83L=POINT,marR_S3N=POINT,parC_S80I=POINT,parE_L416F=POINT,sul2=COMPLETE,tet(B)=COMPLETE,uhpT_E350Q=POINT",,"amikacin=S,amoxicillin-clavulanic acid=S,ampicillin=R,aztreonam=R,cefazolin=R,cefepime=I,ceftazidime=S,ceftriaxone=R,ciprofloxacin=R,ertapenem=S,gentamicin=R,imipenem=S,levofloxacin=R,meropenem=S,piperacillin-tazobactam=S,tetracycline=R,tobramycin=I,trimethoprim-sulfamethoxazole=R"
E.coli and Shigella,747823,"""747823"",""SRS15348371""",,PDT001340402.1,2022-06-22T21:39:46Z,USA: District of Columbia,wound,clinical,,PDS000112861.1,0.0,,SAMN26308815,GCA_023865415.1,"aac(3)-IIe=COMPLETE,aac(6')-Ib-cr5=COMPLETE,aadA5=COMPLETE,acrF=COMPLETE,blaCTX-M-15=COMPLETE,blaEC=COMPLETE,blaOXA-1=COMPLETE,catB3=PARTIAL_END_OF_CONTIG,dfrA17=COMPLETE,emrD=COMPLETE,gyrA_D87N=POINT,gyrA_S83L=POINT,mdtM=COMPLETE,mph(A)=COMPLETE,parC_E84V=POINT,parC_S80I=POINT,parE_I529L=POINT,ptsI_V25I=POINT,sul1=COMPLETE,tet(A)=COMPLETE,uhpT_E350Q=POINT",,"amikacin=S,amoxicillin-clavulanic acid=I,ampicillin=R,aztreonam=R,cefazolin=R,cefepime=R,ceftazidime=R,ceftriaxone=R,ciprofloxacin=R,ertapenem=S,gentamicin=R,imipenem=S,levofloxacin=R,meropenem=S,piperacillin-tazobactam=I,tetracycline=R,tobramycin=R,trimethoprim-sulfamethoxazole=R"
E.coli and Shigella,747777,"""747777"",""SRS15348365""",,PDT001340409.1,2022-06-22T21:41:18Z,USA: District of Columbia,urine,clinical,,PDS000112790.11,1.0,,SAMN26304538,GCA_023865555.1,"aac(3)-IIe=COMPLETE,aac(6')-Ib-cr5=COMPLETE,aadA5=COMPLETE,acrF=COMPLETE,blaCTX-M-15=COMPLETE,blaEC=COMPLETE,blaOXA-1=COMPLETE,catB3=PARTIAL_END_OF_CONTIG,dfrA17=COMPLETE,emrD=COMPLETE,gyrA_D87N=POINT,gyrA_S83L=POINT,mdtM=COMPLETE,mph(A)=COMPLETE,nfsB_F84S=POINT,parC_E84V=POINT,parC_S80I=POINT,parE_I529L=POINT,ptsI_V25I=POINT,sul1=COMPLETE,uhpT_E350Q=POINT",,"amikacin=S,amoxicillin-clavulanic acid=I,ampicillin=R,aztreonam=R,cefazolin=R,cefepime=R,ceftazidime=R,ceftriaxone=R,ciprofloxacin=R,ertapenem=S,gentamicin=R,imipenem=S,levofloxacin=R,meropenem=S,piperacillin-tazobactam=S,tetracycline=S,tobramycin=R,trimethoprim-sulfamethoxazole=R"
E.coli and Shigella,747979,"""747979"",""SRS15348387""",,PDT001340416.1,2022-06-22T21:42:09Z,USA: District of Columbia,Perirectal,clinical,,PDS000228356.22,0.0,55.0,SAMN26308823,GCA_023865695.1,"aadA5=COMPLETE,acrF=COMPLETE,aph(3'')-Ib=COMPLETE,aph(6)-Id=COMPLETE,blaCTX-M-15=COMPLETE,blaEC=COMPLETE,blaTEM-1=COMPLETE,dfrA17=COMPLETE,emrD=COMPLETE,gyrA_D87N=POINT,gyrA_S83L=POINT,mdtM=COMPLETE,mph(A)=COMPLETE,parC_E84V=POINT,parC_S80I=POINT,parE_I529L=POINT,ptsI_V25I=POINT,sul1=COMPLETE,sul2=COMPLETE,tet(A)=COMPLETE,uhpT_E350Q=POINT",,"amikacin=S,amoxicillin-clavulanic acid=S,ampicillin=R,aztreonam=R,cefazolin=R,cefepime=R,ceftazidime=R,ceftriaxone=R,ciprofloxacin=R,ertapenem=S,gentamicin=S,imipenem=S,levofloxacin=R,meropenem=S,piperacillin-tazobactam=S,tetracycline=R,tobramycin=S,trimethoprim-sulfamethoxazole=R"
E.coli and Shigella,697542,"""697542"",""SRS15339793""",,PDT001340418.1,2022-06-22T21:47:17Z,USA: District of Columbia,urine,clinical,,,,,SAMN26304541,GCA_023865735.1,"acrF=PARTIAL,blaCTX-M-24=COMPLETE,blaEC=COMPLETE,blaTEM-1=COMPLETE,cyaA_S352T=POINT,emrD=COMPLETE,gyrA_D87N=POINT,gyrA_S83L=POINT,mdtM=COMPLETE,parC_E84G=POINT,parC_S80I=POINT,parE_I355T=POINT,uhpT_E350Q=POINT",,"amikacin=S,amoxicillin-clavulanic acid=S,ampicillin=R,aztreonam=R,cefazolin=R,cefepime=I,ceftazidime=S,ceftriaxone=R,ciprofloxacin=R,ertapenem=S,gentamicin=S,imipenem=S,levofloxacin=R,meropenem=S,piperacillin-tazobactam=S,tetracycline=S,tobramycin=S,trimethoprim-sulfamethoxazole=S"
E.coli and Shigella,747785,"""747785"",""SRS15348366""",,PDT001340422.1,2022-06-22T21:47:49Z,USA: District of Columbia,urine,clinical,,,,,SAMN26304756,GCA_023865815.1,"aac(3)-IId=COMPLETE,acrF=COMPLETE,blaEC=COMPLETE,blaTEM-1=COMPLETE,emrD=COMPLETE,gyrA_D87N=POINT,gyrA_S83L=POINT,mdtM=COMPLETE,parC_E84V=POINT,parC_S80I=POINT,parE_I529L=POINT,ptsI_V25I=POINT,uhpT_E350Q=POINT",,"amikacin=S,amoxicillin-clavulanic acid=S,ampicillin=R,aztreonam=S,cefazolin=S,cefepime=S,ceftazidime=S,ceftriaxone=S,ciprofloxacin=R,ertapenem=S,gentamicin=R,imipenem=S,levofloxacin=R,meropenem=S,piperacillin-tazobactam=S,tetracycline=S,tobramycin=I,trimethoprim-sulfamethoxazole=S"
E.coli and Shigella,704881,"""704881"",""SRS15339719""",,PDT001340425.1,2022-06-22T21:48:09Z,USA: District of Columbia,urine,clinical,,PDS000016929.95,11.0,41.0,SAMN26308454,GCA_023865875.1,"aac(6')-Ib-cr5=COMPLETE,acrF=COMPLETE,arr=PARTIAL_END_OF_CONTIG,blaCTX-M-15=COMPLETE,blaEC=COMPLETE,blaOXA-1=COMPLETE,blaTEM-1=COMPLETE,catB3=COMPLETE,emrD=COMPLETE,gyrA_D87N=POINT,gyrA_S83L=POINT,mdtM=COMPLETE,parC_E84V=POINT,parC_S80I=POINT,parE_I529L=POINT,ptsI_V25I=POINT,uhpT_E350Q=POINT",,"amikacin=S,amoxicillin-clavulanic acid=R,ampicillin=R,aztreonam=R,cefazolin=R,cefepime=R,ceftazidime=R,ceftriaxone=R,ciprofloxacin=R,ertapenem=S,gentamicin=S,imipenem=S,levofloxacin=R,meropenem=S,piperacillin-tazobactam=I,tetracycline=S,tobramycin=R,trimethoprim-sulfamethoxazole=S"
E.coli and Shigella,747995,"""747995"",""SRS15348389""",,PDT001340426.1,2022-06-22T21:48:16Z,USA: District of Columbia,Perirectal,clinical,,PDS000228356.22,0.0,55.0,SAMN26308824,GCA_023865895.1,"aadA5=COMPLETE,acrF=COMPLETE,aph(3'')-Ib=COMPLETE,aph(6)-Id=COMPLETE,blaCTX-M-15=COMPLETE,blaEC=COMPLETE,blaTEM-1=COMPLETE,dfrA17=COMPLETE,emrD=COMPLETE,gyrA_D87N=POINT,gyrA_S83L=POINT,mdtM=COMPLETE,mph(A)=COMPLETE,parC_E84V=POINT,parC_S80I=POINT,parE_I529L=POINT,ptsI_V25I=POINT,sul1=COMPLETE,sul2=COMPLETE,tet(A)=COMPLETE,uhpT_E350Q=POINT",,"amikacin=S,amoxicillin-clavulanic acid=S,ampicillin=R,aztreonam=R,cefazolin=R,cefepime=R,ceftazidime=R,ceftriaxone=R,ciprofloxacin=R,ertapenem=S,gentamicin=S,imipenem=S,levofloxacin=R,meropenem=S,piperacillin-tazobactam=S,tetracycline=R,tobramycin=S,trimethoprim-sulfamethoxazole=R"
E.coli and Shigella,748029,"""748029"",""SRS15351901""",,PDT001340428.1,2022-06-22T21:48:26Z,USA: District of Columbia,urine,clinical,,PDS000112782.1,1.0,,SAMN26308832,GCA_023865935.1,"aac(3)-IId=COMPLETE,acrF=COMPLETE,blaEC=COMPLETE,blaTEM-1=COMPLETE,emrD=COMPLETE,gyrA_D87N=POINT,gyrA_S83L=POINT,mdtM=COMPLETE,parC_E84V=POINT,parC_S80I=POINT,parE_I529L=POINT,ptsI_V25I=POINT,uhpT_E350Q=POINT",,"amikacin=S,amoxicillin-clavulanic acid=S,ampicillin=R,aztreonam=S,cefazolin=S,cefepime=S,ceftazidime=S,ceftriaxone=S,ciprofloxacin=R,ertapenem=S,gentamicin=R,imipenem=S,levofloxacin=R,meropenem=S,piperacillin-tazobactam=S,tetracycline=S,tobramycin=I,trimethoprim-sulfamethoxazole=S"
E.coli and Shigella,747831,"""747831"",""SRS15348372""",,PDT001340431.1,2022-06-22T21:48:43Z,USA: District of Columbia,wound,clinical,,PDS000112861.1,0.0,,SAMN26308816,GCA_023865995.1,"aac(3)-IIe=COMPLETE,aac(6')-Ib-cr5=COMPLETE,aadA5=COMPLETE,acrF=COMPLETE,blaCTX-M-15=COMPLETE,blaEC=COMPLETE,blaOXA-1=COMPLETE,catB3=PARTIAL_END_OF_CONTIG,dfrA17=COMPLETE,emrD=COMPLETE,gyrA_D87N=POINT,gyrA_S83L=POINT,mdtM=COMPLETE,mph(A)=COMPLETE,parC_E84V=POINT,parC_S80I=POINT,parE_I529L=POINT,ptsI_V25I=POINT,sul1=COMPLETE,tet(A)=COMPLETE,uhpT_E350Q=POINT",,"amikacin=S,amoxicillin-clavulanic acid=I,ampicillin=R,aztreonam=R,cefazolin=R,cefepime=R,ceftazidime=R,ceftriaxone=R,ciprofloxacin=R,ertapenem=S,gentamicin=R,imipenem=S,levofloxacin=R,meropenem=S,piperacillin-tazobactam=S,tetracycline=R,tobramycin=R,trimethoprim-sulfamethoxazole=R"
E.coli and Shigella,747945,"""747945"",""SRS15348385""",,PDT001340435.1,2022-06-22T21:49:26Z,USA: District of Columbia,urine,clinical,,,,,SAMN26308701,GCA_023866075.1,"aadA22=COMPLETE,acrF=COMPLETE,blaDHA-1=COMPLETE,blaEC=PARTIAL,catA1=COMPLETE,cyaA_S352T=POINT,dfrA17=COMPLETE,emrD=COMPLETE,fosA4=COMPLETE,gyrA_D87N=POINT,gyrA_S83L=POINT,lnu(F)=COMPLETE,mdtM=COMPLETE,mph(A)=COMPLETE,parC_S80I=POINT,parE_S458A=POINT,qnrB4=COMPLETE,qnrS1=COMPLETE,sul1=COMPLETE,tet(B)=COMPLETE",,"amikacin=S,amoxicillin-clavulanic acid=R,ampicillin=R,aztreonam=S,cefazolin=R,cefepime=S,ceftazidime=S,ceftriaxone=S,ciprofloxacin=R,ertapenem=S,gentamicin=S,imipenem=I,levofloxacin=R,meropenem=S,piperacillin-tazobactam=S,tetracycline=R,tobramycin=S,trimethoprim-sulfamethoxazole=R"
E.coli and Shigella,756187,"""756187"",""SRS15352004""",,PDT001340439.1,2022-06-22T21:49:58Z,USA: District of Columbia,urine,clinical,,PDS000121364.1,0.0,,SAMN26309367,GCA_023866155.1,"aadA5=COMPLETE,acrF=COMPLETE,aph(3'')-Ib=COMPLETE,aph(6)-Id=COMPLETE,blaEC=COMPLETE,blaTEM-1=COMPLETE,dfrA17=COMPLETE,gyrA_D87N=POINT,gyrA_S83L=POINT,mdtM=COMPLETE,mph(A)=COMPLETE,parC_A56T=POINT,parC_S80I=POINT,sul1=COMPLETE,sul2=COMPLETE,tet(B)=COMPLETE",,"amikacin=S,amoxicillin-clavulanic acid=S,ampicillin=R,aztreonam=S,cefazolin=R,cefepime=S,ceftazidime=S,ceftriaxone=S,ciprofloxacin=R,ertapenem=S,gentamicin=S,imipenem=S,levofloxacin=R,meropenem=S,piperacillin-tazobactam=S,tetracycline=R,tobramycin=S,trimethoprim-sulfamethoxazole=R"
E.coli and Shigella,748037,"""748037"",""SRS15352012""",,PDT001340440.1,2022-06-22T21:50:06Z,USA: District of Columbia,urine,clinical,,PDS000194248.147,26.0,53.0,SAMN26309234,GCA_023866175.1,"aac(3)-IId=COMPLETE,aadA5=COMPLETE,acrF=COMPLETE,aph(3'')-Ib=COMPLETE,aph(6)-Id=COMPLETE,blaEC-5=COMPLETE,blaTEM-1=COMPLETE,dfrA17=COMPLETE,emrD=COMPLETE,gyrA_D87N=POINT,gyrA_S83L=POINT,marR_S3N=POINT,mph(A)=COMPLETE,parC_S80I=POINT,parE_L416F=POINT,sul1=COMPLETE,sul2=COMPLETE,tet(A)=COMPLETE,uhpT_E350Q=POINT",,"amikacin=S,amoxicillin-clavulanic acid=S,ampicillin=R,aztreonam=S,cefazolin=S,cefepime=S,ceftazidime=S,ceftriaxone=S,ciprofloxacin=R,ertapenem=S,gentamicin=R,imipenem=S,levofloxacin=R,meropenem=S,piperacillin-tazobactam=S,tetracycline=R,tobramycin=R,trimethoprim-sulfamethoxazole=R"
E.coli and Shigella,756179,"""756179"",""SRS15352003""",,PDT001340444.1,2022-06-22T21:51:25Z,USA: District of Columbia,urine,clinical,,PDS000194248.147,17.0,47.0,SAMN26309235,GCA_023866255.1,"acrF=COMPLETE,aph(3'')-Ib=COMPLETE,aph(6)-Id=COMPLETE,blaEC-5=COMPLETE,blaTEM-1=COMPLETE,dfrA17=COMPLETE,emrD=COMPLETE,gyrA_D87N=POINT,gyrA_S83L=POINT,marR_S3N=POINT,mph(A)=COMPLETE,parC_S80I=POINT,parE_L416F=POINT,sul2=COMPLETE,tet(B)=COMPLETE,uhpT_E350Q=POINT",,"amikacin=S,amoxicillin-clavulanic acid=S,ampicillin=R,aztreonam=S,cefazolin=S,cefepime=S,ceftazidime=S,ceftriaxone=S,ciprofloxacin=R,ertapenem=S,gentamicin=S,imipenem=S,levofloxacin=R,meropenem=S,piperacillin-tazobactam=S,tetracycline=R,tobramycin=S,trimethoprim-sulfamethoxazole=R"
E.coli and Shigella,698012,"""698012"",""SRS15339971""",,PDT001340446.1,2022-06-22T21:51:41Z,USA: District of Columbia,urine,clinical,,PDS000117091.382,9.0,17.0,SAMN26308860,GCA_023866295.1,"aadA5=COMPLETE,acrF=COMPLETE,aph(3'')-Ib=COMPLETE,aph(6)-Id=COMPLETE,blaCTX-M-27=COMPLETE,blaEC=COMPLETE,dfrA17=COMPLETE,emrD=COMPLETE,gyrA_D87N=POINT,gyrA_S83L=POINT,mdtM=COMPLETE,mph(A)=COMPLETE,parC_E84V=POINT,parC_S80I=POINT,parE_I529L=POINT,ptsI_V25I=POINT,sul1=COMPLETE,sul2=COMPLETE,tet(A)=COMPLETE,uhpT_E350Q=POINT",,"amikacin=S,amoxicillin-clavulanic acid=S,ampicillin=R,aztreonam=I,cefazolin=R,cefepime=I,ceftazidime=S,ceftriaxone=R,ciprofloxacin=R,ertapenem=S,gentamicin=S,imipenem=S,levofloxacin=R,meropenem=S,piperacillin-tazobactam=S,tetracycline=R,tobramycin=S,trimethoprim-sulfamethoxazole=R"
E.coli and Shigella,748999,"""748999"",""SRS15352085""",,PDT001340449.1,2022-06-22T21:52:07Z,USA: District of Columbia,urine,clinical,,,,,SAMN26304438,GCA_023866355.1,"acrF=COMPLETE,aph(3'')-Ib=COMPLETE,aph(6)-Id=COMPLETE,blaEC-5=COMPLETE,blaTEM-1=COMPLETE,dfrA17=COMPLETE,emrD=COMPLETE,gyrA_D87N=POINT,gyrA_S83L=POINT,marR_S3N=POINT,parC_S80I=POINT,parE_L416F=POINT,sul2=COMPLETE,tet(B)=COMPLETE,uhpT_E350Q=POINT",,"amikacin=S,amoxicillin-clavulanic acid=S,ampicillin=R,aztreonam=S,cefazolin=S,cefepime=S,ceftazidime=S,ceftriaxone=S,ciprofloxacin=R,ertapenem=S,gentamicin=S,imipenem=S,levofloxacin=R,meropenem=S,piperacillin-tazobactam=S,tetracycline=R,tobramycin=S,trimethoprim-sulfamethoxazole=R"
E.coli and Shigella,747881,"""747881"",""SRS15348377""",,PDT001340453.1,2022-06-22T21:52:39Z,USA: District of Columbia,urine,clinical,,,,,SAMN26304549,GCA_023866415.1,"aadA5=COMPLETE,acrF=COMPLETE,aph(3'')-Ib=COMPLETE,aph(6)-Id=COMPLETE,blaCTX-M-27=COMPLETE,blaEC=COMPLETE,blaTEM-1=COMPLETE,cyaA_S352T=POINT,dfrA17=COMPLETE,emrD=COMPLETE,gyrA_D87N=POINT,gyrA_S83L=POINT,mdtM=COMPLETE,mph(A)=COMPLETE,parC_S57T=POINT,parC_S80I=POINT,parE_L416F=POINT,sul1=COMPLETE,sul2=COMPLETE,tet(A)=COMPLETE,uhpT_E350Q=POINT",,"amikacin=S,amoxicillin-clavulanic acid=S,ampicillin=R,aztreonam=I,cefazolin=R,cefepime=I,ceftazidime=S,ceftriaxone=R,ciprofloxacin=R,ertapenem=S,gentamicin=S,imipenem=S,levofloxacin=R,meropenem=S,piperacillin-tazobactam=S,tetracycline=R,tobramycin=S,trimethoprim-sulfamethoxazole=R"
E.coli and Shigella,700789,"""700789"",""SRS15339713""",,PDT001340457.1,2022-06-22T21:53:34Z,USA: District of Columbia,urine,clinical,,PDS000117107.116,4.0,41.0,SAMN26308790,GCA_023866515.1,"acrF=COMPLETE,ampC_T-32A=POINT,blaEC=COMPLETE,emrD=COMPLETE,gyrA_D87N=POINT,gyrA_S83L=POINT,mdtM=COMPLETE,parC_E84V=POINT,parC_S80I=POINT,parE_I529L=POINT,ptsI_V25I=POINT,uhpT_E350Q=POINT",,"amikacin=S,amoxicillin-clavulanic acid=I,ampicillin=R,aztreonam=S,cefazolin=R,cefepime=S,ceftazidime=S,ceftriaxone=S,ciprofloxacin=R,ertapenem=S,gentamicin=S,imipenem=S,levofloxacin=R,meropenem=S,piperacillin-tazobactam=S,tetracycline=S,tobramycin=S,trimethoprim-sulfamethoxazole=S"
E.coli and Shigella,747929,"""747929"",""SRS15348382""",,PDT001340459.1,2022-06-22T21:53:50Z,USA: District of Columbia,blood,clinical,,PDS000112779.1,6.0,,SAMN26309228,GCA_023866555.1,"aadA5=COMPLETE,acrF=COMPLETE,aph(3'')-Ib=COMPLETE,aph(6)-Id=COMPLETE,blaCTX-M-27=COMPLETE,blaEC-5=COMPLETE,dfrA17=COMPLETE,emrD=COMPLETE,gyrA_D87N=POINT,gyrA_S83L=POINT,marR_S3N=POINT,mph(A)=COMPLETE,parC_S80I=POINT,parE_L416F=POINT,sul1=COMPLETE,sul2=COMPLETE,tet(A)=COMPLETE,uhpT_E350Q=POINT",,"amikacin=S,amoxicillin-clavulanic acid=S,ampicillin=R,aztreonam=I,cefazolin=R,cefepime=R,ceftazidime=S,ceftriaxone=R,ciprofloxacin=R,ertapenem=S,gentamicin=S,imipenem=S,levofloxacin=R,meropenem=S,piperacillin-tazobactam=S,tetracycline=R,tobramycin=S,trimethoprim-sulfamethoxazole=R"
E.coli and Shigella,756435,"""756435"",""SRS15352031""",,PDT001340461.1,2022-06-22T21:54:06Z,USA: District of Columbia,urine,clinical,,PDS000121379.1,8.0,,SAMN26308831,GCA_023866585.1,"aac(3)-IIe=COMPLETE,aac(6')-Ib-cr5=COMPLETE,acrF=COMPLETE,blaCTX-M-15=COMPLETE,blaEC=COMPLETE,blaOXA-1=COMPLETE,catB3=PARTIAL_END_OF_CONTIG,emrD=COMPLETE,gyrA_D87N=POINT,gyrA_S83L=POINT,mdtM=COMPLETE,parC_E84V=POINT,parC_S80I=POINT,parE_I529L=POINT,ptsI_V25I=POINT,uhpT_E350Q=POINT",,"amikacin=S,amoxicillin-clavulanic acid=I,ampicillin=R,aztreonam=R,cefazolin=R,cefepime=R,ceftazidime=I,ceftriaxone=R,ciprofloxacin=R,ertapenem=S,gentamicin=R,imipenem=S,levofloxacin=R,meropenem=S,piperacillin-tazobactam=S,tetracycline=S,tobramycin=R,trimethoprim-sulfamethoxazole=S"
E.coli and Shigella,756401,"""756401"",""SRS15352028""",,PDT001340463.1,2022-06-22T21:55:09Z,USA: District of Columbia,blood,clinical,,PDS000091792.33,1.0,39.0,SAMN26308414,GCA_023866635.1,"aadA5=COMPLETE,acrF=COMPLETE,aph(3'')-Ib=COMPLETE,aph(6)-Id=COMPLETE,blaCTX-M-27=COMPLETE,blaEC=COMPLETE,blaTEM-1=COMPLETE,cyaA_S352T=POINT,dfrA17=COMPLETE,emrD=COMPLETE,gyrA_S83L=POINT,mph(A)=COMPLETE,sul1=COMPLETE,sul2=COMPLETE,tet(A)=COMPLETE",,"amikacin=S,amoxicillin-clavulanic acid=S,ampicillin=R,aztreonam=R,cefazolin=R,cefepime=R,ceftazidime=R,ceftriaxone=R,ciprofloxacin=R,ertapenem=S,gentamicin=S,imipenem=S,levofloxacin=R,meropenem=S,piperacillin-tazobactam=S,tetracycline=R,tobramycin=R,trimethoprim-sulfamethoxazole=R"
E.coli and Shigella,747903,"""747903"",""SRS15348379""",,PDT001340464.1,2022-06-22T21:55:17Z,USA: District of Columbia,urine,clinical,,PDS000112779.1,9.0,,SAMN26309229,GCA_023866655.1,"aadA5=COMPLETE,acrF=COMPLETE,aph(3'')-Ib=COMPLETE,aph(6)-Id=COMPLETE,blaCTX-M-27=COMPLETE,blaEC-5=COMPLETE,dfrA17=COMPLETE,emrD=COMPLETE,gyrA_D87N=POINT,gyrA_S83L=POINT,marR_S3N=POINT,mph(A)=COMPLETE,parC_S80I=POINT,parE_L416F=POINT,sul1=COMPLETE,sul2=COMPLETE,tet(A)=COMPLETE,uhpT_E350Q=POINT",,"amikacin=S,amoxicillin-clavulanic acid=S,ampicillin=R,aztreonam=R,cefazolin=R,cefepime=R,ceftazidime=R,ceftriaxone=R,ciprofloxacin=R,ertapenem=S,gentamicin=S,imipenem=S,levofloxacin=R,meropenem=S,piperacillin-tazobactam=S,tetracycline=R,tobramycin=S,trimethoprim-sulfamethoxazole=R"
E.coli and Shigella,756451,"""756451"",""SRS15351905""",,PDT001340468.1,2022-06-22T21:55:52Z,USA: District of Columbia,urine,clinical,,PDS000117107.116,28.0,36.0,SAMN26304624,GCA_023866735.1,"aadA5=COMPLETE,acrF=COMPLETE,aph(3'')-Ib=COMPLETE,aph(6)-Id=COMPLETE,blaEC=COMPLETE,blaTEM-1=COMPLETE,dfrA17=COMPLETE,emrD=COMPLETE,gyrA_D87N=POINT,gyrA_S83L=POINT,mdtM=COMPLETE,mph(A)=COMPLETE,parC_E84V=POINT,parC_S80I=POINT,parE_I529L=POINT,ptsI_V25I=POINT,sul1=COMPLETE,sul2=COMPLETE,tet(A)=COMPLETE,uhpT_E350Q=POINT",,"amikacin=S,amoxicillin-clavulanic acid=S,ampicillin=R,aztreonam=S,cefazolin=S,cefepime=S,ceftazidime=S,ceftriaxone=S,ciprofloxacin=R,ertapenem=S,gentamicin=S,imipenem=S,levofloxacin=R,meropenem=S,piperacillin-tazobactam=S,tetracycline=R,tobramycin=S,trimethoprim-sulfamethoxazole=R"
E.coli and Shigella,747857,"""747857"",""SRS15348374""",,PDT001340473.1,2022-06-22T21:56:19Z,USA: District of Columbia,urine,clinical,,PDS000112881.2,6.0,,SAMN26308822,GCA_023866835.1,"aac(3)-IId=COMPLETE,aadA5=COMPLETE,acrF=COMPLETE,aph(3'')-Ib=COMPLETE,aph(6)-Id=COMPLETE,blaCTX-M-15=COMPLETE,blaEC=COMPLETE,blaTEM-1=COMPLETE,dfrA17=COMPLETE,emrD=COMPLETE,gyrA_D87N=POINT,gyrA_S83L=POINT,mdtM=COMPLETE,mph(A)=COMPLETE,parC_E84V=POINT,parC_S80I=POINT,parE_I529L=POINT,ptsI_V25I=POINT,sul1=COMPLETE,sul2=COMPLETE,tet(A)=COMPLETE,uhpT_E350Q=POINT",,"amikacin=S,amoxicillin-clavulanic acid=I,ampicillin=R,aztreonam=R,cefazolin=R,cefepime=R,ceftazidime=R,ceftriaxone=R,ciprofloxacin=R,ertapenem=S,gentamicin=R,imipenem=S,levofloxacin=R,meropenem=S,piperacillin-tazobactam=S,tetracycline=R,tobramycin=R,trimethoprim-sulfamethoxazole=R"
E.coli and Shigella,756469,"""756469"",""SRS15351906""",,PDT001340476.1,2022-06-22T21:57:17Z,USA: District of Columbia,Fluid,clinical,,PDS000091792.33,1.0,40.0,SAMN26308415,GCA_023866885.1,"aadA5=COMPLETE,acrF=COMPLETE,aph(3'')-Ib=COMPLETE,aph(6)-Id=COMPLETE,blaCTX-M-27=COMPLETE,blaEC=COMPLETE,blaTEM-1=COMPLETE,cyaA_S352T=POINT,dfrA17=COMPLETE,emrD=COMPLETE,gyrA_S83L=POINT,mph(A)=COMPLETE,sul1=COMPLETE,sul2=COMPLETE,tet(A)=COMPLETE",,"amikacin=S,amoxicillin-clavulanic acid=I,ampicillin=R,aztreonam=S,cefazolin=R,cefepime=S,ceftazidime=S,ceftriaxone=R,ciprofloxacin=R,ertapenem=S,gentamicin=S,imipenem=S,levofloxacin=R,meropenem=S,piperacillin-tazobactam=S,tetracycline=R,tobramycin=S,trimethoprim-sulfamethoxazole=R"
E.coli and Shigella,749485,"""749485"",""SRS15352096""",,PDT001340477.1,2022-06-22T21:57:25Z,USA: District of Columbia,urine,clinical,,PDS000194248.147,15.0,36.0,SAMN26309227,GCA_023866895.1,"acrF=COMPLETE,aph(3'')-Ib=COMPLETE,aph(6)-Id=COMPLETE,blaEC-5=COMPLETE,blaTEM-1=COMPLETE,emrD=COMPLETE,gyrA_D87N=POINT,gyrA_S83L=POINT,marR_S3N=POINT,parC_S80I=POINT,parE_L416F=POINT,sul2=COMPLETE,uhpT_E350Q=POINT",,"amikacin=S,amoxicillin-clavulanic acid=S,ampicillin=R,aztreonam=S,cefazolin=S,cefepime=S,ceftazidime=S,ceftriaxone=S,ciprofloxacin=R,ertapenem=S,gentamicin=S,imipenem=S,levofloxacin=R,meropenem=S,piperacillin-tazobactam=S,tetracycline=S,tobramycin=S,trimethoprim-sulfamethoxazole=S"
E.coli and Shigella,747793,"""747793"",""SRS15348367""",,PDT001340479.1,2022-06-22T21:57:42Z,USA: District of Columbia,urine,clinical,,PDS000112802.2,,,SAMN26304606,GCA_023866955.1,"aac(3)-IId=COMPLETE,acrF=COMPLETE,blaEC-5=COMPLETE,blaTEM-1=COMPLETE,emrD=COMPLETE,gyrA_D87N=POINT,gyrA_S83L=POINT,marR_S3N=POINT,parC_S80I=POINT,parE_L416F=POINT,uhpT_E350Q=POINT",,"amikacin=S,amoxicillin-clavulanic acid=S,ampicillin=R,aztreonam=S,cefazolin=S,cefepime=S,ceftazidime=S,ceftriaxone=S,ciprofloxacin=R,ertapenem=S,gentamicin=R,imipenem=S,levofloxacin=R,meropenem=S,piperacillin-tazobactam=S,tetracycline=S,tobramycin=R,trimethoprim-sulfamethoxazole=S"
E.coli and Shigella,697404,"""697404"",""SRS15339673""",,PDT001340483.1,2022-06-22T21:58:14Z,USA: District of Columbia,other,clinical,,PDS000112738.1,24.0,,SAMN26304914,GCA_023867035.1,"acrF=COMPLETE,blaEC-5=COMPLETE,emrD=COMPLETE,gyrA_D87N=POINT,gyrA_S83L=POINT,marR_S3N=POINT,parC_S80I=POINT,parE_L416F=POINT,uhpT_E350Q=POINT",,"amikacin=S,amoxicillin-clavulanic acid=S,ampicillin=S,aztreonam=S,cefazolin=I,cefepime=S,ceftazidime=S,ceftriaxone=S,ciprofloxacin=R,ertapenem=S,gentamicin=S,imipenem=S,levofloxacin=R,meropenem=S,piperacillin-tazobactam=S,tetracycline=S,tobramycin=S,trimethoprim-sulfamethoxazole=S"
E.coli and Shigella,747873,"""747873"",""SRS15348376""",,PDT001340486.1,2022-06-22T22:02:25Z,USA: District of Columbia,blood,clinical,,PDS000112881.2,5.0,,SAMN26308821,GCA_023867095.1,"aac(3)-IId=COMPLETE,aadA5=COMPLETE,acrF=COMPLETE,aph(3'')-Ib=COMPLETE,aph(6)-Id=COMPLETE,blaCTX-M-15=COMPLETE,blaEC=COMPLETE,blaTEM-1=COMPLETE,dfrA17=COMPLETE,emrD=COMPLETE,gyrA_D87N=POINT,gyrA_S83L=POINT,mdtM=COMPLETE,mph(A)=COMPLETE,parC_E84V=POINT,parC_S80I=POINT,parE_I529L=POINT,ptsI_V25I=POINT,sul1=COMPLETE,sul2=COMPLETE,tet(A)=COMPLETE,uhpT_E350Q=POINT",,"amikacin=S,amoxicillin-clavulanic acid=I,ampicillin=R,aztreonam=R,cefazolin=R,cefepime=R,ceftazidime=R,ceftriaxone=R,ciprofloxacin=R,ertapenem=S,gentamicin=R,imipenem=S,levofloxacin=R,meropenem=S,piperacillin-tazobactam=S,tetracycline=R,tobramycin=I,trimethoprim-sulfamethoxazole=R"
E.coli and Shigella,756419,"""756419"",""SRS15352029""",,PDT001340501.1,2022-06-22T22:04:46Z,USA: District of Columbia,urine,clinical,,PDS000112879.2,0.0,,SAMN26304552,GCA_023867395.1,"aadA5=COMPLETE,acrF=COMPLETE,aph(3'')-Ib=COMPLETE,aph(6)-Id=COMPLETE,blaEC=COMPLETE,blaTEM-1=COMPLETE,dfrA17=COMPLETE,emrD=COMPLETE,gyrA_D87N=POINT,gyrA_S83L=POINT,mdtM=COMPLETE,mph(A)=COMPLETE,parC_E84V=POINT,parC_S80I=POINT,parE_I529L=POINT,ptsI_V25I=POINT,sul1=COMPLETE,sul2=COMPLETE,tet(A)=COMPLETE,uhpT_E350Q=POINT",,"amikacin=S,amoxicillin-clavulanic acid=I,ampicillin=R,aztreonam=S,cefazolin=R,cefepime=S,ceftazidime=S,ceftriaxone=S,ciprofloxacin=R,ertapenem=S,gentamicin=R,imipenem=S,levofloxacin=R,meropenem=S,piperacillin-tazobactam=S,tetracycline=R,tobramycin=I,trimethoprim-sulfamethoxazole=R"
E.coli and Shigella,756321,"""756321"",""SRS15352019""",,PDT001340504.1,2022-06-22T22:05:09Z,USA: District of Columbia,urine,clinical,,PDS000112765.1,10.0,,SAMN26308835,GCA_023867455.1,"acrF=COMPLETE,blaEC=COMPLETE,blaTEM-1=COMPLETE,blaTEMp_C32T=POINT,emrD=COMPLETE,gyrA_D87N=POINT,gyrA_S83L=POINT,mdtM=COMPLETE,parC_E84V=POINT,parC_S80I=POINT,parE_I529L=POINT,ptsI_V25I=POINT,uhpT_E350Q=POINT",,"amikacin=S,amoxicillin-clavulanic acid=I,ampicillin=R,aztreonam=S,cefazolin=R,cefepime=S,ceftazidime=S,ceftriaxone=S,ciprofloxacin=R,ertapenem=S,gentamicin=S,imipenem=S,levofloxacin=R,meropenem=S,piperacillin-tazobactam=S,tetracycline=S,tobramycin=S,trimethoprim-sulfamethoxazole=S"
E.coli and Shigella,747911,"""747911"",""SRS15348381""",,PDT001340505.1,2022-06-22T22:05:10Z,USA: District of Columbia,urine,clinical,,PDS000112779.1,6.0,,SAMN26309230,GCA_023867475.1,"aadA5=COMPLETE,acrF=COMPLETE,aph(3'')-Ib=COMPLETE,aph(6)-Id=COMPLETE,blaCTX-M-27=COMPLETE,blaEC-5=COMPLETE,dfrA17=COMPLETE,emrD=COMPLETE,gyrA_D87N=POINT,gyrA_S83L=POINT,marR_S3N=POINT,mph(A)=COMPLETE,parC_S80I=POINT,parE_L416F=POINT,sul1=COMPLETE,sul2=COMPLETE,tet(A)=COMPLETE,uhpT_E350Q=POINT",,"amikacin=S,amoxicillin-clavulanic acid=S,ampicillin=R,aztreonam=R,cefazolin=R,cefepime=R,ceftazidime=R,ceftriaxone=R,ciprofloxacin=R,ertapenem=S,gentamicin=S,imipenem=S,levofloxacin=R,meropenem=S,piperacillin-tazobactam=S,tetracycline=R,tobramycin=S,trimethoprim-sulfamethoxazole=R"
E.coli and Shigella,697808,"""697808"",""SRS15339948""",,PDT001340507.1,2022-06-22T22:05:29Z,USA: District of Columbia,urine,clinical,,,,,SAMN26304472,GCA_023867515.1,"acrF=COMPLETE,blaCTX-M-15=COMPLETE,blaEC=COMPLETE,blaTEM-1=COMPLETE,cyaA_S352T=POINT,dfrB4=COMPLETE,emrD=COMPLETE,gyrA_D87N=POINT,gyrA_S83L=POINT,mdtM=COMPLETE,mph(A)=COMPLETE,ompF_Q88Ter=POINT,parC_E84G=POINT,parC_S80I=POINT,sul1=COMPLETE",,"amikacin=S,amoxicillin-clavulanic acid=S,ampicillin=R,aztreonam=R,cefazolin=R,cefepime=R,ceftazidime=R,ceftriaxone=R,ciprofloxacin=R,ertapenem=S,gentamicin=S,imipenem=S,levofloxacin=R,meropenem=S,piperacillin-tazobactam=S,tetracycline=S,tobramycin=S,trimethoprim-sulfamethoxazole=R"
E.coli and Shigella,758909,"""758909"",""SRS15355646""",,PDT001340514.1,2022-06-22T22:07:09Z,USA: District of Columbia,urine,clinical,,PDS000194248.147,16.0,34.0,SAMN26304527,GCA_023867655.1,"acrF=COMPLETE,aph(3'')-Ib=COMPLETE,aph(6)-Id=COMPLETE,blaEC-5=COMPLETE,blaTEM-1=COMPLETE,emrD=COMPLETE,gyrA_D87N=POINT,gyrA_S83L=POINT,marR_S3N=POINT,mph(A)=COMPLETE,parC_S80I=POINT,parE_L416F=POINT,sul2=COMPLETE,uhpT_E350Q=POINT",,"amikacin=S,amoxicillin-clavulanic acid=S,ampicillin=R,aztreonam=S,cefazolin=S,cefepime=S,ceftazidime=S,ceftriaxone=S,ciprofloxacin=R,ertapenem=S,gentamicin=S,imipenem=S,levofloxacin=R,meropenem=S,piperacillin-tazobactam=S,tetracycline=S,tobramycin=S,trimethoprim-sulfamethoxazole=S"
E.coli and Shigella,756225,"""756225"",""SRS15352008""",,PDT001340523.1,2022-06-22T22:08:18Z,USA: District of Columbia,urine,clinical,,PDS000194248.147,2.0,51.0,SAMN26309204,GCA_023867835.1,"acrF=COMPLETE,aph(3'')-Ib=COMPLETE,aph(6)-Id=COMPLETE,blaEC-5=COMPLETE,blaTEM-1=COMPLETE,dfrA17=COMPLETE,emrD=COMPLETE,gyrA_D87N=POINT,gyrA_S83L=POINT,marR_S3N=POINT,parC_S80I=POINT,parE_L416F=POINT,sul2=COMPLETE,tet(B)=COMPLETE,uhpT_E350Q=POINT",,"amikacin=S,amoxicillin-clavulanic acid=S,ampicillin=R,aztreonam=S,cefazolin=S,cefepime=S,ceftazidime=S,ceftriaxone=S,ciprofloxacin=R,ertapenem=S,gentamicin=S,imipenem=S,levofloxacin=R,meropenem=S,piperacillin-tazobactam=S,tetracycline=R,tobramycin=S,trimethoprim-sulfamethoxazole=R"
E.coli and Shigella,705029,"""705029"",""SRS15339737""",,PDT001340524.1,2022-06-22T22:08:18Z,USA: District of Columbia,Perirectal,clinical,,PDS000112743.1,1.0,,SAMN26309368,GCA_023867845.1,"aac(3)-IId=COMPLETE,aadA1=COMPLETE,aadA2=COMPLETE,aadA5=COMPLETE,acrF=COMPLETE,aph(3'')-Ib=COMPLETE,aph(3')-Ia=COMPLETE,aph(6)-Id=COMPLETE,blaCTX-M-15=COMPLETE,blaEC=COMPLETE,blaTEM-1=COMPLETE,cmlA1=COMPLETE,dfrA12=COMPLETE,dfrA17=COMPLETE,estX-3=COMPLETE,ftsI_N337NYRIN=POINT,gyrA_D87N=POINT,gyrA_S83L=POINT,mdtM=COMPLETE,nfsA_G126R=POINT,parC_S80I=POINT,parE_S458A=POINT,sul1=COMPLETE,sul2=COMPLETE,sul3=COMPLETE,tet(B)=COMPLETE",,"amikacin=S,amoxicillin-clavulanic acid=R,ampicillin=R,aztreonam=R,cefazolin=R,cefepime=R,ceftazidime=R,ceftriaxone=R,ciprofloxacin=R,ertapenem=S,gentamicin=R,imipenem=S,levofloxacin=R,meropenem=S,piperacillin-tazobactam=R,tetracycline=R,tobramycin=I,trimethoprim-sulfamethoxazole=R"
E.coli and Shigella,757729,"""757729"",""SRS15351920""",,PDT001340529.1,2022-06-22T22:09:42Z,USA: District of Columbia,urine,clinical,,,,,SAMN26304931,GCA_023867965.1,"acrF=COMPLETE,blaEC=COMPLETE,blaTEM-1=COMPLETE,emrD=COMPLETE,gyrA_D87N=POINT,gyrA_S83L=POINT,mdtM=COMPLETE,parC_E84V=POINT,parC_S80I=POINT,parE_I529L=POINT,ptsI_V25I=POINT,uhpT_E350Q=POINT",,"amikacin=S,amoxicillin-clavulanic acid=S,ampicillin=R,aztreonam=S,cefazolin=R,cefepime=S,ceftazidime=S,ceftriaxone=S,ciprofloxacin=R,ertapenem=S,gentamicin=S,imipenem=S,levofloxacin=R,meropenem=S,piperacillin-tazobactam=S,tetracycline=S,tobramycin=S,trimethoprim-sulfamethoxazole=S"
E.coli and Shigella,757607,"""757607"",""SRS15351908""",,PDT001340532.1,2022-06-22T22:10:08Z,USA: District of Columbia,urine,clinical,,,,,SAMN26305181,GCA_023868015.1,"acrF=COMPLETE,blaEC=COMPLETE,emrD=COMPLETE,gyrA_D87N=POINT,gyrA_S83L=POINT,mdtM=COMPLETE,parC_E84V=POINT,parC_S80I=POINT,parE_I529L=POINT,ptsI_V25I=POINT,uhpT_E350Q=POINT",,"amikacin=S,amoxicillin-clavulanic acid=S,ampicillin=S,aztreonam=S,cefazolin=I,cefepime=S,ceftazidime=R,ceftriaxone=S,ciprofloxacin=R,ertapenem=S,gentamicin=S,imipenem=S,levofloxacin=R,meropenem=S,piperacillin-tazobactam=S,tetracycline=S,tobramycin=S,trimethoprim-sulfamethoxazole=S"
E.coli and Shigella,756305,"""756305"",""SRS15352017""",,PDT001340534.1,2022-06-22T22:10:24Z,USA: District of Columbia,urine,clinical,,,,,SAMN26308834,GCA_023868045.1,"aac(3)-IId=COMPLETE,acrF=COMPLETE,blaEC=COMPLETE,blaTEM-1=COMPLETE,emrD=COMPLETE,gyrA_D87N=POINT,gyrA_S83L=POINT,mdtM=COMPLETE,parC_E84V=POINT,parC_S80I=POINT,parE_I529L=POINT,ptsI_V25I=POINT,uhpT_E350Q=POINT",,"amikacin=S,amoxicillin-clavulanic acid=S,ampicillin=R,aztreonam=S,cefazolin=I,cefepime=S,ceftazidime=S,ceftriaxone=S,ciprofloxacin=R,ertapenem=S,gentamicin=R,imipenem=S,levofloxacin=R,meropenem=S,piperacillin-tazobactam=S,tetracycline=S,tobramycin=I,trimethoprim-sulfamethoxazole=S"
E.coli and Shigella,756209,"""756209"",""SRS15352006""",,PDT001340535.1,2022-06-22T22:10:32Z,USA: District of Columbia,urine,clinical,,PDS000112773.1,2.0,,SAMN26308571,GCA_023868075.1,"aac(3)-IId=COMPLETE,aadA5=COMPLETE,acrF=COMPLETE,aph(3'')-Ib=COMPLETE,aph(6)-Id=COMPLETE,blaEC-5=COMPLETE,blaTEM-1=COMPLETE,dfrA17=COMPLETE,emrD=COMPLETE,gyrA_D87N=POINT,gyrA_S83L=POINT,marR_S3N=POINT,mph(A)=COMPLETE,parC_S80I=POINT,parE_L416F=POINT,sul1=COMPLETE,sul2=COMPLETE,tet(A)=COMPLETE,uhpT_E350Q=POINT",,"amikacin=S,amoxicillin-clavulanic acid=S,ampicillin=R,aztreonam=S,cefazolin=S,cefepime=S,ceftazidime=S,ceftriaxone=S,ciprofloxacin=R,ertapenem=S,gentamicin=R,imipenem=S,levofloxacin=R,meropenem=S,piperacillin-tazobactam=S,tetracycline=R,tobramycin=R,trimethoprim-sulfamethoxazole=R"
E.coli and Shigella,730495,"""730495"",""SRS15348167""",,PDT001340539.1,2022-06-22T22:11:04Z,USA: District of Columbia,urine,clinical,,,,,SAMN26308818,GCA_023868155.1,"aac(6')-Ib-cr5=COMPLETE,acrF=COMPLETE,blaEC=COMPLETE,blaOXA-1=COMPLETE,catB3=PARTIAL_END_OF_CONTIG,emrD=COMPLETE,gyrA_D87N=POINT,gyrA_S83L=POINT,mdtM=COMPLETE,parC_E84V=POINT,parC_S80I=POINT,parE_I529L=POINT,ptsI_V25I=POINT,tet(A)=COMPLETE,uhpT_E350Q=POINT",,"amikacin=S,amoxicillin-clavulanic acid=I,ampicillin=R,aztreonam=S,cefazolin=I,cefepime=S,ceftazidime=S,ceftriaxone=S,ciprofloxacin=R,ertapenem=S,gentamicin=S,imipenem=S,levofloxacin=R,meropenem=S,piperacillin-tazobactam=S,tetracycline=R,tobramycin=R,trimethoprim-sulfamethoxazole=S"
E.coli and Shigella,758409,"""758409"",""SRS15352058""",,PDT001340540.1,2022-06-22T22:11:09Z,USA: District of Columbia,urine,clinical,,,,,SAMN26309365,GCA_023868175.1,"acrF=COMPLETE,blaEC=COMPLETE,gyrA_D87N=POINT,gyrA_S83L=POINT,mdtM=PARTIAL,mdtM=PARTIAL_END_OF_CONTIG,parC_S80I=POINT,parE_S458A=POINT",,"amikacin=S,amoxicillin-clavulanic acid=S,ampicillin=S,aztreonam=S,cefazolin=R,cefepime=S,ceftazidime=S,ceftriaxone=S,ciprofloxacin=R,ertapenem=S,gentamicin=S,imipenem=S,levofloxacin=R,meropenem=S,piperacillin-tazobactam=S,tetracycline=S,tobramycin=S,trimethoprim-sulfamethoxazole=S"
E.coli and Shigella,759113,"""759113"",""SRS15355701""",,PDT001340544.1,2022-06-22T22:12:34Z,USA: District of Columbia,urine,clinical,,PDS000194248.147,27.0,23.0,SAMN26309196,GCA_023868255.1,"acrF=COMPLETE,aph(3'')-Ib=COMPLETE,aph(6)-Id=COMPLETE,blaEC-5=COMPLETE,blaTEM-1=COMPLETE,emrD=COMPLETE,gyrA_D87N=POINT,gyrA_S83L=POINT,marR_S3N=POINT,mph(A)=COMPLETE,parC_S80I=POINT,parE_L416F=POINT,sul2=COMPLETE,uhpT_E350Q=POINT",,"amikacin=S,amoxicillin-clavulanic acid=S,ampicillin=R,aztreonam=S,cefazolin=S,cefepime=S,ceftazidime=S,ceftriaxone=S,ciprofloxacin=R,ertapenem=S,gentamicin=S,imipenem=S,levofloxacin=R,meropenem=S,piperacillin-tazobactam=S,tetracycline=S,tobramycin=S,trimethoprim-sulfamethoxazole=S"
E.coli and Shigella,758055,"""758055"",""SRS15352180""",,PDT001340547.1,2022-06-22T22:13:00Z,USA: District of Columbia,urine,clinical,,,,,SAMN26304412,GCA_023868315.1,"acrF=COMPLETE,blaEC=COMPLETE,blaTEM=PARTIAL_END_OF_CONTIG,emrD=COMPLETE,gyrA_D87N=POINT,gyrA_S83L=POINT,mdtM=COMPLETE,parC_E84V=POINT,parC_S80I=POINT,parE_I529L=POINT,ptsI_V25I=POINT,uhpT_E350Q=POINT",,"amikacin=S,amoxicillin-clavulanic acid=S,ampicillin=S,aztreonam=S,cefazolin=S,cefepime=S,ceftazidime=S,ceftriaxone=S,ciprofloxacin=R,ertapenem=S,gentamicin=S,imipenem=S,levofloxacin=R,meropenem=S,piperacillin-tazobactam=S,tetracycline=S,tobramycin=S,trimethoprim-sulfamethoxazole=S"
E.coli and Shigella,730399,"""730399"",""SRS15348326""",,PDT001340555.1,2022-06-22T22:13:45Z,USA: District of Columbia,urine,clinical,,PDS000071814.74,25.0,26.0,SAMN26304923,GCA_023868465.1,"aac(3)-IId=COMPLETE,aadA5=COMPLETE,acrF=COMPLETE,aph(3'')-Ib=COMPLETE,aph(6)-Id=COMPLETE,blaEC-5=COMPLETE,blaTEM-1=COMPLETE,dfrA17=COMPLETE,emrD=COMPLETE,gyrA_D87N=POINT,gyrA_S83L=POINT,marR_S3N=POINT,mph(A)=COMPLETE,parC_S80I=POINT,parE_L416F=POINT,sul1=COMPLETE,sul2=COMPLETE,tet(A)=COMPLETE,uhpT_E350Q=POINT",,"amikacin=S,amoxicillin-clavulanic acid=S,ampicillin=R,aztreonam=S,cefazolin=S,cefepime=S,ceftazidime=S,ceftriaxone=S,ciprofloxacin=R,ertapenem=S,gentamicin=R,imipenem=S,levofloxacin=R,meropenem=S,piperacillin-tazobactam=S,tetracycline=R,tobramycin=R,trimethoprim-sulfamethoxazole=R"
E.coli and Shigella,749267,"""749267"",""SRS15351945""",,PDT001340556.1,2022-06-22T22:14:10Z,USA: District of Columbia,urine,clinical,,,,,SAMN26304822,GCA_023868495.1,"acrF=COMPLETE,blaEC-5=COMPLETE,dfrA17=COMPLETE,emrD=COMPLETE,gyrA_D87N=POINT,gyrA_S83L=POINT,marR_S3N=POINT,parC_S80I=POINT,parE_L416F=POINT,tet(B)=COMPLETE,uhpT_E350Q=POINT",,"amikacin=S,amoxicillin-clavulanic acid=S,ampicillin=S,aztreonam=S,cefazolin=R,cefepime=S,ceftazidime=S,ceftriaxone=S,ciprofloxacin=R,ertapenem=S,gentamicin=S,imipenem=S,levofloxacin=R,meropenem=S,piperacillin-tazobactam=S,tetracycline=R,tobramycin=S,trimethoprim-sulfamethoxazole=R"
E.coli and Shigella,704873,"""704873"",""SRS15339718""",,PDT001340564.1,2022-06-22T22:15:28Z,USA: District of Columbia,urine,clinical,,PDS000052522.117,21.0,44.0,SAMN26304558,GCA_023868655.1,"acrF=COMPLETE,blaCTX-M-15=COMPLETE,blaEC=COMPLETE,emrD=COMPLETE,gyrA_D87N=POINT,gyrA_S83L=POINT,mdtM=COMPLETE,parC_E84V=POINT,parC_S80I=POINT,parE_I529L=POINT,ptsI_V25I=POINT,uhpT_E350Q=POINT",,"amikacin=S,amoxicillin-clavulanic acid=S,ampicillin=R,aztreonam=R,cefazolin=R,cefepime=R,ceftazidime=I,ceftriaxone=R,ciprofloxacin=R,ertapenem=S,gentamicin=S,imipenem=S,levofloxacin=R,meropenem=S,piperacillin-tazobactam=S,tetracycline=S,tobramycin=S,trimethoprim-sulfamethoxazole=S"
E.coli and Shigella,698054,"""698054"",""SRS15339743""",,PDT001340566.1,2022-06-22T22:15:44Z,USA: District of Columbia,urine,clinical,,,,,SAMN26309315,GCA_023868695.1,"aac(6')-Ib-cr5=COMPLETE,acrF=COMPLETE,aph(3'')-Ib=COMPLETE,aph(6)-Id=COMPLETE,blaCTX-M-15=COMPLETE,blaEC=COMPLETE,blaOXA-1=COMPLETE,blaTEM-1=COMPLETE,blaTEMp_C32T=POINT,catB3=PARTIAL_END_OF_CONTIG,dfrA14=COMPLETE,gyrA_D87N=POINT,gyrA_S83L=POINT,mdtM=COMPLETE,mph(A)=COMPLETE,parC_S80I=POINT,parE_S458A=POINT,sul2=COMPLETE,tet(A)=COMPLETE",,"amikacin=S,amoxicillin-clavulanic acid=I,ampicillin=R,aztreonam=R,cefazolin=R,cefepime=I,ceftazidime=R,ceftriaxone=R,ciprofloxacin=R,ertapenem=S,gentamicin=S,imipenem=S,levofloxacin=R,meropenem=S,piperacillin-tazobactam=S,tetracycline=R,tobramycin=I,trimethoprim-sulfamethoxazole=R"
E.coli and Shigella,756283,"""756283"",""SRS15352015""",,PDT001340570.1,2022-06-22T22:17:34Z,USA: District of Columbia,urine,clinical,,,,,SAMN26304662,GCA_023868765.1,"aac(3)-IId=COMPLETE,aadA5=COMPLETE,acrF=COMPLETE,aph(3'')-Ib=COMPLETE,aph(6)-Id=COMPLETE,blaEC-5=COMPLETE,blaTEM-1=COMPLETE,dfrA17=COMPLETE,emrD=COMPLETE,gyrA_D87N=POINT,gyrA_S83L=POINT,marR_S3N=POINT,mph(A)=COMPLETE,parC_S80I=POINT,parE_L416F=POINT,sul1=COMPLETE,sul2=COMPLETE,tet(A)=COMPLETE,uhpT_E350Q=POINT",,"amikacin=S,amoxicillin-clavulanic acid=S,ampicillin=R,aztreonam=S,cefazolin=S,cefepime=S,ceftazidime=S,ceftriaxone=S,ciprofloxacin=R,ertapenem=S,gentamicin=R,imipenem=S,levofloxacin=R,meropenem=S,piperacillin-tazobactam=S,tetracycline=R,tobramycin=I,trimethoprim-sulfamethoxazole=R"
E.coli and Shigella,735147,"""735147"",""SRS15348345""",,PDT001340584.1,2022-06-22T22:19:40Z,USA: District of Columbia,urine,clinical,,PDS000117107.116,3.0,34.0,SAMN26308808,GCA_023869055.1,"aadA5=COMPLETE,acrF=COMPLETE,aph(3'')-Ib=COMPLETE,aph(6)-Id=COMPLETE,blaEC=COMPLETE,blaTEM-1=COMPLETE,dfrA17=COMPLETE,emrD=COMPLETE,gyrA_D87N=POINT,gyrA_S83L=POINT,mdtM=COMPLETE,mph(A)=COMPLETE,parC_E84V=POINT,parC_S80I=POINT,parE_I529L=POINT,ptsI_V25I=POINT,sul1=COMPLETE,sul2=COMPLETE,tet(A)=COMPLETE,uhpT_E350Q=POINT",,"amikacin=S,amoxicillin-clavulanic acid=I,ampicillin=R,aztreonam=S,cefazolin=I,cefepime=S,ceftazidime=S,ceftriaxone=S,ciprofloxacin=R,ertapenem=S,gentamicin=S,imipenem=S,levofloxacin=R,meropenem=S,piperacillin-tazobactam=S,tetracycline=R,tobramycin=S,trimethoprim-sulfamethoxazole=R"
E.coli and Shigella,756339,"""756339"",""SRS15352020""",,PDT001340589.1,2022-06-22T22:21:17Z,USA: District of Columbia,Fluid,clinical,,PDS000225719.26,18.0,30.0,SAMN26308828,GCA_023869155.1,"aac(6')-Ib-cr5=COMPLETE,aadA5=COMPLETE,acrF=PARTIAL,blaCTX-M-15=COMPLETE,blaEC=COMPLETE,blaOXA-1=COMPLETE,catB3=PARTIAL_END_OF_CONTIG,dfrA17=COMPLETE,emrD=COMPLETE,gyrA_D87N=POINT,gyrA_S83L=POINT,mdtM=COMPLETE,mph(A)=COMPLETE,parC_E84V=POINT,parC_S80I=POINT,parE_I529L=POINT,ptsI_V25I=POINT,sul1=COMPLETE,tet(A)=COMPLETE,uhpT_E350Q=POINT",,"amikacin=S,amoxicillin-clavulanic acid=I,ampicillin=R,aztreonam=S,cefazolin=R,cefepime=S,ceftazidime=S,ceftriaxone=R,ciprofloxacin=R,ertapenem=S,gentamicin=S,imipenem=S,levofloxacin=R,meropenem=S,piperacillin-tazobactam=S,tetracycline=R,tobramycin=R,trimethoprim-sulfamethoxazole=R"
E.coli and Shigella,704911,"""704911"",""SRS15339724""",,PDT001340607.1,2022-06-22T22:23:55Z,USA: District of Columbia,urine,clinical,,,,,SAMN26309418,GCA_023869525.1,"aac(3)-IId=COMPLETE,aadA5=COMPLETE,acrF=COMPLETE,aph(3'')-Ib=COMPLETE,aph(6)-Id=COMPLETE,blaCTX-M-64=COMPLETE,blaEC-5=COMPLETE,blaTEM-1=COMPLETE,dfrA17=COMPLETE,emrD=COMPLETE,gyrA_D87N=POINT,gyrA_S83L=POINT,marR_S3N=POINT,mph(A)=COMPLETE,parC_S80I=POINT,parE_L416F=POINT,sul1=COMPLETE,sul2=COMPLETE,tet(A)=COMPLETE,uhpT_E350Q=POINT",,"amikacin=S,amoxicillin-clavulanic acid=S,ampicillin=R,aztreonam=R,cefazolin=R,cefepime=R,ceftazidime=R,ceftriaxone=R,ciprofloxacin=R,ertapenem=S,gentamicin=R,imipenem=S,levofloxacin=R,meropenem=S,piperacillin-tazobactam=I,tetracycline=R,tobramycin=S,trimethoprim-sulfamethoxazole=R"
E.coli and Shigella,758281,"""758281"",""SRS15352045""",,PDT001340610.1,2022-06-22T22:25:10Z,USA: District of Columbia,urine,clinical,,PDS000112868.1,4.0,,SAMN26304817,GCA_023869585.1,"acrF=COMPLETE,blaEC-5=COMPLETE,emrD=COMPLETE,gyrA_D87N=POINT,gyrA_S83L=POINT,parC_S80I=POINT,parE_L416F=POINT,uhpT_E350Q=POINT",,"amikacin=S,amoxicillin-clavulanic acid=S,ampicillin=S,aztreonam=S,cefazolin=S,cefepime=S,ceftazidime=S,ceftriaxone=S,ciprofloxacin=R,ertapenem=S,gentamicin=S,imipenem=S,levofloxacin=R,meropenem=S,piperacillin-tazobactam=S,tetracycline=S,tobramycin=S,trimethoprim-sulfamethoxazole=S"
E.coli and Shigella,705037,"""705037"",""SRS15339736""",,PDT001340614.1,2022-06-22T22:25:43Z,USA: District of Columbia,urine,clinical,,PDS000063326.7,40.0,39.0,SAMN26309348,GCA_023869665.1,"aac(3)-IIe=COMPLETE,aadA2=COMPLETE,acrF=COMPLETE,blaCTX-M-14=COMPLETE,blaEC=COMPLETE,cyaA_S352T=POINT,dfrA12=COMPLETE,emrD=COMPLETE,gyrA_D87Y=POINT,gyrA_S83L=POINT,mph(A)=COMPLETE,parC_S80I=POINT,parE_S458A=POINT,sul1=COMPLETE",,"amikacin=S,amoxicillin-clavulanic acid=I,ampicillin=R,aztreonam=I,cefazolin=R,cefepime=R,ceftazidime=S,ceftriaxone=R,ciprofloxacin=R,ertapenem=S,gentamicin=R,imipenem=S,levofloxacin=R,meropenem=S,piperacillin-tazobactam=S,tetracycline=S,tobramycin=I,trimethoprim-sulfamethoxazole=R"
E.coli and Shigella,757841,"""757841"",""SRS15351933""",,PDT001340619.1,2022-06-22T22:26:38Z,USA: District of Columbia,urine,clinical,,PDS000112695.1,2.0,,SAMN26309322,GCA_023869765.1,"aadA1=COMPLETE,aadA2=COMPLETE,acrF=COMPLETE,aph(3'')-Ib=COMPLETE,aph(3')-Ia=COMPLETE,aph(6)-Id=COMPLETE,blaEC=COMPLETE,blaTEM-1=COMPLETE,cmlA1=PARTIAL_END_OF_CONTIG,dfrA14=COMPLETE,estX-3=COMPLETE,floR=COMPLETE,gyrA_D87N=POINT,gyrA_S83L=POINT,mdtM=COMPLETE,mph(A)=COMPLETE,parC_S80I=POINT,parE_S458A=POINT,sul3=COMPLETE,tet(A)=COMPLETE",,"amikacin=S,amoxicillin-clavulanic acid=S,ampicillin=R,aztreonam=S,cefazolin=S,cefepime=S,ceftazidime=S,ceftriaxone=S,ciprofloxacin=R,ertapenem=S,gentamicin=S,imipenem=S,levofloxacin=R,meropenem=S,piperacillin-tazobactam=S,tetracycline=R,tobramycin=S,trimethoprim-sulfamethoxazole=S"
E.coli and Shigella,759009,"""759009"",""SRS15355657""",,PDT001340622.1,2022-06-22T22:26:54Z,USA: District of Columbia,urine,clinical,,PDS000194248.147,30.0,40.0,SAMN26304823,GCA_023869795.1,"acrF=COMPLETE,blaEC-5=COMPLETE,emrD=COMPLETE,gyrA_D87N=POINT,gyrA_S83L=POINT,marR_S3N=POINT,parC_S80I=POINT,parE_L416F=POINT,uhpT_E350Q=POINT",,"amikacin=S,amoxicillin-clavulanic acid=S,ampicillin=S,aztreonam=S,cefazolin=S,cefepime=S,ceftazidime=S,ceftriaxone=S,ciprofloxacin=R,ertapenem=S,gentamicin=S,imipenem=S,levofloxacin=R,meropenem=S,piperacillin-tazobactam=S,tetracycline=S,tobramycin=S,trimethoprim-sulfamethoxazole=S"
E.coli and Shigella,704995,"""704995"",""SRS15339734""",,PDT001340628.1,2022-06-22T22:28:17Z,USA: District of Columbia,urine,clinical,,,,,SAMN26304559,GCA_023869945.1,"aac(3)-IId=COMPLETE,aadA5=COMPLETE,acrF=COMPLETE,aph(3'')-Ib=COMPLETE,aph(6)-Id=COMPLETE,blaEC=COMPLETE,dfrA17=COMPLETE,emrD=COMPLETE,gyrA_D87N=POINT,gyrA_S83L=POINT,mdtM=COMPLETE,mph(A)=COMPLETE,parC_E84V=POINT,parC_S80I=POINT,parE_I529L=POINT,ptsI_V25I=POINT,sul1=COMPLETE,sul2=COMPLETE,tet(A)=COMPLETE,uhpT_E350Q=POINT",,"amikacin=S,amoxicillin-clavulanic acid=S,ampicillin=R,aztreonam=S,cefazolin=S,cefepime=S,ceftazidime=S,ceftriaxone=S,ciprofloxacin=R,ertapenem=S,gentamicin=R,imipenem=S,levofloxacin=R,meropenem=S,piperacillin-tazobactam=S,tetracycline=R,tobramycin=I,trimethoprim-sulfamethoxazole=R"
E.coli and Shigella,767835,"""767835"",""SRS15355739""",,PDT001340637.1,2022-06-22T22:30:05Z,USA: District of Columbia,urine,clinical,,,,,SAMN26304941,GCA_023870115.1,"aadA1=COMPLETE,aadA2=COMPLETE,acrF=COMPLETE,blaEC=COMPLETE,cmlA1=COMPLETE,dfrA12=COMPLETE,gyrA_D87N=POINT,gyrA_S83L=POINT,mdtM=COMPLETE,parC_S80I=POINT,parE_S458A=POINT,sul3=COMPLETE,uhpT_E350Q=POINT",,"amikacin=S,amoxicillin-clavulanic acid=S,ampicillin=S,aztreonam=S,cefazolin=S,cefepime=S,ceftazidime=S,ceftriaxone=S,ciprofloxacin=R,ertapenem=S,gentamicin=S,imipenem=S,levofloxacin=R,meropenem=S,piperacillin-tazobactam=S,tetracycline=S,tobramycin=S,trimethoprim-sulfamethoxazole=R"
E.coli and Shigella,730445,"""730445"",""SRS15348162""",,PDT001340653.1,2022-06-22T22:32:33Z,USA: District of Columbia,Perirectal,clinical,,PDS000228356.22,0.0,55.0,SAMN26308803,GCA_023870445.1,"aadA5=COMPLETE,acrF=COMPLETE,aph(3'')-Ib=COMPLETE,aph(6)-Id=COMPLETE,blaCTX-M-15=COMPLETE,blaEC=COMPLETE,blaTEM-1=COMPLETE,dfrA17=COMPLETE,emrD=COMPLETE,gyrA_D87N=POINT,gyrA_S83L=POINT,mdtM=COMPLETE,mph(A)=COMPLETE,parC_E84V=POINT,parC_S80I=POINT,parE_I529L=POINT,ptsI_V25I=POINT,sul1=COMPLETE,sul2=COMPLETE,tet(A)=COMPLETE,uhpT_E350Q=POINT",,"amikacin=S,amoxicillin-clavulanic acid=S,ampicillin=R,aztreonam=R,cefazolin=R,cefepime=R,ceftazidime=R,ceftriaxone=R,ciprofloxacin=R,ertapenem=S,gentamicin=S,imipenem=S,levofloxacin=R,meropenem=S,piperacillin-tazobactam=S,tetracycline=R,tobramycin=S,trimethoprim-sulfamethoxazole=R"
E.coli and Shigella,758563,"""758563"",""SRS15355588""",,PDT001340665.1,2022-06-22T22:34:18Z,USA: District of Columbia,urine,clinical,,PDS000112706.1,1.0,,SAMN26308837,GCA_023870685.1,"acrF=COMPLETE,blaEC=COMPLETE,blaTEM-1=COMPLETE,emrD=COMPLETE,gyrA_D87N=POINT,gyrA_S83L=POINT,mdtM=COMPLETE,parC_E84V=POINT,parC_S80I=POINT,parE_I529L=POINT,ptsI_V25I=POINT,uhpT_E350Q=POINT",,"amikacin=S,amoxicillin-clavulanic acid=S,ampicillin=R,aztreonam=S,cefazolin=I,cefepime=S,ceftazidime=S,ceftriaxone=S,ciprofloxacin=R,ertapenem=S,gentamicin=S,imipenem=S,levofloxacin=R,meropenem=S,piperacillin-tazobactam=S,tetracycline=S,tobramycin=S,trimethoprim-sulfamethoxazole=S"
E.coli and Shigella,708887,"""708887"",""SRS15339916""",,PDT001340667.1,2022-06-22T22:34:36Z,USA: District of Columbia,urine,clinical,,PDS000072133.14,23.0,37.0,SAMN26309215,GCA_023870725.1,"acrF=COMPLETE,blaEC-5=COMPLETE,dfrA14=COMPLETE,emrD=COMPLETE,gyrA_D87N=POINT,gyrA_S83L=POINT,marR_S3N=POINT,mph(A)=COMPLETE,parC_S80I=POINT,parE_L416F=POINT,tet(B)=COMPLETE,uhpT_E350Q=POINT",,"amikacin=S,amoxicillin-clavulanic acid=S,ampicillin=S,aztreonam=S,cefazolin=S,cefepime=S,ceftazidime=S,ceftriaxone=S,ciprofloxacin=R,ertapenem=S,gentamicin=S,imipenem=S,levofloxacin=R,meropenem=S,piperacillin-tazobactam=S,tetracycline=R,tobramycin=S,trimethoprim-sulfamethoxazole=R"
E.coli and Shigella,836640,"""836640"",""SRS15360009""",,PDT001340681.1,2022-06-22T22:37:09Z,USA: District of Columbia,urine,clinical,,,,,SAMN26309258,GCA_023870985.1,"aac(3)-IId=COMPLETE,aadA5=COMPLETE,acrF=COMPLETE,aph(3'')-Ib=COMPLETE,aph(6)-Id=COMPLETE,blaEC-5=COMPLETE,blaTEM-1=COMPLETE,dfrA17=COMPLETE,emrD=COMPLETE,gyrA_D87N=POINT,gyrA_S83L=POINT,marR_S3N=POINT,mph(A)=COMPLETE,parC_S80I=POINT,parE_L416F=POINT,sul1=COMPLETE,sul2=COMPLETE,tet(A)=COMPLETE,uhpT_E350Q=POINT",,"amikacin=S,amoxicillin-clavulanic acid=S,ampicillin=R,aztreonam=S,cefazolin=S,cefepime=S,ceftazidime=S,ceftriaxone=S,ciprofloxacin=R,ertapenem=S,gentamicin=R,imipenem=S,levofloxacin=R,meropenem=S,piperacillin-tazobactam=S,tetracycline=R,tobramycin=S,trimethoprim-sulfamethoxazole=R"
E.coli and Shigella,758991,"""758991"",""SRS15355656""",,PDT001340692.1,2022-06-22T22:38:44Z,USA: District of Columbia,urine,clinical,,,,,SAMN26305235,GCA_023871225.1,"acrF=COMPLETE,blaEC=COMPLETE,emrD=COMPLETE,marR_S3N=POINT,mdtM=COMPLETE",,"amikacin=S,amoxicillin-clavulanic acid=S,ampicillin=S,aztreonam=S,cefazolin=R,cefepime=S,ceftazidime=S,ceftriaxone=S,ciprofloxacin=R,ertapenem=S,gentamicin=S,imipenem=S,levofloxacin=R,meropenem=S,piperacillin-tazobactam=S,tetracycline=S,tobramycin=S,trimethoprim-sulfamethoxazole=S"
E.coli and Shigella,698440,"""698440"",""SRS15339680""",,PDT001340707.1,2022-06-22T22:41:22Z,USA: District of Columbia,urine,clinical,,,,,SAMN26309160,GCA_023871525.1,"aadA5=COMPLETE,acrF=COMPLETE,blaEC=COMPLETE,blaTEM-1=COMPLETE,catB3=COMPLETE,cyaA_S352T=POINT,dfrA1=COMPLETE,dfrA51=COMPLETE,gyrA_D87N=POINT,gyrA_S83L=POINT,mdtM=COMPLETE,parC_S80I=POINT,sul1=COMPLETE,tet(A)=COMPLETE",,"amikacin=S,amoxicillin-clavulanic acid=S,ampicillin=R,aztreonam=S,cefazolin=S,cefepime=S,ceftazidime=S,ceftriaxone=S,ciprofloxacin=R,ertapenem=S,gentamicin=S,imipenem=S,levofloxacin=R,meropenem=S,piperacillin-tazobactam=S,tetracycline=R,tobramycin=S,trimethoprim-sulfamethoxazole=R"
E.coli and Shigella,836762,"""836762"",""SRS15360022""",,PDT001340713.1,2022-06-22T22:41:47Z,USA: District of Columbia,urine,clinical,,,,,SAMN26308891,GCA_023871645.1,"aac(3)-IId=COMPLETE,aadA5=COMPLETE,acrF=COMPLETE,aph(3'')-Ib=COMPLETE,aph(6)-Id=COMPLETE,blaEC=COMPLETE,dfrA17=COMPLETE,emrD=COMPLETE,gyrA_D87N=POINT,gyrA_S83L=POINT,mdtM=COMPLETE,mph(A)=COMPLETE,parC_E84V=POINT,parC_S80I=POINT,parE_I529L=POINT,ptsI_V25I=POINT,sul1=COMPLETE,sul2=COMPLETE,tet(A)=COMPLETE,uhpT_E350Q=POINT",,"amikacin=S,amoxicillin-clavulanic acid=S,ampicillin=S,aztreonam=S,cefazolin=S,cefepime=S,ceftazidime=S,ceftriaxone=S,ciprofloxacin=R,ertapenem=S,gentamicin=R,imipenem=S,levofloxacin=R,meropenem=S,piperacillin-tazobactam=S,tetracycline=R,tobramycin=I,trimethoprim-sulfamethoxazole=R"
E.coli and Shigella,698378,"""698378"",""SRS15339841""",,PDT001340716.1,2022-06-22T22:42:31Z,USA: District of Columbia,urine,clinical,,PDS000112785.2,7.0,,SAMN26304659,GCA_023871695.1,"aadA5=COMPLETE,acrF=COMPLETE,aph(3'')-Ib=COMPLETE,aph(6)-Id=COMPLETE,blaEC-5=COMPLETE,blaTEM-1=COMPLETE,dfrA17=COMPLETE,emrD=COMPLETE,gyrA_D87N=POINT,gyrA_S83L=POINT,mph(A)=COMPLETE,parC_S80I=POINT,parE_L416F=POINT,sul1=COMPLETE,sul2=COMPLETE,tet(A)=COMPLETE,uhpT_E350Q=POINT",,"amikacin=S,amoxicillin-clavulanic acid=S,ampicillin=R,aztreonam=S,cefazolin=R,cefepime=S,ceftazidime=S,ceftriaxone=S,ciprofloxacin=R,ertapenem=S,gentamicin=S,imipenem=S,levofloxacin=R,meropenem=S,piperacillin-tazobactam=S,tetracycline=R,tobramycin=S,trimethoprim-sulfamethoxazole=R"
E.coli and Shigella,767045,"""767045"",""SRS15355516""",,PDT001340733.1,2022-06-22T22:46:10Z,USA: District of Columbia,urine,clinical,,,,,SAMN26308963,GCA_023872045.1,"acrF=COMPLETE,blaEC=COMPLETE,emrD=COMPLETE,gyrA_D87N=POINT,gyrA_S83L=POINT,marR_S3N=POINT,parC_S80I=POINT,parE_L416F=POINT,uhpT_E350Q=POINT",,"amikacin=S,amoxicillin-clavulanic acid=S,ampicillin=S,aztreonam=S,cefazolin=S,cefepime=S,ceftazidime=S,ceftriaxone=S,ciprofloxacin=R,ertapenem=S,gentamicin=S,imipenem=S,levofloxacin=R,meropenem=S,piperacillin-tazobactam=S,tetracycline=S,tobramycin=S,trimethoprim-sulfamethoxazole=S"
E.coli and Shigella,767789,"""767789"",""SRS15355693""",,PDT001340740.1,2022-06-22T22:47:09Z,USA: District of Columbia,urine,clinical,,,,,SAMN26304824,GCA_023872205.1,"acrF=COMPLETE,blaEC-5=COMPLETE,emrD=COMPLETE,gyrA_D87N=POINT,gyrA_S83L=POINT,marR_S3N=POINT,parC_S80I=POINT,parE_L416F=POINT,uhpT_E350Q=POINT",,"amikacin=S,amoxicillin-clavulanic acid=S,ampicillin=S,aztreonam=S,cefazolin=S,cefepime=S,ceftazidime=S,ceftriaxone=S,ciprofloxacin=R,ertapenem=S,gentamicin=S,imipenem=S,levofloxacin=R,meropenem=S,piperacillin-tazobactam=S,tetracycline=S,tobramycin=S,trimethoprim-sulfamethoxazole=S"
E.coli and Shigella,806136,"""806136"",""SRS15358727""",,PDT001340753.1,2022-06-22T22:49:27Z,USA: District of Columbia,urine,clinical,,,,,SAMN26308453,GCA_023872415.1,"aac(3)-IId=COMPLETE,acrF=PARTIAL,blaEC=COMPLETE,cyaA_S352T=POINT,dfrA17=COMPLETE,emrD=COMPLETE,gyrA_D87N=POINT,gyrA_S83L=POINT,marR_S3N=POINT,mdtM=COMPLETE,parC_E84G=POINT,parC_S80I=POINT,parE_I355T=POINT,tet(B)=COMPLETE,uhpT_E350Q=POINT",,"amikacin=S,amoxicillin-clavulanic acid=S,ampicillin=S,aztreonam=S,cefazolin=S,cefepime=S,ceftazidime=S,ceftriaxone=S,ciprofloxacin=R,ertapenem=S,gentamicin=R,imipenem=S,levofloxacin=R,meropenem=S,piperacillin-tazobactam=S,tetracycline=R,tobramycin=I,trimethoprim-sulfamethoxazole=S"
E.coli and Shigella,772803,"""772803"",""SRS15357693""",,PDT001340766.1,2022-06-22T22:50:59Z,USA: District of Columbia,urine,clinical,,PDS000112738.1,24.0,,SAMN26304915,GCA_023872705.1,"acrF=COMPLETE,blaEC-5=COMPLETE,emrD=COMPLETE,gyrA_D87N=POINT,gyrA_S83L=POINT,marR_S3N=POINT,parC_S80I=POINT,parE_L416F=POINT,uhpT_E350Q=POINT",,"amikacin=S,amoxicillin-clavulanic acid=S,ampicillin=S,aztreonam=S,cefazolin=R,cefepime=S,ceftazidime=S,ceftriaxone=S,ciprofloxacin=R,ertapenem=S,gentamicin=S,imipenem=S,levofloxacin=R,meropenem=S,piperacillin-tazobactam=S,tetracycline=S,tobramycin=S,trimethoprim-sulfamethoxazole=S"
E.coli and Shigella,699234,"""699234"",""SRS15339871""",,PDT001340771.1,2022-06-22T22:51:30Z,USA: District of Columbia,urine,clinical,,,,,SAMN26308793,GCA_023872805.1,"acrF=COMPLETE,blaEC=COMPLETE,blaTEM-1=COMPLETE,emrD=COMPLETE,gyrA_D87N=POINT,gyrA_S83L=POINT,mdtM=COMPLETE,parC_E84V=POINT,parC_S80I=POINT,parE_I529L=POINT,ptsI_V25I=POINT,uhpT_E350Q=POINT",,"amikacin=S,amoxicillin-clavulanic acid=S,ampicillin=R,aztreonam=S,cefazolin=I,cefepime=S,ceftazidime=S,ceftriaxone=S,ciprofloxacin=R,ertapenem=S,gentamicin=S,imipenem=S,levofloxacin=R,meropenem=S,piperacillin-tazobactam=S,tetracycline=S,tobramycin=S,trimethoprim-sulfamethoxazole=S"
E.coli and Shigella,807568,"""807568"",""SRS15358743""",,PDT001340773.1,2022-06-22T22:52:17Z,USA: District of Columbia,urine,clinical,,PDS000112885.2,2.0,,SAMN26309251,GCA_023872835.1,"acrF=COMPLETE,aph(3'')-Ib=COMPLETE,aph(6)-Id=COMPLETE,blaEC-5=COMPLETE,blaTEM-1=COMPLETE,dfrA17=COMPLETE,emrD=COMPLETE,gyrA_D87N=POINT,gyrA_S83L=POINT,marR_S3N=POINT,parC_S80I=POINT,parE_L416F=POINT,sul2=COMPLETE,tet(B)=COMPLETE,uhpT_E350Q=POINT",,"amikacin=S,amoxicillin-clavulanic acid=S,ampicillin=R,aztreonam=S,cefazolin=S,cefepime=S,ceftazidime=S,ceftriaxone=S,ciprofloxacin=R,ertapenem=S,gentamicin=S,imipenem=S,levofloxacin=R,meropenem=S,piperacillin-tazobactam=S,tetracycline=R,tobramycin=S,trimethoprim-sulfamethoxazole=R"
E.coli and Shigella,734941,"""734941"",""SRS15348279""",,PDT001340774.1,2022-06-23T03:02:11Z,USA: District of Columbia,urine,clinical,,PDS000121390.1,0.0,,SAMN26308959,GCA_023874385.1,"aadA5=COMPLETE,acrF=COMPLETE,blaEC=COMPLETE,blaTEM-1=COMPLETE,cyaA_S352T=POINT,dfrA17=COMPLETE,emrD=COMPLETE,gyrA_S83L=POINT,mdtM=COMPLETE,mph(A)=COMPLETE,parC_S80I=POINT,sul1=COMPLETE",,"amikacin=S,amoxicillin-clavulanic acid=S,ampicillin=R,aztreonam=S,cefazolin=S,cefepime=S,ceftazidime=S,ceftriaxone=S,ciprofloxacin=R,ertapenem=S,gentamicin=S,imipenem=S,levofloxacin=S,meropenem=S,piperacillin-tazobactam=S,tetracycline=S,tobramycin=S,trimethoprim-sulfamethoxazole=R"
E.coli and Shigella,768137,"""768137"",""SRS15355604""",,PDT001340775.1,2022-06-23T03:02:19Z,USA: District of Columbia,urine,clinical,,PDS000112791.1,6.0,,SAMN26309239,GCA_023874395.1,"acrF=COMPLETE,blaEC-5=COMPLETE,emrD=COMPLETE,gyrA_D87N=POINT,gyrA_S83L=POINT,marR_S3N=POINT,parC_S80I=POINT,parE_L416F=POINT,uhpT_E350Q=POINT",,"amikacin=S,amoxicillin-clavulanic acid=S,ampicillin=S,aztreonam=S,cefazolin=I,cefepime=S,ceftazidime=S,ceftriaxone=S,ciprofloxacin=R,ertapenem=S,gentamicin=S,imipenem=S,levofloxacin=R,meropenem=S,piperacillin-tazobactam=S,tetracycline=S,tobramycin=S,trimethoprim-sulfamethoxazole=S"
E.coli and Shigella,749161,"""749161"",""SRS15352062""",,PDT001340778.1,2022-06-23T03:02:46Z,USA: District of Columbia,urine,clinical,,,,,SAMN26308569,GCA_023874465.1,"acrF=COMPLETE,blaEC-5=COMPLETE,blaTEM-1=COMPLETE,emrD=COMPLETE,gyrA_D87N=POINT,gyrA_S83L=POINT,marR_S3N=POINT,parC_S80I=POINT,parE_L416F=POINT,uhpT_E350Q=POINT",,"amikacin=S,amoxicillin-clavulanic acid=S,ampicillin=R,aztreonam=S,cefazolin=S,cefepime=S,ceftazidime=S,ceftriaxone=S,ciprofloxacin=R,ertapenem=S,gentamicin=S,imipenem=S,levofloxacin=R,meropenem=S,piperacillin-tazobactam=S,tetracycline=S,tobramycin=S,trimethoprim-sulfamethoxazole=S"
E.coli and Shigella,734765,"""734765"",""SRS15348259""",,PDT001340785.1,2022-06-23T03:03:26Z,USA: District of Columbia,urine,clinical,,PDS000071814.74,0.0,21.0,SAMN26308563,GCA_023874605.1,"acrF=COMPLETE,blaEC-5=COMPLETE,blaTEM-1=COMPLETE,emrD=COMPLETE,gyrA_D87N=POINT,gyrA_S83L=POINT,marR_S3N=POINT,parC_S80I=POINT,parE_L416F=POINT,uhpT_E350Q=POINT",,"amikacin=S,amoxicillin-clavulanic acid=S,ampicillin=R,aztreonam=S,cefazolin=S,cefepime=S,ceftazidime=S,ceftriaxone=S,ciprofloxacin=R,ertapenem=S,gentamicin=S,imipenem=S,levofloxacin=R,meropenem=S,piperacillin-tazobactam=S,tetracycline=S,tobramycin=S,trimethoprim-sulfamethoxazole=S"
E.coli and Shigella,698676,"""698676"",""SRS15339704""",,PDT001340903.1,2022-06-23T03:06:34Z,USA: District of Columbia,urine,clinical,,PDS000194248.147,27.0,39.0,SAMN26309213,GCA_023875085.1,"acrF=COMPLETE,aph(3'')-Ib=COMPLETE,aph(6)-Id=COMPLETE,blaEC-5=COMPLETE,blaTEM-1=COMPLETE,emrD=COMPLETE,gyrA_D87N=POINT,gyrA_S83L=POINT,marR_S3N=POINT,parC_S80I=POINT,parE_L416F=POINT,sul2=COMPLETE,uhpT_E350Q=POINT",,"amikacin=S,amoxicillin-clavulanic acid=S,ampicillin=R,aztreonam=S,cefazolin=S,cefepime=S,ceftazidime=S,ceftriaxone=S,ciprofloxacin=R,ertapenem=S,gentamicin=S,imipenem=S,levofloxacin=R,meropenem=S,piperacillin-tazobactam=S,tetracycline=S,tobramycin=S,trimethoprim-sulfamethoxazole=S"
E.coli and Shigella,807744,"""807744"",""SRS15358762""",,PDT001340906.1,2022-06-23T03:06:44Z,USA: District of Columbia,urine,clinical,,PDS000112765.1,10.0,,SAMN26308881,GCA_023875145.1,"acrF=COMPLETE,blaEC=COMPLETE,blaTEM-1=COMPLETE,blaTEMp_C32T=POINT,emrD=COMPLETE,gyrA_D87N=POINT,gyrA_S83L=POINT,mdtM=COMPLETE,parC_E84V=POINT,parC_S80I=POINT,parE_I529L=POINT,ptsI_V25I=POINT,uhpT_E350Q=POINT",,"amikacin=S,amoxicillin-clavulanic acid=I,ampicillin=R,aztreonam=S,cefazolin=R,cefepime=S,ceftazidime=S,ceftriaxone=S,ciprofloxacin=R,ertapenem=S,gentamicin=S,imipenem=S,levofloxacin=R,meropenem=S,piperacillin-tazobactam=S,tetracycline=S,tobramycin=S,trimethoprim-sulfamethoxazole=S"
E.coli and Shigella,836876,"""836876"",""SRS15359982""",,PDT001340910.1,2022-06-23T03:08:10Z,USA: District of Columbia,urine,clinical,,PDS000112679.2,10.0,,SAMN26304906,GCA_023875225.1,"aac(3)-IIe=COMPLETE,aac(6')-Ib-cr5=COMPLETE,aadA5=COMPLETE,acrF=COMPLETE,blaEC=COMPLETE,blaOXA-1=COMPLETE,catB3=PARTIAL_END_OF_CONTIG,dfrA17=COMPLETE,emrD=COMPLETE,gyrA_D87N=POINT,gyrA_S83L=POINT,mdtM=COMPLETE,mph(A)=COMPLETE,parC_E84V=POINT,parC_S80I=POINT,parE_I529L=POINT,ptsI_V25I=POINT,sul1=COMPLETE,uhpT_E350Q=POINT",,"amikacin=S,amoxicillin-clavulanic acid=I,ampicillin=R,aztreonam=S,cefazolin=I,cefepime=S,ceftazidime=S,ceftriaxone=S,ciprofloxacin=R,ertapenem=S,gentamicin=R,imipenem=S,levofloxacin=R,meropenem=S,piperacillin-tazobactam=S,tetracycline=S,tobramycin=R,trimethoprim-sulfamethoxazole=R"
E.coli and Shigella,807584,"""807584"",""SRS15358746""",,PDT001340912.1,2022-06-23T03:08:29Z,USA: District of Columbia,urine,clinical,,PDS000112678.1,0.0,,SAMN26308769,GCA_023875265.1,"aac(3)-IId=COMPLETE,aadA5=COMPLETE,acrF=COMPLETE,aph(3'')-Ib=COMPLETE,aph(6)-Id=COMPLETE,blaEC=COMPLETE,blaTEM-1=COMPLETE,dfrA17=COMPLETE,emrD=COMPLETE,gyrA_D87N=POINT,gyrA_S83L=POINT,mdtM=COMPLETE,mph(A)=COMPLETE,parC_E84V=POINT,parC_S80I=POINT,parE_I529L=POINT,ptsI_V25I=POINT,sul1=COMPLETE,sul2=COMPLETE,tet(A)=COMPLETE,uhpT_E350Q=POINT",,"amikacin=S,amoxicillin-clavulanic acid=S,ampicillin=R,aztreonam=S,cefazolin=S,cefepime=S,ceftazidime=S,ceftriaxone=S,ciprofloxacin=R,ertapenem=S,gentamicin=R,imipenem=S,levofloxacin=R,meropenem=S,piperacillin-tazobactam=S,tetracycline=R,tobramycin=I,trimethoprim-sulfamethoxazole=R"
E.coli and Shigella,766411,"""766411"",""SRS15355727""",,PDT001340919.1,2022-06-23T03:09:19Z,USA: District of Columbia,urine,clinical,,PDS000112750.2,1.0,,SAMN26308839,GCA_023875405.1,"aac(3)-IIe=COMPLETE,aac(6')-Ib-cr5=COMPLETE,acrF=COMPLETE,blaCTX-M-15=COMPLETE,blaEC=COMPLETE,blaOXA-1=COMPLETE,blaTEM-1=COMPLETE,catB3=PARTIAL_END_OF_CONTIG,emrD=COMPLETE,gyrA_D87N=POINT,gyrA_S83L=POINT,mdtM=COMPLETE,parC_E84V=POINT,parC_S80I=POINT,parE_I529L=POINT,ptsI_V25I=POINT,tet(A)=COMPLETE,uhpT_E350Q=POINT",,"amikacin=S,amoxicillin-clavulanic acid=I,ampicillin=R,aztreonam=R,cefazolin=R,cefepime=R,ceftazidime=R,ceftriaxone=R,ciprofloxacin=R,ertapenem=S,gentamicin=R,imipenem=S,levofloxacin=R,meropenem=S,piperacillin-tazobactam=S,tetracycline=R,tobramycin=R,trimethoprim-sulfamethoxazole=S"
E.coli and Shigella,730349,"""730349"",""SRS15348321""",,PDT001340928.1,2022-06-23T03:09:53Z,USA: District of Columbia,urine,clinical,,,,,SAMN26308475,GCA_023875585.1,"aac(3)-IId=COMPLETE,aadA5=COMPLETE,acrF=COMPLETE,aph(3'')-Ib=COMPLETE,aph(6)-Id=COMPLETE,blaEC=COMPLETE,blaTEM-1=COMPLETE,dfrA17=COMPLETE,emrD=COMPLETE,gyrA_S83L=POINT,mdtM=COMPLETE,mph(A)=COMPLETE,parC_S80R=POINT,parE_I529L=POINT,ptsI_V25I=POINT,sul1=COMPLETE,sul2=COMPLETE,tet(A)=COMPLETE,uhpT_E350Q=POINT",,"amikacin=S,amoxicillin-clavulanic acid=I,ampicillin=R,aztreonam=S,cefazolin=R,cefepime=S,ceftazidime=S,ceftriaxone=S,ciprofloxacin=R,ertapenem=S,gentamicin=R,imipenem=S,levofloxacin=S,meropenem=S,piperacillin-tazobactam=S,tetracycline=R,tobramycin=I,trimethoprim-sulfamethoxazole=R"
E.coli and Shigella,836906,"""836906"",""SRS15359986""",,PDT001340938.1,2022-06-23T03:11:26Z,USA: District of Columbia,urine,clinical,,PDS000112679.2,4.0,,SAMN26308781,GCA_023875775.1,"aac(3)-IIe=COMPLETE,aac(6')-Ib-cr5=COMPLETE,aadA5=COMPLETE,acrF=COMPLETE,blaCTX-M-15=COMPLETE,blaEC=COMPLETE,blaOXA-1=COMPLETE,catB3=PARTIAL_END_OF_CONTIG,dfrA17=COMPLETE,emrD=COMPLETE,gyrA_D87N=POINT,gyrA_S83L=POINT,mdtM=COMPLETE,mph(A)=COMPLETE,parC_E84V=POINT,parC_S80I=POINT,parE_I529L=POINT,ptsI_V25I=POINT,sul1=COMPLETE,uhpT_E350Q=POINT",,"amikacin=S,amoxicillin-clavulanic acid=R,ampicillin=R,aztreonam=R,cefazolin=R,cefepime=R,ceftazidime=R,ceftriaxone=R,ciprofloxacin=R,ertapenem=S,gentamicin=R,imipenem=S,levofloxacin=R,meropenem=S,piperacillin-tazobactam=I,tetracycline=S,tobramycin=R,trimethoprim-sulfamethoxazole=R"
E.coli and Shigella,749321,"""749321"",""SRS15351950""",,PDT001340941.1,2022-06-23T03:11:51Z,USA: District of Columbia,urine,clinical,,PDS000112829.2,2.0,,SAMN26309226,GCA_023875845.1,"acrF=COMPLETE,aph(3'')-Ib=COMPLETE,aph(6)-Id=COMPLETE,blaEC-5=COMPLETE,blaTEM-1=COMPLETE,dfrA17=COMPLETE,emrD=COMPLETE,gyrA_D87N=POINT,gyrA_S83L=POINT,marR_S3N=POINT,mph(A)=COMPLETE,parC_S80I=POINT,parE_L416F=POINT,sul2=COMPLETE,tet(B)=COMPLETE,uhpT_E350Q=POINT",,"amikacin=S,amoxicillin-clavulanic acid=S,ampicillin=R,aztreonam=S,cefazolin=I,cefepime=S,ceftazidime=S,ceftriaxone=S,ciprofloxacin=R,ertapenem=S,gentamicin=S,imipenem=S,levofloxacin=R,meropenem=S,piperacillin-tazobactam=S,tetracycline=R,tobramycin=S,trimethoprim-sulfamethoxazole=R"
E.coli and Shigella,766349,"""766349"",""SRS15355719""",,PDT001340944.1,2022-06-23T03:12:09Z,USA: District of Columbia,urine,clinical,,,,,SAMN26304759,GCA_023875905.1,"aac(3)-IId=COMPLETE,aadA2=COMPLETE,acrF=COMPLETE,blaEC=COMPLETE,blaTEM-1=COMPLETE,dfrA12=COMPLETE,emrD=COMPLETE,gyrA_D87N=POINT,gyrA_S83L=POINT,mdtM=COMPLETE,parC_E84V=POINT,parC_S80I=POINT,parE_I529L=POINT,ptsI_V25I=POINT,sul1=COMPLETE,tet(A)=COMPLETE,uhpT_E350Q=POINT",,"amikacin=S,amoxicillin-clavulanic acid=S,ampicillin=R,aztreonam=S,cefazolin=I,cefepime=S,ceftazidime=S,ceftriaxone=S,ciprofloxacin=R,ertapenem=S,gentamicin=R,imipenem=S,levofloxacin=R,meropenem=S,piperacillin-tazobactam=S,tetracycline=R,tobramycin=R,trimethoprim-sulfamethoxazole=R"
E.coli and Shigella,824392,"""824392"",""SRS15360153""",,PDT001340946.1,2022-06-23T03:12:19Z,USA: District of Columbia,urine,clinical,,,,,SAMN26309257,GCA_023875945.1,"acrF=COMPLETE,blaEC-5=COMPLETE,dfrA17=COMPLETE,emrD=COMPLETE,gyrA_D87N=POINT,gyrA_S83L=POINT,marR_S3N=POINT,parC_S80I=POINT,parE_L416F=POINT,tet(B)=COMPLETE,uhpT_E350Q=POINT",,"amikacin=S,amoxicillin-clavulanic acid=S,ampicillin=S,aztreonam=S,cefazolin=R,cefepime=S,ceftazidime=S,ceftriaxone=S,ciprofloxacin=R,ertapenem=S,gentamicin=S,imipenem=S,levofloxacin=R,meropenem=S,piperacillin-tazobactam=S,tetracycline=R,tobramycin=S,trimethoprim-sulfamethoxazole=R"
E.coli and Shigella,807664,"""807664"",""SRS15358754""",,PDT001340947.1,2022-06-23T03:12:23Z,USA: District of Columbia,urine,clinical,,PDS000002968.261,31.0,55.0,SAMN26304528,GCA_023875965.1,"aac(3)-IId=COMPLETE,aadA5=COMPLETE,acrF=COMPLETE,aph(3'')-Ib=COMPLETE,aph(6)-Id=COMPLETE,blaEC-5=COMPLETE,blaTEM-1=COMPLETE,dfrA17=COMPLETE,emrD=COMPLETE,gyrA_D87N=POINT,gyrA_S83L=POINT,marR_S3N=POINT,mph(A)=COMPLETE,parC_S80I=POINT,parE_L416F=POINT,sul1=COMPLETE,sul2=COMPLETE,tet(A)=COMPLETE,uhpT_E350Q=POINT",,"amikacin=S,amoxicillin-clavulanic acid=S,ampicillin=R,aztreonam=S,cefazolin=I,cefepime=S,ceftazidime=S,ceftriaxone=S,ciprofloxacin=R,ertapenem=S,gentamicin=R,imipenem=S,levofloxacin=R,meropenem=S,piperacillin-tazobactam=S,tetracycline=R,tobramycin=S,trimethoprim-sulfamethoxazole=R"
E.coli and Shigella,736053,"""736053"",""SRS15348305""",,PDT001340955.1,2022-06-23T03:13:34Z,USA: District of Columbia,urine,clinical,,,,,SAMN26309224,GCA_023876125.1,"acrF=COMPLETE,blaEC-5=COMPLETE,emrD=COMPLETE,gyrA_D87N=POINT,gyrA_S83L=POINT,marR_S3N=POINT,parC_S80I=POINT,parE_L416F=POINT,uhpT_E350Q=POINT",,"amikacin=S,amoxicillin-clavulanic acid=S,ampicillin=S,aztreonam=S,cefazolin=S,cefepime=S,ceftazidime=S,ceftriaxone=S,ciprofloxacin=R,ertapenem=S,gentamicin=S,imipenem=S,levofloxacin=R,meropenem=S,piperacillin-tazobactam=S,tetracycline=S,tobramycin=S,trimethoprim-sulfamethoxazole=S"
E.coli and Shigella,749943,"""749943"",""SRS15351976""",,PDT001340963.1,2022-06-23T03:18:09Z,USA: District of Columbia,wound,clinical,,PDS000112703.2,0.0,,SAMN26308826,GCA_023876285.1,"acrF=COMPLETE,blaEC=COMPLETE,blaTEM-1=COMPLETE,emrD=COMPLETE,gyrA_D87N=POINT,gyrA_S83L=POINT,mdtM=COMPLETE,parC_E84V=POINT,parC_S80I=POINT,parE_I529L=POINT,ptsI_V25I=POINT,soxR_G121D=POINT,uhpT_E350Q=POINT",,"amikacin=S,amoxicillin-clavulanic acid=S,ampicillin=R,aztreonam=S,cefazolin=R,cefepime=S,ceftazidime=S,ceftriaxone=S,ciprofloxacin=R,ertapenem=S,gentamicin=S,imipenem=S,levofloxacin=R,meropenem=S,piperacillin-tazobactam=S,tetracycline=S,tobramycin=S,trimethoprim-sulfamethoxazole=S"
E.coli and Shigella,705011,"""705011"",""SRS15339735""",,PDT001340971.1,2022-06-23T03:18:46Z,USA: District of Columbia,urine,clinical,,,,,SAMN26308797,GCA_023876445.1,"aac(3)-IIe=COMPLETE,aac(6')-Ib-cr5=COMPLETE,acrF=COMPLETE,blaCTX-M-15=COMPLETE,blaEC=COMPLETE,blaOXA-1=COMPLETE,blaTEM-1=COMPLETE,catB3=PARTIAL_END_OF_CONTIG,emrD=COMPLETE,gyrA_D87N=POINT,gyrA_S83L=POINT,mdtM=COMPLETE,parC_E84V=POINT,parC_S80I=POINT,parE_I529L=POINT,ptsI_V25I=POINT,uhpT_E350Q=POINT",,"amikacin=S,amoxicillin-clavulanic acid=I,ampicillin=R,aztreonam=R,cefazolin=R,cefepime=R,ceftazidime=I,ceftriaxone=R,ciprofloxacin=R,ertapenem=S,gentamicin=R,imipenem=S,levofloxacin=R,meropenem=S,piperacillin-tazobactam=S,tetracycline=S,tobramycin=R,trimethoprim-sulfamethoxazole=S"
E.coli and Shigella,735903,"""735903"",""SRS15348289""",,PDT001340976.1,2022-06-23T03:19:04Z,USA: District of Columbia,urine,clinical,,PDS000194248.147,26.0,48.0,SAMN26309223,GCA_023876545.1,"acrF=COMPLETE,aph(3'')-Ib=COMPLETE,aph(6)-Id=COMPLETE,blaEC-5=COMPLETE,blaTEM-1=COMPLETE,emrD=COMPLETE,gyrA_D87N=POINT,gyrA_S83L=POINT,marR_S3N=POINT,mph(A)=COMPLETE,parC_S80I=POINT,parE_L416F=POINT,sul2=COMPLETE,uhpT_E350Q=POINT",,"amikacin=S,amoxicillin-clavulanic acid=S,ampicillin=R,aztreonam=S,cefazolin=S,cefepime=S,ceftazidime=S,ceftriaxone=S,ciprofloxacin=R,ertapenem=S,gentamicin=S,imipenem=S,levofloxacin=R,meropenem=S,piperacillin-tazobactam=S,tetracycline=S,tobramycin=S,trimethoprim-sulfamethoxazole=S"
E.coli and Shigella,730323,"""730323"",""SRS15348319""",,PDT001340981.1,2022-06-23T03:20:47Z,USA: District of Columbia,urine,clinical,,PDS000112879.2,0.0,,SAMN26304551,GCA_023876645.1,"aadA5=COMPLETE,acrF=COMPLETE,aph(3'')-Ib=COMPLETE,aph(6)-Id=COMPLETE,blaEC=COMPLETE,blaTEM-1=COMPLETE,dfrA17=COMPLETE,emrD=COMPLETE,gyrA_D87N=POINT,gyrA_S83L=POINT,mdtM=COMPLETE,mph(A)=COMPLETE,parC_E84V=POINT,parC_S80I=POINT,parE_I529L=POINT,ptsI_V25I=POINT,sul1=COMPLETE,sul2=COMPLETE,tet(A)=COMPLETE,uhpT_E350Q=POINT",,"amikacin=S,amoxicillin-clavulanic acid=S,ampicillin=R,aztreonam=S,cefazolin=I,cefepime=S,ceftazidime=S,ceftriaxone=S,ciprofloxacin=R,ertapenem=S,gentamicin=S,imipenem=S,levofloxacin=R,meropenem=S,piperacillin-tazobactam=S,tetracycline=R,tobramycin=S,trimethoprim-sulfamethoxazole=R"
E.coli and Shigella,806602,"""806602"",""SRS15358554""",,PDT001340982.1,2022-06-23T03:20:56Z,USA: District of Columbia,urine,clinical,,,,,SAMN26309152,GCA_023876675.1,"acrF=COMPLETE,blaEC=COMPLETE,emrD=COMPLETE,marR_S3N=POINT",,"amikacin=S,amoxicillin-clavulanic acid=S,ampicillin=S,aztreonam=S,cefazolin=S,cefepime=S,ceftazidime=S,ceftriaxone=S,ciprofloxacin=R,ertapenem=S,gentamicin=S,imipenem=S,levofloxacin=S,meropenem=S,piperacillin-tazobactam=S,tetracycline=S,tobramycin=R,trimethoprim-sulfamethoxazole=S"
E.coli and Shigella,734715,"""734715"",""SRS15348253""",,PDT001341009.1,2022-06-23T03:24:37Z,USA: District of Columbia,urine,clinical,,,,,SAMN26304661,GCA_023877205.1,"acrF=COMPLETE,ampC_T-32A=POINT,blaEC-5=COMPLETE,emrD=COMPLETE,gyrA_D87N=POINT,gyrA_S83L=POINT,marR_S3N=POINT,parC_S80I=POINT,parE_L416F=POINT,uhpT_E350Q=POINT",,"amikacin=S,amoxicillin-clavulanic acid=R,ampicillin=R,aztreonam=S,cefazolin=R,cefepime=S,ceftazidime=S,ceftriaxone=S,ciprofloxacin=R,ertapenem=S,gentamicin=S,imipenem=S,levofloxacin=R,meropenem=S,piperacillin-tazobactam=S,tetracycline=S,tobramycin=S,trimethoprim-sulfamethoxazole=S"
E.coli and Shigella,705053,"""705053"",""SRS15339738""",,PDT001341014.1,2022-06-23T03:24:56Z,USA: District of Columbia,FLUID,clinical,,,,,SAMN26309316,GCA_023877305.1,"aac(3)-IIe=COMPLETE,aadA1=COMPLETE,aadA2=COMPLETE,acrF=COMPLETE,aph(3'')-Ib=COMPLETE,aph(3')-Ia=COMPLETE,aph(6)-Id=COMPLETE,blaEC=COMPLETE,blaTEM-1=COMPLETE,cmlA1=COMPLETE,dfrA12=COMPLETE,floR=COMPLETE,gyrA_D87N=POINT,gyrA_S83L=POINT,mdtM=COMPLETE,parC_S80I=POINT,parE_S458A=POINT,sul3=COMPLETE,tet(A)=COMPLETE,uhpT_E350Q=POINT",,"amikacin=S,amoxicillin-clavulanic acid=I,ampicillin=R,aztreonam=S,cefazolin=R,cefepime=S,ceftazidime=S,ceftriaxone=S,ciprofloxacin=R,ertapenem=S,gentamicin=R,imipenem=S,levofloxacin=R,meropenem=S,piperacillin-tazobactam=I,tetracycline=R,tobramycin=I,trimethoprim-sulfamethoxazole=R"
E.coli and Shigella,806492,"""806492"",""SRS15358547""",,PDT001341015.1,2022-06-23T03:25:03Z,USA: District of Columbia,urine,clinical,,PDS000126848.20,15.0,20.0,SAMN26308878,GCA_023877325.1,"acrF=COMPLETE,blaEC=COMPLETE,emrD=COMPLETE,gyrA_D87N=POINT,gyrA_S83L=POINT,mdtM=COMPLETE,parC_E84V=POINT,parC_S80I=POINT,parE_I529L=POINT,ptsI_V25I=POINT,uhpT_E350Q=POINT",,"amikacin=S,amoxicillin-clavulanic acid=S,ampicillin=S,aztreonam=S,cefazolin=S,cefepime=S,ceftazidime=S,ceftriaxone=S,ciprofloxacin=R,ertapenem=S,gentamicin=S,imipenem=S,levofloxacin=R,meropenem=S,piperacillin-tazobactam=S,tetracycline=S,tobramycin=S,trimethoprim-sulfamethoxazole=S"
E.coli and Shigella,704953,"""704953"",""SRS15339729""",,PDT001341021.1,2022-06-23T03:26:28Z,USA: District of Columbia,blood,clinical,,PDS000112884.1,5.0,,SAMN26308794,GCA_023877445.1,"aac(3)-IId=COMPLETE,acrF=COMPLETE,blaEC=COMPLETE,blaTEM-1=COMPLETE,emrD=COMPLETE,gyrA_D87N=POINT,gyrA_S83L=POINT,mdtM=COMPLETE,parC_E84V=POINT,parC_S80I=POINT,parE_I529L=POINT,pmrB_V161G=POINT,ptsI_V25I=POINT,uhpT_E350Q=POINT",,"amikacin=S,amoxicillin-clavulanic acid=S,ampicillin=R,aztreonam=S,cefazolin=R,cefepime=S,ceftazidime=S,ceftriaxone=S,ciprofloxacin=R,ertapenem=S,gentamicin=R,imipenem=S,levofloxacin=R,meropenem=S,piperacillin-tazobactam=S,tetracycline=S,tobramycin=I,trimethoprim-sulfamethoxazole=S"
E.coli and Shigella,750481,"""750481"",""SRS15352132""",,PDT001341023.1,2022-06-23T03:26:45Z,USA: District of Columbia,urine,clinical,,,,,SAMN26309232,GCA_023877485.1,"acrF=COMPLETE,blaEC-5=COMPLETE,emrD=COMPLETE,gyrA_D87N=POINT,gyrA_S83L=POINT,marR_S3N=POINT,parC_S80I=POINT,parE_L416F=POINT,uhpT_E350Q=POINT",,"amikacin=S,amoxicillin-clavulanic acid=S,ampicillin=S,aztreonam=S,cefazolin=S,cefepime=S,ceftazidime=S,ceftriaxone=S,ciprofloxacin=R,ertapenem=S,gentamicin=S,imipenem=S,levofloxacin=R,meropenem=S,piperacillin-tazobactam=S,tetracycline=S,tobramycin=S,trimethoprim-sulfamethoxazole=S"
E.coli and Shigella,710505,"""710505"",""SRS15348248""",,PDT001341026.1,2022-06-23T03:27:09Z,USA: District of Columbia,urine,clinical,,PDS000034152.9,23.0,,SAMN26308805,GCA_023877525.1,"acrF=COMPLETE,aph(3'')-Ib=COMPLETE,aph(6)-Id=COMPLETE,blaEC=COMPLETE,emrD=COMPLETE,gyrA_D87N=POINT,gyrA_S83L=POINT,mdtM=COMPLETE,mph(A)=COMPLETE,parC_E84V=POINT,parC_S80I=POINT,parE_I529L=POINT,ptsI_V25I=POINT,sul2=COMPLETE,tet(A)=COMPLETE,uhpT_E350Q=POINT",,"amikacin=S,amoxicillin-clavulanic acid=S,ampicillin=S,aztreonam=S,cefazolin=S,cefepime=S,ceftazidime=S,ceftriaxone=S,ciprofloxacin=R,ertapenem=S,gentamicin=S,imipenem=S,levofloxacin=R,meropenem=S,piperacillin-tazobactam=S,tetracycline=R,tobramycin=S,trimethoprim-sulfamethoxazole=S"
E.coli and Shigella,836720,"""836720"",""SRS15360018""",,PDT001341027.1,2022-06-23T03:27:11Z,USA: District of Columbia,urine,clinical,,,,,SAMN26308889,GCA_023877545.1,"acrF=COMPLETE,blaEC=COMPLETE,blaTEM-1=COMPLETE,emrD=COMPLETE,gyrA_D87N=POINT,gyrA_S83L=POINT,mdtM=COMPLETE,parC_E84V=POINT,parC_S80I=POINT,parE_I529L=POINT,ptsI_V25I=POINT,uhpT_E350Q=POINT",,"amikacin=S,amoxicillin-clavulanic acid=I,ampicillin=R,aztreonam=S,cefazolin=R,cefepime=S,ceftazidime=S,ceftriaxone=S,ciprofloxacin=R,ertapenem=S,gentamicin=S,imipenem=S,levofloxacin=R,meropenem=S,piperacillin-tazobactam=I,tetracycline=S,tobramycin=S,trimethoprim-sulfamethoxazole=S"
E.coli and Shigella,772143,"""772143"",""SRS15355547""",,PDT001341031.1,2022-06-23T03:27:27Z,USA: District of Columbia,urine,clinical,,,,,SAMN26309126,GCA_023877645.1,"acrF=COMPLETE,blaEC=COMPLETE,emrD=COMPLETE,marR_S3N=POINT,tet(B)=COMPLETE",,"amikacin=S,amoxicillin-clavulanic acid=S,ampicillin=R,aztreonam=S,cefazolin=R,cefepime=S,ceftazidime=S,ceftriaxone=S,ciprofloxacin=R,ertapenem=S,gentamicin=S,imipenem=S,levofloxacin=R,meropenem=S,piperacillin-tazobactam=S,tetracycline=R,tobramycin=S,trimethoprim-sulfamethoxazole=S"
E.coli and Shigella,807710,"""807710"",""SRS15358759""",,PDT001341034.1,2022-06-23T03:27:43Z,USA: District of Columbia,urine,clinical,,,,,SAMN26304933,GCA_023877705.1,"aadA5=COMPLETE,acrF=COMPLETE,aph(3'')-Ib=COMPLETE,aph(6)-Id=COMPLETE,blaCTX-M-27=COMPLETE,blaEC=COMPLETE,dfrA17=COMPLETE,emrD=COMPLETE,gyrA_D87N=POINT,gyrA_S83L=POINT,mdtM=COMPLETE,mph(A)=COMPLETE,parC_E84V=POINT,parC_S80I=POINT,parE_I529L=POINT,ptsI_V25I=POINT,sul1=COMPLETE,sul2=COMPLETE,tet(A)=COMPLETE,uhpT_E350Q=POINT",,"amikacin=S,amoxicillin-clavulanic acid=S,ampicillin=R,aztreonam=R,cefazolin=R,cefepime=R,ceftazidime=R,ceftriaxone=R,ciprofloxacin=R,ertapenem=S,gentamicin=S,imipenem=S,levofloxacin=R,meropenem=S,piperacillin-tazobactam=S,tetracycline=R,tobramycin=S,trimethoprim-sulfamethoxazole=R"
E.coli and Shigella,768179,"""768179"",""SRS15355608""",,PDT001341045.1,2022-06-23T03:32:51Z,USA: District of Columbia,urine,clinical,,,,,SAMN26304503,GCA_023877925.1,"acrF=COMPLETE,blaEC=COMPLETE,blaTEM-1=COMPLETE,emrD=COMPLETE,gyrA_D87N=POINT,gyrA_S83L=POINT,mdtM=COMPLETE,parC_E84V=POINT,parC_S80I=POINT,parE_I529L=POINT,ptsI_V25I=POINT,uhpT_E350Q=POINT",,"amikacin=S,amoxicillin-clavulanic acid=S,ampicillin=R,aztreonam=S,cefazolin=S,cefepime=S,ceftazidime=S,ceftriaxone=S,ciprofloxacin=R,ertapenem=S,gentamicin=S,imipenem=S,levofloxacin=R,meropenem=S,piperacillin-tazobactam=S,tetracycline=S,tobramycin=S,trimethoprim-sulfamethoxazole=S"
E.coli and Shigella,794531,"""794531"",""SRS15358637""",,PDT001341047.1,2022-06-23T03:33:08Z,USA: District of Columbia,Perirectal,clinical,,,,,SAMN26308869,GCA_023877945.1,"aadA5=COMPLETE,acrF=COMPLETE,blaEC=COMPLETE,blaTEM-1=COMPLETE,dfrA17=COMPLETE,emrD=COMPLETE,gyrA_D87N=POINT,gyrA_S83L=POINT,mdtM=COMPLETE,mph(A)=COMPLETE,parC_E84V=POINT,parC_S80I=POINT,parE_I529L=POINT,ptsI_V25I=POINT,sul1=COMPLETE,uhpT_E350Q=POINT",,"amikacin=S,amoxicillin-clavulanic acid=S,ampicillin=R,aztreonam=S,cefazolin=S,cefepime=S,ceftazidime=S,ceftriaxone=S,ciprofloxacin=R,ertapenem=S,gentamicin=S,imipenem=S,levofloxacin=R,meropenem=S,piperacillin-tazobactam=S,tetracycline=S,tobramycin=S,trimethoprim-sulfamethoxazole=S"
E.coli and Shigella,805052,"""805052"",""SRS15358800""",,PDT001341052.1,2022-06-23T03:33:26Z,USA: District of Columbia,urine,clinical,,PDS000112755.1,7.0,,SAMN26305183,GCA_023878065.1,"acrF=COMPLETE,aph(3'')-Ib=COMPLETE,aph(6)-Id=COMPLETE,blaEC=COMPLETE,emrD=COMPLETE,gyrA_D87N=POINT,gyrA_S83L=POINT,mdtM=COMPLETE,parC_E84V=POINT,parC_S80I=POINT,parE_I529L=POINT,ptsI_V25I=POINT,sul2=COMPLETE,tet(A)=COMPLETE,uhpT_E350Q=POINT",,"amikacin=S,amoxicillin-clavulanic acid=S,ampicillin=S,aztreonam=S,cefazolin=S,cefepime=S,ceftazidime=S,ceftriaxone=S,ciprofloxacin=R,ertapenem=S,gentamicin=S,imipenem=S,levofloxacin=R,meropenem=S,piperacillin-tazobactam=S,tetracycline=R,tobramycin=S,trimethoprim-sulfamethoxazole=S"
E.coli and Shigella,757681,"""757681"",""SRS15351915""",,PDT001341062.1,2022-06-23T03:35:09Z,USA: District of Columbia,urine,clinical,,,,,SAMN26304623,GCA_023878265.1,"aadA5=COMPLETE,acrF=COMPLETE,aph(3'')-Ib=COMPLETE,aph(6)-Id=COMPLETE,blaEC=COMPLETE,dfrA17=COMPLETE,emrD=COMPLETE,gyrA_D87N=POINT,gyrA_S83L=POINT,mdtM=COMPLETE,mph(A)=COMPLETE,parC_E84V=POINT,parC_S80I=POINT,parE_I529L=POINT,ptsI_V25I=POINT,sul1=COMPLETE,sul2=COMPLETE,tet(A)=COMPLETE,uhpT_E350Q=POINT",,"amikacin=S,amoxicillin-clavulanic acid=S,ampicillin=S,aztreonam=S,cefazolin=S,cefepime=S,ceftazidime=S,ceftriaxone=S,ciprofloxacin=R,ertapenem=S,gentamicin=S,imipenem=S,levofloxacin=R,meropenem=S,piperacillin-tazobactam=S,tetracycline=R,tobramycin=S,trimethoprim-sulfamethoxazole=R"
E.coli and Shigella,836674,"""836674"",""SRS15360011""",,PDT001341063.1,2022-06-23T03:35:18Z,USA: District of Columbia,urine,clinical,,PDS000112879.2,4.0,,SAMN26304554,GCA_023878285.1,"aadA5=COMPLETE,acrF=COMPLETE,aph(3'')-Ib=COMPLETE,aph(6)-Id=COMPLETE,blaEC=COMPLETE,blaTEM-1=COMPLETE,dfrA17=COMPLETE,emrD=COMPLETE,gyrA_D87N=POINT,gyrA_S83L=POINT,mdtM=COMPLETE,mph(A)=COMPLETE,parC_E84V=POINT,parC_S80I=POINT,parE_I529L=POINT,ptsI_V25I=POINT,sul1=COMPLETE,sul2=COMPLETE,tet(A)=COMPLETE,uhpT_E350Q=POINT",,"amikacin=S,amoxicillin-clavulanic acid=S,ampicillin=R,aztreonam=S,cefazolin=I,cefepime=S,ceftazidime=S,ceftriaxone=S,ciprofloxacin=R,ertapenem=S,gentamicin=S,imipenem=S,levofloxacin=R,meropenem=S,piperacillin-tazobactam=S,tetracycline=R,tobramycin=S,trimethoprim-sulfamethoxazole=R"
E.coli and Shigella,710135,"""710135"",""SRS15348443""",,PDT001341072.1,2022-06-23T03:36:18Z,USA: District of Columbia,urine,clinical,,,,,SAMN26304622,GCA_023878465.1,"acrF=COMPLETE,blaEC=COMPLETE,blaTEM-1=COMPLETE,emrD=COMPLETE,gyrA_D87N=POINT,gyrA_S83L=POINT,mdtM=COMPLETE,parC_E84V=POINT,parC_S80I=POINT,parE_I529L=POINT,ptsI_V25I=POINT,uhpT_E350Q=POINT",,"amikacin=S,amoxicillin-clavulanic acid=S,ampicillin=R,aztreonam=S,cefazolin=S,cefepime=S,ceftazidime=S,ceftriaxone=S,ciprofloxacin=R,ertapenem=S,gentamicin=S,imipenem=S,levofloxacin=R,meropenem=S,piperacillin-tazobactam=S,tetracycline=S,tobramycin=S,trimethoprim-sulfamethoxazole=S"
E.coli and Shigella,705079,"""705079"",""SRS15339908""",,PDT001341074.1,2022-06-23T03:36:26Z,USA: District of Columbia,urine,clinical,,PDS000117091.382,24.0,40.0,SAMN26304539,GCA_023878505.1,"acrF=COMPLETE,blaCTX-M-27=COMPLETE,blaEC=COMPLETE,emrD=COMPLETE,gyrA_D87N=POINT,gyrA_S83L=POINT,mdtM=COMPLETE,parC_E84V=POINT,parC_S80I=POINT,parE_I529L=POINT,ptsI_V25I=POINT,uhpT_E350Q=POINT",,"amikacin=S,amoxicillin-clavulanic acid=S,ampicillin=R,aztreonam=S,cefazolin=R,cefepime=S,ceftazidime=S,ceftriaxone=R,ciprofloxacin=R,ertapenem=S,gentamicin=S,imipenem=S,levofloxacin=R,meropenem=S,piperacillin-tazobactam=S,tetracycline=S,tobramycin=S,trimethoprim-sulfamethoxazole=S"
E.coli and Shigella,807462,"""807462"",""SRS15358732""",,PDT001341077.1,2022-06-23T03:36:41Z,USA: District of Columbia,urine,clinical,,,,,SAMN26308871,GCA_023878565.1,"aac(3)-IIe=COMPLETE,aac(6')-Ib-cr5=COMPLETE,acrF=COMPLETE,blaEC=COMPLETE,blaOXA-1=COMPLETE,catB3=PARTIAL,emrD=COMPLETE,gyrA_D87N=POINT,gyrA_S83L=POINT,mdtM=COMPLETE,parC_E84V=POINT,parC_S80I=POINT,parE_I529L=POINT,ptsI_V25I=POINT,tet(A)=COMPLETE,uhpT_E350Q=POINT",,"amikacin=S,amoxicillin-clavulanic acid=S,ampicillin=R,aztreonam=S,cefazolin=R,cefepime=S,ceftazidime=S,ceftriaxone=S,ciprofloxacin=R,ertapenem=S,gentamicin=R,imipenem=S,levofloxacin=R,meropenem=S,piperacillin-tazobactam=S,tetracycline=R,tobramycin=R,trimethoprim-sulfamethoxazole=S"
E.coli and Shigella,782007,"""782007"",""SRS15357597""",,PDT001341091.1,2022-06-23T03:39:18Z,USA: District of Columbia,urine,clinical,,PDS000112771.1,6.0,,SAMN26309325,GCA_023878845.1,"aadA22=COMPLETE,acrF=COMPLETE,blaEC=COMPLETE,blaTEM-1=COMPLETE,gyrA_D87N=POINT,gyrA_S83L=POINT,lnu(G)=COMPLETE,mdtM=COMPLETE,parC_E84G=POINT,parC_S80I=POINT,sul1=COMPLETE,uhpT_E350Q=POINT",,"amikacin=S,amoxicillin-clavulanic acid=S,ampicillin=R,aztreonam=S,cefazolin=S,cefepime=S,ceftazidime=S,ceftriaxone=S,ciprofloxacin=R,ertapenem=S,gentamicin=S,imipenem=S,levofloxacin=R,meropenem=S,piperacillin-tazobactam=S,tetracycline=S,tobramycin=S,trimethoprim-sulfamethoxazole=S"
E.coli and Shigella,821832,"""821832"",""SRS15358680""",,PDT001341095.1,2022-06-23T03:39:35Z,USA: District of Columbia,urine,clinical,,,,,SAMN26304504,GCA_023878925.1,"acrF=COMPLETE,blaEC=COMPLETE,blaTEM-1=COMPLETE,emrD=COMPLETE,gyrA_D87N=POINT,gyrA_S83L=POINT,mdtM=COMPLETE,parC_E84V=POINT,parC_S80I=POINT,parE_I529L=POINT,ptsI_V25I=POINT,uhpT_E350Q=POINT",,"amikacin=S,amoxicillin-clavulanic acid=S,ampicillin=R,aztreonam=S,cefazolin=I,cefepime=S,ceftazidime=S,ceftriaxone=S,ciprofloxacin=R,ertapenem=S,gentamicin=S,imipenem=S,levofloxacin=R,meropenem=S,piperacillin-tazobactam=S,tetracycline=S,tobramycin=S,trimethoprim-sulfamethoxazole=S"
E.coli and Shigella,781319,"""781319"",""SRS15357556""",,PDT001341096.1,2022-06-23T03:39:39Z,USA: District of Columbia,urine,clinical,,PDS000112828.1,5.0,,SAMN26309242,GCA_023878945.1,"acrF=COMPLETE,blaEC-5=COMPLETE,emrD=COMPLETE,gyrA_D87N=POINT,gyrA_S83L=POINT,marR_S3N=POINT,parC_S80I=POINT,parE_L416F=POINT,uhpT_E350Q=POINT",,"amikacin=S,amoxicillin-clavulanic acid=S,ampicillin=S,aztreonam=S,cefazolin=S,cefepime=S,ceftazidime=S,ceftriaxone=S,ciprofloxacin=R,ertapenem=S,gentamicin=S,imipenem=S,levofloxacin=R,meropenem=S,piperacillin-tazobactam=S,tetracycline=S,tobramycin=S,trimethoprim-sulfamethoxazole=S"
E.coli and Shigella,730307,"""730307"",""SRS15348316""",,PDT001341101.1,2022-06-23T03:40:13Z,USA: District of Columbia,urine,clinical,,,,,SAMN26305209,GCA_023879045.1,"aac(6')-Ib-cr5=COMPLETE,aadA5=COMPLETE,acrF=COMPLETE,arr=PARTIAL_END_OF_CONTIG,blaEC=COMPLETE,blaOXA-1=COMPLETE,catB3=COMPLETE,cyaA_S352T=POINT,dfrA17=COMPLETE,emrD=COMPLETE,erm(B)=COMPLETE,gyrA_D87N=POINT,gyrA_S83L=POINT,mdtM=COMPLETE,mph(A)=COMPLETE,parC_S80I=POINT,parE_S458A=POINT,sul1=COMPLETE,tet(B)=COMPLETE",,"amikacin=S,amoxicillin-clavulanic acid=I,ampicillin=R,aztreonam=S,cefazolin=S,cefepime=S,ceftazidime=S,ceftriaxone=S,ciprofloxacin=R,ertapenem=S,gentamicin=S,imipenem=S,levofloxacin=R,meropenem=S,piperacillin-tazobactam=S,tetracycline=R,tobramycin=R,trimethoprim-sulfamethoxazole=R"
E.coli and Shigella,836930,"""836930"",""SRS15359989""",,PDT001341104.1,2022-06-23T03:40:30Z,USA: District of Columbia,urine,clinical,,PDS000121399.1,5.0,,SAMN26305201,GCA_023879105.1,"aac(3)-IId=COMPLETE,aadA5=COMPLETE,acrF=COMPLETE,blaEC=COMPLETE,blaTEM-1=COMPLETE,cyaA_S352T=POINT,dfrA17=PARTIAL_END_OF_CONTIG,emrD=COMPLETE,gyrA_D87N=POINT,gyrA_S83L=POINT,mdtM=COMPLETE,parC_S80I=POINT",,"amikacin=S,amoxicillin-clavulanic acid=S,ampicillin=R,aztreonam=S,cefazolin=R,cefepime=S,ceftazidime=S,ceftriaxone=S,ciprofloxacin=R,ertapenem=I,gentamicin=R,imipenem=S,levofloxacin=R,meropenem=S,piperacillin-tazobactam=S,tetracycline=S,tobramycin=I,trimethoprim-sulfamethoxazole=S"
E.coli and Shigella,709785,"""709785"",""SRS15348255""",,PDT001341108.1,2022-06-23T03:41:36Z,USA: District of Columbia,urine,clinical,,,,,SAMN26304821,GCA_023879185.1,"acrF=COMPLETE,blaEC-5=COMPLETE,blaTEM=PARTIAL,emrD=COMPLETE,gyrA_D87N=POINT,gyrA_S83L=POINT,marR_S3N=POINT,parC_S80I=POINT,parE_L416F=POINT,pmrB_V161G=POINT,uhpT_E350Q=POINT",,"amikacin=S,amoxicillin-clavulanic acid=S,ampicillin=S,aztreonam=S,cefazolin=S,cefepime=S,ceftazidime=S,ceftriaxone=S,ciprofloxacin=R,ertapenem=S,gentamicin=S,imipenem=S,levofloxacin=R,meropenem=S,piperacillin-tazobactam=S,tetracycline=S,tobramycin=S,trimethoprim-sulfamethoxazole=S"
E.coli and Shigella,807622,"""807622"",""SRS15358749""",,PDT001341118.1,2022-06-23T03:42:34Z,USA: District of Columbia,Fluid,clinical,,,,,SAMN26308876,GCA_023879385.1,"aac(3)-IId=COMPLETE,acrF=COMPLETE,blaEC=COMPLETE,blaTEM-1=COMPLETE,emrD=COMPLETE,gyrA_D87N=POINT,gyrA_S83L=POINT,mdtM=COMPLETE,parC_E84V=POINT,parC_S80I=POINT,parE_I529L=POINT,ptsI_V25I=POINT,uhpT_E350Q=POINT",,"amikacin=S,amoxicillin-clavulanic acid=S,ampicillin=R,aztreonam=S,cefazolin=I,cefepime=S,ceftazidime=S,ceftriaxone=S,ciprofloxacin=R,ertapenem=S,gentamicin=R,imipenem=S,levofloxacin=R,meropenem=S,piperacillin-tazobactam=S,tetracycline=S,tobramycin=I,trimethoprim-sulfamethoxazole=S"
E.coli and Shigella,698100,"""698100"",""SRS15339749""",,PDT001341129.1,2022-06-23T03:44:09Z,USA: District of Columbia,urine,clinical,,,,,SAMN26309209,GCA_023879585.1,"acrF=COMPLETE,aph(3'')-Ib=COMPLETE,aph(6)-Id=COMPLETE,blaEC-5=COMPLETE,blaTEM-1=COMPLETE,dfrA17=COMPLETE,emrD=COMPLETE,gyrA_D87N=POINT,gyrA_S83L=POINT,marR_S3N=POINT,mph(A)=COMPLETE,parC_S80I=POINT,parE_L416F=POINT,sul2=COMPLETE,tet(B)=COMPLETE,uhpT_E350Q=POINT",,"amikacin=S,amoxicillin-clavulanic acid=S,ampicillin=R,aztreonam=S,cefazolin=S,cefepime=S,ceftazidime=S,ceftriaxone=S,ciprofloxacin=R,ertapenem=S,gentamicin=S,imipenem=S,levofloxacin=R,meropenem=S,piperacillin-tazobactam=S,tetracycline=R,tobramycin=S,trimethoprim-sulfamethoxazole=R"
E.coli and Shigella,792743,"""792743"",""SRS15357529""",,PDT001341131.1,2022-06-23T03:44:18Z,USA: District of Columbia,urine,clinical,,,,,SAMN26308742,GCA_023879635.1,"aac(3)-IId=COMPLETE,acrF=COMPLETE,aph(3'')-Ib=COMPLETE,aph(3')-Ia=PARTIAL_END_OF_CONTIG,aph(6)-Id=COMPLETE,blaEC=COMPLETE,blaTEM-1=COMPLETE,dfrA14=COMPLETE,estX=COMPLETE,floR=COMPLETE,mdtM=COMPLETE,sul2=COMPLETE,sul3=COMPLETE,tet(A)=COMPLETE",,"amikacin=S,amoxicillin-clavulanic acid=S,ampicillin=R,aztreonam=S,cefazolin=S,cefepime=S,ceftazidime=S,ceftriaxone=S,ciprofloxacin=R,ertapenem=S,gentamicin=R,imipenem=S,levofloxacin=R,meropenem=S,piperacillin-tazobactam=S,tetracycline=R,tobramycin=I,trimethoprim-sulfamethoxazole=R"
E.coli and Shigella,807736,"""807736"",""SRS15358761""",,PDT001341132.1,2022-06-23T03:44:24Z,USA: District of Columbia,urine,clinical,,PDS000121367.3,0.0,,SAMN26304442,GCA_023879665.1,"aadA5=COMPLETE,acrF=COMPLETE,aph(3'')-Ib=COMPLETE,aph(6)-Id=COMPLETE,blaEC=COMPLETE,blaTEM-1=COMPLETE,catA1=PARTIAL_END_OF_CONTIG,dfrA17=COMPLETE,gyrA_D87N=POINT,gyrA_S83L=POINT,mdtM=COMPLETE,parC_S80I=POINT,sul2=COMPLETE,tet(B)=COMPLETE",,"amikacin=S,amoxicillin-clavulanic acid=S,ampicillin=R,aztreonam=S,cefazolin=S,cefepime=S,ceftazidime=S,ceftriaxone=S,ciprofloxacin=R,ertapenem=S,gentamicin=S,imipenem=S,levofloxacin=R,meropenem=S,piperacillin-tazobactam=S,tetracycline=R,tobramycin=S,trimethoprim-sulfamethoxazole=R"
E.coli and Shigella,794573,"""794573"",""SRS15358753""",,PDT001341134.1,2022-06-23T03:45:25Z,USA: District of Columbia,urine,clinical,,PDS000112813.1,3.0,,SAMN26309352,GCA_023879695.1,"acrF=COMPLETE,blaEC=COMPLETE,cyaA_S352T=POINT,emrD=COMPLETE,gyrA_D87N=POINT,gyrA_S83L=POINT,parC_S80I=POINT,parE_I464F=POINT,pmrB_V161G=POINT",,"amikacin=S,amoxicillin-clavulanic acid=S,ampicillin=S,aztreonam=S,cefazolin=S,cefepime=S,ceftazidime=S,ceftriaxone=S,ciprofloxacin=R,ertapenem=S,gentamicin=S,imipenem=S,levofloxacin=R,meropenem=S,piperacillin-tazobactam=S,tetracycline=S,tobramycin=S,trimethoprim-sulfamethoxazole=S"
E.coli and Shigella,750659,"""750659"",""SRS15352151""",,PDT001341154.1,2022-06-23T03:48:33Z,USA: District of Columbia,urine,clinical,,PDS000002968.261,5.0,41.0,SAMN26304819,GCA_023880095.1,"acrF=COMPLETE,blaEC-5=COMPLETE,blaTEM=PARTIAL,emrD=COMPLETE,gyrA_D87N=POINT,gyrA_S83L=POINT,marR_S3N=POINT,parC_S80I=POINT,parE_L416F=POINT,pmrB_V161G=POINT,uhpT_E350Q=POINT",,"amikacin=S,amoxicillin-clavulanic acid=S,ampicillin=S,aztreonam=S,cefazolin=S,cefepime=S,ceftazidime=S,ceftriaxone=S,ciprofloxacin=R,ertapenem=S,gentamicin=S,imipenem=S,levofloxacin=R,meropenem=S,piperacillin-tazobactam=S,tetracycline=S,tobramycin=S,trimethoprim-sulfamethoxazole=S"
E.coli and Shigella,837766,"""837766"",""SRS15360027""",,PDT001341157.1,2022-06-23T03:48:57Z,USA: District of Columbia,Fluid,clinical,,PDS000113348.1,1.0,,SAMN26308767,GCA_023880165.1,"aadA5=COMPLETE,acrF=COMPLETE,aph(3'')-Ib=COMPLETE,aph(6)-Id=COMPLETE,blaEC=COMPLETE,dfrA17=COMPLETE,emrD=COMPLETE,gyrA_D87N=POINT,gyrA_S83L=POINT,mdtM=COMPLETE,mph(A)=COMPLETE,parC_E84V=POINT,parC_S80I=POINT,parE_I529L=POINT,ptsI_V25I=POINT,sul1=COMPLETE,sul2=COMPLETE,tet(A)=COMPLETE,uhpT_E350Q=POINT",,"amikacin=S,amoxicillin-clavulanic acid=S,ampicillin=S,aztreonam=S,cefazolin=S,cefepime=S,ceftazidime=S,ceftriaxone=S,ciprofloxacin=R,ertapenem=S,gentamicin=S,imipenem=S,levofloxacin=R,meropenem=S,piperacillin-tazobactam=S,tetracycline=R,tobramycin=S,trimethoprim-sulfamethoxazole=R"
E.coli and Shigella,804910,"""804910"",""SRS15358722""",,PDT001341161.1,2022-06-23T03:49:17Z,USA: District of Columbia,urine,clinical,,PDS000112849.1,2.0,,SAMN26305280,GCA_023880245.1,"acrF=COMPLETE,blaEC=COMPLETE,cyaA_S352T=POINT,emrD=COMPLETE,gyrA_D87N=POINT,gyrA_S83L=POINT,parC_S80I=POINT,parE_S458A=POINT",,"amikacin=S,amoxicillin-clavulanic acid=S,ampicillin=S,aztreonam=S,cefazolin=S,cefepime=S,ceftazidime=S,ceftriaxone=S,ciprofloxacin=R,ertapenem=S,gentamicin=S,imipenem=S,levofloxacin=R,meropenem=S,piperacillin-tazobactam=S,tetracycline=S,tobramycin=S,trimethoprim-sulfamethoxazole=S"
E.coli and Shigella,838148,"""838148"",""SRS15359922""",,PDT001341163.1,2022-06-23T03:49:27Z,USA: District of Columbia,urine,clinical,,,,,SAMN26308888,GCA_023880285.1,"acrF=COMPLETE,blaEC=COMPLETE,blaTEM-1=COMPLETE,emrD=COMPLETE,gyrA_D87N=POINT,gyrA_S83L=POINT,mdtM=COMPLETE,parC_E84V=POINT,parC_S80I=POINT,parE_I529L=POINT,ptsI_V25I=POINT,uhpT_E350Q=POINT",,"amikacin=S,amoxicillin-clavulanic acid=S,ampicillin=R,aztreonam=S,cefazolin=S,cefepime=S,ceftazidime=S,ceftriaxone=S,ciprofloxacin=R,ertapenem=S,gentamicin=S,imipenem=S,levofloxacin=R,meropenem=S,piperacillin-tazobactam=S,tetracycline=S,tobramycin=S,trimethoprim-sulfamethoxazole=S"
E.coli and Shigella,783535,"""783535"",""SRS15357519""",,PDT001341168.1,2022-06-23T03:49:50Z,USA: District of Columbia,urine,clinical,,,,,SAMN26308861,GCA_023880385.1,"acrF=COMPLETE,blaEC=COMPLETE,emrD=COMPLETE,gyrA_D87N=POINT,gyrA_S83L=POINT,mdtM=COMPLETE,parC_E84V=POINT,parC_S80I=POINT,parE_I529L=POINT,ptsI_V25I=POINT,uhpT_E350Q=POINT",,"amikacin=S,amoxicillin-clavulanic acid=S,ampicillin=S,aztreonam=S,cefazolin=S,cefepime=S,ceftazidime=S,ceftriaxone=S,ciprofloxacin=R,ertapenem=S,gentamicin=S,imipenem=S,levofloxacin=R,meropenem=S,piperacillin-tazobactam=S,tetracycline=S,tobramycin=S,trimethoprim-sulfamethoxazole=S"
E.coli and Shigella,794217,"""794217"",""SRS15357718""",,PDT001341172.1,2022-06-23T03:50:06Z,USA: District of Columbia,Perirectal,clinical,,,,,SAMN26304909,GCA_023880465.1,"acrF=COMPLETE,blaEC=COMPLETE,blaTEM=COMPLETE,emrD=COMPLETE,gyrA_D87N=POINT,gyrA_S83L=POINT,mdtM=COMPLETE,parC_E84V=POINT,parC_S80I=POINT,parE_I529L=POINT,ptsI_V25I=POINT,uhpT_E350Q=POINT",,"amikacin=S,amoxicillin-clavulanic acid=S,ampicillin=S,aztreonam=S,cefazolin=S,cefepime=S,ceftazidime=S,ceftriaxone=S,ciprofloxacin=R,ertapenem=S,gentamicin=S,imipenem=S,levofloxacin=R,meropenem=S,piperacillin-tazobactam=S,tetracycline=S,tobramycin=S,trimethoprim-sulfamethoxazole=S"
E.coli and Shigella,708909,"""708909"",""SRS15339918""",,PDT001341179.1,2022-06-23T03:51:57Z,USA: District of Columbia,urine,clinical,,PDS000225156.1,33.0,,SAMN26304535,GCA_023880595.1,"aadA5=COMPLETE,acrF=COMPLETE,aph(3'')-Ib=COMPLETE,aph(6)-Id=COMPLETE,blaEC=COMPLETE,blaTEM-1=COMPLETE,dfrA17=COMPLETE,gyrA_D87N=POINT,gyrA_S83L=POINT,mdtM=COMPLETE,mph(A)=COMPLETE,parC_S80I=POINT,sul1=COMPLETE,sul2=COMPLETE,tet(A)=COMPLETE",,"amikacin=S,amoxicillin-clavulanic acid=S,ampicillin=R,aztreonam=S,cefazolin=S,cefepime=S,ceftazidime=S,ceftriaxone=S,ciprofloxacin=R,ertapenem=R,gentamicin=S,imipenem=S,levofloxacin=R,meropenem=S,piperacillin-tazobactam=S,tetracycline=R,tobramycin=S,trimethoprim-sulfamethoxazole=R"
E.coli and Shigella,822344,"""822344"",""SRS15358774""",,PDT001341188.1,2022-06-23T03:52:38Z,USA: District of Columbia,urine,clinical,,PDS000112726.3,15.0,,SAMN26308884,GCA_023880785.1,"acrF=COMPLETE,blaEC=COMPLETE,blaTEM-1=COMPLETE,emrD=COMPLETE,gyrA_D87N=POINT,gyrA_S83L=POINT,mdtM=COMPLETE,parC_E84V=POINT,parC_S80I=POINT,parE_I529L=POINT,ptsI_V25I=POINT,uhpT_E350Q=POINT",,"amikacin=S,amoxicillin-clavulanic acid=S,ampicillin=R,aztreonam=S,cefazolin=R,cefepime=S,ceftazidime=S,ceftriaxone=S,ciprofloxacin=R,ertapenem=S,gentamicin=S,imipenem=S,levofloxacin=R,meropenem=S,piperacillin-tazobactam=S,tetracycline=S,tobramycin=S,trimethoprim-sulfamethoxazole=S"
E.coli and Shigella,807576,"""807576"",""SRS15358744""",,PDT001341189.1,2022-06-23T03:52:43Z,USA: District of Columbia,urine,clinical,,PDS000112886.1,2.0,,SAMN26308771,GCA_023880805.1,"acrF=COMPLETE,blaEC=COMPLETE,blaTEM-1=COMPLETE,emrD=COMPLETE,gyrA_D87N=POINT,gyrA_S83L=POINT,mdtM=COMPLETE,parC_E84V=POINT,parC_S80I=POINT,parE_I529L=POINT,ptsI_V25I=POINT,uhpT_E350Q=POINT",,"amikacin=S,amoxicillin-clavulanic acid=S,ampicillin=R,aztreonam=S,cefazolin=R,cefepime=S,ceftazidime=S,ceftriaxone=S,ciprofloxacin=R,ertapenem=S,gentamicin=S,imipenem=S,levofloxacin=R,meropenem=S,piperacillin-tazobactam=S,tetracycline=R,tobramycin=S,trimethoprim-sulfamethoxazole=R"
E.coli and Shigella,705087,"""705087"",""SRS15339909""",,PDT001341190.1,2022-06-23T03:52:47Z,USA: District of Columbia,other,clinical,,PDS000112790.11,1.0,,SAMN26304574,GCA_023880825.1,"aac(3)-IIe=COMPLETE,aac(6')-Ib-cr5=COMPLETE,acrF=COMPLETE,blaCTX-M-15=COMPLETE,blaEC=COMPLETE,blaOXA-1=COMPLETE,catB3=PARTIAL_END_OF_CONTIG,emrD=COMPLETE,gyrA_D87N=POINT,gyrA_S83L=POINT,mdtM=COMPLETE,nfsB_F84S=POINT,parC_E84V=POINT,parC_S80I=POINT,parE_I529L=POINT,ptsI_V25I=POINT,uhpT_E350Q=POINT",,"amikacin=S,amoxicillin-clavulanic acid=I,ampicillin=R,aztreonam=R,cefazolin=R,cefepime=R,ceftazidime=R,ceftriaxone=R,ciprofloxacin=R,ertapenem=S,gentamicin=R,imipenem=S,levofloxacin=R,meropenem=S,piperacillin-tazobactam=S,tetracycline=S,tobramycin=R,trimethoprim-sulfamethoxazole=S"
E.coli and Shigella,766365,"""766365"",""SRS15355722""",,PDT001341202.1,2022-06-23T04:01:34Z,USA: District of Columbia,urine,clinical,,,,,SAMN26309372,GCA_023881055.1,"acrF=COMPLETE,blaEC=COMPLETE,mdtM=COMPLETE",,"amikacin=S,amoxicillin-clavulanic acid=S,ampicillin=R,aztreonam=R,cefazolin=R,cefepime=S,ceftazidime=S,ceftriaxone=R,ciprofloxacin=R,ertapenem=S,gentamicin=S,imipenem=S,levofloxacin=R,meropenem=S,piperacillin-tazobactam=S,tetracycline=S,tobramycin=S,trimethoprim-sulfamethoxazole=S"
E.coli and Shigella,766437,"""766437"",""SRS15355729""",,PDT001341204.1,2022-06-23T04:01:51Z,USA: District of Columbia,urine,clinical,,PDS000112750.2,1.0,,SAMN26308843,GCA_023881085.1,"aac(3)-IIe=COMPLETE,aac(6')-Ib-cr5=COMPLETE,acrF=COMPLETE,blaCTX-M-15=COMPLETE,blaEC=COMPLETE,blaOXA-1=COMPLETE,blaTEM-1=COMPLETE,catB3=PARTIAL_END_OF_CONTIG,emrD=COMPLETE,gyrA_D87N=POINT,gyrA_S83L=POINT,mdtM=COMPLETE,parC_E84V=POINT,parC_S80I=POINT,parE_I529L=POINT,ptsI_V25I=POINT,tet(A)=COMPLETE,uhpT_E350Q=POINT",,"amikacin=S,amoxicillin-clavulanic acid=I,ampicillin=R,aztreonam=R,cefazolin=R,cefepime=R,ceftazidime=R,ceftriaxone=R,ciprofloxacin=R,ertapenem=S,gentamicin=R,imipenem=S,levofloxacin=R,meropenem=S,piperacillin-tazobactam=S,tetracycline=R,tobramycin=R,trimethoprim-sulfamethoxazole=S"
E.coli and Shigella,708959,"""708959"",""SRS15339924""",,PDT001341212.1,2022-06-23T04:02:33Z,USA: District of Columbia,urine,clinical,,PDS000194248.147,27.0,45.0,SAMN26309216,GCA_023881265.1,"acrF=COMPLETE,blaEC-5=COMPLETE,emrD=COMPLETE,gyrA_D87N=POINT,gyrA_S83L=POINT,marR_S3N=POINT,parC_S80I=POINT,parE_L416F=POINT,uhpT_E350Q=POINT",,"amikacin=S,amoxicillin-clavulanic acid=S,ampicillin=S,aztreonam=S,cefazolin=S,cefepime=S,ceftazidime=S,ceftriaxone=S,ciprofloxacin=R,ertapenem=S,gentamicin=S,imipenem=S,levofloxacin=R,meropenem=S,piperacillin-tazobactam=S,tetracycline=S,tobramycin=S,trimethoprim-sulfamethoxazole=S"
E.coli and Shigella,730315,"""730315"",""SRS15348318""",,PDT001341215.1,2022-06-23T04:03:09Z,USA: District of Columbia,urine,clinical,,,,,SAMN26305203,GCA_023881325.1,"aac(3)-IId=COMPLETE,acrF=COMPLETE,blaEC=COMPLETE,blaTEM-1=COMPLETE,cyaA_S352T=POINT,emrD=COMPLETE,gyrA_D87N=POINT,gyrA_S83L=POINT,mdtM=COMPLETE,parC_S80I=POINT,parE_I464F=POINT",,"amikacin=S,amoxicillin-clavulanic acid=S,ampicillin=R,aztreonam=S,cefazolin=S,cefepime=S,ceftazidime=S,ceftriaxone=S,ciprofloxacin=R,ertapenem=S,gentamicin=R,imipenem=S,levofloxacin=R,meropenem=S,piperacillin-tazobactam=S,tetracycline=R,tobramycin=I,trimethoprim-sulfamethoxazole=R"
E.coli and Shigella,807672,"""807672"",""SRS15358755""",,PDT001341223.1,2022-06-23T04:04:09Z,USA: District of Columbia,urine,clinical,,PDS000002968.261,31.0,40.0,SAMN26305134,GCA_023881475.1,"aadA5=COMPLETE,acrF=COMPLETE,aph(3'')-Ib=COMPLETE,aph(6)-Id=COMPLETE,blaCTX-M-27=COMPLETE,blaEC-5=COMPLETE,dfrA17=COMPLETE,emrD=COMPLETE,erm(B)=COMPLETE,gyrA_D87N=POINT,gyrA_S83L=POINT,marR_S3N=POINT,mph(A)=COMPLETE,parC_S80I=POINT,parE_L416F=POINT,sul1=COMPLETE,sul2=COMPLETE,tet(A)=COMPLETE,uhpT_E350Q=POINT",,"amikacin=S,amoxicillin-clavulanic acid=S,ampicillin=R,aztreonam=R,cefazolin=R,cefepime=R,ceftazidime=I,ceftriaxone=R,ciprofloxacin=R,ertapenem=S,gentamicin=S,imipenem=S,levofloxacin=R,meropenem=S,piperacillin-tazobactam=S,tetracycline=R,tobramycin=S,trimethoprim-sulfamethoxazole=R"
E.coli and Shigella,730479,"""730479"",""SRS15348165""",,PDT001341225.1,2022-06-23T04:04:17Z,USA: District of Columbia,urine,clinical,,PDS000117107.116,5.0,40.0,SAMN26308817,GCA_023881525.1,"acrF=COMPLETE,ampC_T-32A=POINT,blaEC=COMPLETE,blaTEM=COMPLETE,emrD=COMPLETE,gyrA_D87N=POINT,gyrA_S83L=POINT,mdtM=COMPLETE,parC_E84V=POINT,parC_S80I=POINT,parE_I529L=POINT,ptsI_V25I=POINT,uhpT_E350Q=POINT",,"amikacin=S,amoxicillin-clavulanic acid=R,ampicillin=R,aztreonam=S,cefazolin=R,cefepime=S,ceftazidime=I,ceftriaxone=S,ciprofloxacin=R,ertapenem=R,gentamicin=S,imipenem=S,levofloxacin=R,meropenem=I,piperacillin-tazobactam=S,tetracycline=S,tobramycin=S,trimethoprim-sulfamethoxazole=S"
E.coli and Shigella,710425,"""710425"",""SRS15348239""",,PDT001341228.1,2022-06-23T04:04:30Z,USA: District of Columbia,urine,clinical,,,,,SAMN26308804,GCA_023881585.1,"acrF=COMPLETE,blaEC=COMPLETE,blaTEM-1=COMPLETE,emrD=COMPLETE,gyrA_D87N=POINT,gyrA_S83L=POINT,mdtM=COMPLETE,parC_E84V=POINT,parC_S80I=POINT,parE_I529L=POINT,ptsI_V25I=POINT,uhpT_E350Q=POINT",,"amikacin=S,amoxicillin-clavulanic acid=S,ampicillin=R,aztreonam=S,cefazolin=R,cefepime=S,ceftazidime=S,ceftriaxone=S,ciprofloxacin=R,ertapenem=S,gentamicin=S,imipenem=S,levofloxacin=R,meropenem=S,piperacillin-tazobactam=S,tetracycline=S,tobramycin=S,trimethoprim-sulfamethoxazole=S"
E.coli and Shigella,759171,"""759171"",""SRS15355708""",,PDT001341236.1,2022-06-23T04:06:35Z,USA: District of Columbia,urine,clinical,,,,,SAMN26305206,GCA_023881735.1,"acrF=COMPLETE,blaEC=COMPLETE,cyaA_S352T=POINT,emrD=COMPLETE,gyrA_D87N=POINT,gyrA_S83L=POINT,mdtM=COMPLETE,parC_S80I=POINT,parE_S458A=POINT",,"amikacin=S,amoxicillin-clavulanic acid=S,ampicillin=S,aztreonam=S,cefazolin=S,cefepime=S,ceftazidime=S,ceftriaxone=S,ciprofloxacin=R,ertapenem=S,gentamicin=S,imipenem=S,levofloxacin=R,meropenem=S,piperacillin-tazobactam=S,tetracycline=S,tobramycin=S,trimethoprim-sulfamethoxazole=S"
E.coli and Shigella,750255,"""750255"",""SRS15352075""",,PDT001341237.1,2022-06-23T04:06:44Z,USA: District of Columbia,urine,clinical,,PDS000228356.22,30.0,40.0,SAMN26308829,GCA_023881745.1,"acrF=COMPLETE,blaEC=COMPLETE,blaTEM-1=COMPLETE,emrD=COMPLETE,gyrA_D87N=POINT,gyrA_S83L=POINT,mdtM=COMPLETE,parC_E84V=POINT,parC_S80I=POINT,parE_I529L=POINT,ptsI_V25I=POINT,uhpT_E350Q=POINT",,"amikacin=S,amoxicillin-clavulanic acid=S,ampicillin=S,aztreonam=S,cefazolin=S,cefepime=S,ceftazidime=S,ceftriaxone=S,ciprofloxacin=R,ertapenem=S,gentamicin=S,imipenem=S,levofloxacin=R,meropenem=S,piperacillin-tazobactam=S,tetracycline=S,tobramycin=S,trimethoprim-sulfamethoxazole=S"
E.coli and Shigella,709899,"""709899"",""SRS15348217""",,PDT001341243.1,2022-06-23T04:07:18Z,USA: District of Columbia,urine,clinical,,PDS000117107.116,4.0,43.0,SAMN26308800,GCA_023881885.1,"aadA5=COMPLETE,acrF=COMPLETE,ampC_T-32A=POINT,aph(3'')-Ib=COMPLETE,aph(6)-Id=COMPLETE,blaEC=COMPLETE,blaTEM=COMPLETE,dfrA17=COMPLETE,emrD=COMPLETE,gyrA_D87N=POINT,gyrA_S83L=POINT,mdtM=COMPLETE,mph(A)=COMPLETE,parC_E84V=POINT,parC_S80I=POINT,parE_I529L=POINT,ptsI_V25I=POINT,sul1=COMPLETE,sul2=COMPLETE,tet(A)=COMPLETE,uhpT_E350Q=POINT",,"amikacin=S,amoxicillin-clavulanic acid=I,ampicillin=R,aztreonam=S,cefazolin=R,cefepime=S,ceftazidime=S,ceftriaxone=S,ciprofloxacin=R,ertapenem=S,gentamicin=S,imipenem=S,levofloxacin=R,meropenem=S,piperacillin-tazobactam=S,tetracycline=R,tobramycin=S,trimethoprim-sulfamethoxazole=R"
E.coli and Shigella,766293,"""766293"",""SRS15355714""",,PDT001341244.1,2022-06-23T04:07:26Z,USA: District of Columbia,urine,clinical,,,,,SAMN26308527,GCA_023881905.1,"aadA2=COMPLETE,acrF=COMPLETE,aph(3'')-Ib=COMPLETE,aph(6)-Id=COMPLETE,blaEC=COMPLETE,blaTEM-1=COMPLETE,cyaA_S352T=POINT,dfrA14=COMPLETE,emrD=COMPLETE,floR=COMPLETE,fosA4=COMPLETE,gyrA_S83L=POINT,lnu(F)=COMPLETE,mcr-1.1=COMPLETE,mdtM=COMPLETE,mph(A)=COMPLETE,qnrS1=COMPLETE,sul2=COMPLETE,tet(A)=COMPLETE,tet(M)=COMPLETE",,"amikacin=S,amoxicillin-clavulanic acid=S,ampicillin=R,aztreonam=S,cefazolin=S,cefepime=S,ceftazidime=S,ceftriaxone=S,ciprofloxacin=R,ertapenem=S,gentamicin=S,imipenem=S,levofloxacin=R,meropenem=S,piperacillin-tazobactam=S,tetracycline=R,tobramycin=S,trimethoprim-sulfamethoxazole=R"
E.coli and Shigella,735243,"""735243"",""SRS15348356""",,PDT001341257.1,2022-06-23T04:09:09Z,USA: District of Columbia,urine,clinical,,,,,SAMN26305014,GCA_023882165.1,"blaEC=COMPLETE,blaTEM-1=COMPLETE,cyaA_S352T=POINT,erm(B)=COMPLETE,gyrA_D87N=POINT,gyrA_S83L=POINT,mdtM=COMPLETE,mph(A)=COMPLETE,parC_S80I=POINT,parE_L416F=POINT",,"amikacin=S,amoxicillin-clavulanic acid=S,ampicillin=R,aztreonam=S,cefazolin=I,cefepime=S,ceftazidime=S,ceftriaxone=S,ciprofloxacin=R,ertapenem=S,gentamicin=S,imipenem=S,levofloxacin=R,meropenem=S,piperacillin-tazobactam=S,tetracycline=S,tobramycin=S,trimethoprim-sulfamethoxazole=S"
E.coli and Shigella,735911,"""735911"",""SRS15348290""",,PDT001341259.1,2022-06-23T04:09:26Z,USA: District of Columbia,urine,clinical,,,,,SAMN26304411,GCA_023882195.1,"acrF=COMPLETE,blaEC=COMPLETE,emrD=COMPLETE,gyrA_D87N=POINT,gyrA_S83L=POINT,mdtM=COMPLETE,parC_E84V=POINT,parC_S80I=POINT,parE_I529L=POINT,ptsI_V25I=POINT,uhpT_E350Q=POINT",,"amikacin=S,amoxicillin-clavulanic acid=S,ampicillin=R,aztreonam=S,cefazolin=R,cefepime=S,ceftazidime=S,ceftriaxone=S,ciprofloxacin=R,ertapenem=S,gentamicin=S,imipenem=S,levofloxacin=R,meropenem=S,piperacillin-tazobactam=S,tetracycline=S,tobramycin=S,trimethoprim-sulfamethoxazole=S"
E.coli and Shigella,807438,"""807438"",""SRS15358656""",,PDT001341261.1,2022-06-23T04:09:43Z,USA: District of Columbia,urine,clinical,,,,,SAMN26309052,GCA_023882225.1,"acrF=COMPLETE,blaEC-5=COMPLETE,emrD=COMPLETE",,"amikacin=S,amoxicillin-clavulanic acid=S,ampicillin=R,aztreonam=S,cefazolin=R,cefepime=S,ceftazidime=S,ceftriaxone=R,ciprofloxacin=R,ertapenem=S,gentamicin=R,imipenem=S,levofloxacin=R,meropenem=S,piperacillin-tazobactam=S,tetracycline=R,tobramycin=I,trimethoprim-sulfamethoxazole=R"
E.coli and Shigella,757875,"""757875"",""SRS15352160""",,PDT001341266.1,2022-06-23T04:10:17Z,USA: District of Columbia,wound,clinical,,PDS000112703.2,0.0,,SAMN26308833,GCA_023882335.1,"acrF=COMPLETE,blaEC=COMPLETE,blaTEM-1=COMPLETE,emrD=COMPLETE,gyrA_D87N=POINT,gyrA_S83L=POINT,mdtM=COMPLETE,parC_E84V=POINT,parC_S80I=POINT,parE_I529L=POINT,ptsI_V25I=POINT,soxR_G121D=POINT,uhpT_E350Q=POINT",,"amikacin=S,amoxicillin-clavulanic acid=S,ampicillin=R,aztreonam=S,cefazolin=R,cefepime=S,ceftazidime=S,ceftriaxone=S,ciprofloxacin=R,ertapenem=S,gentamicin=S,imipenem=S,levofloxacin=R,meropenem=S,piperacillin-tazobactam=S,tetracycline=S,tobramycin=S,trimethoprim-sulfamethoxazole=S"
E.coli and Shigella,824384,"""824384"",""SRS15360152""",,PDT001341267.1,2022-06-23T04:10:20Z,USA: District of Columbia,urine,clinical,,PDS000112833.8,1.0,28.0,SAMN26309343,GCA_023882365.1,"acrF=COMPLETE,blaCTX-M-14=COMPLETE,blaEC=COMPLETE,blaTEM-1=COMPLETE,cyaA_S352T=POINT,emrD=COMPLETE,gyrA_D87Y=POINT,gyrA_S83L=POINT,parC_S80I=POINT,parE_S458A=POINT,tet(D)=COMPLETE",,"amikacin=S,amoxicillin-clavulanic acid=I,ampicillin=R,aztreonam=S,cefazolin=R,cefepime=I,ceftazidime=S,ceftriaxone=R,ciprofloxacin=R,ertapenem=S,gentamicin=S,imipenem=S,levofloxacin=R,meropenem=S,piperacillin-tazobactam=S,tetracycline=R,tobramycin=S,trimethoprim-sulfamethoxazole=S"
E.coli and Shigella,807534,"""807534"",""SRS15358739""",,PDT001341272.1,2022-06-23T04:10:41Z,USA: District of Columbia,urine,clinical,,PDS000112876.1,5.0,,SAMN26308896,GCA_023882465.1,"acrF=COMPLETE,blaCTX-M-15=COMPLETE,blaEC=COMPLETE,emrD=COMPLETE,gyrA_D87N=POINT,gyrA_S83L=POINT,mdtM=COMPLETE,parC_E84V=POINT,parC_S80I=POINT,parE_I529L=POINT,ptsI_V25I=POINT,uhpT_E350Q=POINT",,"amikacin=S,amoxicillin-clavulanic acid=S,ampicillin=R,aztreonam=R,cefazolin=R,cefepime=I,ceftazidime=R,ceftriaxone=R,ciprofloxacin=R,ertapenem=S,gentamicin=S,imipenem=S,levofloxacin=R,meropenem=S,piperacillin-tazobactam=S,tetracycline=S,tobramycin=S,trimethoprim-sulfamethoxazole=S"
E.coli and Shigella,807470,"""807470"",""SRS15358733""",,PDT001341281.1,2022-06-23T04:12:27Z,USA: District of Columbia,urine,clinical,,PDS000112876.1,5.0,,SAMN26308895,GCA_023882625.1,"acrF=COMPLETE,blaCTX-M-15=COMPLETE,blaEC=COMPLETE,emrD=COMPLETE,gyrA_D87N=POINT,gyrA_S83L=POINT,mdtM=COMPLETE,parC_E84V=POINT,parC_S80I=POINT,parE_I529L=POINT,ptsI_V25I=POINT,uhpT_E350Q=POINT",,"amikacin=S,amoxicillin-clavulanic acid=S,ampicillin=R,aztreonam=R,cefazolin=R,cefepime=I,ceftazidime=R,ceftriaxone=R,ciprofloxacin=R,ertapenem=S,gentamicin=S,imipenem=S,levofloxacin=R,meropenem=S,piperacillin-tazobactam=S,tetracycline=S,tobramycin=S,trimethoprim-sulfamethoxazole=S"
E.coli and Shigella,836704,"""836704"",""SRS15360015""",,PDT001341285.1,2022-06-23T04:13:01Z,USA: District of Columbia,urine,clinical,,PDS000002968.261,19.0,24.0,SAMN26309259,GCA_023882725.1,"aadA5=COMPLETE,acrF=COMPLETE,blaCTX-M-27=COMPLETE,blaEC-5=COMPLETE,dfrA17=COMPLETE,emrD=COMPLETE,gyrA_D87N=POINT,gyrA_S83L=POINT,marR_S3N=POINT,mph(A)=COMPLETE,parC_S80I=POINT,parE_L416F=POINT,sul1=COMPLETE,uhpT_E350Q=POINT",,"amikacin=S,amoxicillin-clavulanic acid=S,ampicillin=R,aztreonam=S,cefazolin=R,cefepime=I,ceftazidime=S,ceftriaxone=R,ciprofloxacin=R,ertapenem=S,gentamicin=S,imipenem=S,levofloxacin=R,meropenem=S,piperacillin-tazobactam=S,tetracycline=S,tobramycin=S,trimethoprim-sulfamethoxazole=R"
E.coli and Shigella,750045,"""750045"",""SRS15351987""",,PDT001341304.1,2022-06-23T04:16:17Z,USA: District of Columbia,urine,clinical,,PDS000112768.2,3.0,,SAMN26304757,GCA_023883095.1,"aadA5=COMPLETE,acrF=COMPLETE,blaEC=COMPLETE,blaTEM-1=COMPLETE,dfrA17=COMPLETE,emrD=COMPLETE,gyrA_D87N=POINT,gyrA_S83L=POINT,mdtM=COMPLETE,mph(A)=COMPLETE,parC_E84V=POINT,parC_S80I=POINT,parE_I529L=POINT,ptsI_V25I=POINT,sul1=COMPLETE,uhpT_E350Q=POINT",,"amikacin=S,amoxicillin-clavulanic acid=S,ampicillin=R,aztreonam=S,cefazolin=I,cefepime=S,ceftazidime=S,ceftriaxone=S,ciprofloxacin=R,ertapenem=S,gentamicin=S,imipenem=S,levofloxacin=R,meropenem=S,piperacillin-tazobactam=S,tetracycline=S,tobramycin=S,trimethoprim-sulfamethoxazole=R"
E.coli and Shigella,836956,"""836956"",""SRS15359990""",,PDT001341310.1,2022-06-23T04:17:06Z,USA: District of Columbia,urine,clinical,,PDS000121371.2,0.0,,SAMN26304557,GCA_023883215.1,"aac(6')-Ib-cr5=COMPLETE,aadA5=COMPLETE,acrF=COMPLETE,aph(3'')-Ib=COMPLETE,aph(6)-Id=COMPLETE,blaCTX-M-15=COMPLETE,blaEC=COMPLETE,blaOXA-1=COMPLETE,catB3=PARTIAL_END_OF_CONTIG,dfrA17=COMPLETE,dfrA51=COMPLETE,emrD=COMPLETE,gyrA_D87N=POINT,gyrA_S83L=POINT,mdtM=COMPLETE,mph(A)=COMPLETE,parC_E84V=POINT,parC_S80I=POINT,parE_I529L=POINT,ptsI_V25I=POINT,sul1=COMPLETE,sul2=COMPLETE,tet(A)=COMPLETE,uhpT_E350Q=POINT",,"amikacin=S,amoxicillin-clavulanic acid=I,ampicillin=R,aztreonam=R,cefazolin=R,cefepime=R,ceftazidime=R,ceftriaxone=R,ciprofloxacin=R,ertapenem=S,gentamicin=S,imipenem=S,levofloxacin=R,meropenem=S,piperacillin-tazobactam=S,tetracycline=R,tobramycin=R,trimethoprim-sulfamethoxazole=R"
E.coli and Shigella,710249,"""710249"",""SRS15348455""",,PDT001341320.1,2022-06-23T04:17:59Z,USA: District of Columbia,urine,clinical,,PDS000153326.3,37.0,,SAMN26304546,GCA_023883415.1,"aadA5=COMPLETE,acrF=COMPLETE,aph(3'')-Ib=COMPLETE,aph(6)-Id=COMPLETE,blaEC=COMPLETE,cyaA_S352T=POINT,dfrA17=COMPLETE,emrD=COMPLETE,gyrA_D87N=POINT,gyrA_S83L=POINT,mdtM=COMPLETE,mph(A)=COMPLETE,parC_S80I=POINT,parE_S458A=POINT,sul1=COMPLETE,sul2=PARTIAL_END_OF_CONTIG,tet(A)=COMPLETE",,"amikacin=S,amoxicillin-clavulanic acid=S,ampicillin=S,aztreonam=S,cefazolin=S,cefepime=S,ceftazidime=S,ceftriaxone=S,ciprofloxacin=R,ertapenem=S,gentamicin=S,imipenem=S,levofloxacin=R,meropenem=S,piperacillin-tazobactam=S,tetracycline=R,tobramycin=S,trimethoprim-sulfamethoxazole=R"
E.coli and Shigella,836834,"""836834"",""SRS15359978""",,PDT001341322.1,2022-06-23T04:18:11Z,USA: District of Columbia,blood,clinical,,PDS000112797.1,0.0,,SAMN26308763,GCA_023883465.1,"aadA5=COMPLETE,acrF=COMPLETE,blaEC=COMPLETE,blaTEM-1=COMPLETE,dfrA17=COMPLETE,emrD=COMPLETE,gyrA_D87N=POINT,gyrA_S83L=POINT,mdtM=COMPLETE,mph(A)=COMPLETE,parC_E84V=POINT,parC_S80I=POINT,parE_I529L=POINT,ptsI_V25I=POINT,sul1=COMPLETE,uhpT_E350Q=POINT",,"amikacin=S,amoxicillin-clavulanic acid=S,ampicillin=R,aztreonam=S,cefazolin=R,cefepime=S,ceftazidime=S,ceftriaxone=S,ciprofloxacin=R,ertapenem=S,gentamicin=S,imipenem=S,levofloxacin=R,meropenem=S,piperacillin-tazobactam=S,tetracycline=S,tobramycin=S,trimethoprim-sulfamethoxazole=R"
E.coli and Shigella,730411,"""730411"",""SRS15348159""",,PDT001341326.1,2022-06-23T04:19:33Z,USA: District of Columbia,urine,clinical,,PDS000169193.2,18.0,,SAMN26305202,GCA_023883545.1,"aadA5=COMPLETE,acrF=COMPLETE,blaCTX-M-14=COMPLETE,blaEC=COMPLETE,cyaA_S352T=POINT,dfrA17=COMPLETE,emrD=COMPLETE,erm(B)=COMPLETE,gyrA_D87N=POINT,gyrA_S83L=POINT,mdtM=COMPLETE,mph(A)=COMPLETE,parC_S80I=POINT,qnrB=PARTIAL_END_OF_CONTIG,sul1=COMPLETE",,"amikacin=S,amoxicillin-clavulanic acid=S,ampicillin=R,aztreonam=S,cefazolin=R,cefepime=I,ceftazidime=S,ceftriaxone=R,ciprofloxacin=R,ertapenem=S,gentamicin=S,imipenem=S,levofloxacin=R,meropenem=S,piperacillin-tazobactam=S,tetracycline=S,tobramycin=S,trimethoprim-sulfamethoxazole=R"
E.coli and Shigella,836594,"""836594"",""SRS15360004""",,PDT001341329.1,2022-06-23T04:19:59Z,USA: District of Columbia,urine,clinical,,PDS000112785.2,13.0,,SAMN26304660,GCA_023883605.1,"aadA5=COMPLETE,acrF=COMPLETE,aph(3'')-Ib=COMPLETE,aph(6)-Id=COMPLETE,blaEC-5=COMPLETE,blaTEM-1=COMPLETE,dfrA17=COMPLETE,emrD=COMPLETE,gyrA_D87N=POINT,gyrA_S83L=POINT,mph(A)=COMPLETE,parC_S80I=POINT,parE_L416F=POINT,sul1=COMPLETE,sul2=COMPLETE,tet(A)=COMPLETE,uhpT_E350Q=POINT",,"amikacin=S,amoxicillin-clavulanic acid=S,ampicillin=R,aztreonam=S,cefazolin=R,cefepime=S,ceftazidime=S,ceftriaxone=S,ciprofloxacin=R,ertapenem=S,gentamicin=S,imipenem=S,levofloxacin=R,meropenem=S,piperacillin-tazobactam=S,tetracycline=R,tobramycin=S,trimethoprim-sulfamethoxazole=R"
E.coli and Shigella,758837,"""758837"",""SRS15355639""",,PDT001341336.1,2022-06-23T04:20:33Z,USA: District of Columbia,urine,clinical,,,,,SAMN26305133,GCA_023883715.1,"acrF=COMPLETE,blaEC-5=COMPLETE,emrD=COMPLETE,gyrA_D87N=POINT,gyrA_S83L=POINT,marR_S3N=POINT,parC_S80I=POINT,parE_L416F=POINT,uhpT_E350Q=POINT",,"amikacin=S,amoxicillin-clavulanic acid=S,ampicillin=S,aztreonam=S,cefazolin=S,cefepime=S,ceftazidime=S,ceftriaxone=S,ciprofloxacin=R,ertapenem=S,gentamicin=S,imipenem=S,levofloxacin=R,meropenem=S,piperacillin-tazobactam=S,tetracycline=S,tobramycin=S,trimethoprim-sulfamethoxazole=S"
E.coli and Shigella,772135,"""772135"",""SRS15355546""",,PDT001341342.1,2022-06-23T04:21:10Z,USA: District of Columbia,urine,clinical,,,,,SAMN26309241,GCA_023883865.1,"acrF=COMPLETE,aph(3'')-Ib=COMPLETE,aph(6)-Id=COMPLETE,blaEC-5=COMPLETE,blaTEM-1=COMPLETE,emrD=COMPLETE,gyrA_D87N=POINT,gyrA_S83L=POINT,marR_S3N=POINT,parC_S80I=POINT,parE_L416F=POINT,sul2=COMPLETE,uhpT_E350Q=POINT",,"amikacin=S,amoxicillin-clavulanic acid=S,ampicillin=S,aztreonam=S,cefazolin=R,cefepime=S,ceftazidime=S,ceftriaxone=S,ciprofloxacin=R,ertapenem=S,gentamicin=S,imipenem=S,levofloxacin=R,meropenem=S,piperacillin-tazobactam=S,tetracycline=S,tobramycin=S,trimethoprim-sulfamethoxazole=S"
E.coli and Shigella,730453,"""730453"",""SRS15348163""",,PDT001341347.1,2022-06-23T04:22:34Z,USA: District of Columbia,urine,clinical,,PDS000112865.1,0.0,,SAMN26309222,GCA_023883955.1,"aac(3)-IIe=COMPLETE,aac(6')-Ib-cr5=COMPLETE,acrF=COMPLETE,aph(3'')-Ib=COMPLETE,aph(6)-Id=COMPLETE,blaCTX-M-15=COMPLETE,blaEC-5=COMPLETE,blaOXA-1=COMPLETE,catB3=PARTIAL_END_OF_CONTIG,dfrA17=COMPLETE,emrD=COMPLETE,gyrA_D87N=POINT,gyrA_S83L=POINT,marR_S3N=POINT,parC_S80I=POINT,parE_L416F=POINT,sul2=COMPLETE,tet(B)=COMPLETE,uhpT_E350Q=POINT",,"amikacin=S,amoxicillin-clavulanic acid=S,ampicillin=R,aztreonam=I,cefazolin=R,cefepime=R,ceftazidime=I,ceftriaxone=R,ciprofloxacin=R,ertapenem=S,gentamicin=R,imipenem=S,levofloxacin=R,meropenem=S,piperacillin-tazobactam=S,tetracycline=R,tobramycin=I,trimethoprim-sulfamethoxazole=R"
E.coli and Shigella,705125,"""705125"",""SRS15339913""",,PDT001341355.1,2022-06-23T04:23:27Z,USA: District of Columbia,other,clinical,,PDS000109486.20,23.0,,SAMN26304575,GCA_023884125.1,"aac(3)-IIe=COMPLETE,aac(6')-Ib-cr5=COMPLETE,aadA5=COMPLETE,acrF=COMPLETE,blaCTX-M-15=COMPLETE,blaEC=COMPLETE,blaOXA-1=COMPLETE,catB3=PARTIAL_END_OF_CONTIG,dfrA17=COMPLETE,emrD=COMPLETE,gyrA_D87N=POINT,gyrA_S83L=POINT,mdtM=COMPLETE,mph(A)=COMPLETE,nfsB_F84S=POINT,parC_E84V=POINT,parC_S80I=POINT,parE_I529L=POINT,ptsI_V25I=POINT,sul1=COMPLETE,tet(A)=COMPLETE,uhpT_E350Q=POINT",,"amikacin=S,amoxicillin-clavulanic acid=I,ampicillin=R,aztreonam=R,cefazolin=R,cefepime=R,ceftazidime=R,ceftriaxone=R,ciprofloxacin=R,ertapenem=S,gentamicin=R,imipenem=S,levofloxacin=R,meropenem=S,piperacillin-tazobactam=S,tetracycline=R,tobramycin=R,trimethoprim-sulfamethoxazole=R"
E.coli and Shigella,709689,"""709689"",""SRS15348390""",,PDT001341356.1,2022-06-23T04:23:36Z,USA: District of Columbia,urine,clinical,,PDS000112827.1,13.0,,SAMN26309219,GCA_023884145.1,"acrF=COMPLETE,aph(3'')-Ib=COMPLETE,aph(6)-Id=COMPLETE,blaEC-5=COMPLETE,blaTEM-1=COMPLETE,dfrA17=COMPLETE,emrD=COMPLETE,gyrA_D87N=POINT,gyrA_S83L=POINT,marR_S3N=POINT,mph(A)=COMPLETE,parC_S80I=POINT,parE_L416F=POINT,sul2=COMPLETE,tet(B)=COMPLETE,uhpT_E350Q=POINT",,"amikacin=S,amoxicillin-clavulanic acid=I,ampicillin=R,aztreonam=S,cefazolin=I,cefepime=S,ceftazidime=S,ceftriaxone=S,ciprofloxacin=R,ertapenem=S,gentamicin=S,imipenem=S,levofloxacin=R,meropenem=S,piperacillin-tazobactam=S,tetracycline=R,tobramycin=S,trimethoprim-sulfamethoxazole=R"
E.coli and Shigella,766315,"""766315"",""SRS15355716""",,PDT001341360.1,2022-06-23T04:24:09Z,USA: District of Columbia,urine,clinical,,PDS000112885.2,5.0,,SAMN26309237,GCA_023884225.1,"acrF=COMPLETE,aph(3'')-Ib=COMPLETE,aph(6)-Id=COMPLETE,blaEC-5=COMPLETE,blaTEM-1=COMPLETE,dfrA17=COMPLETE,emrD=COMPLETE,gyrA_D87N=POINT,gyrA_S83L=POINT,marR_S3N=POINT,parC_S80I=POINT,parE_L416F=POINT,sul2=COMPLETE,tet(B)=COMPLETE,uhpT_E350Q=POINT",,"amikacin=S,amoxicillin-clavulanic acid=S,ampicillin=R,aztreonam=S,cefazolin=S,cefepime=S,ceftazidime=S,ceftriaxone=S,ciprofloxacin=R,ertapenem=S,gentamicin=S,imipenem=S,levofloxacin=R,meropenem=S,piperacillin-tazobactam=S,tetracycline=R,tobramycin=S,trimethoprim-sulfamethoxazole=R"
E.coli and Shigella,705061,"""705061"",""SRS15339740""",,PDT001341366.1,2022-06-23T04:25:42Z,USA: District of Columbia,FLUID,clinical,,PDS000112743.1,1.0,,SAMN26309369,GCA_023884325.1,"aac(3)-IId=COMPLETE,aadA1=COMPLETE,aadA2=COMPLETE,aadA5=COMPLETE,acrF=COMPLETE,aph(3'')-Ib=COMPLETE,aph(3')-Ia=COMPLETE,aph(6)-Id=COMPLETE,blaCTX-M-15=COMPLETE,blaEC=COMPLETE,blaTEM-1=COMPLETE,cmlA1=COMPLETE,dfrA12=COMPLETE,dfrA17=COMPLETE,estX-3=COMPLETE,ftsI_N337NYRIN=POINT,gyrA_D87N=POINT,gyrA_S83L=POINT,mdtM=COMPLETE,nfsA_G126R=POINT,parC_S80I=POINT,parE_S458A=POINT,sul1=COMPLETE,sul2=COMPLETE,sul3=COMPLETE,tet(B)=COMPLETE",,"amikacin=S,amoxicillin-clavulanic acid=I,ampicillin=R,aztreonam=R,cefazolin=R,cefepime=R,ceftazidime=R,ceftriaxone=R,ciprofloxacin=R,ertapenem=S,gentamicin=R,imipenem=S,levofloxacin=R,meropenem=S,piperacillin-tazobactam=I,tetracycline=R,tobramycin=I,trimethoprim-sulfamethoxazole=R"
E.coli and Shigella,710055,"""710055"",""SRS15348435""",,PDT001341368.1,2022-06-23T04:25:58Z,USA: District of Columbia,urine,clinical,,PDS000194248.147,23.0,44.0,SAMN26309220,GCA_023884385.1,"acrF=COMPLETE,aph(3'')-Ib=COMPLETE,aph(6)-Id=COMPLETE,blaEC-5=COMPLETE,blaTEM-1=COMPLETE,dfrA17=COMPLETE,emrD=COMPLETE,gyrA_D87N=POINT,gyrA_S83L=POINT,marR_S3N=POINT,mph(A)=COMPLETE,parC_S80I=POINT,parE_L416F=POINT,sul2=COMPLETE,tet(B)=COMPLETE,uhpT_E350Q=POINT",,"amikacin=S,amoxicillin-clavulanic acid=S,ampicillin=R,aztreonam=S,cefazolin=S,cefepime=S,ceftazidime=S,ceftriaxone=S,ciprofloxacin=R,ertapenem=S,gentamicin=S,imipenem=S,levofloxacin=R,meropenem=S,piperacillin-tazobactam=S,tetracycline=R,tobramycin=S,trimethoprim-sulfamethoxazole=R"
E.coli and Shigella,807786,"""807786"",""SRS15358664""",,PDT001341372.1,2022-06-23T04:26:26Z,USA: District of Columbia,urine,clinical,,PDS000117091.382,25.0,31.0,SAMN26308885,GCA_023884465.1,"aadA5=COMPLETE,acrF=COMPLETE,aph(3'')-Ib=COMPLETE,aph(6)-Id=COMPLETE,blaCTX-M-27=COMPLETE,blaEC=COMPLETE,dfrA17=COMPLETE,emrD=COMPLETE,gyrA_D87N=POINT,gyrA_S83L=POINT,mdtM=COMPLETE,mph(A)=COMPLETE,parC_E84V=POINT,parC_S80I=POINT,parE_I529L=POINT,ptsI_V25I=POINT,sul1=COMPLETE,sul2=COMPLETE,tet(A)=COMPLETE,uhpT_E350Q=POINT",,"amikacin=S,amoxicillin-clavulanic acid=S,ampicillin=R,aztreonam=I,cefazolin=R,cefepime=I,ceftazidime=S,ceftriaxone=R,ciprofloxacin=R,ertapenem=S,gentamicin=S,imipenem=S,levofloxacin=R,meropenem=S,piperacillin-tazobactam=S,tetracycline=R,tobramycin=S,trimethoprim-sulfamethoxazole=R"
E.coli and Shigella,807752,"""807752"",""SRS15358660""",,PDT001341374.1,2022-06-23T04:26:42Z,USA: District of Columbia,urine,clinical,,PDS000194248.147,22.0,36.0,SAMN26304663,GCA_023884485.1,"acrF=COMPLETE,aph(3'')-Ib=COMPLETE,aph(6)-Id=COMPLETE,blaEC-5=COMPLETE,blaTEM-1=COMPLETE,dfrA17=COMPLETE,emrD=COMPLETE,gyrA_D87N=POINT,gyrA_S83L=POINT,marR_S3N=POINT,parC_S80I=POINT,parE_L416F=POINT,sul2=COMPLETE,tet(B)=COMPLETE,uhpT_E350Q=POINT",,"amikacin=S,amoxicillin-clavulanic acid=S,ampicillin=R,aztreonam=S,cefazolin=S,cefepime=S,ceftazidime=S,ceftriaxone=S,ciprofloxacin=R,ertapenem=S,gentamicin=S,imipenem=S,levofloxacin=R,meropenem=S,piperacillin-tazobactam=S,tetracycline=R,tobramycin=S,trimethoprim-sulfamethoxazole=R"
E.coli and Shigella,697866,"""697866"",""SRS15339953""",,PDT001341375.1,2022-06-23T04:26:50Z,USA: District of Columbia,urine,clinical,,PDS000112703.2,1.0,,SAMN26308787,GCA_023884525.1,"acrF=COMPLETE,blaEC=COMPLETE,blaTEM-1=COMPLETE,emrD=COMPLETE,gyrA_D87N=POINT,gyrA_S83L=POINT,mdtM=COMPLETE,parC_E84V=POINT,parC_S80I=POINT,parE_I529L=POINT,ptsI_V25I=POINT,soxR_G121D=POINT,uhpT_E350Q=POINT",,"amikacin=S,amoxicillin-clavulanic acid=S,ampicillin=R,aztreonam=S,cefazolin=R,cefepime=S,ceftazidime=S,ceftriaxone=S,ciprofloxacin=R,ertapenem=S,gentamicin=S,imipenem=S,levofloxacin=R,meropenem=S,piperacillin-tazobactam=S,tetracycline=S,tobramycin=S,trimethoprim-sulfamethoxazole=S"
E.coli and Shigella,730403,"""730403"",""SRS15348327""",,PDT001341382.1,2022-06-23T04:27:30Z,USA: District of Columbia,urine,clinical,,PDS000112884.1,5.0,,SAMN26308814,GCA_023884665.1,"aac(3)-IId=COMPLETE,acrF=COMPLETE,blaEC=COMPLETE,blaTEM-1=COMPLETE,emrD=COMPLETE,gyrA_D87N=POINT,gyrA_S83L=POINT,mdtM=COMPLETE,parC_E84V=POINT,parC_S80I=POINT,parE_I529L=POINT,pmrB_V161G=POINT,ptsI_V25I=POINT,uhpT_E350Q=POINT",,"amikacin=S,amoxicillin-clavulanic acid=S,ampicillin=R,aztreonam=S,cefazolin=R,cefepime=S,ceftazidime=S,ceftriaxone=S,ciprofloxacin=R,ertapenem=S,gentamicin=R,imipenem=S,levofloxacin=R,meropenem=S,piperacillin-tazobactam=S,tetracycline=S,tobramycin=I,trimethoprim-sulfamethoxazole=S"
E.coli and Shigella,807454,"""807454"",""SRS15358658""",,PDT001341386.1,2022-06-23T04:28:03Z,USA: District of Columbia,urine,clinical,,PDS000112827.1,13.0,,SAMN26309249,GCA_023884745.1,"acrF=COMPLETE,aph(3'')-Ib=COMPLETE,aph(6)-Id=COMPLETE,blaEC-5=COMPLETE,blaTEM-1=COMPLETE,dfrA17=COMPLETE,emrD=COMPLETE,gyrA_D87N=POINT,gyrA_S83L=POINT,marR_S3N=POINT,mph(A)=COMPLETE,parC_S80I=POINT,parE_L416F=POINT,sul2=COMPLETE,tet(B)=COMPLETE,uhpT_E350Q=POINT",,"amikacin=S,amoxicillin-clavulanic acid=S,ampicillin=R,aztreonam=S,cefazolin=R,cefepime=S,ceftazidime=S,ceftriaxone=S,ciprofloxacin=R,ertapenem=S,gentamicin=S,imipenem=S,levofloxacin=R,meropenem=S,piperacillin-tazobactam=S,tetracycline=R,tobramycin=S,trimethoprim-sulfamethoxazole=R"
E.coli and Shigella,709929,"""709929"",""SRS15348314""",,PDT001341392.1,2022-06-23T04:31:09Z,USA: District of Columbia,urine,clinical,,,,,SAMN26304351,GCA_023884865.1,"acrF=COMPLETE,blaEC-5=COMPLETE,blaTEM-1=COMPLETE,dfrA17=COMPLETE,emrD=COMPLETE,gyrA_D87N=POINT,gyrA_S83L=POINT,marR_S3N=POINT,parC_S80I=POINT,parE_L416F=POINT,uhpT_E350Q=POINT",,"amikacin=S,amoxicillin-clavulanic acid=I,ampicillin=R,aztreonam=S,cefazolin=I,cefepime=S,ceftazidime=S,ceftriaxone=S,ciprofloxacin=R,ertapenem=S,gentamicin=S,imipenem=S,levofloxacin=R,meropenem=S,piperacillin-tazobactam=S,tetracycline=S,tobramycin=S,trimethoprim-sulfamethoxazole=S"
E.coli and Shigella,766381,"""766381"",""SRS15355723""",,PDT001341399.1,2022-06-23T04:32:09Z,USA: District of Columbia,urine,clinical,,PDS000194248.147,2.0,53.0,SAMN26309205,GCA_023885005.1,"acrF=COMPLETE,aph(3'')-Ib=COMPLETE,aph(6)-Id=COMPLETE,blaEC-5=COMPLETE,blaTEM-1=COMPLETE,dfrA17=COMPLETE,emrD=COMPLETE,gyrA_D87N=POINT,gyrA_S83L=POINT,marR_S3N=POINT,parC_S80I=POINT,parE_L416F=POINT,sul2=COMPLETE,tet(B)=COMPLETE,uhpT_E350Q=POINT",,"amikacin=S,amoxicillin-clavulanic acid=S,ampicillin=R,aztreonam=S,cefazolin=S,cefepime=S,ceftazidime=S,ceftriaxone=S,ciprofloxacin=R,ertapenem=S,gentamicin=S,imipenem=S,levofloxacin=R,meropenem=S,piperacillin-tazobactam=S,tetracycline=R,tobramycin=S,trimethoprim-sulfamethoxazole=R"
E.coli and Shigella,709815,"""709815"",""SRS15348333""",,PDT001341403.1,2022-06-23T04:32:25Z,USA: District of Columbia,urine,clinical,,PDS000117107.116,3.0,35.0,SAMN26308798,GCA_023885085.1,"aadA5=COMPLETE,acrF=COMPLETE,aph(3'')-Ib=COMPLETE,aph(6)-Id=COMPLETE,blaEC=COMPLETE,blaTEM-1=COMPLETE,dfrA17=COMPLETE,emrD=COMPLETE,gyrA_D87N=POINT,gyrA_S83L=POINT,mdtM=COMPLETE,mph(A)=COMPLETE,parC_E84V=POINT,parC_S80I=POINT,parE_I529L=POINT,ptsI_V25I=POINT,sul1=COMPLETE,sul2=COMPLETE,tet(A)=COMPLETE,uhpT_E350Q=POINT",,"amikacin=S,amoxicillin-clavulanic acid=I,ampicillin=R,aztreonam=S,cefazolin=R,cefepime=S,ceftazidime=S,ceftriaxone=S,ciprofloxacin=R,ertapenem=S,gentamicin=S,imipenem=S,levofloxacin=R,meropenem=S,piperacillin-tazobactam=R,tetracycline=R,tobramycin=S,trimethoprim-sulfamethoxazole=R"
E.coli and Shigella,704929,"""704929"",""SRS15339725""",,PDT001341404.1,2022-06-23T04:32:26Z,USA: District of Columbia,urine,clinical,,PDS000112865.1,0.0,,SAMN26309218,GCA_023885105.1,"aac(3)-IIe=COMPLETE,aac(6')-Ib-cr5=COMPLETE,acrF=COMPLETE,aph(3'')-Ib=COMPLETE,aph(6)-Id=COMPLETE,blaCTX-M-15=COMPLETE,blaEC-5=COMPLETE,blaOXA-1=COMPLETE,catB3=PARTIAL_END_OF_CONTIG,dfrA17=COMPLETE,emrD=COMPLETE,gyrA_D87N=POINT,gyrA_S83L=POINT,marR_S3N=POINT,parC_S80I=POINT,parE_L416F=POINT,sul2=COMPLETE,tet(B)=COMPLETE,uhpT_E350Q=POINT",,"amikacin=S,amoxicillin-clavulanic acid=I,ampicillin=R,aztreonam=I,cefazolin=R,cefepime=I,ceftazidime=S,ceftriaxone=R,ciprofloxacin=R,ertapenem=S,gentamicin=R,imipenem=S,levofloxacin=R,meropenem=S,piperacillin-tazobactam=S,tetracycline=R,tobramycin=I,trimethoprim-sulfamethoxazole=R"
E.coli and Shigella,836796,"""836796"",""SRS15360026""",,PDT001341412.1,2022-06-23T04:33:51Z,USA: District of Columbia,urine,clinical,,PDS000194248.147,6.0,51.0,SAMN26309206,GCA_023885265.1,"acrF=COMPLETE,blaEC-5=COMPLETE,blaTEM-1=COMPLETE,emrD=COMPLETE,gyrA_D87N=POINT,gyrA_S83L=POINT,marR_S3N=POINT,parC_S80I=POINT,parE_L416F=POINT,uhpT_E350Q=POINT",,"amikacin=S,amoxicillin-clavulanic acid=S,ampicillin=R,aztreonam=S,cefazolin=S,cefepime=S,ceftazidime=S,ceftriaxone=S,ciprofloxacin=R,ertapenem=S,gentamicin=S,imipenem=S,levofloxacin=R,meropenem=S,piperacillin-tazobactam=S,tetracycline=R,tobramycin=S,trimethoprim-sulfamethoxazole=R"
E.coli and Shigella,836712,"""836712"",""SRS15360017""",,PDT001341429.1,2022-06-23T04:35:58Z,USA: District of Columbia,urine,clinical,,PDS000112843.1,1.0,,SAMN26309201,GCA_023885605.1,"acrF=COMPLETE,aph(3'')-Ib=COMPLETE,aph(6)-Id=COMPLETE,blaEC-5=COMPLETE,blaTEM-1=COMPLETE,dfrA17=COMPLETE,emrD=COMPLETE,gyrA_D87N=POINT,gyrA_S83L=POINT,marR_S3N=POINT,mph(A)=COMPLETE,parC_S80I=POINT,parE_L416F=POINT,sul2=COMPLETE,tet(B)=COMPLETE,uhpT_E350Q=POINT",,"amikacin=S,amoxicillin-clavulanic acid=S,ampicillin=R,aztreonam=S,cefazolin=S,cefepime=S,ceftazidime=S,ceftriaxone=S,ciprofloxacin=R,ertapenem=S,gentamicin=S,imipenem=S,levofloxacin=R,meropenem=S,piperacillin-tazobactam=S,tetracycline=R,tobramycin=S,trimethoprim-sulfamethoxazole=R"
E.coli and Shigella,749049,"""749049"",""SRS15352013""",,PDT001341431.1,2022-06-23T04:36:11Z,USA: District of Columbia,urine,clinical,,,,,SAMN26304499,GCA_023885635.1,"aadA1=COMPLETE,aadA5=COMPLETE,acrF=COMPLETE,aph(3'')-Ib=COMPLETE,aph(6)-Id=COMPLETE,blaEC=COMPLETE,blaTEM-1=COMPLETE,dfrA17=COMPLETE,emrD=COMPLETE,gyrA_D87N=POINT,gyrA_S83L=POINT,mdtM=COMPLETE,mph(A)=COMPLETE,parC_E84V=POINT,parC_S80I=POINT,parE_I529L=POINT,ptsI_V25I=POINT,sat2=COMPLETE,sul1=COMPLETE,sul2=COMPLETE,tet(A)=COMPLETE,tet(B)=COMPLETE,uhpT_E350Q=POINT",,"amikacin=S,amoxicillin-clavulanic acid=I,ampicillin=R,aztreonam=S,cefazolin=R,cefepime=S,ceftazidime=S,ceftriaxone=S,ciprofloxacin=R,ertapenem=S,gentamicin=S,imipenem=S,levofloxacin=R,meropenem=S,piperacillin-tazobactam=S,tetracycline=R,tobramycin=S,trimethoprim-sulfamethoxazole=R"
E.coli and Shigella,709059,"""709059"",""SRS15339935""",,PDT001341433.1,2022-06-23T04:36:19Z,USA: District of Columbia,urine,clinical,,PDS000112791.1,13.0,,SAMN26309217,GCA_023885685.1,"acrF=COMPLETE,blaEC-5=COMPLETE,emrD=COMPLETE,gyrA_D87N=POINT,gyrA_S83L=POINT,marR_S3N=POINT,parC_S80I=POINT,parE_L416F=POINT,uhpT_E350Q=POINT",,"amikacin=S,amoxicillin-clavulanic acid=S,ampicillin=S,aztreonam=S,cefazolin=S,cefepime=S,ceftazidime=S,ceftriaxone=S,ciprofloxacin=R,ertapenem=S,gentamicin=S,imipenem=S,levofloxacin=R,meropenem=S,piperacillin-tazobactam=S,tetracycline=S,tobramycin=S,trimethoprim-sulfamethoxazole=S"
E.coli and Shigella,836826,"""836826"",""SRS15359977""",,PDT001341440.1,2022-06-23T04:37:58Z,USA: District of Columbia,urine,clinical,,PDS000112797.1,0.0,,SAMN26308762,GCA_023885825.1,"aadA5=COMPLETE,acrF=COMPLETE,blaEC=COMPLETE,blaTEM-1=COMPLETE,dfrA17=COMPLETE,emrD=COMPLETE,gyrA_D87N=POINT,gyrA_S83L=POINT,mdtM=COMPLETE,mph(A)=COMPLETE,parC_E84V=POINT,parC_S80I=POINT,parE_I529L=POINT,ptsI_V25I=POINT,sul1=COMPLETE,uhpT_E350Q=POINT",,"amikacin=S,amoxicillin-clavulanic acid=S,ampicillin=R,aztreonam=S,cefazolin=I,cefepime=S,ceftazidime=S,ceftriaxone=S,ciprofloxacin=R,ertapenem=S,gentamicin=S,imipenem=S,levofloxacin=R,meropenem=S,piperacillin-tazobactam=S,tetracycline=S,tobramycin=S,trimethoprim-sulfamethoxazole=R"
E.coli and Shigella,697496,"""697496"",""SRS15339674""",,PDT001341448.1,2022-06-23T04:38:34Z,USA: District of Columbia,urine,clinical,,,,,SAMN26308784,GCA_023885975.1,"acrF=COMPLETE,blaEC=COMPLETE,blaTEM-1=COMPLETE,emrD=COMPLETE,gyrA_D87N=POINT,gyrA_S83L=POINT,mdtM=COMPLETE,parC_E84V=POINT,parC_S80I=POINT,parE_I529L=POINT,ptsI_V25I=POINT,uhpT_E350Q=POINT",,"amikacin=S,amoxicillin-clavulanic acid=S,ampicillin=R,aztreonam=S,cefazolin=I,cefepime=S,ceftazidime=S,ceftriaxone=S,ciprofloxacin=R,ertapenem=S,gentamicin=S,imipenem=S,levofloxacin=R,meropenem=S,piperacillin-tazobactam=S,tetracycline=S,tobramycin=S,trimethoprim-sulfamethoxazole=S"
E.coli and Shigella,807702,"""807702"",""SRS15358758""",,PDT001341449.1,2022-06-23T04:38:41Z,USA: District of Columbia,urine,clinical,,,,,SAMN26304536,GCA_023886005.1,"aac(3)-IId=PARTIAL_END_OF_CONTIG,acrF=COMPLETE,aph(3'')-Ib=COMPLETE,aph(6)-Id=COMPLETE,blaCTX-M-14=COMPLETE,blaEC=COMPLETE,emrD=COMPLETE,gyrA_D87N=POINT,gyrA_S83L=POINT,mdtM=COMPLETE,mph(A)=COMPLETE,parC_E84V=POINT,parC_S80I=POINT,parE_I529L=POINT,ptsI_V25I=POINT,sul2=COMPLETE,tet(A)=COMPLETE,uhpT_E350Q=POINT",,"amikacin=S,amoxicillin-clavulanic acid=S,ampicillin=R,aztreonam=R,cefazolin=R,cefepime=R,ceftazidime=S,ceftriaxone=R,ciprofloxacin=R,ertapenem=S,gentamicin=S,imipenem=S,levofloxacin=R,meropenem=S,piperacillin-tazobactam=S,tetracycline=R,tobramycin=S,trimethoprim-sulfamethoxazole=S"
E.coli and Shigella,837942,"""837942"",""SRS15360047""",,PDT001341456.1,2022-06-23T04:39:27Z,USA: District of Columbia,urine,clinical,,PDS000112868.1,4.0,,SAMN26304818,GCA_023886145.1,"acrF=COMPLETE,blaEC-5=COMPLETE,emrD=COMPLETE,gyrA_D87N=POINT,gyrA_S83L=POINT,parC_S80I=POINT,parE_L416F=POINT,uhpT_E350Q=POINT",,"amikacin=S,amoxicillin-clavulanic acid=S,ampicillin=S,aztreonam=S,cefazolin=S,cefepime=S,ceftazidime=S,ceftriaxone=S,ciprofloxacin=R,ertapenem=S,gentamicin=S,imipenem=S,levofloxacin=R,meropenem=S,piperacillin-tazobactam=S,tetracycline=S,tobramycin=S,trimethoprim-sulfamethoxazole=S"
E.coli and Shigella,704961,"""704961"",""SRS15339728""",,PDT001341470.1,2022-06-23T04:41:34Z,USA: District of Columbia,urine,clinical,,PDS000112884.1,15.0,,SAMN26308795,GCA_023886425.1,"aac(3)-IId=COMPLETE,acrF=COMPLETE,blaEC=COMPLETE,blaTEM-1=COMPLETE,emrD=COMPLETE,gyrA_D87N=POINT,gyrA_S83L=POINT,mdtM=COMPLETE,parC_E84V=POINT,parC_S80I=POINT,parE_I529L=POINT,pmrB_V161G=POINT,ptsI_V25I=POINT,uhpT_E350Q=POINT",,"amikacin=S,amoxicillin-clavulanic acid=S,ampicillin=R,aztreonam=S,cefazolin=R,cefepime=S,ceftazidime=S,ceftriaxone=S,ciprofloxacin=R,ertapenem=S,gentamicin=R,imipenem=S,levofloxacin=R,meropenem=S,piperacillin-tazobactam=S,tetracycline=S,tobramycin=R,trimethoprim-sulfamethoxazole=S"
E.coli and Shigella,838446,"""838446"",""SRS15360069""",,PDT001341473.1,2022-06-23T04:42:17Z,USA: District of Columbia,urine,clinical,,PDS000112695.1,2.0,,SAMN26309323,GCA_023886485.1,"aadA1=COMPLETE,aadA2=COMPLETE,acrF=COMPLETE,aph(3'')-Ib=COMPLETE,aph(3')-Ia=COMPLETE,aph(6)-Id=COMPLETE,blaEC=COMPLETE,blaTEM-1=COMPLETE,cmlA1=PARTIAL_END_OF_CONTIG,dfrA14=COMPLETE,estX-3=COMPLETE,floR=COMPLETE,gyrA_D87N=POINT,gyrA_S83L=POINT,mdtM=COMPLETE,mph(A)=COMPLETE,parC_S80I=POINT,parE_S458A=POINT,sul3=COMPLETE,tet(A)=COMPLETE",,"amikacin=S,amoxicillin-clavulanic acid=S,ampicillin=R,aztreonam=S,cefazolin=S,cefepime=S,ceftazidime=S,ceftriaxone=S,ciprofloxacin=R,ertapenem=S,gentamicin=S,imipenem=S,levofloxacin=R,meropenem=S,piperacillin-tazobactam=S,tetracycline=R,tobramycin=S,trimethoprim-sulfamethoxazole=S"
E.coli and Shigella,758781,"""758781"",""SRS15355633""",,PDT001341480.1,2022-06-23T04:43:09Z,USA: District of Columbia,urine,clinical,,,,,SAMN26304561,GCA_023886625.1,"acrF=COMPLETE,blaEC=COMPLETE,blaTEM=PARTIAL_END_OF_CONTIG,emrD=COMPLETE,gyrA_D87N=POINT,gyrA_S83L=POINT,mdtM=COMPLETE,parC_E84V=POINT,parC_S80I=POINT,parE_I529L=POINT,ptsI_V25I=POINT,uhpT_E350Q=POINT",,"amikacin=S,amoxicillin-clavulanic acid=S,ampicillin=S,aztreonam=S,cefazolin=I,cefepime=S,ceftazidime=S,ceftriaxone=S,ciprofloxacin=R,ertapenem=S,gentamicin=S,imipenem=S,levofloxacin=R,meropenem=S,piperacillin-tazobactam=S,tetracycline=S,tobramycin=S,trimethoprim-sulfamethoxazole=S"
E.coli and Shigella,838858,"""838858"",""SRS15360114""",,PDT001341499.1,2022-06-23T04:46:25Z,USA: District of Columbia,urine,clinical,,PDS000112754.4,2.0,,SAMN26308776,GCA_023887005.1,"acrF=COMPLETE,blaEC=COMPLETE,blaTEM-1=COMPLETE,emrD=COMPLETE,gyrA_D87N=POINT,gyrA_S83L=POINT,mdtM=COMPLETE,parC_E84V=POINT,parC_S80I=POINT,parE_I529L=POINT,ptsI_V25I=POINT,uhpT_E350Q=POINT",,"amikacin=S,amoxicillin-clavulanic acid=S,ampicillin=R,aztreonam=S,cefazolin=S,cefepime=S,ceftazidime=S,ceftriaxone=S,ciprofloxacin=R,ertapenem=S,gentamicin=S,imipenem=S,levofloxacin=S,meropenem=S,piperacillin-tazobactam=S,tetracycline=S,tobramycin=S,trimethoprim-sulfamethoxazole=S"
E.coli and Shigella,780171,"""780171"",""SRS15357753""",,PDT001341506.1,2022-06-23T04:47:14Z,USA: District of Columbia,urine,clinical,,PDS000112768.2,3.0,,SAMN26308854,GCA_023887145.1,"aadA5=COMPLETE,acrF=COMPLETE,blaEC=COMPLETE,blaTEM-1=COMPLETE,dfrA17=COMPLETE,emrD=COMPLETE,gyrA_D87N=POINT,gyrA_S83L=POINT,mdtM=COMPLETE,mph(A)=COMPLETE,parC_E84V=POINT,parC_S80I=POINT,parE_I529L=POINT,ptsI_V25I=POINT,sul1=COMPLETE,uhpT_E350Q=POINT",,"amikacin=S,amoxicillin-clavulanic acid=I,ampicillin=R,aztreonam=S,cefazolin=R,cefepime=S,ceftazidime=S,ceftriaxone=S,ciprofloxacin=R,ertapenem=S,gentamicin=S,imipenem=S,levofloxacin=R,meropenem=S,piperacillin-tazobactam=S,tetracycline=S,tobramycin=S,trimethoprim-sulfamethoxazole=R"
E.coli and Shigella,807728,"""807728"",""SRS15358760""",,PDT001341507.1,2022-06-23T04:47:17Z,USA: District of Columbia,urine,clinical,,PDS000112886.1,2.0,,SAMN26308772,GCA_023887165.1,"acrF=COMPLETE,blaEC=COMPLETE,blaTEM-1=COMPLETE,emrD=COMPLETE,gyrA_D87N=POINT,gyrA_S83L=POINT,mdtM=COMPLETE,parC_E84V=POINT,parC_S80I=POINT,parE_I529L=POINT,ptsI_V25I=POINT,uhpT_E350Q=POINT",,"amikacin=S,amoxicillin-clavulanic acid=S,ampicillin=S,aztreonam=S,cefazolin=R,cefepime=S,ceftazidime=S,ceftriaxone=S,ciprofloxacin=R,ertapenem=S,gentamicin=R,imipenem=S,levofloxacin=R,meropenem=S,piperacillin-tazobactam=S,tetracycline=R,tobramycin=R,trimethoprim-sulfamethoxazole=S"
E.coli and Shigella,749477,"""749477"",""SRS15351967""",,PDT001341512.1,2022-06-23T04:47:42Z,USA: District of Columbia,urine,clinical,,PDS000071814.74,2.0,24.0,SAMN26308565,GCA_023887265.1,"acrF=COMPLETE,blaEC-5=COMPLETE,blaTEM-1=COMPLETE,emrD=COMPLETE,gyrA_D87N=POINT,gyrA_S83L=POINT,marR_S3N=POINT,parC_S80I=POINT,parE_L416F=POINT,uhpT_E350Q=POINT",,"amikacin=S,amoxicillin-clavulanic acid=S,ampicillin=R,aztreonam=S,cefazolin=S,cefepime=S,ceftazidime=S,ceftriaxone=S,ciprofloxacin=R,ertapenem=S,gentamicin=S,imipenem=S,levofloxacin=R,meropenem=S,piperacillin-tazobactam=S,tetracycline=R,tobramycin=S,trimethoprim-sulfamethoxazole=S"
E.coli and Shigella,766445,"""766445"",""SRS15355730""",,PDT001341526.1,2022-06-23T04:50:10Z,USA: District of Columbia,urine,clinical,,,,,SAMN26308879,GCA_023887565.1,"acrF=COMPLETE,blaCTX-M-27=COMPLETE,blaEC=COMPLETE,blaTEM-1=COMPLETE,emrD=COMPLETE,gyrA_D87N=POINT,gyrA_S83L=POINT,mdtM=COMPLETE,parC_E84V=POINT,parC_S80I=POINT,parE_I529L=POINT,ptsI_V25I=POINT,uhpT_E350Q=POINT",,"amikacin=S,amoxicillin-clavulanic acid=S,ampicillin=R,aztreonam=S,cefazolin=R,cefepime=I,ceftazidime=S,ceftriaxone=R,ciprofloxacin=R,ertapenem=S,gentamicin=S,imipenem=S,levofloxacin=R,meropenem=S,piperacillin-tazobactam=S,tetracycline=S,tobramycin=S,trimethoprim-sulfamethoxazole=S"
E.coli and Shigella,780251,"""780251"",""SRS15357762""",,PDT001341532.1,2022-06-23T05:03:09Z,USA: District of Columbia,urine,clinical,,PDS000039247.39,22.0,40.0,SAMN26304544,GCA_023889445.1,"aac(6')-Ib-cr5=COMPLETE,aadA5=COMPLETE,acrF=COMPLETE,aph(3'')-Ib=COMPLETE,aph(6)-Id=COMPLETE,blaCTX-M-15=COMPLETE,blaEC=COMPLETE,blaOXA-1=COMPLETE,catB3=PARTIAL,dfrA17=COMPLETE,gyrA_D87N=POINT,gyrA_S83L=POINT,mdtM=COMPLETE,mph(A)=COMPLETE,parC_S80I=POINT,parE_S458T=POINT,sul1=COMPLETE,sul2=COMPLETE,tet(B)=COMPLETE",,"amikacin=S,amoxicillin-clavulanic acid=I,ampicillin=R,aztreonam=R,cefazolin=R,cefepime=I,ceftazidime=R,ceftriaxone=R,ciprofloxacin=R,ertapenem=S,gentamicin=S,imipenem=S,levofloxacin=R,meropenem=S,piperacillin-tazobactam=S,tetracycline=R,tobramycin=R,trimethoprim-sulfamethoxazole=R"
E.coli and Shigella,793877,"""793877"",""SRS15357616""",,PDT001341533.1,2022-06-23T05:03:16Z,USA: District of Columbia,urine,clinical,,PDS000121356.1,7.0,,SAMN26308863,GCA_023889455.1,"acrF=COMPLETE,blaEC=COMPLETE,emrD=COMPLETE,gyrA_D87N=POINT,gyrA_S83L=POINT,mdtM=COMPLETE,parC_E84V=POINT,parC_S80I=POINT,parE_I529L=POINT,ptsI_V25I=POINT,uhpT_E350Q=POINT",,"amikacin=S,amoxicillin-clavulanic acid=S,ampicillin=S,aztreonam=S,cefazolin=S,cefepime=S,ceftazidime=S,ceftriaxone=S,ciprofloxacin=R,ertapenem=S,gentamicin=S,imipenem=S,levofloxacin=R,meropenem=S,piperacillin-tazobactam=S,tetracycline=S,tobramycin=S,trimethoprim-sulfamethoxazole=S"
E.coli and Shigella,822004,"""822004"",""SRS15358570""",,PDT001341544.1,2022-06-23T05:04:27Z,USA: District of Columbia,urine,clinical,,PDS000112791.1,6.0,,SAMN26309255,GCA_023889675.1,"acrF=COMPLETE,blaEC-5=COMPLETE,emrD=COMPLETE,gyrA_D87N=POINT,gyrA_S83L=POINT,marR_S3N=POINT,parC_S80I=POINT,parE_L416F=POINT,uhpT_E350Q=POINT",,"amikacin=S,amoxicillin-clavulanic acid=S,ampicillin=S,aztreonam=S,cefazolin=S,cefepime=S,ceftazidime=S,ceftriaxone=S,ciprofloxacin=R,ertapenem=S,gentamicin=S,imipenem=S,levofloxacin=R,meropenem=S,piperacillin-tazobactam=S,tetracycline=S,tobramycin=S,trimethoprim-sulfamethoxazole=S"
E.coli and Shigella,807760,"""807760"",""SRS15358661""",,PDT001341545.1,2022-06-23T05:04:33Z,USA: District of Columbia,urine,clinical,,PDS000112833.8,15.0,40.0,SAMN26309342,GCA_023889685.1,"acrF=COMPLETE,blaCTX-M-14=COMPLETE,blaEC=COMPLETE,blaTEM-1=COMPLETE,cyaA_S352T=POINT,emrD=COMPLETE,gyrA_D87Y=POINT,gyrA_S83L=POINT,parC_S80I=POINT,parE_S458A=POINT,tet(D)=COMPLETE",,"amikacin=S,amoxicillin-clavulanic acid=I,ampicillin=R,aztreonam=I,cefazolin=R,cefepime=R,ceftazidime=S,ceftriaxone=R,ciprofloxacin=R,ertapenem=S,gentamicin=S,imipenem=S,levofloxacin=R,meropenem=S,piperacillin-tazobactam=S,tetracycline=R,tobramycin=S,trimethoprim-sulfamethoxazole=S"
E.coli and Shigella,824190,"""824190"",""SRS15360133""",,PDT001341546.1,2022-06-23T05:04:35Z,USA: District of Columbia,urine,clinical,,PDS000041690.188,0.0,37.0,SAMN26308496,GCA_023889725.1,"aadA5=COMPLETE,acrF=COMPLETE,aph(3'')-Ib=COMPLETE,aph(6)-Id=COMPLETE,blaCTX-M-27=COMPLETE,blaEC=COMPLETE,dfrA17=COMPLETE,emrD=COMPLETE,gyrA_D87N=POINT,gyrA_S83L=POINT,mdtM=COMPLETE,mph(A)=COMPLETE,parC_S80I=POINT,parE_E460D=POINT,ptsI_V25I=POINT,sul1=COMPLETE,sul2=COMPLETE,tet(A)=COMPLETE,uhpT_E350Q=POINT",,"amikacin=S,amoxicillin-clavulanic acid=S,ampicillin=R,aztreonam=I,cefazolin=R,cefepime=R,ceftazidime=I,ceftriaxone=R,ciprofloxacin=R,ertapenem=S,gentamicin=S,imipenem=S,levofloxacin=R,meropenem=S,piperacillin-tazobactam=S,tetracycline=R,tobramycin=S,trimethoprim-sulfamethoxazole=R"
E.coli and Shigella,780227,"""780227"",""SRS15357758""",,PDT001341557.1,2022-06-23T05:06:09Z,USA: District of Columbia,urine,clinical,,PDS000041690.188,1.0,36.0,SAMN26308491,GCA_023889945.1,"aadA5=COMPLETE,acrF=COMPLETE,aph(3'')-Ib=COMPLETE,aph(6)-Id=COMPLETE,blaCTX-M-27=COMPLETE,blaEC=COMPLETE,dfrA17=COMPLETE,emrD=COMPLETE,gyrA_D87N=POINT,gyrA_S83L=POINT,mdtM=COMPLETE,mph(A)=COMPLETE,parC_S80I=POINT,parE_E460D=POINT,ptsI_V25I=POINT,sul1=COMPLETE,sul2=COMPLETE,tet(A)=COMPLETE,uhpT_E350Q=POINT",,"amikacin=S,amoxicillin-clavulanic acid=S,ampicillin=R,aztreonam=R,cefazolin=R,cefepime=R,ceftazidime=S,ceftriaxone=R,ciprofloxacin=R,ertapenem=S,gentamicin=S,imipenem=S,levofloxacin=R,meropenem=S,piperacillin-tazobactam=S,tetracycline=R,tobramycin=S,trimethoprim-sulfamethoxazole=R"
E.coli and Shigella,838470,"""838470"",""SRS15360072""",,PDT001341560.1,2022-06-23T05:06:33Z,USA: District of Columbia,urine,clinical,,PDS000112837.1,1.0,,SAMN26309199,GCA_023889995.1,"acrF=PARTIAL,blaEC-5=COMPLETE,emrD=COMPLETE,gyrA_D87N=POINT,gyrA_S83L=POINT,marR_S3N=POINT,parC_S80I=POINT,parE_L416F=POINT,uhpT_E350Q=POINT",,"amikacin=S,amoxicillin-clavulanic acid=S,ampicillin=S,aztreonam=S,cefazolin=S,cefepime=S,ceftazidime=S,ceftriaxone=S,ciprofloxacin=R,ertapenem=S,gentamicin=S,imipenem=S,levofloxacin=R,meropenem=S,piperacillin-tazobactam=S,tetracycline=S,tobramycin=S,trimethoprim-sulfamethoxazole=S"
E.coli and Shigella,824238,"""824238"",""SRS15360136""",,PDT001341562.1,2022-06-23T05:06:49Z,USA: District of Columbia,urine,clinical,,PDS000041690.188,0.0,37.0,SAMN26308497,GCA_023890045.1,"aadA5=COMPLETE,acrF=COMPLETE,aph(3'')-Ib=COMPLETE,aph(6)-Id=COMPLETE,blaCTX-M-27=COMPLETE,blaEC=COMPLETE,dfrA17=COMPLETE,emrD=COMPLETE,gyrA_D87N=POINT,gyrA_S83L=POINT,mdtM=COMPLETE,mph(A)=COMPLETE,parC_S80I=POINT,parE_E460D=POINT,ptsI_V25I=POINT,sul1=COMPLETE,sul2=COMPLETE,tet(A)=COMPLETE,uhpT_E350Q=POINT",,"amikacin=S,amoxicillin-clavulanic acid=S,ampicillin=R,aztreonam=R,cefazolin=R,cefepime=R,ceftazidime=S,ceftriaxone=R,ciprofloxacin=R,ertapenem=S,gentamicin=S,imipenem=S,levofloxacin=R,meropenem=S,piperacillin-tazobactam=S,tetracycline=R,tobramycin=S,trimethoprim-sulfamethoxazole=R"
E.coli and Shigella,780243,"""780243"",""SRS15357761""",,PDT001341564.1,2022-06-23T05:07:05Z,USA: District of Columbia,urine,clinical,,PDS000112879.2,5.0,,SAMN26304553,GCA_023890085.1,"acrF=COMPLETE,blaEC=COMPLETE,blaTEM-1=COMPLETE,emrD=COMPLETE,gyrA_D87N=POINT,gyrA_S83L=POINT,mdtM=COMPLETE,parC_E84V=POINT,parC_S80I=POINT,parE_I529L=POINT,ptsI_V25I=POINT,uhpT_E350Q=POINT",,"amikacin=S,amoxicillin-clavulanic acid=S,ampicillin=R,aztreonam=S,cefazolin=I,cefepime=S,ceftazidime=S,ceftriaxone=S,ciprofloxacin=R,ertapenem=S,gentamicin=S,imipenem=S,levofloxacin=R,meropenem=S,piperacillin-tazobactam=S,tetracycline=R,tobramycin=S,trimethoprim-sulfamethoxazole=R"
E.coli and Shigella,824368,"""824368"",""SRS15360150""",,PDT001341565.1,2022-06-23T05:07:09Z,USA: District of Columbia,urine,clinical,,PDS000112824.1,17.0,,SAMN26308493,GCA_023890105.1,"aac(3)-IId=COMPLETE,acrB_R620C=POINT,acrF=COMPLETE,blaEC=COMPLETE,blaTEM-1=COMPLETE,emrD=COMPLETE,gyrA_D87N=POINT,gyrA_S83L=POINT,mdtM=COMPLETE,parC_S80I=POINT,parE_L445H=POINT,ptsI_V25I=POINT,uhpT_E350Q=POINT",,"amikacin=S,amoxicillin-clavulanic acid=S,ampicillin=R,aztreonam=S,cefazolin=R,cefepime=S,ceftazidime=S,ceftriaxone=S,ciprofloxacin=R,ertapenem=S,gentamicin=R,imipenem=S,levofloxacin=R,meropenem=S,piperacillin-tazobactam=S,tetracycline=S,tobramycin=R,trimethoprim-sulfamethoxazole=S"
E.coli and Shigella,838488,"""838488"",""SRS15360073""",,PDT001341569.1,2022-06-23T05:07:26Z,USA: District of Columbia,blood,clinical,,PDS000112837.1,1.0,,SAMN26309200,GCA_023890185.1,"acrF=PARTIAL,blaEC-5=COMPLETE,emrD=COMPLETE,gyrA_D87N=POINT,gyrA_S83L=POINT,marR_S3N=POINT,parC_S80I=POINT,parE_L416F=POINT,uhpT_E350Q=POINT",,"amikacin=S,amoxicillin-clavulanic acid=S,ampicillin=S,aztreonam=S,cefazolin=I,cefepime=S,ceftazidime=S,ceftriaxone=S,ciprofloxacin=R,ertapenem=S,gentamicin=S,imipenem=S,levofloxacin=R,meropenem=S,piperacillin-tazobactam=S,tetracycline=S,tobramycin=S,trimethoprim-sulfamethoxazole=S"
E.coli and Shigella,838760,"""838760"",""SRS15360104""",,PDT001341745.1,2022-06-23T05:08:52Z,USA: District of Columbia,urine,clinical,,,,,SAMN26308898,GCA_023890295.1,"acrF=COMPLETE,blaEC=COMPLETE,emrD=COMPLETE,gyrA_D87N=POINT,gyrA_S83L=POINT,mdtM=COMPLETE,parC_E84V=POINT,parC_S80I=POINT,parE_I529L=POINT,ptsI_V25I=POINT,uhpT_E350Q=POINT",,"amikacin=S,amoxicillin-clavulanic acid=S,ampicillin=S,aztreonam=S,cefazolin=S,cefepime=S,ceftazidime=S,ceftriaxone=S,ciprofloxacin=R,ertapenem=S,gentamicin=S,imipenem=S,levofloxacin=R,meropenem=S,piperacillin-tazobactam=S,tetracycline=S,tobramycin=S,trimethoprim-sulfamethoxazole=S"
E.coli and Shigella,767877,"""767877"",""SRS15355743""",,PDT001341754.1,2022-06-23T05:09:34Z,USA: District of Columbia,urine,clinical,,,,,SAMN26305182,GCA_023890485.1,"acrF=COMPLETE,blaEC=COMPLETE,emrD=COMPLETE,gyrA_D87N=POINT,gyrA_S83L=POINT,mdtM=COMPLETE,parC_E84V=POINT,parC_S80I=POINT,parE_I529L=POINT,ptsI_V25I=POINT,uhpT_E350Q=POINT",,"amikacin=S,amoxicillin-clavulanic acid=S,ampicillin=S,aztreonam=S,cefazolin=I,cefepime=S,ceftazidime=S,ceftriaxone=S,ciprofloxacin=R,ertapenem=S,gentamicin=S,imipenem=S,levofloxacin=R,meropenem=S,piperacillin-tazobactam=S,tetracycline=S,tobramycin=S,trimethoprim-sulfamethoxazole=S"
E.coli and Shigella,824414,"""824414"",""SRS15359995""",,PDT001341769.1,2022-06-23T05:11:35Z,USA: District of Columbia,urine,clinical,,PDS000112881.2,4.0,,SAMN26308747,GCA_023890805.1,"aac(3)-IId=COMPLETE,aadA5=COMPLETE,acrF=COMPLETE,aph(3'')-Ib=COMPLETE,aph(6)-Id=COMPLETE,blaCTX-M-15=COMPLETE,blaEC=COMPLETE,blaTEM-1=COMPLETE,dfrA17=COMPLETE,emrD=COMPLETE,gyrA_D87N=POINT,gyrA_S83L=POINT,mdtM=COMPLETE,mph(A)=COMPLETE,parC_E84V=POINT,parC_S80I=POINT,parE_I529L=POINT,ptsI_V25I=POINT,sul1=COMPLETE,sul2=COMPLETE,tet(A)=COMPLETE,uhpT_E350Q=POINT",,"amikacin=S,amoxicillin-clavulanic acid=S,ampicillin=R,aztreonam=R,cefazolin=R,cefepime=R,ceftazidime=R,ceftriaxone=R,ciprofloxacin=R,ertapenem=S,gentamicin=R,imipenem=S,levofloxacin=R,meropenem=S,piperacillin-tazobactam=S,tetracycline=R,tobramycin=I,trimethoprim-sulfamethoxazole=R"
E.coli and Shigella,793885,"""793885"",""SRS15357617""",,PDT001341772.1,2022-06-23T05:16:27Z,USA: District of Columbia,urine,clinical,,,,,SAMN26309371,GCA_023890965.1,"aac(3)-VIa=COMPLETE,aadA1=COMPLETE,aph(3')-Ia=COMPLETE,blaEC=COMPLETE,estX-3=COMPLETE,gyrA_D87N=POINT,gyrA_S83L=POINT,mdtM=COMPLETE,parC_S80I=POINT,parE_L416F=POINT,sul2=COMPLETE,sul3=COMPLETE",,"amikacin=S,amoxicillin-clavulanic acid=S,ampicillin=S,aztreonam=S,cefazolin=S,cefepime=S,ceftazidime=S,ceftriaxone=S,ciprofloxacin=R,ertapenem=S,gentamicin=R,imipenem=S,levofloxacin=R,meropenem=S,piperacillin-tazobactam=S,tetracycline=S,tobramycin=S,trimethoprim-sulfamethoxazole=S"
E.coli and Shigella,838462,"""838462"",""SRS15360071""",,PDT001341773.1,2022-06-23T05:16:36Z,USA: District of Columbia,urine,clinical,,PDS000112837.1,1.0,,SAMN26309198,GCA_023890985.1,"acrF=PARTIAL,blaEC-5=COMPLETE,emrD=COMPLETE,gyrA_D87N=POINT,gyrA_S83L=POINT,marR_S3N=POINT,parC_S80I=POINT,parE_L416F=POINT,uhpT_E350Q=POINT",,"amikacin=S,amoxicillin-clavulanic acid=S,ampicillin=R,aztreonam=S,cefazolin=S,cefepime=S,ceftazidime=S,ceftriaxone=S,ciprofloxacin=R,ertapenem=S,gentamicin=S,imipenem=S,levofloxacin=R,meropenem=S,piperacillin-tazobactam=S,tetracycline=S,tobramycin=S,trimethoprim-sulfamethoxazole=S"
E.coli and Shigella,822280,"""822280"",""SRS15358768""",,PDT001341779.1,2022-06-23T05:17:17Z,USA: District of Columbia,urine,clinical,,PDS000112829.2,7.0,,SAMN26309256,GCA_023891125.1,"acrF=COMPLETE,aph(3'')-Ib=COMPLETE,aph(6)-Id=COMPLETE,blaEC-5=COMPLETE,blaTEM-1=COMPLETE,dfrA17=COMPLETE,emrD=COMPLETE,gyrA_D87N=POINT,gyrA_S83L=POINT,marR_S3N=POINT,mph(A)=COMPLETE,parC_S80I=POINT,parE_L416F=POINT,sul2=COMPLETE,tet(B)=COMPLETE,uhpT_E350Q=POINT",,"amikacin=S,amoxicillin-clavulanic acid=S,ampicillin=R,aztreonam=S,cefazolin=S,cefepime=S,ceftazidime=S,ceftriaxone=S,ciprofloxacin=R,ertapenem=S,gentamicin=S,imipenem=S,levofloxacin=R,meropenem=S,piperacillin-tazobactam=S,tetracycline=R,tobramycin=S,trimethoprim-sulfamethoxazole=R"
E.coli and Shigella,730381,"""730381"",""SRS15348325""",,PDT001341783.1,2022-06-23T05:17:34Z,USA: District of Columbia,urine,clinical,,PDS000112773.1,2.0,,SAMN26308568,GCA_023891205.1,"aac(3)-IId=COMPLETE,aadA5=COMPLETE,acrF=COMPLETE,aph(3'')-Ib=COMPLETE,aph(6)-Id=COMPLETE,blaEC-5=COMPLETE,blaTEM-1=COMPLETE,dfrA17=COMPLETE,emrD=COMPLETE,gyrA_D87N=POINT,gyrA_S83L=POINT,marR_S3N=POINT,mph(A)=COMPLETE,parC_S80I=POINT,parE_L416F=POINT,sul1=COMPLETE,sul2=COMPLETE,tet(A)=COMPLETE,uhpT_E350Q=POINT",,"amikacin=S,amoxicillin-clavulanic acid=S,ampicillin=R,aztreonam=S,cefazolin=S,cefepime=S,ceftazidime=S,ceftriaxone=S,ciprofloxacin=R,ertapenem=S,gentamicin=R,imipenem=S,levofloxacin=R,meropenem=S,piperacillin-tazobactam=S,tetracycline=R,tobramycin=R,trimethoprim-sulfamethoxazole=R"
E.coli and Shigella,735163,"""735163"",""SRS15348347""",,PDT001341786.1,2022-06-23T05:18:09Z,USA: District of Columbia,urine,clinical,,,,,SAMN26305097,GCA_023891265.1,"acrF=COMPLETE,blaEC=COMPLETE,blaTEM-1=COMPLETE,emrD=COMPLETE,gyrA_D87N=POINT,gyrA_S83L=POINT,mdtM=COMPLETE,parC_E84V=POINT,parC_S80I=POINT,parE_I529L=POINT,ptsI_V25I=POINT,uhpT_E350Q=POINT",,"amikacin=S,amoxicillin-clavulanic acid=S,ampicillin=R,aztreonam=S,cefazolin=S,cefepime=S,ceftazidime=S,ceftriaxone=S,ciprofloxacin=R,ertapenem=S,gentamicin=S,imipenem=S,levofloxacin=R,meropenem=S,piperacillin-tazobactam=S,tetracycline=S,tobramycin=S,trimethoprim-sulfamethoxazole=S"
E.coli and Shigella,772619,"""772619"",""SRS15357748""",,PDT001341789.1,2022-06-23T05:18:36Z,USA: District of Columbia,urine,clinical,,,,,SAMN26304469,GCA_023891325.1,"acrF=COMPLETE,blaEC=COMPLETE,blaTEM-1=COMPLETE,emrD=COMPLETE,gyrA_D87N=POINT,gyrA_S83L=POINT,mdtM=COMPLETE,parC_E84V=POINT,parC_S80I=POINT,parE_I529L=POINT,ptsI_V25I=POINT,uhpT_E350Q=POINT",,"amikacin=S,amoxicillin-clavulanic acid=S,ampicillin=R,aztreonam=S,cefazolin=S,cefepime=S,ceftazidime=S,ceftriaxone=S,ciprofloxacin=R,ertapenem=S,gentamicin=S,imipenem=S,levofloxacin=R,meropenem=S,piperacillin-tazobactam=S,tetracycline=S,tobramycin=S,trimethoprim-sulfamethoxazole=S"
E.coli and Shigella,824296,"""824296"",""SRS15360143""",,PDT001341792.1,2022-06-23T05:19:01Z,USA: District of Columbia,urine,clinical,,,,,SAMN26309424,GCA_023891385.1,"acrB_R620C=POINT,acrF=COMPLETE,blaEC=COMPLETE,blaTEM-1=COMPLETE,emrD=COMPLETE,gyrA_D87N=POINT,gyrA_S83L=POINT,mdtM=COMPLETE,parC_E84V=POINT,parC_S80I=POINT,parE_I529L=POINT,ptsI_V25I=POINT,uhpT_E350Q=POINT",,"amikacin=S,amoxicillin-clavulanic acid=S,ampicillin=R,aztreonam=S,cefazolin=S,cefepime=S,ceftazidime=S,ceftriaxone=S,ciprofloxacin=R,ertapenem=S,gentamicin=S,imipenem=S,levofloxacin=R,meropenem=S,piperacillin-tazobactam=S,tetracycline=S,tobramycin=S,trimethoprim-sulfamethoxazole=R"
E.coli and Shigella,836754,"""836754"",""SRS15360020""",,PDT001341803.1,2022-06-23T05:20:17Z,USA: District of Columbia,urine,clinical,,,,,SAMN26308890,GCA_023891605.1,"aac(3)-IId=COMPLETE,aadA5=COMPLETE,acrF=COMPLETE,aph(3'')-Ib=COMPLETE,blaEC=COMPLETE,blaTEM-1=COMPLETE,emrD=COMPLETE,gyrA_D87N=POINT,gyrA_S83L=POINT,mdtM=COMPLETE,mph(A)=COMPLETE,parC_E84V=POINT,parC_S80I=POINT,parE_I529L=POINT,ptsI_V25I=POINT,sul1=COMPLETE,sul2=COMPLETE,uhpT_E350Q=POINT",,"amikacin=S,amoxicillin-clavulanic acid=S,ampicillin=R,aztreonam=S,cefazolin=I,cefepime=S,ceftazidime=S,ceftriaxone=S,ciprofloxacin=R,ertapenem=S,gentamicin=R,imipenem=S,levofloxacin=R,meropenem=S,piperacillin-tazobactam=S,tetracycline=S,tobramycin=I,trimethoprim-sulfamethoxazole=S"
E.coli and Shigella,766277,"""766277"",""SRS15355711""",,PDT001341824.1,2022-06-23T05:23:28Z,USA: District of Columbia,urine,clinical,,,,,SAMN26304670,GCA_023892025.1,"aac(3)-IId=COMPLETE,acrF=COMPLETE,aph(3'')-Ib=COMPLETE,aph(3')-Ia=COMPLETE,aph(6)-Id=COMPLETE,blaEC=COMPLETE,blaTEM-1=COMPLETE,dfrA14=COMPLETE,estX-3=COMPLETE,floR=COMPLETE,gyrA_D87N=POINT,gyrA_S83L=POINT,mdtM=COMPLETE,parC_S80I=POINT,sul2=COMPLETE,sul3=COMPLETE,tet(A)=COMPLETE",,"amikacin=S,amoxicillin-clavulanic acid=S,ampicillin=R,aztreonam=S,cefazolin=S,cefepime=S,ceftazidime=S,ceftriaxone=S,ciprofloxacin=R,ertapenem=S,gentamicin=R,imipenem=S,levofloxacin=R,meropenem=S,piperacillin-tazobactam=S,tetracycline=R,tobramycin=S,trimethoprim-sulfamethoxazole=R"
E.coli and Shigella,838954,"""838954"",""SRS15359946""",,PDT001341827.1,2022-06-23T05:23:36Z,USA: District of Columbia,urine,clinical,,,,,SAMN26304893,GCA_023892085.1,"acrF=COMPLETE,aph(3'')-Ib=COMPLETE,aph(6)-Id=COMPLETE,blaEC-5=COMPLETE,blaTEM-1=COMPLETE,emrD=COMPLETE,gyrA_D87N=POINT,gyrA_S83L=POINT,marR_S3N=POINT,parC_S80I=POINT,parE_L416F=POINT,sul2=COMPLETE,uhpT_E350Q=POINT",,"amikacin=S,amoxicillin-clavulanic acid=S,ampicillin=R,aztreonam=S,cefazolin=S,cefepime=S,ceftazidime=S,ceftriaxone=S,ciprofloxacin=R,ertapenem=S,gentamicin=S,imipenem=S,levofloxacin=R,meropenem=S,piperacillin-tazobactam=S,tetracycline=S,tobramycin=S,trimethoprim-sulfamethoxazole=S"
E.coli and Shigella,780083,"""780083"",""SRS15357743""",,PDT001341831.1,2022-06-23T05:24:01Z,USA: District of Columbia,urine,clinical,,,,,SAMN26304907,GCA_023892165.1,"acrF=COMPLETE,aph(3'')-Ib=COMPLETE,aph(6)-Id=COMPLETE,blaEC=COMPLETE,emrD=COMPLETE,gyrA_D87N=POINT,gyrA_S83L=POINT,mdtM=COMPLETE,mph(A)=COMPLETE,parC_E84V=POINT,parC_S80I=POINT,parE_I529L=POINT,ptsI_V25I=POINT,sul2=COMPLETE,tet(A)=COMPLETE,uhpT_E350Q=POINT",,"amikacin=S,amoxicillin-clavulanic acid=I,ampicillin=R,aztreonam=S,cefazolin=I,cefepime=S,ceftazidime=S,ceftriaxone=S,ciprofloxacin=R,ertapenem=S,gentamicin=S,imipenem=S,levofloxacin=R,meropenem=S,piperacillin-tazobactam=S,tetracycline=R,tobramycin=S,trimethoprim-sulfamethoxazole=S"
E.coli and Shigella,824334,"""824334"",""SRS15360147""",,PDT001341839.1,2022-06-23T05:25:59Z,USA: District of Columbia,urine,clinical,,,,,SAMN26305208,GCA_023892315.1,"aac(3)-IId=COMPLETE,acrF=COMPLETE,blaEC=COMPLETE,blaTEM-1=COMPLETE,cyaA_S352T=POINT,emrD=COMPLETE,gyrA_D87N=POINT,gyrA_S83L=POINT,mdtM=COMPLETE,parC_S80I=POINT,parE_S458A=POINT",,"amikacin=S,amoxicillin-clavulanic acid=I,ampicillin=R,aztreonam=S,cefazolin=R,cefepime=S,ceftazidime=S,ceftriaxone=S,ciprofloxacin=R,ertapenem=S,gentamicin=R,imipenem=S,levofloxacin=R,meropenem=S,piperacillin-tazobactam=R,tetracycline=S,tobramycin=R,trimethoprim-sulfamethoxazole=S"
E.coli and Shigella,705095,"""705095"",""SRS15339910""",,PDT001341863.1,2022-06-23T07:03:03Z,USA: District of Columbia,urine,clinical,,PDS000112790.11,5.0,,SAMN26304537,GCA_023894425.1,"aac(3)-IIe=COMPLETE,aac(6')-Ib-cr5=COMPLETE,aadA5=COMPLETE,acrF=COMPLETE,blaCTX-M-15=COMPLETE,blaEC=COMPLETE,blaOXA-1=COMPLETE,catB3=PARTIAL_END_OF_CONTIG,dfrA17=COMPLETE,emrD=COMPLETE,gyrA_D87N=POINT,gyrA_S83L=POINT,mdtM=COMPLETE,mph(A)=COMPLETE,nfsB_F84S=POINT,parC_E84V=POINT,parC_S80I=POINT,parE_I529L=POINT,ptsI_V25I=POINT,sul1=COMPLETE,uhpT_E350Q=POINT",,"amikacin=S,amoxicillin-clavulanic acid=I,ampicillin=R,aztreonam=R,cefazolin=R,cefepime=R,ceftazidime=R,ceftriaxone=R,ciprofloxacin=R,ertapenem=S,gentamicin=R,imipenem=S,levofloxacin=R,meropenem=S,piperacillin-tazobactam=S,tetracycline=S,tobramycin=R,trimethoprim-sulfamethoxazole=R"
E.coli and Shigella,756313,"""756313"",""SRS15352018""",,PDT001341867.1,2022-06-23T07:04:18Z,USA: District of Columbia,Perirectal,clinical,,PDS000112788.3,1.0,,SAMN26305205,GCA_023894515.1,"aadA5=COMPLETE,acrF=COMPLETE,aph(3'')-Ib=COMPLETE,aph(3')-Ia=COMPLETE,aph(6)-Id=COMPLETE,blaCTX-M-15=COMPLETE,blaEC=COMPLETE,cyaA_S352T=POINT,dfrA17=COMPLETE,emrD=COMPLETE,erm(B)=COMPLETE,gyrA_D87N=POINT,gyrA_S83L=POINT,mdtM=COMPLETE,mph(A)=COMPLETE,parC_S80I=POINT,parE_S458A=POINT,sul1=COMPLETE,sul2=COMPLETE,tet(B)=COMPLETE",,"amikacin=S,amoxicillin-clavulanic acid=R,ampicillin=R,aztreonam=R,cefazolin=R,cefepime=R,ceftazidime=R,ceftriaxone=R,ciprofloxacin=R,ertapenem=S,gentamicin=S,imipenem=S,levofloxacin=R,meropenem=S,piperacillin-tazobactam=I,tetracycline=R,tobramycin=S,trimethoprim-sulfamethoxazole=R"
E.coli and Shigella,838840,"""838840"",""SRS15360113""",,PDT001341868.1,2022-06-23T07:04:26Z,USA: District of Columbia,urine,clinical,,,,,SAMN26309260,GCA_023894505.1,"acrF=COMPLETE,blaEC-5=COMPLETE,emrD=COMPLETE,gyrA_D87N=POINT,gyrA_S83L=POINT,marR_S3N=POINT,parC_S80I=POINT,parE_L416F=POINT,uhpT_E350Q=POINT",,"amikacin=S,amoxicillin-clavulanic acid=S,ampicillin=S,aztreonam=S,cefazolin=S,cefepime=S,ceftazidime=S,ceftriaxone=S,ciprofloxacin=R,ertapenem=S,gentamicin=S,imipenem=S,levofloxacin=R,meropenem=S,piperacillin-tazobactam=S,tetracycline=S,tobramycin=S,trimethoprim-sulfamethoxazole=S"
E.coli and Shigella,821752,"""821752"",""SRS15358670""",,PDT001341876.1,2022-06-23T07:05:31Z,USA: District of Columbia,urine,clinical,,PDS000112828.1,5.0,,SAMN26309253,GCA_023894675.1,"acrF=COMPLETE,blaEC-5=COMPLETE,emrD=COMPLETE,gyrA_D87N=POINT,gyrA_S83L=POINT,marR_S3N=POINT,parC_S80I=POINT,parE_L416F=POINT,uhpT_E350Q=POINT",,"amikacin=S,amoxicillin-clavulanic acid=S,ampicillin=S,aztreonam=S,cefazolin=S,cefepime=S,ceftazidime=S,ceftriaxone=S,ciprofloxacin=R,ertapenem=S,gentamicin=S,imipenem=S,levofloxacin=R,meropenem=S,piperacillin-tazobactam=S,tetracycline=S,tobramycin=S,trimethoprim-sulfamethoxazole=S"
E.coli and Shigella,768007,"""768007"",""SRS15355757""",,PDT001341886.1,2022-06-23T07:07:19Z,USA: District of Columbia,urine,clinical,,PDS000112771.1,6.0,,SAMN26309324,GCA_023894885.1,"aadA22=COMPLETE,acrF=COMPLETE,blaEC=COMPLETE,blaTEM-1=COMPLETE,gyrA_D87N=POINT,gyrA_S83L=POINT,lnu(G)=COMPLETE,mdtM=COMPLETE,parC_E84G=POINT,parC_S80I=POINT,sul1=COMPLETE,uhpT_E350Q=POINT",,"amikacin=S,amoxicillin-clavulanic acid=S,ampicillin=R,aztreonam=S,cefazolin=S,cefepime=S,ceftazidime=S,ceftriaxone=S,ciprofloxacin=R,ertapenem=S,gentamicin=S,imipenem=S,levofloxacin=R,meropenem=S,piperacillin-tazobactam=S,tetracycline=S,tobramycin=S,trimethoprim-sulfamethoxazole=S"
E.coli and Shigella,824220,"""824220"",""SRS15360135""",,PDT001341890.1,2022-06-23T07:07:51Z,USA: District of Columbia,urine,clinical,,PDS000194248.147,30.0,38.0,SAMN26309254,GCA_023894975.1,"acrF=COMPLETE,aph(3'')-Ib=COMPLETE,aph(6)-Id=COMPLETE,blaEC-5=COMPLETE,blaTEM-1=COMPLETE,dfrA17=COMPLETE,emrD=COMPLETE,gyrA_D87N=POINT,gyrA_S83L=POINT,marR_S3N=POINT,parC_S80I=POINT,parE_L416F=POINT,sul2=COMPLETE,tet(B)=COMPLETE,uhpT_E350Q=POINT",,"amikacin=S,amoxicillin-clavulanic acid=S,ampicillin=R,aztreonam=S,cefazolin=S,cefepime=S,ceftazidime=S,ceftriaxone=S,ciprofloxacin=R,ertapenem=S,gentamicin=S,imipenem=S,levofloxacin=R,meropenem=S,piperacillin-tazobactam=S,tetracycline=R,tobramycin=S,trimethoprim-sulfamethoxazole=R"
E.coli and Shigella,780373,"""780373"",""SRS15357543""",,PDT001341892.1,2022-06-23T07:08:07Z,USA: District of Columbia,urine,clinical,,PDS000252674.4,24.0,43.0,SAMN26308883,GCA_023895015.1,"acrF=COMPLETE,aph(3'')-Ib=COMPLETE,aph(6)-Id=COMPLETE,blaCTX-M-27=COMPLETE,blaEC=COMPLETE,emrD=COMPLETE,gyrA_D87N=POINT,gyrA_S83L=POINT,mdtM=COMPLETE,mph(A)=COMPLETE,parC_E84V=POINT,parC_S80I=POINT,parE_I529L=POINT,ptsI_V25I=POINT,sul2=COMPLETE,tet(A)=COMPLETE,uhpT_E350Q=POINT",,"amikacin=S,amoxicillin-clavulanic acid=S,ampicillin=R,aztreonam=I,cefazolin=R,cefepime=I,ceftazidime=S,ceftriaxone=R,ciprofloxacin=R,ertapenem=S,gentamicin=S,imipenem=S,levofloxacin=R,meropenem=S,piperacillin-tazobactam=S,tetracycline=R,tobramycin=S,trimethoprim-sulfamethoxazole=S"
E.coli and Shigella,772071,"""772071"",""SRS15355539""",,PDT001341896.1,2022-06-23T07:16:17Z,USA: District of Columbia,urine,clinical,,,,,SAMN26309240,GCA_023895125.1,"acrF=PARTIAL,aph(3'')-Ib=COMPLETE,aph(6)-Id=COMPLETE,blaEC-5=COMPLETE,blaTEM-1=COMPLETE,emrD=COMPLETE,gyrA_D87N=POINT,gyrA_S83L=POINT,marR_S3N=POINT,parC_S80I=POINT,parE_L416F=POINT,sul2=COMPLETE,uhpT_E350Q=POINT",,"amikacin=S,amoxicillin-clavulanic acid=S,ampicillin=R,aztreonam=S,cefazolin=S,cefepime=S,ceftazidime=S,ceftriaxone=S,ciprofloxacin=R,ertapenem=S,gentamicin=S,imipenem=S,levofloxacin=R,meropenem=S,piperacillin-tazobactam=S,tetracycline=S,tobramycin=S,trimethoprim-sulfamethoxazole=S"
E.coli and Shigella,822424,"""822424"",""SRS15358783""",,PDT001341898.1,2022-06-23T07:16:35Z,USA: District of Columbia,urine,clinical,,PDS000112754.4,2.0,,SAMN26308775,GCA_023895175.1,"acrF=COMPLETE,blaEC=COMPLETE,blaTEM-1=COMPLETE,emrD=COMPLETE,gyrA_D87N=POINT,gyrA_S83L=POINT,mdtM=COMPLETE,parC_E84V=POINT,parC_S80I=POINT,parE_I529L=POINT,ptsI_V25I=POINT,uhpT_E350Q=POINT",,"amikacin=S,amoxicillin-clavulanic acid=S,ampicillin=R,aztreonam=S,cefazolin=I,cefepime=S,ceftazidime=S,ceftriaxone=S,ciprofloxacin=R,ertapenem=S,gentamicin=S,imipenem=S,levofloxacin=R,meropenem=S,piperacillin-tazobactam=S,tetracycline=S,tobramycin=S,trimethoprim-sulfamethoxazole=S"
E.coli and Shigella,792831,"""792831"",""SRS15357539""",,PDT001341902.1,2022-06-23T07:17:09Z,USA: District of Columbia,urine,clinical,,,,,SAMN26305135,GCA_023895235.1,"aac(3)-IIe=COMPLETE,aac(6')-Ib-cr5=COMPLETE,aadA2=COMPLETE,aadA5=COMPLETE,acrF=COMPLETE,aph(3')-Ia=COMPLETE,blaCTX-M-15=COMPLETE,blaEC=COMPLETE,blaOXA-1=COMPLETE,blaTEM-176=COMPLETE,catB3=PARTIAL_END_OF_CONTIG,dfrA17=COMPLETE,gyrA_D87N=POINT,gyrA_S83L=POINT,lnu(F)=COMPLETE,mdtM=COMPLETE,mph(A)=COMPLETE,parC_S80I=POINT,parE_S458A=POINT,sul1=COMPLETE,tet(B)=COMPLETE",,"amikacin=S,amoxicillin-clavulanic acid=I,ampicillin=R,aztreonam=R,cefazolin=R,cefepime=R,ceftazidime=R,ceftriaxone=R,ciprofloxacin=R,ertapenem=S,gentamicin=R,imipenem=S,levofloxacin=R,meropenem=S,piperacillin-tazobactam=I,tetracycline=R,tobramycin=R,trimethoprim-sulfamethoxazole=R"
E.coli and Shigella,766495,"""766495"",""SRS15355502""",,PDT001341903.1,2022-06-23T07:17:09Z,USA: District of Columbia,urine,clinical,,,,,SAMN26308847,GCA_023895275.1,"aadA5=COMPLETE,acrF=COMPLETE,blaEC=COMPLETE,dfrA17=COMPLETE,emrD=COMPLETE,gyrA_D87N=POINT,gyrA_S83L=POINT,mdtM=COMPLETE,parC_E84V=POINT,parC_S80I=POINT,parE_I529L=POINT,ptsI_V25I=POINT,sul1=COMPLETE,tet(A)=COMPLETE,uhpT_E350Q=POINT",,"amikacin=S,amoxicillin-clavulanic acid=S,ampicillin=S,aztreonam=S,cefazolin=S,cefepime=S,ceftazidime=S,ceftriaxone=S,ciprofloxacin=R,ertapenem=S,gentamicin=S,imipenem=S,levofloxacin=R,meropenem=S,piperacillin-tazobactam=S,tetracycline=R,tobramycin=S,trimethoprim-sulfamethoxazole=R"
E.coli and Shigella,792849,"""792849"",""SRS15357540""",,PDT001341905.1,2022-06-23T07:17:17Z,USA: District of Columbia,urine,clinical,,,,,SAMN26308755,GCA_023895315.1,"acrF=COMPLETE,aph(3'')-Ib=COMPLETE,aph(6)-Id=COMPLETE,blaEC=COMPLETE,blaTEM-1=COMPLETE,dfrA17=COMPLETE,gyrA_D87N=POINT,gyrA_S83L=POINT,mdtM=COMPLETE,mph(A)=COMPLETE,parC_S80I=POINT,parE_S458A=POINT,sul2=COMPLETE,tet(A)=COMPLETE",,"amikacin=S,amoxicillin-clavulanic acid=I,ampicillin=R,aztreonam=S,cefazolin=R,cefepime=S,ceftazidime=S,ceftriaxone=S,ciprofloxacin=R,ertapenem=S,gentamicin=S,imipenem=S,levofloxacin=R,meropenem=S,piperacillin-tazobactam=S,tetracycline=R,tobramycin=S,trimethoprim-sulfamethoxazole=R"
E.coli and Shigella,824406,"""824406"",""SRS15360154""",,PDT001341911.1,2022-06-23T07:18:00Z,USA: District of Columbia,urine,clinical,,PDS000112678.1,0.0,,SAMN26304754,GCA_023895435.1,"aac(3)-IId=COMPLETE,aadA5=COMPLETE,acrF=COMPLETE,aph(3'')-Ib=COMPLETE,aph(6)-Id=COMPLETE,blaEC=COMPLETE,blaTEM-1=COMPLETE,dfrA17=COMPLETE,emrD=COMPLETE,gyrA_D87N=POINT,gyrA_S83L=POINT,mdtM=COMPLETE,mph(A)=COMPLETE,parC_E84V=POINT,parC_S80I=POINT,parE_I529L=POINT,ptsI_V25I=POINT,sul1=COMPLETE,sul2=COMPLETE,tet(A)=COMPLETE,uhpT_E350Q=POINT",,"amikacin=S,amoxicillin-clavulanic acid=S,ampicillin=R,aztreonam=S,cefazolin=I,cefepime=S,ceftazidime=S,ceftriaxone=S,ciprofloxacin=R,ertapenem=S,gentamicin=R,imipenem=S,levofloxacin=R,meropenem=S,piperacillin-tazobactam=S,tetracycline=R,tobramycin=I,trimethoprim-sulfamethoxazole=R"
E.coli and Shigella,792873,"""792873"",""SRS15357648""",,PDT001341914.1,2022-06-23T07:18:16Z,USA: District of Columbia,urine,clinical,,PDS000115055.7,12.0,,SAMN26304355,GCA_023895495.1,"aac(6')-Ib-cr5=COMPLETE,aadA5=COMPLETE,acrF=COMPLETE,blaCTX-M-15=COMPLETE,blaEC=COMPLETE,blaOXA-1=COMPLETE,catB3=PARTIAL_END_OF_CONTIG,dfrA17=COMPLETE,gyrA_D87N=POINT,gyrA_S83L=POINT,mdtM=COMPLETE,mph(A)=COMPLETE,parC_S80I=POINT,parE_S458T=POINT,sul1=COMPLETE,tet(B)=COMPLETE",,"amikacin=S,amoxicillin-clavulanic acid=I,ampicillin=R,aztreonam=R,cefazolin=R,cefepime=R,ceftazidime=R,ceftriaxone=R,ciprofloxacin=R,ertapenem=S,gentamicin=S,imipenem=S,levofloxacin=R,meropenem=S,piperacillin-tazobactam=S,tetracycline=R,tobramycin=R,trimethoprim-sulfamethoxazole=R"
E.coli and Shigella,792701,"""792701"",""SRS15357525""",,PDT001341916.1,2022-06-23T07:18:33Z,USA: District of Columbia,urine,clinical,,,,,SAMN26304572,GCA_023895535.1,"aac(6')-Ib-cr5=COMPLETE,aadA16=COMPLETE,acrF=COMPLETE,arr-3=COMPLETE,blaEC=COMPLETE,dfrA27=COMPLETE,emrD=COMPLETE,mdtM=COMPLETE,parE_I355T=POINT,qnrB6=COMPLETE,sul1=COMPLETE,tet(A)=COMPLETE",,"amikacin=S,amoxicillin-clavulanic acid=S,ampicillin=S,aztreonam=S,cefazolin=S,cefepime=S,ceftazidime=S,ceftriaxone=S,ciprofloxacin=R,ertapenem=S,gentamicin=S,imipenem=S,levofloxacin=S,meropenem=S,piperacillin-tazobactam=S,tetracycline=R,tobramycin=I,trimethoprim-sulfamethoxazole=R"
E.coli and Shigella,780113,"""780113"",""SRS15357746""",,PDT001349553.1,2022-06-27T13:42:32Z,USA: District of Columbia,urine,clinical,,,,,SAMN26308851,GCA_023924205.1,"aadA5=COMPLETE,acrF=COMPLETE,aph(3'')-Ib=COMPLETE,aph(6)-Id=COMPLETE,blaEC=COMPLETE,blaTEM-1=COMPLETE,dfrA17=COMPLETE,emrD=COMPLETE,gyrA_D87N=POINT,gyrA_S83L=POINT,mdtM=COMPLETE,mph(A)=COMPLETE,parC_E84V=POINT,parC_S80I=POINT,parE_I529L=POINT,ptsI_V25I=POINT,sul1=COMPLETE,sul2=COMPLETE,tet(A)=COMPLETE,uhpT_E350Q=POINT",,"amikacin=S,amoxicillin-clavulanic acid=S,ampicillin=R,aztreonam=S,cefazolin=I,cefepime=S,ceftazidime=S,ceftriaxone=S,ciprofloxacin=R,ertapenem=S,gentamicin=S,imipenem=S,levofloxacin=R,meropenem=S,piperacillin-tazobactam=S,tetracycline=R,tobramycin=S,trimethoprim-sulfamethoxazole=R"
E.coli and Shigella,735285,"""735285"",""SRS15348392""",,PDT001354736.1,2022-07-06T11:03:45Z,USA: District of Columbia,urine,clinical,,,,,SAMN26308567,GCA_024164785.1,"acrF=COMPLETE,blaEC-5=COMPLETE,emrD=COMPLETE,gyrA_D87N=POINT,gyrA_S83L=POINT,marR_S3N=POINT,parC_S80I=POINT,parE_L416F=POINT,uhpT_E350Q=POINT",,"amikacin=S,amoxicillin-clavulanic acid=S,ampicillin=S,aztreonam=S,cefazolin=S,cefepime=S,ceftazidime=S,ceftriaxone=S,ciprofloxacin=R,ertapenem=S,gentamicin=S,imipenem=S,levofloxacin=R,meropenem=S,piperacillin-tazobactam=S,tetracycline=S,tobramycin=S,trimethoprim-sulfamethoxazole=S"
E.coli and Shigella,698554,"""698554"",""SRS15339692""",,PDT001354751.1,2022-07-06T11:05:22Z,USA: District of Columbia,urine,clinical,,PDS000194248.147,21.0,33.0,SAMN26309211,GCA_024165345.1,"acrF=COMPLETE,aph(3'')-Ib=COMPLETE,aph(6)-Id=COMPLETE,blaEC-5=COMPLETE,blaTEM-1=COMPLETE,dfrA8=COMPLETE,emrD=COMPLETE,gyrA_D87N=POINT,gyrA_S83L=POINT,marR_S3N=POINT,parC_S80I=POINT,parE_L416F=POINT,sul2=COMPLETE,tet(B)=COMPLETE,uhpT_E350Q=POINT",,"amikacin=S,amoxicillin-clavulanic acid=S,ampicillin=R,aztreonam=S,cefazolin=S,cefepime=S,ceftazidime=S,ceftriaxone=S,ciprofloxacin=R,ertapenem=S,gentamicin=S,imipenem=S,levofloxacin=R,meropenem=S,piperacillin-tazobactam=S,tetracycline=R,tobramycin=S,trimethoprim-sulfamethoxazole=R"
E.coli and Shigella,823090,"""823090"",""SRS15360130""",,PDT001354752.1,2022-07-06T11:05:23Z,USA: District of Columbia,blood,clinical,,PDS000113348.1,1.0,,SAMN26308766,GCA_024165365.1,"aadA5=COMPLETE,acrF=COMPLETE,aph(3'')-Ib=COMPLETE,aph(6)-Id=COMPLETE,blaEC=COMPLETE,dfrA17=COMPLETE,emrD=COMPLETE,gyrA_D87N=POINT,gyrA_S83L=POINT,mdtM=COMPLETE,mph(A)=COMPLETE,parC_E84V=POINT,parC_S80I=POINT,parE_I529L=POINT,ptsI_V25I=POINT,sul1=COMPLETE,sul2=COMPLETE,tet(A)=COMPLETE,uhpT_E350Q=POINT",,"amikacin=S,amoxicillin-clavulanic acid=S,ampicillin=S,aztreonam=S,cefazolin=S,cefepime=S,ceftazidime=S,ceftriaxone=S,ciprofloxacin=R,ertapenem=S,gentamicin=S,imipenem=S,levofloxacin=R,meropenem=S,piperacillin-tazobactam=S,tetracycline=R,tobramycin=S,trimethoprim-sulfamethoxazole=R"
E.coli and Shigella,837918,"""837918"",""SRS15360044""",,PDT001354764.1,2022-07-06T11:07:11Z,USA: District of Columbia,wound,clinical,,PDS000113348.1,1.0,,SAMN26308768,GCA_024165685.1,"acrF=COMPLETE,blaEC=COMPLETE,emrD=COMPLETE,gyrA_D87N=POINT,gyrA_S83L=POINT,mdtM=COMPLETE,parC_E84V=POINT,parC_S80I=POINT,parE_I529L=POINT,ptsI_V25I=POINT,uhpT_E350Q=POINT",,"amikacin=S,amoxicillin-clavulanic acid=S,ampicillin=S,aztreonam=S,cefazolin=S,cefepime=S,ceftazidime=S,ceftriaxone=S,ciprofloxacin=R,ertapenem=S,gentamicin=S,imipenem=S,levofloxacin=R,meropenem=S,piperacillin-tazobactam=S,tetracycline=S,tobramycin=S,trimethoprim-sulfamethoxazole=S"
E.coli and Shigella,698772,"""698772"",""SRS15339780""",,PDT001354769.1,2022-07-06T11:08:03Z,USA: District of Columbia,wound,clinical,,,,,SAMN26309212,GCA_024165785.1,"acrF=COMPLETE,aph(3'')-Ib=COMPLETE,aph(6)-Id=COMPLETE,blaEC-5=COMPLETE,blaTEM-1=COMPLETE,dfrA17=COMPLETE,emrD=COMPLETE,gyrA_D87N=POINT,gyrA_S83L=POINT,marR_S3N=POINT,parC_S80I=POINT,parE_L416F=POINT,sul2=COMPLETE,tet(B)=COMPLETE,uhpT_E350Q=POINT",,"amikacin=S,amoxicillin-clavulanic acid=S,ampicillin=R,aztreonam=S,cefazolin=S,cefepime=S,ceftazidime=S,ceftriaxone=S,ciprofloxacin=R,ertapenem=S,gentamicin=S,imipenem=S,levofloxacin=R,meropenem=S,piperacillin-tazobactam=S,tetracycline=R,tobramycin=S,trimethoprim-sulfamethoxazole=R"
E.coli and Shigella,767003,"""767003"",""SRS15355511""",,PDT001354794.1,2022-07-06T11:11:39Z,USA: District of Columbia,urine,clinical,,,,,SAMN26309236,GCA_024166285.1,"acrF=COMPLETE,blaEC-5=COMPLETE,emrD=COMPLETE,fabI_F203L=POINT,gyrA_D87N=POINT,gyrA_S83L=POINT,marR_S3N=POINT,parC_S80I=POINT,parE_L416F=POINT,uhpT_E350Q=POINT",,"amikacin=S,amoxicillin-clavulanic acid=S,ampicillin=S,aztreonam=S,cefazolin=S,cefepime=S,ceftazidime=S,ceftriaxone=S,ciprofloxacin=R,ertapenem=S,gentamicin=S,imipenem=S,levofloxacin=R,meropenem=S,piperacillin-tazobactam=S,tetracycline=S,tobramycin=I,trimethoprim-sulfamethoxazole=S"
E.coli and Shigella,USDA-ARS-USMARC-50748,"""USDA-ARS-USMARC-50748""",,PDT001418805.1,2022-09-14T11:56:10Z,USA:Kansas,feedlot,clinical,,,,,SAMN30466958,GCA_025200635.1,"aac(3)-VIa=COMPLETE,aadA1=COMPLETE,acrF=COMPLETE,aph(3'')-Ib=COMPLETE,aph(6)-Id=COMPLETE,blaCTX-M-27=COMPLETE,blaEC=COMPLETE,blaTEM-1=COMPLETE,dfrA1=COMPLETE,erm(B)=COMPLETE,floR=COMPLETE,gyrA_D87N=POINT,gyrA_S83L=POINT,mdtM=COMPLETE,mph(A)=COMPLETE,parC_S80I=POINT,sul1=COMPLETE,sul2=COMPLETE,tet(A)=COMPLETE",,"amoxicillin-clavulanic acid=S,ampicillin=R,azithromycin=R,cefoxitin=S,ceftiofur=R,ceftriaxone=R,chloramphenicol=R,ciprofloxacin=R,gentamicin=R,kanamycin=S,nalidixic acid=R,streptomycin=R,sulfisoxazole=R,tetracycline=R,trimethoprim-sulfamethoxazole=R"
E.coli and Shigella,772811,"""772811"",""SRS15357703""",,PDT001443565.2,2022-10-17T21:09:22Z,USA: District of Columbia,urine,clinical,,,,,SAMN26308481,GCA_025579285.2,"acrF=COMPLETE,blaEC=COMPLETE,blaTEM-1=COMPLETE,emrD=COMPLETE,gyrA_D87N=POINT,gyrA_S83L=POINT,mdtM=COMPLETE,parC_S80I=POINT,parE_L445H=POINT,ptsI_V25I=POINT,uhpT_E350Q=POINT",,"amikacin=S,amoxicillin-clavulanic acid=S,ampicillin=R,aztreonam=S,cefazolin=S,cefepime=S,ceftazidime=S,ceftriaxone=S,ciprofloxacin=R,ertapenem=S,gentamicin=S,imipenem=S,levofloxacin=R,meropenem=S,piperacillin-tazobactam=S,tetracycline=S,tobramycin=S,trimethoprim-sulfamethoxazole=S"
E.coli and Shigella,781529,"""781529"",""SRS15357579""",,PDT001443572.2,2022-10-17T20:42:12Z,USA: District of Columbia,urine,clinical,,,,,SAMN26309243,GCA_025579505.2,"acrF=COMPLETE,aph(3'')-Ib=COMPLETE,aph(6)-Id=COMPLETE,blaEC-5=COMPLETE,blaTEM-1=COMPLETE,emrD=COMPLETE,gyrA_D87N=POINT,gyrA_S83L=POINT,marR_S3N=POINT,parC_S80I=POINT,parE_L416F=POINT,sul2=COMPLETE,uhpT_E350Q=POINT",,"amikacin=S,amoxicillin-clavulanic acid=S,ampicillin=R,aztreonam=S,cefazolin=S,cefepime=S,ceftazidime=S,ceftriaxone=S,ciprofloxacin=R,ertapenem=S,gentamicin=S,imipenem=S,levofloxacin=R,meropenem=S,piperacillin-tazobactam=S,tetracycline=S,tobramycin=S,trimethoprim-sulfamethoxazole=S"
E.coli and Shigella,807488,"""807488"",""SRS15358735""",,PDT001443576.2,2022-10-17T19:25:12Z,USA: District of Columbia,urine,clinical,,PDS000112754.4,2.0,,SAMN26308774,GCA_025579625.2,"acrF=COMPLETE,blaEC=COMPLETE,blaTEM-1=COMPLETE,dfrA5=COMPLETE,emrD=COMPLETE,gyrA_D87N=POINT,gyrA_S83L=POINT,mdtM=COMPLETE,mph(A)=COMPLETE,parC_E84V=POINT,parC_S80I=POINT,parE_I529L=POINT,ptsI_V25I=POINT,sul1=COMPLETE,uhpT_E350Q=POINT",,"amikacin=S,amoxicillin-clavulanic acid=S,ampicillin=R,aztreonam=S,cefazolin=S,cefepime=S,ceftazidime=S,ceftriaxone=S,ciprofloxacin=R,ertapenem=S,gentamicin=S,imipenem=S,levofloxacin=R,meropenem=S,piperacillin-tazobactam=S,tetracycline=S,tobramycin=S,trimethoprim-sulfamethoxazole=R"
E.coli and Shigella,766403,"""766403"",""SRS15355726""",,PDT001443582.2,2022-10-17T18:39:12Z,USA: District of Columbia,urine,clinical,,,,,SAMN26309238,GCA_025579925.2,"aac(3)-IId=COMPLETE,acrF=COMPLETE,blaEC-5=COMPLETE,blaTEM-1=COMPLETE,emrD=COMPLETE,gyrA_D87N=POINT,gyrA_S83L=POINT,marR_S3N=POINT,parC_S80I=POINT,parE_L416F=POINT,uhpT_E350Q=POINT",,"amikacin=S,amoxicillin-clavulanic acid=S,ampicillin=R,aztreonam=S,cefazolin=R,cefepime=S,ceftazidime=S,ceftriaxone=S,ciprofloxacin=R,ertapenem=S,gentamicin=R,imipenem=S,levofloxacin=R,meropenem=S,piperacillin-tazobactam=S,tetracycline=S,tobramycin=R,trimethoprim-sulfamethoxazole=S"
E.coli and Shigella,748931,"""748931"",""SRS15352125""",,PDT001443589.2,2022-10-17T19:33:21Z,USA: District of Columbia,urine,clinical,,PDS000194248.147,13.0,42.0,SAMN26309195,GCA_025580205.2,"acrF=COMPLETE,blaEC-5=COMPLETE,dfrA17=COMPLETE,emrD=COMPLETE,gyrA_D87N=POINT,gyrA_S83L=POINT,marR_S3N=POINT,parC_S80I=POINT,parE_L416F=POINT,tet(B)=COMPLETE,uhpT_E350Q=POINT",,"amikacin=S,amoxicillin-clavulanic acid=S,ampicillin=S,aztreonam=S,cefazolin=S,cefepime=S,ceftazidime=S,ceftriaxone=S,ciprofloxacin=R,ertapenem=S,gentamicin=S,imipenem=S,levofloxacin=R,meropenem=S,piperacillin-tazobactam=S,tetracycline=R,tobramycin=S,trimethoprim-sulfamethoxazole=R"
E.coli and Shigella,750595,"""750595"",""SRS15352144""",,PDT001443594.2,2022-10-17T18:53:49Z,USA: District of Columbia,wound,clinical,,PDS000071814.74,21.0,22.0,SAMN26308570,GCA_025580385.2,"acrF=COMPLETE,blaEC=COMPLETE,blaTEM-1=COMPLETE,emrD=COMPLETE,gyrA_D87N=POINT,gyrA_S83L=POINT,marR_S3N=POINT,parC_S80I=POINT,parE_L416F=POINT,uhpT_E350Q=POINT",,"amikacin=S,amoxicillin-clavulanic acid=S,ampicillin=R,aztreonam=S,cefazolin=S,cefepime=S,ceftazidime=S,ceftriaxone=S,ciprofloxacin=R,ertapenem=S,gentamicin=S,imipenem=S,levofloxacin=R,meropenem=S,piperacillin-tazobactam=S,tetracycline=S,tobramycin=S,trimethoprim-sulfamethoxazole=S"
E.coli and Shigella,822886,"""822886"",""SRS15359984""",,PDT001443597.2,2022-10-17T19:18:23Z,USA: District of Columbia,urine,clinical,,,,,SAMN26308886,GCA_025580465.2,"acrF=COMPLETE,blaEC=COMPLETE,blaTEM-1=COMPLETE,emrD=COMPLETE,gyrA_D87N=POINT,gyrA_S83L=POINT,mdtM=COMPLETE,parC_E84V=POINT,parC_S80I=POINT,parE_I529L=POINT,ptsI_V25I=POINT,uhpT_E350Q=POINT",,"amikacin=S,amoxicillin-clavulanic acid=S,ampicillin=R,aztreonam=S,cefazolin=S,cefepime=S,ceftazidime=S,ceftriaxone=S,ciprofloxacin=R,ertapenem=S,gentamicin=S,imipenem=S,levofloxacin=R,meropenem=S,piperacillin-tazobactam=S,tetracycline=S,tobramycin=S,trimethoprim-sulfamethoxazole=S"
E.coli and Shigella,730365,"""730365"",""SRS15348323""",,PDT001443600.2,2022-10-17T20:19:12Z,USA: District of Columbia,urine,clinical,,PDS000039892.123,20.0,61.0,SAMN26304497,GCA_025580545.2,"aac(6')-Ib-cr5=COMPLETE,acrF=COMPLETE,blaCTX-M-15=COMPLETE,blaEC=COMPLETE,blaOXA-1=COMPLETE,catB3=PARTIAL_END_OF_CONTIG,emrD=COMPLETE,gyrA_D87N=POINT,gyrA_S83L=POINT,mdtM=COMPLETE,parC_E84V=POINT,parC_S80I=POINT,parE_I529L=POINT,ptsI_V25I=POINT,tet(A)=COMPLETE,uhpT_E350Q=POINT",,"amikacin=S,amoxicillin-clavulanic acid=I,ampicillin=R,aztreonam=R,cefazolin=R,cefepime=R,ceftazidime=R,ceftriaxone=R,ciprofloxacin=R,ertapenem=S,gentamicin=S,imipenem=S,levofloxacin=R,meropenem=S,piperacillin-tazobactam=S,tetracycline=R,tobramycin=R,trimethoprim-sulfamethoxazole=S"
E.coli and Shigella,709865,"""709865"",""SRS15348420""",,PDT001443601.2,2022-10-17T20:25:12Z,USA: District of Columbia,urine,clinical,,,,,SAMN26308799,GCA_025580565.2,"acrF=COMPLETE,blaEC=COMPLETE,emrD=COMPLETE,gyrA_D87N=POINT,gyrA_S83L=POINT,mdtM=COMPLETE,parC_E84V=POINT,parC_S80I=POINT,parE_I529L=POINT,pmrB_G206D=POINT,ptsI_V25I=POINT,uhpT_E350Q=POINT",,"amikacin=S,amoxicillin-clavulanic acid=S,ampicillin=S,aztreonam=S,cefazolin=S,cefepime=S,ceftazidime=S,ceftriaxone=S,ciprofloxacin=R,ertapenem=S,gentamicin=S,imipenem=S,levofloxacin=R,meropenem=S,piperacillin-tazobactam=S,tetracycline=S,tobramycin=S,trimethoprim-sulfamethoxazole=S"
E.coli and Shigella,698990,"""698990"",""SRS15339845""",,PDT001443609.2,2022-10-17T20:11:12Z,USA: District of Columbia,Perirectal,clinical,,,,,SAMN26309385,GCA_025580725.2,"acrF=COMPLETE,blaCTX-M-15=COMPLETE,blaEC=COMPLETE,blaTEM-1=COMPLETE,gyrA_S83L=POINT,mdtM=COMPLETE,mph(A)=COMPLETE,qnrS1=COMPLETE,tet(A)=COMPLETE",,"amikacin=S,amoxicillin-clavulanic acid=S,ampicillin=R,aztreonam=I,cefazolin=R,cefepime=R,ceftazidime=R,ceftriaxone=R,ciprofloxacin=R,ertapenem=S,gentamicin=S,imipenem=S,levofloxacin=R,meropenem=S,piperacillin-tazobactam=S,tetracycline=R,tobramycin=S,trimethoprim-sulfamethoxazole=S"
E.coli and Shigella,698886,"""698886"",""SRS15339792""",,PDT001443612.2,2022-10-17T20:48:12Z,USA: District of Columbia,urine,clinical,,PDS000112833.8,1.0,28.0,SAMN26304586,GCA_025580785.2,"acrF=COMPLETE,blaCTX-M-14=COMPLETE,blaEC=COMPLETE,blaTEM-1=COMPLETE,cyaA_S352T=POINT,emrD=COMPLETE,gyrA_D87Y=POINT,gyrA_S83L=POINT,parC_S80I=POINT,parE_S458A=POINT,tet(D)=COMPLETE",,"amikacin=S,amoxicillin-clavulanic acid=I,ampicillin=R,aztreonam=I,cefazolin=R,cefepime=R,ceftazidime=S,ceftriaxone=R,ciprofloxacin=R,ertapenem=S,gentamicin=S,imipenem=S,levofloxacin=R,meropenem=S,piperacillin-tazobactam=S,tetracycline=R,tobramycin=S,trimethoprim-sulfamethoxazole=S"
E.coli and Shigella,837992,"""837992"",""SRS15360053""",,PDT001443620.2,2022-10-17T19:00:23Z,USA: District of Columbia,urine,clinical,,PDS000002968.261,5.0,44.0,SAMN26309207,GCA_025580945.2,"acrF=COMPLETE,blaEC-5=COMPLETE,blaTEM=PARTIAL,emrD=COMPLETE,gyrA_D87N=POINT,gyrA_S83L=POINT,marR_S3N=POINT,parC_S80I=POINT,parE_L416F=POINT,pmrB_V161G=POINT,uhpT_E350Q=POINT",,"amikacin=S,amoxicillin-clavulanic acid=S,ampicillin=S,aztreonam=S,cefazolin=S,cefepime=S,ceftazidime=S,ceftriaxone=S,ciprofloxacin=R,ertapenem=S,gentamicin=S,imipenem=S,levofloxacin=R,meropenem=S,piperacillin-tazobactam=S,tetracycline=S,tobramycin=S,trimethoprim-sulfamethoxazole=S"
E.coli and Shigella,767159,"""767159"",""SRS15355528""",,PDT001443626.2,2022-10-17T18:40:12Z,USA: District of Columbia,urine,clinical,,,,,SAMN26304338,GCA_025581065.2,"acrF=COMPLETE,blaEC=COMPLETE,blaTEM=PARTIAL_END_OF_CONTIG,emrD=COMPLETE,gyrA_D87N=POINT,gyrA_S83L=POINT,mdtM=COMPLETE,parC_E84V=POINT,parC_S80I=POINT,parE_I529L=POINT,ptsI_V25I=POINT,uhpT_E350Q=POINT",,"amikacin=S,amoxicillin-clavulanic acid=S,ampicillin=R,aztreonam=S,cefazolin=S,cefepime=S,ceftazidime=S,ceftriaxone=S,ciprofloxacin=R,ertapenem=S,gentamicin=S,imipenem=S,levofloxacin=R,meropenem=S,piperacillin-tazobactam=S,tetracycline=S,tobramycin=S,trimethoprim-sulfamethoxazole=S"
E.coli and Shigella,HUM3355,"""HUM3355"",""HUM3355-1"",""SRS12097378""",,PDT001463387.1,2022-10-21T13:52:16Z,Botswana: Kasane,faecal sample,clinical,,,,,SAMN26232716,GCA_025782825.1,"aac(3)-IIe=COMPLETE,aac(6')-Ib-cr5=COMPLETE,aadA1=COMPLETE,acrF=COMPLETE,aph(3'')-Ib=COMPLETE,aph(3')-Ia=COMPLETE,aph(6)-Id=COMPLETE,arr-2=COMPLETE,blaCMY-2=COMPLETE,blaCTX-M-15=COMPLETE,blaEC=COMPLETE,blaOXA-10=COMPLETE,blaOXA-1=COMPLETE,blaTEM-1=COMPLETE,blaTEMp_C32T=POINT,catA1=COMPLETE,catB3=PARTIAL,cmlA5=COMPLETE,dfrA14=COMPLETE,dfrA23=COMPLETE,dfrA5=COMPLETE,mdtM=COMPLETE,mph(A)=COMPLETE,qnrB1=COMPLETE,sul1=COMPLETE,sul2=COMPLETE,tet(A)=COMPLETE,tet(B)=COMPLETE",,"ampicillin=R,ceftriaxone=R,chloramphenicol=R,ciprofloxacin=I,ciprofloxacin=R,doxycycline=R,gentamicin=R,neomycin=R,rifampin=R,streptomycin=R,tetracycline=R,trimethoprim-sulfamethoxazole=R,trimethoprim=R"
E.coli and Shigella,780357,"""780357"",""SRS15357773""",,PDT001463392.1,2022-10-21T18:29:12Z,USA: District of Columbia,urine,clinical,,,,,SAMN26309244,GCA_025782975.2,"aadA5=COMPLETE,acrF=COMPLETE,aph(3'')-Ib=COMPLETE,aph(6)-Id=COMPLETE,blaEC-5=COMPLETE,blaTEM-1=COMPLETE,dfrA17=COMPLETE,emrD=COMPLETE,gyrA_D87N=POINT,gyrA_S83L=POINT,marR_S3N=POINT,mph(A)=COMPLETE,parC_S80I=POINT,parE_L416F=POINT,pmrB_V161G=POINT,sul1=COMPLETE,sul2=COMPLETE,tet(A)=COMPLETE,uhpT_E350Q=POINT",,"amikacin=S,amoxicillin-clavulanic acid=S,ampicillin=R,aztreonam=S,cefazolin=S,cefepime=S,ceftazidime=S,ceftriaxone=S,ciprofloxacin=R,ertapenem=S,gentamicin=S,imipenem=S,levofloxacin=R,meropenem=S,piperacillin-tazobactam=S,tetracycline=R,tobramycin=S,trimethoprim-sulfamethoxazole=R"
E.coli and Shigella,824174,"""824174"",""SRS15360131""",,PDT001463419.1,2022-10-21T18:43:11Z,USA: District of Columbia,urine,clinical,,PDS000112881.2,4.0,,SAMN26308846,GCA_025783515.2,"aac(3)-IId=COMPLETE,aadA5=COMPLETE,acrF=COMPLETE,aph(3'')-Ib=COMPLETE,aph(6)-Id=COMPLETE,blaCTX-M-15=COMPLETE,blaEC=COMPLETE,blaTEM-1=COMPLETE,dfrA17=COMPLETE,emrD=COMPLETE,gyrA_D87N=POINT,gyrA_S83L=POINT,mdtM=COMPLETE,mph(A)=COMPLETE,parC_E84V=POINT,parC_S80I=POINT,parE_I529L=POINT,ptsI_V25I=POINT,sul1=COMPLETE,sul2=COMPLETE,tet(A)=COMPLETE,uhpT_E350Q=POINT",,"amikacin=S,amoxicillin-clavulanic acid=S,ampicillin=R,aztreonam=R,cefazolin=R,cefepime=R,ceftazidime=R,ceftriaxone=R,ciprofloxacin=R,ertapenem=S,gentamicin=R,imipenem=S,levofloxacin=R,meropenem=S,piperacillin-tazobactam=S,tetracycline=R,tobramycin=I,trimethoprim-sulfamethoxazole=R"
E.coli and Shigella,750183,"""750183"",""SRS15352067""",,PDT001463422.1,2022-10-21T18:44:25Z,USA: District of Columbia,urine,clinical,,PDS000117107.116,33.0,49.0,SAMN26308827,GCA_025783575.2,"aadA5=COMPLETE,acrF=COMPLETE,blaEC=COMPLETE,blaTEM=COMPLETE,dfrA17=COMPLETE,emrD=COMPLETE,gyrA_D87N=POINT,gyrA_S83L=POINT,mdtM=COMPLETE,parC_E84V=POINT,parC_S80I=POINT,parE_I529L=POINT,ptsI_V25I=POINT,sul1=COMPLETE,uhpT_E350Q=POINT",,"amikacin=S,amoxicillin-clavulanic acid=S,ampicillin=S,aztreonam=S,cefazolin=S,cefepime=S,ceftazidime=S,ceftriaxone=S,ciprofloxacin=R,ertapenem=S,gentamicin=S,imipenem=S,levofloxacin=R,meropenem=S,piperacillin-tazobactam=S,tetracycline=S,tobramycin=S,trimethoprim-sulfamethoxazole=R"
E.coli and Shigella,780349,"""780349"",""SRS15357772""",,PDT001463424.1,2022-10-21T18:45:12Z,USA: District of Columbia,urine,clinical,,PDS000112881.2,5.0,,SAMN26308845,GCA_025783615.2,"aac(3)-IId=COMPLETE,aadA5=COMPLETE,acrF=COMPLETE,aph(3'')-Ib=COMPLETE,aph(6)-Id=COMPLETE,blaCTX-M-15=COMPLETE,blaEC=COMPLETE,blaTEM-1=COMPLETE,dfrA17=COMPLETE,emrD=COMPLETE,gyrA_D87N=POINT,gyrA_S83L=POINT,mdtM=COMPLETE,mph(A)=COMPLETE,parC_E84V=POINT,parC_S80I=POINT,parE_I529L=POINT,ptsI_V25I=POINT,sul1=COMPLETE,sul2=COMPLETE,tet(A)=COMPLETE,uhpT_E350Q=POINT",,"amikacin=S,amoxicillin-clavulanic acid=S,ampicillin=R,aztreonam=R,cefazolin=R,cefepime=R,ceftazidime=R,ceftriaxone=R,ciprofloxacin=R,ertapenem=S,gentamicin=R,imipenem=S,levofloxacin=R,meropenem=S,piperacillin-tazobactam=S,tetracycline=R,tobramycin=I,trimethoprim-sulfamethoxazole=R"
E.coli and Shigella,792777,"""792777"",""SRS15357533""",,PDT001463426.1,2022-10-21T18:46:20Z,USA: District of Columbia,urine,clinical,,PDS000117107.116,27.0,35.0,SAMN26308864,GCA_025783655.2,"aadA5=COMPLETE,acrF=COMPLETE,aph(3'')-Ib=COMPLETE,aph(6)-Id=COMPLETE,blaEC=COMPLETE,blaTEM-1=COMPLETE,dfrA17=COMPLETE,emrD=COMPLETE,gyrA_D87N=POINT,gyrA_S83L=POINT,mdtM=COMPLETE,mph(A)=COMPLETE,parC_E84V=POINT,parC_S80I=POINT,parE_I529L=POINT,ptsI_V25I=POINT,sul1=COMPLETE,sul2=COMPLETE,tet(A)=COMPLETE,uhpT_E350Q=POINT",,"amikacin=S,amoxicillin-clavulanic acid=S,ampicillin=R,aztreonam=S,cefazolin=I,cefepime=S,ceftazidime=S,ceftriaxone=S,ciprofloxacin=R,ertapenem=S,gentamicin=S,imipenem=S,levofloxacin=R,meropenem=S,piperacillin-tazobactam=S,tetracycline=R,tobramycin=S,trimethoprim-sulfamethoxazole=R"
E.coli and Shigella,782179,"""782179"",""SRS15357512""",,PDT001463433.1,2022-10-21T18:50:15Z,USA: District of Columbia,urine,clinical,,,,,SAMN26304339,GCA_025783795.2,"acrF=COMPLETE,blaEC=COMPLETE,blaTEM=PARTIAL_END_OF_CONTIG,emrD=COMPLETE,gyrA_D87N=POINT,gyrA_S83L=POINT,mdtM=COMPLETE,parC_E84V=POINT,parC_S80I=POINT,parE_I529L=POINT,ptsI_V25I=POINT,qnrB19=COMPLETE,uhpT_E350Q=POINT",,"amikacin=S,amoxicillin-clavulanic acid=S,ampicillin=R,aztreonam=S,cefazolin=R,cefepime=S,ceftazidime=S,ceftriaxone=S,ciprofloxacin=R,ertapenem=S,gentamicin=S,imipenem=S,levofloxacin=R,meropenem=S,piperacillin-tazobactam=S,tetracycline=S,tobramycin=S,trimethoprim-sulfamethoxazole=S"
E.coli and Shigella,766323,"""766323"",""SRS15355717""",,PDT001463439.1,2022-10-21T18:53:13Z,USA: District of Columbia,urine,clinical,,PDS000071814.74,21.0,32.0,SAMN26304721,GCA_025783915.2,"acrF=COMPLETE,blaEC-5=COMPLETE,blaTEM-1=COMPLETE,blaTEMp_C32T=POINT,emrD=COMPLETE,gyrA_D87N=POINT,gyrA_S83L=POINT,marR_S3N=POINT,parC_S80I=POINT,parE_L416F=POINT,uhpT_E350Q=POINT",,"amikacin=S,amoxicillin-clavulanic acid=I,ampicillin=R,aztreonam=S,cefazolin=R,cefepime=S,ceftazidime=S,ceftriaxone=S,ciprofloxacin=R,ertapenem=S,gentamicin=S,imipenem=S,levofloxacin=R,meropenem=S,piperacillin-tazobactam=S,tetracycline=S,tobramycin=S,trimethoprim-sulfamethoxazole=S"
E.coli and Shigella,771779,"""771779"",""SRS15355625""",,PDT001463443.1,2022-10-21T18:54:36Z,USA: District of Columbia,urine,clinical,,PDS000117091.382,11.0,15.0,SAMN26308880,GCA_025783995.2,"aadA5=COMPLETE,acrF=COMPLETE,aph(3'')-Ib=COMPLETE,aph(6)-Id=COMPLETE,blaCTX-M-27=COMPLETE,blaEC=COMPLETE,dfrA17=COMPLETE,emrD=COMPLETE,gyrA_D87N=POINT,gyrA_S83L=POINT,mdtM=COMPLETE,mph(A)=COMPLETE,parC_E84V=POINT,parC_S80I=POINT,parE_I529L=POINT,ptsI_V25I=POINT,sul1=COMPLETE,sul2=COMPLETE,tet(A)=COMPLETE,uhpT_E350Q=POINT",,"amikacin=S,amoxicillin-clavulanic acid=S,ampicillin=R,aztreonam=I,cefazolin=R,cefepime=I,ceftazidime=S,ceftriaxone=R,ciprofloxacin=R,ertapenem=S,gentamicin=S,imipenem=S,levofloxacin=R,meropenem=S,piperacillin-tazobactam=S,tetracycline=R,tobramycin=S,trimethoprim-sulfamethoxazole=R"
E.coli and Shigella,839062,"""839062"",""SRS15359958""",,PDT001463448.1,2022-10-21T18:57:21Z,USA: District of Columbia,urine,clinical,,,,,SAMN26304664,GCA_025784095.2,"acrF=COMPLETE,blaEC-5=COMPLETE,emrD=COMPLETE,gyrA_D87N=POINT,gyrA_S83L=POINT,marR_S3N=POINT,parC_S80I=POINT,parE_L416F=POINT,uhpT_E350Q=POINT",,"amikacin=S,amoxicillin-clavulanic acid=S,ampicillin=S,aztreonam=S,cefazolin=S,cefepime=S,ceftazidime=S,ceftriaxone=S,ciprofloxacin=R,ertapenem=S,gentamicin=S,imipenem=S,levofloxacin=R,meropenem=S,piperacillin-tazobactam=S,tetracycline=S,tobramycin=S,trimethoprim-sulfamethoxazole=S"
E.coli and Shigella,792807,"""792807"",""SRS15357536""",,PDT001463449.1,2022-10-21T18:57:30Z,USA: District of Columbia,urine,clinical,,,,,SAMN26309246,GCA_025784115.2,"acrF=COMPLETE,aph(3'')-Ib=COMPLETE,aph(6)-Id=COMPLETE,blaEC-5=COMPLETE,blaTEM-1=COMPLETE,dfrA17=COMPLETE,emrD=COMPLETE,gyrA_D87N=POINT,gyrA_S83L=POINT,marR_S3N=POINT,parC_S80I=POINT,parE_L416F=POINT,sul2=COMPLETE,tet(B)=COMPLETE,uhpT_E350Q=POINT",,"amikacin=S,amoxicillin-clavulanic acid=S,ampicillin=R,aztreonam=S,cefazolin=S,cefepime=S,ceftazidime=S,ceftriaxone=S,ciprofloxacin=R,ertapenem=S,gentamicin=S,imipenem=S,levofloxacin=R,meropenem=S,piperacillin-tazobactam=S,tetracycline=R,tobramycin=S,trimethoprim-sulfamethoxazole=R"
E.coli and Shigella,750683,"""750683"",""SRS15352155""",,PDT001463450.1,2022-10-21T18:58:12Z,USA: District of Columbia,urine,clinical,,PDS000071814.74,2.0,24.0,SAMN26308566,GCA_025784135.2,"acrF=COMPLETE,blaEC-5=COMPLETE,blaTEM-1=COMPLETE,emrD=COMPLETE,gyrA_D87N=POINT,gyrA_S83L=POINT,marR_S3N=POINT,parC_S80I=POINT,parE_L416F=POINT,uhpT_E350Q=POINT",,"amikacin=S,amoxicillin-clavulanic acid=S,ampicillin=R,aztreonam=S,cefazolin=S,cefepime=S,ceftazidime=S,ceftriaxone=S,ciprofloxacin=R,ertapenem=S,gentamicin=S,imipenem=S,levofloxacin=R,meropenem=S,piperacillin-tazobactam=S,tetracycline=S,tobramycin=S,trimethoprim-sulfamethoxazole=S"
E.coli and Shigella,836868,"""836868"",""SRS15359981""",,PDT001463470.1,2022-10-21T19:08:12Z,USA: District of Columbia,urine,clinical,,,,,SAMN26304319,GCA_025784785.2,"aadA5=COMPLETE,acrF=COMPLETE,blaEC=COMPLETE,blaTEM-1=COMPLETE,cyaA_S352T=POINT,dfrA17=COMPLETE,emrD=COMPLETE,gyrA_D87N=POINT,gyrA_S83L=POINT,mdtM=COMPLETE,mph(A)=MISTRANSLATION,parC_S80I=POINT,parE_S458A=POINT,sul1=COMPLETE",,"amikacin=S,amoxicillin-clavulanic acid=S,ampicillin=R,aztreonam=S,cefazolin=R,cefepime=S,ceftazidime=S,ceftriaxone=S,ciprofloxacin=R,ertapenem=S,gentamicin=S,imipenem=S,levofloxacin=R,meropenem=S,piperacillin-tazobactam=S,tetracycline=S,tobramycin=S,trimethoprim-sulfamethoxazole=R"
E.coli and Shigella,709437,"""709437"",""SRS15339880""",,PDT001463473.1,2022-10-21T19:09:40Z,USA: District of Columbia,urine,clinical,,PDS000112768.2,5.0,,SAMN26308796,GCA_025784965.2,"aadA5=COMPLETE,acrF=COMPLETE,blaEC=COMPLETE,blaTEM-1=COMPLETE,dfrA17=COMPLETE,emrD=COMPLETE,gyrA_D87N=POINT,gyrA_S83L=POINT,mdtM=COMPLETE,mph(A)=COMPLETE,parC_E84V=POINT,parC_S80I=POINT,parE_I529L=POINT,ptsI_V25I=POINT,sul1=COMPLETE,uhpT_E350Q=POINT",,"amikacin=S,amoxicillin-clavulanic acid=S,ampicillin=R,aztreonam=S,cefazolin=I,cefepime=S,ceftazidime=S,ceftriaxone=S,ciprofloxacin=R,ertapenem=S,gentamicin=S,imipenem=S,levofloxacin=R,meropenem=S,piperacillin-tazobactam=S,tetracycline=S,tobramycin=S,trimethoprim-sulfamethoxazole=R"
E.coli and Shigella,735197,"""735197"",""SRS15348350""",,PDT001463474.1,2022-10-21T19:09:53Z,USA: District of Columbia,urine,clinical,,PDS000112703.2,4.0,,SAMN26308809,GCA_025785025.2,"acrF=COMPLETE,blaEC=COMPLETE,blaTEM-1=COMPLETE,emrD=COMPLETE,gyrA_D87N=POINT,gyrA_S83L=POINT,mdtM=COMPLETE,parC_E84V=POINT,parC_S80I=POINT,parE_I529L=POINT,ptsI_V25I=POINT,soxR_G121D=POINT,uhpT_E350Q=POINT",,"amikacin=S,amoxicillin-clavulanic acid=S,ampicillin=R,aztreonam=S,cefazolin=R,cefepime=S,ceftazidime=S,ceftriaxone=S,ciprofloxacin=R,ertapenem=S,gentamicin=S,imipenem=S,levofloxacin=R,meropenem=S,piperacillin-tazobactam=S,tetracycline=I,tobramycin=S,trimethoprim-sulfamethoxazole=S"
E.coli and Shigella,792735,"""792735"",""SRS15357528""",,PDT001463477.1,2022-10-21T19:11:30Z,USA: District of Columbia,urine,clinical,,,,,SAMN26304845,GCA_025785165.2,"acrF=COMPLETE,aph(3'')-Ib=COMPLETE,aph(6)-Id=COMPLETE,blaCTX-M=COMPLETE,blaEC=COMPLETE,cyaA_S352T=POINT,emrD=COMPLETE,gyrA_D87Y=POINT,gyrA_S83L=POINT,parC_S80I=POINT,parE_S458A=POINT,sul2=COMPLETE",,"amikacin=S,amoxicillin-clavulanic acid=R,ampicillin=R,aztreonam=S,cefazolin=R,cefepime=I,ceftazidime=S,ceftriaxone=I,ciprofloxacin=R,ertapenem=S,gentamicin=S,imipenem=S,levofloxacin=R,meropenem=S,piperacillin-tazobactam=S,tetracycline=S,tobramycin=S,trimethoprim-sulfamethoxazole=R"
E.coli and Shigella,735445,"""735445"",""SRS15348411""",,PDT001463478.1,2022-10-21T19:12:12Z,USA: District of Columbia,urine,clinical,,PDS000135731.6,36.0,,SAMN26305137,GCA_025785185.2,"acrF=COMPLETE,blaEC=COMPLETE,cyaA_S352T=POINT,dfrA14=COMPLETE,emrD=COMPLETE,gyrA_D87N=POINT,gyrA_S83L=POINT,mdtM=COMPLETE,mph(A)=COMPLETE,parC_S80I=POINT,sul2=COMPLETE,tet(B)=COMPLETE",,"amikacin=S,amoxicillin-clavulanic acid=S,ampicillin=R,aztreonam=S,cefazolin=S,cefepime=S,ceftazidime=S,ceftriaxone=S,ciprofloxacin=R,ertapenem=S,gentamicin=S,imipenem=S,levofloxacin=R,meropenem=S,piperacillin-tazobactam=S,tetracycline=R,tobramycin=S,trimethoprim-sulfamethoxazole=R"
E.coli and Shigella,771825,"""771825"",""SRS15355627""",,PDT001463483.1,2022-10-21T19:14:21Z,USA: District of Columbia,blood,clinical,,,,,SAMN26308852,GCA_025785285.2,"aac(6')-Ib-cr5=COMPLETE,acrF=COMPLETE,blaEC=COMPLETE,blaOXA-1=COMPLETE,blaTEM-1=COMPLETE,catB3=PARTIAL_END_OF_CONTIG,emrD=COMPLETE,gyrA_D87N=POINT,gyrA_S83L=POINT,mdtM=COMPLETE,parC_E84V=POINT,parC_S80I=POINT,parE_I529L=POINT,ptsI_V25I=POINT,uhpT_E350Q=POINT",,"amikacin=S,amoxicillin-clavulanic acid=I,ampicillin=R,aztreonam=S,cefazolin=I,cefepime=S,ceftazidime=S,ceftriaxone=S,ciprofloxacin=R,ertapenem=S,gentamicin=S,imipenem=S,levofloxacin=R,meropenem=S,piperacillin-tazobactam=S,tetracycline=S,tobramycin=R,trimethoprim-sulfamethoxazole=S"
E.coli and Shigella,730517,"""730517"",""SRS15348170""",,PDT001463484.1,2022-10-21T19:15:11Z,USA: District of Columbia,urine,clinical,,,,,SAMN26308455,GCA_025785305.2,"acrF=COMPLETE,blaCTX-M-15=COMPLETE,blaEC=COMPLETE,blaTEM=PARTIAL_END_OF_CONTIG,cyaA_S352T=POINT,emrD=COMPLETE,gyrA_D87N=POINT,gyrA_S83L=POINT,mdtM=COMPLETE,nfsA_G126R=POINT,parC_S80I=POINT,parE_S458A=POINT,tet(A)=COMPLETE",,"amikacin=S,amoxicillin-clavulanic acid=I,ampicillin=R,aztreonam=R,cefazolin=R,cefepime=R,ceftazidime=R,ceftriaxone=R,ciprofloxacin=R,ertapenem=S,gentamicin=S,imipenem=S,levofloxacin=R,meropenem=S,piperacillin-tazobactam=S,tetracycline=R,tobramycin=S,trimethoprim-sulfamethoxazole=S"
E.coli and Shigella,792697,"""792697"",""SRS15357524""",,PDT001463496.1,2022-10-21T19:21:12Z,USA: District of Columbia,urine,clinical,,PDS000112785.2,7.0,,SAMN26309203,GCA_025785545.2,"aadA5=COMPLETE,acrF=COMPLETE,aph(3'')-Ib=COMPLETE,aph(6)-Id=COMPLETE,blaEC-5=COMPLETE,blaTEM-1=COMPLETE,dfrA17=COMPLETE,emrD=COMPLETE,gyrA_D87N=POINT,gyrA_S83L=POINT,mph(A)=COMPLETE,parC_S80I=POINT,parE_L416F=POINT,sul1=COMPLETE,sul2=COMPLETE,tet(A)=COMPLETE,uhpT_E350Q=POINT",,"amikacin=S,amoxicillin-clavulanic acid=S,ampicillin=R,aztreonam=S,cefazolin=R,cefepime=S,ceftazidime=S,ceftriaxone=S,ciprofloxacin=R,ertapenem=S,gentamicin=S,imipenem=S,levofloxacin=R,meropenem=S,piperacillin-tazobactam=S,tetracycline=R,tobramycin=S,trimethoprim-sulfamethoxazole=R"
E.coli and Shigella,792903,"""792903"",""SRS15357651""",,PDT001463499.1,2022-10-21T19:22:21Z,USA: District of Columbia,urine,clinical,,,,,SAMN26309248,GCA_025785605.2,"aac(3)-IId=COMPLETE,aadA5=COMPLETE,acrF=COMPLETE,blaCTX-M-55=COMPLETE,blaEC-5=COMPLETE,blaTEM-1=COMPLETE,dfrA17=COMPLETE,emrD=COMPLETE,gyrA_D87N=POINT,gyrA_S83L=POINT,marR_S3N=POINT,mph(A)=COMPLETE,parC_S80I=POINT,parE_L416F=POINT,sul1=COMPLETE,uhpT_E350Q=POINT",,"amikacin=S,amoxicillin-clavulanic acid=S,ampicillin=R,aztreonam=R,cefazolin=R,cefepime=R,ceftazidime=R,ceftriaxone=R,ciprofloxacin=R,ertapenem=S,gentamicin=R,imipenem=S,levofloxacin=R,meropenem=S,piperacillin-tazobactam=S,tetracycline=S,tobramycin=I,trimethoprim-sulfamethoxazole=R"
E.coli and Shigella,792881,"""792881"",""SRS15357649""",,PDT001463500.1,2022-10-21T19:23:14Z,USA: District of Columbia,urine,clinical,,PDS000112885.2,2.0,,SAMN26309247,GCA_025785625.2,"acrF=COMPLETE,aph(3'')-Ib=COMPLETE,aph(6)-Id=COMPLETE,blaEC-5=COMPLETE,blaTEM-1=COMPLETE,dfrA17=COMPLETE,emrD=COMPLETE,gyrA_D87N=POINT,gyrA_S83L=POINT,marR_S3N=POINT,parC_S80I=POINT,parE_L416F=POINT,sul2=COMPLETE,tet(B)=COMPLETE,uhpT_E350Q=POINT",,"amikacin=S,amoxicillin-clavulanic acid=S,ampicillin=R,aztreonam=S,cefazolin=S,cefepime=S,ceftazidime=S,ceftriaxone=S,ciprofloxacin=R,ertapenem=S,gentamicin=S,imipenem=S,levofloxacin=R,meropenem=S,piperacillin-tazobactam=S,tetracycline=R,tobramycin=S,trimethoprim-sulfamethoxazole=R"
E.coli and Shigella,837048,"""837048"",""SRS15359887""",,PDT001463505.1,2022-10-21T19:25:21Z,USA: District of Columbia,urine,clinical,,PDS000121371.2,0.0,,SAMN26304621,GCA_025785725.2,"aac(6')-Ib-cr5=COMPLETE,aadA5=COMPLETE,acrF=COMPLETE,aph(3'')-Ib=COMPLETE,aph(6)-Id=COMPLETE,blaCTX-M-15=COMPLETE,blaEC=COMPLETE,blaOXA-1=COMPLETE,catB3=PARTIAL_END_OF_CONTIG,dfrA17=COMPLETE,dfrA51=COMPLETE,emrD=COMPLETE,gyrA_D87N=POINT,gyrA_S83L=POINT,mdtM=COMPLETE,mph(A)=COMPLETE,parC_E84V=POINT,parC_S80I=POINT,parE_I529L=POINT,ptsI_V25I=POINT,sul1=COMPLETE,sul2=COMPLETE,tet(A)=COMPLETE,uhpT_E350Q=POINT",,"amikacin=S,amoxicillin-clavulanic acid=I,ampicillin=R,aztreonam=R,cefazolin=R,cefepime=R,ceftazidime=R,ceftriaxone=R,ciprofloxacin=R,ertapenem=S,gentamicin=S,imipenem=S,levofloxacin=R,meropenem=S,piperacillin-tazobactam=S,tetracycline=R,tobramycin=R,trimethoprim-sulfamethoxazole=R"
E.coli and Shigella,750503,"""750503"",""SRS15352134""",,PDT001463508.1,2022-10-21T19:27:12Z,USA: District of Columbia,urine,clinical,,PDS000121364.1,0.0,,SAMN26309366,GCA_025785785.2,"aadA5=COMPLETE,acrF=COMPLETE,aph(3'')-Ib=COMPLETE,aph(6)-Id=COMPLETE,blaEC=COMPLETE,blaTEM-1=COMPLETE,dfrA17=COMPLETE,gyrA_D87N=POINT,gyrA_S83L=POINT,mdtM=COMPLETE,mph(A)=COMPLETE,parC_A56T=POINT,parC_S80I=POINT,sul1=COMPLETE,sul2=COMPLETE,tet(B)=COMPLETE",,"amikacin=S,amoxicillin-clavulanic acid=I,ampicillin=R,aztreonam=S,cefazolin=R,cefepime=S,ceftazidime=S,ceftriaxone=S,ciprofloxacin=R,ertapenem=S,gentamicin=S,imipenem=S,levofloxacin=R,meropenem=S,piperacillin-tazobactam=I,tetracycline=R,tobramycin=S,trimethoprim-sulfamethoxazole=R"
E.coli and Shigella,807446,"""807446"",""SRS15358657""",,PDT001463510.1,2022-10-21T19:28:12Z,USA: District of Columbia,urine,clinical,,PDS000112754.4,11.0,,SAMN26308773,GCA_025785825.2,"acrF=COMPLETE,blaEC=COMPLETE,blaTEM-1=COMPLETE,dfrA5=COMPLETE,emrD=COMPLETE,gyrA_D87N=POINT,gyrA_S83L=POINT,mdtM=COMPLETE,mph(A)=COMPLETE,parC_E84V=POINT,parC_S80I=POINT,parE_I529L=POINT,ptsI_V25I=POINT,sul1=COMPLETE,uhpT_E350Q=POINT",,"amikacin=S,amoxicillin-clavulanic acid=S,ampicillin=R,aztreonam=S,cefazolin=I,cefepime=S,ceftazidime=S,ceftriaxone=S,ciprofloxacin=R,ertapenem=S,gentamicin=S,imipenem=S,levofloxacin=R,meropenem=S,piperacillin-tazobactam=S,tetracycline=S,tobramycin=S,trimethoprim-sulfamethoxazole=R"
E.coli and Shigella,780331,"""780331"",""SRS15357771""",,PDT001463516.1,2022-10-21T19:31:12Z,USA: District of Columbia,urine,clinical,,PDS000121399.1,5.0,,SAMN26305200,GCA_025785945.2,"aac(3)-IId=COMPLETE,aadA5=COMPLETE,acrF=COMPLETE,blaEC=COMPLETE,blaTEM-1=COMPLETE,cyaA_S352T=POINT,dfrA17=COMPLETE,emrD=COMPLETE,gyrA_D87N=POINT,gyrA_S83L=POINT,mdtM=COMPLETE,parC_S80I=POINT",,"amikacin=S,amoxicillin-clavulanic acid=S,ampicillin=R,aztreonam=S,cefazolin=I,cefepime=S,ceftazidime=S,ceftriaxone=S,ciprofloxacin=R,ertapenem=S,gentamicin=R,imipenem=S,levofloxacin=R,meropenem=S,piperacillin-tazobactam=S,tetracycline=S,tobramycin=I,trimethoprim-sulfamethoxazole=S"
E.coli and Shigella,792929,"""792929"",""SRS15357653""",,PDT001463541.1,2022-10-21T19:43:21Z,USA: District of Columbia,urine,clinical,,PDS000112768.2,5.0,,SAMN26308868,GCA_025786445.2,"aadA5=COMPLETE,acrF=COMPLETE,blaEC=COMPLETE,blaTEM-1=COMPLETE,dfrA17=COMPLETE,emrD=COMPLETE,gyrA_D87N=POINT,gyrA_S83L=POINT,mdtM=COMPLETE,mph(A)=COMPLETE,parC_E84V=POINT,parC_S80I=POINT,parE_I529L=POINT,ptsI_V25I=POINT,sul1=COMPLETE,uhpT_E350Q=POINT",,"amikacin=S,amoxicillin-clavulanic acid=S,ampicillin=R,aztreonam=S,cefazolin=I,cefepime=S,ceftazidime=S,ceftriaxone=S,ciprofloxacin=R,ertapenem=S,gentamicin=S,imipenem=S,levofloxacin=R,meropenem=S,piperacillin-tazobactam=S,tetracycline=S,tobramycin=S,trimethoprim-sulfamethoxazole=R"
E.coli and Shigella,824270,"""824270"",""SRS15360141""",,PDT001463543.1,2022-10-21T19:45:12Z,USA: District of Columbia,urine,clinical,,PDS000121367.3,0.0,,SAMN26304443,GCA_025786485.2,"aadA5=COMPLETE,acrF=COMPLETE,aph(3'')-Ib=COMPLETE,aph(6)-Id=COMPLETE,blaEC=COMPLETE,blaTEM-1=COMPLETE,catA1=PARTIAL_END_OF_CONTIG,dfrA17=COMPLETE,gyrA_D87N=POINT,gyrA_S83L=POINT,mdtM=COMPLETE,parC_S80I=POINT,sul2=COMPLETE,tet(B)=COMPLETE",,"amikacin=S,amoxicillin-clavulanic acid=S,ampicillin=R,aztreonam=S,cefazolin=S,cefepime=S,ceftazidime=S,ceftriaxone=S,ciprofloxacin=R,ertapenem=S,gentamicin=S,imipenem=S,levofloxacin=R,meropenem=S,piperacillin-tazobactam=S,tetracycline=R,tobramycin=S,trimethoprim-sulfamethoxazole=R"
E.coli and Shigella,730487,"""730487"",""SRS15348166""",,PDT001463544.1,2022-10-21T19:45:21Z,USA: District of Columbia,urine,clinical,,,,,SAMN26308429,GCA_025786505.2,"aac(3)-IIe=COMPLETE,acrF=COMPLETE,blaDHA-1=COMPLETE,blaEC=COMPLETE,blaTEM-1=COMPLETE,cyaA_S352T=POINT,dfrA17=COMPLETE,emrD=COMPLETE,gyrA_S83L=POINT,mph(A)=COMPLETE,parC_S80I=POINT,qnrB4=COMPLETE,sul1=COMPLETE",,"amikacin=S,amoxicillin-clavulanic acid=R,ampicillin=R,aztreonam=S,cefazolin=R,cefepime=S,ceftazidime=S,ceftriaxone=S,ciprofloxacin=R,ertapenem=S,gentamicin=R,imipenem=S,levofloxacin=S,meropenem=S,piperacillin-tazobactam=S,tetracycline=S,tobramycin=I,trimethoprim-sulfamethoxazole=S"
E.coli and Shigella,766307,"""766307"",""SRS15355715""",,PDT001463550.1,2022-10-21T19:48:12Z,USA: District of Columbia,urine,clinical,,PDS000112833.8,0.0,27.0,SAMN26304843,GCA_025786625.2,"acrF=COMPLETE,blaCTX-M-14=COMPLETE,blaEC=COMPLETE,blaTEM-1=COMPLETE,cyaA_S352T=POINT,emrD=COMPLETE,gyrA_D87Y=POINT,gyrA_S83L=POINT,parC_S80I=POINT,parE_S458A=POINT,tet(D)=COMPLETE",,"amikacin=S,amoxicillin-clavulanic acid=I,ampicillin=R,aztreonam=S,cefazolin=R,cefepime=R,ceftazidime=S,ceftriaxone=R,ciprofloxacin=R,ertapenem=S,gentamicin=S,imipenem=S,levofloxacin=R,meropenem=S,piperacillin-tazobactam=S,tetracycline=R,tobramycin=S,trimethoprim-sulfamethoxazole=S"
E.coli and Shigella,780155,"""780155"",""SRS15357751""",,PDT001463551.1,2022-10-21T19:48:22Z,USA: District of Columbia,urine,clinical,,PDS000112798.2,14.0,,SAMN26304715,GCA_025786645.2,"acrF=COMPLETE,aph(3'')-Ib=COMPLETE,aph(6)-Id=COMPLETE,blaEC=COMPLETE,blaTEM-1=COMPLETE,cyaA_S352T=POINT,dfrA14=COMPLETE,emrD=COMPLETE,gyrA_S83L=POINT,mdtM=COMPLETE,mph(A)=COMPLETE,parC_S80I=POINT,sul2=COMPLETE,tet(B)=COMPLETE",,"amikacin=S,amoxicillin-clavulanic acid=S,ampicillin=R,aztreonam=S,cefazolin=S,cefepime=S,ceftazidime=S,ceftriaxone=S,ciprofloxacin=R,ertapenem=S,gentamicin=S,imipenem=S,levofloxacin=S,meropenem=S,piperacillin-tazobactam=S,tetracycline=R,tobramycin=S,trimethoprim-sulfamethoxazole=R"
E.coli and Shigella,735139,"""735139"",""SRS15348344""",,PDT001463557.1,2022-10-21T19:51:32Z,USA: District of Columbia,urine,clinical,,,,,SAMN26308807,GCA_025786775.2,"acrF=COMPLETE,blaEC=COMPLETE,emrD=COMPLETE,gyrA_D87N=POINT,gyrA_S83L=POINT,mdtM=COMPLETE,parC_E84V=POINT,parC_S80I=POINT,parE_I529L=POINT,ptsI_V25I=POINT,uhpT_E350Q=POINT",,"amikacin=S,amoxicillin-clavulanic acid=S,ampicillin=S,aztreonam=S,cefazolin=S,cefepime=S,ceftazidime=S,ceftriaxone=S,ciprofloxacin=R,ertapenem=S,gentamicin=S,imipenem=S,levofloxacin=R,meropenem=S,piperacillin-tazobactam=S,tetracycline=S,tobramycin=S,trimethoprim-sulfamethoxazole=S"
E.coli and Shigella,792865,"""792865"",""SRS15357646""",,PDT001463568.1,2022-10-21T19:57:12Z,USA: District of Columbia,urine,clinical,,,,,SAMN26304583,GCA_025786995.2,"aadA5=COMPLETE,acrF=COMPLETE,aph(3'')-Ib=COMPLETE,aph(6)-Id=COMPLETE,blaEC-5=COMPLETE,blaTEM-1=COMPLETE,dfrA17=COMPLETE,emrD=COMPLETE,gyrA_D87N=POINT,gyrA_S83L=POINT,marR_S3N=POINT,mph(A)=COMPLETE,parC_S80I=POINT,parE_L416F=POINT,sul1=COMPLETE,sul2=COMPLETE,tet(A)=COMPLETE,uhpT_E350Q=POINT",,"amikacin=S,amoxicillin-clavulanic acid=S,ampicillin=R,aztreonam=S,cefazolin=S,cefepime=S,ceftazidime=S,ceftriaxone=S,ciprofloxacin=R,ertapenem=S,gentamicin=S,imipenem=S,levofloxacin=R,meropenem=S,piperacillin-tazobactam=S,tetracycline=R,tobramycin=S,trimethoprim-sulfamethoxazole=R"
E.coli and Shigella,839134,"""839134"",""SRS15359965""",,PDT001463576.1,2022-10-21T20:01:15Z,USA: District of Columbia,urine,clinical,,,,,SAMN26304509,GCA_025787165.2,"acrF=PARTIAL,blaEC=COMPLETE,emrD=COMPLETE,uhpT_E350Q=POINT",,"amikacin=S,amoxicillin-clavulanic acid=S,ampicillin=R,aztreonam=S,cefazolin=S,cefepime=S,ceftazidime=S,ceftriaxone=S,ciprofloxacin=R,ertapenem=S,gentamicin=S,imipenem=S,levofloxacin=R,meropenem=S,piperacillin-tazobactam=S,tetracycline=R,tobramycin=S,trimethoprim-sulfamethoxazole=S"
E.coli and Shigella,766479,"""766479"",""SRS15355733""",,PDT001463583.1,2022-10-21T20:05:12Z,USA: District of Columbia,urine,clinical,,PDS000194248.147,3.0,41.0,SAMN26304876,GCA_025787555.2,"acrF=COMPLETE,aph(3'')-Ib=COMPLETE,aph(6)-Id=COMPLETE,blaEC-5=COMPLETE,blaTEM-1=COMPLETE,dfrA17=COMPLETE,emrD=COMPLETE,gyrA_D87N=POINT,gyrA_S83L=POINT,marR_S3N=POINT,mph(A)=COMPLETE,parC_S80I=POINT,parE_L416F=POINT,sul2=COMPLETE,tet(B)=COMPLETE,uhpT_E350Q=POINT",,"amikacin=S,amoxicillin-clavulanic acid=S,ampicillin=R,aztreonam=S,cefazolin=I,cefepime=S,ceftazidime=S,ceftriaxone=S,ciprofloxacin=R,ertapenem=S,gentamicin=S,imipenem=S,levofloxacin=R,meropenem=S,piperacillin-tazobactam=S,tetracycline=R,tobramycin=S,trimethoprim-sulfamethoxazole=R"
E.coli and Shigella,837022,"""837022"",""SRS15359885""",,PDT001463586.1,2022-10-21T20:06:22Z,USA: District of Columbia,urine,clinical,,PDS000112879.2,5.0,,SAMN26304555,GCA_025787705.2,"acrF=COMPLETE,blaEC=COMPLETE,blaTEM-1=COMPLETE,emrD=COMPLETE,gyrA_D87N=POINT,gyrA_S83L=POINT,mdtM=COMPLETE,parC_E84V=POINT,parC_S80I=POINT,parE_I529L=POINT,ptsI_V25I=POINT,uhpT_E350Q=POINT",,"amikacin=S,amoxicillin-clavulanic acid=S,ampicillin=R,aztreonam=S,cefazolin=S,cefepime=S,ceftazidime=S,ceftriaxone=S,ciprofloxacin=R,ertapenem=S,gentamicin=S,imipenem=S,levofloxacin=R,meropenem=S,piperacillin-tazobactam=S,tetracycline=S,tobramycin=S,trimethoprim-sulfamethoxazole=S"
E.coli and Shigella,780201,"""780201"",""SRS15357756""",,PDT001463591.1,2022-10-21T20:09:12Z,USA: District of Columbia,urine,clinical,,PDS000121371.2,1.0,,SAMN26304556,GCA_025787975.2,"aac(6')-Ib-cr5=COMPLETE,aadA5=COMPLETE,acrF=COMPLETE,aph(3'')-Ib=COMPLETE,aph(6)-Id=COMPLETE,blaCTX-M-15=COMPLETE,blaEC=COMPLETE,blaOXA-1=COMPLETE,catB3=PARTIAL_END_OF_CONTIG,dfrA17=COMPLETE,dfrA51=COMPLETE,emrD=COMPLETE,gyrA_D87N=POINT,gyrA_S83L=POINT,mdtM=COMPLETE,mph(A)=COMPLETE,parC_E84V=POINT,parC_S80I=POINT,parE_I529L=POINT,ptsI_V25I=POINT,sul1=COMPLETE,sul2=COMPLETE,tet(A)=COMPLETE,uhpT_E350Q=POINT",,"amikacin=S,amoxicillin-clavulanic acid=I,ampicillin=R,aztreonam=R,cefazolin=R,cefepime=R,ceftazidime=R,ceftriaxone=R,ciprofloxacin=R,ertapenem=S,gentamicin=S,imipenem=S,levofloxacin=R,meropenem=S,piperacillin-tazobactam=S,tetracycline=R,tobramycin=R,trimethoprim-sulfamethoxazole=R"
E.coli and Shigella,824430,"""824430"",""SRS15359997""",,PDT001463596.1,2022-10-21T20:11:21Z,USA: District of Columbia,urine,clinical,,PDS000225708.26,23.0,34.0,SAMN26304908,GCA_025788085.2,"aac(6')-Ib-cr5=COMPLETE,aadA5=COMPLETE,acrF=COMPLETE,blaCTX-M-15=COMPLETE,blaEC=COMPLETE,blaOXA-1=COMPLETE,catB3=PARTIAL_END_OF_CONTIG,dfrA17=COMPLETE,emrD=COMPLETE,gyrA_D87N=POINT,gyrA_S83L=POINT,mph(A)=COMPLETE,parC_E84V=POINT,parC_S80I=POINT,parE_I529L=POINT,ptsI_V25I=POINT,sul1=COMPLETE,tet(A)=COMPLETE,uhpT_E350Q=POINT",,"amikacin=S,amoxicillin-clavulanic acid=I,ampicillin=R,aztreonam=S,cefazolin=R,cefepime=S,ceftazidime=S,ceftriaxone=R,ciprofloxacin=R,ertapenem=S,gentamicin=S,imipenem=S,levofloxacin=R,meropenem=S,piperacillin-tazobactam=S,tetracycline=R,tobramycin=R,trimethoprim-sulfamethoxazole=R"
E.coli and Shigella,705133,"""705133"",""SRS15339914""",,PDT001463604.1,2022-10-21T20:16:12Z,USA: District of Columbia,urine,clinical,,PDS000112750.2,2.0,,SAMN26308801,GCA_025788255.2,"aac(3)-IIe=COMPLETE,aac(6')-Ib-cr5=COMPLETE,acrF=COMPLETE,blaCTX-M-15=COMPLETE,blaEC=COMPLETE,blaOXA-1=COMPLETE,blaTEM-1=COMPLETE,catB3=PARTIAL_END_OF_CONTIG,emrD=COMPLETE,gyrA_D87N=POINT,gyrA_S83L=POINT,mdtM=COMPLETE,parC_E84V=POINT,parC_S80I=POINT,parE_I529L=POINT,ptsI_V25I=POINT,tet(A)=COMPLETE,uhpT_E350Q=POINT",,"amikacin=S,amoxicillin-clavulanic acid=I,ampicillin=R,aztreonam=R,cefazolin=R,cefepime=I,ceftazidime=I,ceftriaxone=R,ciprofloxacin=R,ertapenem=S,gentamicin=R,imipenem=S,levofloxacin=R,meropenem=S,piperacillin-tazobactam=S,tetracycline=R,tobramycin=R,trimethoprim-sulfamethoxazole=S"
E.coli and Shigella,734925,"""734925"",""SRS15348276""",,PDT001463607.1,2022-10-21T20:17:11Z,USA: District of Columbia,urine,clinical,,PDS000112829.2,3.0,,SAMN26309221,GCA_025788315.2,"acrF=COMPLETE,aph(3'')-Ib=COMPLETE,aph(6)-Id=COMPLETE,blaEC-5=COMPLETE,blaTEM-1=COMPLETE,dfrA17=COMPLETE,emrD=COMPLETE,gyrA_D87N=POINT,gyrA_S83L=POINT,marR_S3N=POINT,mph(A)=COMPLETE,parC_S80I=POINT,parE_L416F=POINT,sul2=COMPLETE,tet(B)=COMPLETE,uhpT_E350Q=POINT",,"amikacin=S,amoxicillin-clavulanic acid=S,ampicillin=R,aztreonam=S,cefazolin=S,cefepime=S,ceftazidime=S,ceftriaxone=S,ciprofloxacin=R,ertapenem=S,gentamicin=S,imipenem=S,levofloxacin=R,meropenem=S,piperacillin-tazobactam=S,tetracycline=R,tobramycin=S,trimethoprim-sulfamethoxazole=R"
E.coli and Shigella,771817,"""771817"",""SRS15355628""",,PDT001463624.1,2022-10-21T20:27:12Z,USA: District of Columbia,urine,clinical,,PDS000112790.11,2.0,,SAMN26305028,GCA_025788655.2,"aac(3)-IIe=COMPLETE,aac(6')-Ib-cr5=COMPLETE,aadA5=COMPLETE,acrF=COMPLETE,blaCTX-M-15=COMPLETE,blaEC=COMPLETE,blaOXA-1=COMPLETE,catB3=PARTIAL_END_OF_CONTIG,dfrA17=COMPLETE,emrD=COMPLETE,gyrA_D87N=POINT,gyrA_S83L=POINT,mdtM=COMPLETE,mph(A)=COMPLETE,nfsB_F84S=POINT,parC_E84V=POINT,parC_S80I=POINT,parE_I529L=POINT,ptsI_V25I=POINT,sul1=COMPLETE,uhpT_E350Q=POINT",,"amikacin=S,amoxicillin-clavulanic acid=I,ampicillin=R,aztreonam=R,cefazolin=R,cefepime=R,ceftazidime=R,ceftriaxone=R,ciprofloxacin=R,ertapenem=S,gentamicin=R,imipenem=S,levofloxacin=R,meropenem=S,piperacillin-tazobactam=S,tetracycline=S,tobramycin=R,trimethoprim-sulfamethoxazole=R"
E.coli and Shigella,807794,"""807794"",""SRS15358663""",,PDT001463629.1,2022-10-21T20:30:13Z,USA: District of Columbia,Fluid,clinical,,PDS000073029.14,0.0,,SAMN26305211,GCA_025788755.2,"aac(3)-IId=COMPLETE,aadA5=COMPLETE,acrF=COMPLETE,aph(3'')-Ib=COMPLETE,aph(6)-Id=COMPLETE,blaCTX-M-14=COMPLETE,blaEC=COMPLETE,blaTEM-1=COMPLETE,cyaA_S352T=POINT,dfrA17=COMPLETE,emrD=COMPLETE,gyrA_D87N=POINT,gyrA_S83L=POINT,mph(A)=COMPLETE,parC_E84G=POINT,parC_S80I=POINT,sul1=COMPLETE,sul2=COMPLETE,tet(A)=COMPLETE",,"amikacin=S,amoxicillin-clavulanic acid=I,ampicillin=R,aztreonam=R,cefazolin=R,cefepime=R,ceftazidime=S,ceftriaxone=R,ciprofloxacin=R,ertapenem=S,gentamicin=R,imipenem=S,levofloxacin=R,meropenem=S,piperacillin-tazobactam=S,tetracycline=R,tobramycin=I,trimethoprim-sulfamethoxazole=R"
E.coli and Shigella,750175,"""750175"",""SRS15352066""",,PDT001463639.1,2022-10-21T20:34:30Z,USA: District of Columbia,urine,clinical,,,,,SAMN26304930,GCA_025788955.2,"acrF=COMPLETE,blaEC=COMPLETE,emrD=COMPLETE,gyrA_D87N=POINT,gyrA_S83L=POINT,mdtM=COMPLETE,parC_E84V=POINT,parC_S80I=POINT,parE_I529L=POINT,ptsI_V25I=POINT,uhpT_E350Q=POINT",,"amikacin=S,amoxicillin-clavulanic acid=S,ampicillin=S,aztreonam=S,cefazolin=S,cefepime=S,ceftazidime=S,ceftriaxone=S,ciprofloxacin=R,ertapenem=S,gentamicin=S,imipenem=S,levofloxacin=R,meropenem=S,piperacillin-tazobactam=S,tetracycline=S,tobramycin=S,trimethoprim-sulfamethoxazole=S"
E.coli and Shigella,759091,"""759091"",""SRS15355699""",,PDT001463644.1,2022-10-21T20:39:12Z,USA: District of Columbia,urine,clinical,,PDS000121356.1,7.0,,SAMN26308840,GCA_025789055.2,"acrF=COMPLETE,blaEC=COMPLETE,emrD=COMPLETE,gyrA_D87N=POINT,gyrA_S83L=POINT,mdtM=COMPLETE,parC_E84V=POINT,parC_S80I=POINT,parE_I529L=POINT,ptsI_V25I=POINT,uhpT_E350Q=POINT",,"amikacin=S,amoxicillin-clavulanic acid=S,ampicillin=S,aztreonam=S,cefazolin=I,cefepime=S,ceftazidime=S,ceftriaxone=S,ciprofloxacin=R,ertapenem=S,gentamicin=S,imipenem=S,levofloxacin=R,meropenem=S,piperacillin-tazobactam=S,tetracycline=S,tobramycin=S,trimethoprim-sulfamethoxazole=S"
E.coli and Shigella,730461,"""730461"",""SRS15348164""",,PDT001463646.1,2022-10-21T20:40:13Z,USA: District of Columbia,wound,clinical,,PDS000228356.22,0.0,55.0,SAMN26308813,GCA_025789095.2,"aadA5=COMPLETE,acrF=COMPLETE,aph(3'')-Ib=COMPLETE,aph(6)-Id=COMPLETE,blaCTX-M-15=COMPLETE,blaEC=COMPLETE,blaTEM-1=COMPLETE,dfrA17=COMPLETE,emrD=COMPLETE,gyrA_D87N=POINT,gyrA_S83L=POINT,mdtM=COMPLETE,mph(A)=COMPLETE,parC_E84V=POINT,parC_S80I=POINT,parE_I529L=POINT,ptsI_V25I=POINT,sul1=COMPLETE,sul2=COMPLETE,tet(A)=COMPLETE,uhpT_E350Q=POINT",,"amikacin=S,amoxicillin-clavulanic acid=S,ampicillin=R,aztreonam=R,cefazolin=R,cefepime=R,ceftazidime=I,ceftriaxone=R,ciprofloxacin=R,ertapenem=S,gentamicin=S,imipenem=S,levofloxacin=R,meropenem=S,piperacillin-tazobactam=S,tetracycline=R,tobramycin=S,trimethoprim-sulfamethoxazole=R"
E.coli and Shigella,792751,"""792751"",""SRS15357530""",,PDT001463651.1,2022-10-21T20:42:21Z,USA: District of Columbia,urine,clinical,,,,,SAMN26309276,GCA_025789195.2,"acrF=COMPLETE,aph(3'')-Ib=COMPLETE,aph(6)-Id=COMPLETE,blaEC=COMPLETE,blaTEM-1=COMPLETE,cyaA_S352T=POINT,dfrA14=COMPLETE,emrD=COMPLETE,gyrA_D87G=POINT,gyrA_S83L=POINT,mdtM=COMPLETE,mph(A)=COMPLETE,parC_S80I=POINT,sul2=COMPLETE,tet(B)=COMPLETE",,"amikacin=S,amoxicillin-clavulanic acid=S,ampicillin=R,aztreonam=S,cefazolin=S,cefepime=S,ceftazidime=S,ceftriaxone=S,ciprofloxacin=R,ertapenem=S,gentamicin=S,imipenem=S,levofloxacin=R,meropenem=S,piperacillin-tazobactam=S,tetracycline=R,tobramycin=S,trimethoprim-sulfamethoxazole=R"
E.coli and Shigella,766487,"""766487"",""SRS15355734""",,PDT001463670.1,2022-10-21T20:52:12Z,USA: District of Columbia,urine,clinical,,PDS000122640.1,,,SAMN26309433,GCA_025789575.2,"acrF=COMPLETE,blaCTX-M-15=COMPLETE,blaEC=COMPLETE,ftsI_N337NYRIN=POINT,gyrA_D87N=POINT,gyrA_S83L=POINT,mdtM=COMPLETE,parC_S80I=POINT,parE_S458A=POINT",,"amikacin=S,amoxicillin-clavulanic acid=I,ampicillin=R,aztreonam=R,cefazolin=R,cefepime=R,ceftazidime=R,ceftriaxone=R,ciprofloxacin=R,ertapenem=S,gentamicin=S,imipenem=S,levofloxacin=R,meropenem=S,piperacillin-tazobactam=I,tetracycline=S,tobramycin=S,trimethoprim-sulfamethoxazole=S"
E.coli and Shigella,766373,"""766373"",""SRS15355721""",,PDT001463671.1,2022-10-21T20:52:22Z,USA: District of Columbia,urine,clinical,,PDS000121379.1,8.0,,SAMN26308836,GCA_025789595.2,"aac(3)-IIe=COMPLETE,aac(6')-Ib-cr5=COMPLETE,acrF=COMPLETE,blaCTX-M-15=COMPLETE,blaEC=COMPLETE,blaOXA-1=COMPLETE,catB3=PARTIAL_END_OF_CONTIG,emrD=COMPLETE,gyrA_D87N=POINT,gyrA_S83L=POINT,mdtM=COMPLETE,parC_E84V=POINT,parC_S80I=POINT,parE_I529L=POINT,ptsI_V25I=POINT,uhpT_E350Q=POINT",,"amikacin=S,amoxicillin-clavulanic acid=I,ampicillin=R,aztreonam=I,cefazolin=R,cefepime=S,ceftazidime=S,ceftriaxone=R,ciprofloxacin=R,ertapenem=S,gentamicin=R,imipenem=S,levofloxacin=R,meropenem=S,piperacillin-tazobactam=S,tetracycline=S,tobramycin=R,trimethoprim-sulfamethoxazole=S"
E.coli and Shigella,749371,"""749371"",""SRS15351956""",,PDT001463673.1,2022-10-21T20:53:21Z,USA: District of Columbia,urine,clinical,,,,,SAMN26308820,GCA_025789635.2,"acrF=COMPLETE,blaEC=COMPLETE,emrD=COMPLETE,gyrA_D87N=POINT,gyrA_S83L=POINT,mdtM=COMPLETE,parC_E84V=POINT,parC_S80I=POINT,parE_I529L=POINT,ptsI_V25I=POINT,uhpT_E350Q=POINT",,"amikacin=S,amoxicillin-clavulanic acid=S,ampicillin=S,aztreonam=S,cefazolin=S,cefepime=S,ceftazidime=S,ceftriaxone=S,ciprofloxacin=R,ertapenem=S,gentamicin=S,imipenem=S,levofloxacin=R,meropenem=S,piperacillin-tazobactam=S,tetracycline=S,tobramycin=S,trimethoprim-sulfamethoxazole=S"
E.coli and Shigella,792857,"""792857"",""SRS15357542""",,PDT001463674.1,2022-10-21T20:54:11Z,USA: District of Columbia,urine,clinical,,PDS000112679.2,4.0,,SAMN26308777,GCA_025789655.2,"aac(3)-IIe=COMPLETE,aac(6')-Ib-cr5=COMPLETE,aadA5=COMPLETE,acrF=COMPLETE,blaCTX-M-15=COMPLETE,blaEC=COMPLETE,blaOXA-1=COMPLETE,catB3=PARTIAL_END_OF_CONTIG,dfrA17=COMPLETE,emrD=COMPLETE,gyrA_D87N=POINT,gyrA_S83L=POINT,mdtM=COMPLETE,mph(A)=COMPLETE,parC_E84V=POINT,parC_S80I=POINT,parE_I529L=POINT,ptsI_V25I=POINT,sul1=COMPLETE,uhpT_E350Q=POINT",,"amikacin=S,amoxicillin-clavulanic acid=R,ampicillin=R,aztreonam=R,cefazolin=R,cefepime=R,ceftazidime=R,ceftriaxone=R,ciprofloxacin=R,ertapenem=S,gentamicin=R,imipenem=S,levofloxacin=R,meropenem=S,piperacillin-tazobactam=I,tetracycline=S,tobramycin=R,trimethoprim-sulfamethoxazole=R"
E.coli and Shigella,766269,"""766269"",""SRS15355710""",,PDT001463675.1,2022-10-21T20:54:20Z,USA: District of Columbia,urine,clinical,,PDS000112788.3,1.0,,SAMN26305207,GCA_025789675.2,"aadA5=COMPLETE,acrF=COMPLETE,aph(3'')-Ib=COMPLETE,aph(3')-Ia=COMPLETE,aph(6)-Id=COMPLETE,blaCTX-M-15=COMPLETE,blaEC=COMPLETE,cyaA_S352T=POINT,dfrA17=COMPLETE,emrD=COMPLETE,erm(B)=COMPLETE,gyrA_D87N=POINT,gyrA_S83L=POINT,mdtM=COMPLETE,mph(A)=COMPLETE,parC_S80I=POINT,parE_S458A=POINT,sul1=COMPLETE,sul2=COMPLETE,tet(B)=COMPLETE",,"amikacin=S,amoxicillin-clavulanic acid=S,ampicillin=R,aztreonam=R,cefazolin=R,cefepime=R,ceftazidime=I,ceftriaxone=R,ciprofloxacin=R,ertapenem=S,gentamicin=S,imipenem=S,levofloxacin=R,meropenem=S,piperacillin-tazobactam=S,tetracycline=R,tobramycin=S,trimethoprim-sulfamethoxazole=R"
E.coli and Shigella,698184,"""698184"",""SRS15339757""",,PDT001463676.1,2022-10-21T20:55:11Z,USA: District of Columbia,urine,clinical,,,,,SAMN26308789,GCA_025789695.2,"acrF=COMPLETE,blaEC=COMPLETE,blaTEM-1=COMPLETE,blaTEMp_C32T=POINT,emrD=COMPLETE,gyrA_D87N=POINT,gyrA_S83L=POINT,mdtM=COMPLETE,parC_E84V=POINT,parC_S80I=POINT,parE_I529L=POINT,ptsI_V25I=POINT,uhpT_E350Q=POINT",,"amikacin=S,amoxicillin-clavulanic acid=I,ampicillin=R,aztreonam=S,cefazolin=R,cefepime=S,ceftazidime=S,ceftriaxone=S,ciprofloxacin=R,ertapenem=S,gentamicin=S,imipenem=S,levofloxacin=R,meropenem=S,piperacillin-tazobactam=S,tetracycline=S,tobramycin=S,trimethoprim-sulfamethoxazole=S"
E.coli and Shigella,807550,"""807550"",""SRS15358741""",,PDT001463680.1,2022-10-21T20:57:12Z,USA: District of Columbia,urine,clinical,,PDS000194248.147,27.0,38.0,SAMN26305045,GCA_025789775.2,"acrF=COMPLETE,aph(3'')-Ib=COMPLETE,aph(6)-Id=COMPLETE,blaEC-5=COMPLETE,blaTEM-1=COMPLETE,dfrA17=COMPLETE,emrD=COMPLETE,gyrA_D87N=POINT,gyrA_S83L=POINT,marR_S3N=POINT,mph(A)=COMPLETE,parC_S80I=POINT,parE_L416F=POINT,sul2=COMPLETE,tet(B)=COMPLETE,uhpT_E350Q=POINT",,"amikacin=S,amoxicillin-clavulanic acid=S,ampicillin=R,aztreonam=S,cefazolin=S,cefepime=S,ceftazidime=S,ceftriaxone=S,ciprofloxacin=R,ertapenem=S,gentamicin=S,imipenem=S,levofloxacin=R,meropenem=S,piperacillin-tazobactam=S,tetracycline=R,tobramycin=S,trimethoprim-sulfamethoxazole=R"
E.coli and Shigella,ESBL4618,"""ESBL4618"",""WUR_ESBL_2021-ESBL4618""",,PDT001466961.1,2022-10-25T03:21:10Z,Netherlands,retail pork,environmental/other,Netherlands,,,,SAMN31087421,GCA_025827075.1,"aadA5=COMPLETE,acrF=COMPLETE,aph(3'')-Ib=PARTIAL_END_OF_CONTIG,aph(6)-Id=COMPLETE,blaCTX-M-55=COMPLETE,blaEC=COMPLETE,blaTEM-1=COMPLETE,dfrA17=COMPLETE,floR=COMPLETE,gyrA_D87N=POINT,gyrA_S83L=POINT,mdtM=COMPLETE,parC_S80I=POINT,sul2=PARTIAL_END_OF_CONTIG,tet(A)=COMPLETE,tet(B)=COMPLETE",,"amikacin=S,ampicillin=R,azithromycin=S,cefepime=R,cefotaxime-clavulanic acid=S,cefotaxime=R,cefoxitin=S,ceftazidime-clavulanic acid=S,ceftazidime=R,chloramphenicol=R,ciprofloxacin=R,colistin=S,ertapenem=S,gentamicin=S,imipenem=S,meropenem=S,nalidixic acid=R,sulfamethoxazole=R,temocillin=S,tetracycline=R,tigecycline=S,trimethoprim=R"
E.coli and Shigella,ESBL4616,"""ESBL4616"",""WUR_ESBL_2021-ESBL4616""",,PDT001466964.1,2022-10-25T03:21:28Z,Netherlands,retail chicken,environmental/other,Netherlands,,,,SAMN31087420,GCA_025827125.1,"aadA1=COMPLETE,acrF=MISTRANSLATION,blaEC=COMPLETE,blaTEM-1=COMPLETE,dfrA1=COMPLETE,gyrA_S83L=POINT,mdtM=COMPLETE,sat2=COMPLETE,sul2=COMPLETE",,"amikacin=S,ampicillin=R,azithromycin=S,cefepime=S,cefotaxime-clavulanic acid=S,cefotaxime=R,cefoxitin=S,ceftazidime-clavulanic acid=S,ceftazidime=R,chloramphenicol=S,ciprofloxacin=R,colistin=S,ertapenem=S,gentamicin=S,imipenem=S,meropenem=S,nalidixic acid=R,sulfamethoxazole=R,temocillin=S,tetracycline=S,tigecycline=S,trimethoprim=R"
E.coli and Shigella,ESBL4614,"""ESBL4614"",""WUR_ESBL_2021-ESBL4614""",,PDT001466965.1,2022-10-25T03:21:37Z,Netherlands,retail chicken,environmental/other,Netherlands,PDS000121578.3,9.0,,SAMN31087419,GCA_025827155.1,"aadA22=COMPLETE,aadA5=COMPLETE,acrF=COMPLETE,blaEC=COMPLETE,blaSHV-12=COMPLETE,dfrA17=COMPLETE,lnu(F)=COMPLETE,mdtM=COMPLETE,qnrS=PARTIAL_END_OF_CONTIG,sul2=COMPLETE,tet(A)=COMPLETE",,"amikacin=S,ampicillin=R,azithromycin=S,cefepime=R,cefotaxime-clavulanic acid=S,cefotaxime=R,cefoxitin=S,ceftazidime-clavulanic acid=S,ceftazidime=R,chloramphenicol=S,ciprofloxacin=R,colistin=S,ertapenem=S,gentamicin=S,imipenem=S,meropenem=S,nalidixic acid=S,sulfamethoxazole=R,temocillin=S,tetracycline=R,tigecycline=S,trimethoprim=R"
E.coli and Shigella,ESBL4611,"""ESBL4611"",""WUR_ESBL_2021-ESBL4611""",,PDT001466966.1,2022-10-25T03:21:52Z,Netherlands,retail beef,environmental/other,Netherlands,,,,SAMN31087417,GCA_025827175.1,"acrF=COMPLETE,aph(3'')-Ib=COMPLETE,aph(3')-Ia=COMPLETE,aph(6)-Id=COMPLETE,blaCTX-M-14=COMPLETE,blaEC=COMPLETE,blaTEM-1=COMPLETE,floR=COMPLETE,gyrA_D87Y=POINT,gyrA_S83L=POINT,mdtM=COMPLETE,nfsA_G126R=POINT,parC_S80I=POINT,parE_S458A=POINT,sul2=COMPLETE,tet(A)=COMPLETE",,"amikacin=S,ampicillin=R,azithromycin=S,cefepime=R,cefotaxime-clavulanic acid=S,cefotaxime=R,cefoxitin=S,ceftazidime-clavulanic acid=S,ceftazidime=R,chloramphenicol=R,ciprofloxacin=R,colistin=S,ertapenem=S,gentamicin=S,imipenem=S,meropenem=S,nalidixic acid=R,sulfamethoxazole=R,temocillin=S,tetracycline=R,tigecycline=S,trimethoprim=S"
E.coli and Shigella,ESBL4599,"""ESBL4599"",""WUR_ESBL_2021-ESBL4599""",,PDT001466968.1,2022-10-25T03:23:11Z,Netherlands,retail chicken,environmental/other,Netherlands,PDS000228843.1,,,SAMN31087414,GCA_025827225.1,"aadA1=COMPLETE,acrF=COMPLETE,blaCTX-M-32=COMPLETE,blaEC=COMPLETE,blaTEM-1=COMPLETE,cyaA_S352T=POINT,dfrA1=COMPLETE,lnu(F)=COMPLETE,mdtM=COMPLETE,qnrB19=COMPLETE,sul1=COMPLETE,tet(A)=COMPLETE",,"amikacin=S,ampicillin=R,azithromycin=S,cefepime=R,cefotaxime-clavulanic acid=S,cefotaxime=R,cefoxitin=S,ceftazidime-clavulanic acid=S,ceftazidime=R,chloramphenicol=S,ciprofloxacin=R,colistin=S,ertapenem=S,gentamicin=S,imipenem=S,meropenem=S,nalidixic acid=S,sulfamethoxazole=R,temocillin=S,tetracycline=R,tigecycline=S,trimethoprim=R"
E.coli and Shigella,ESBL4586,"""ESBL4586"",""WUR_ESBL_2021-ESBL4586""",,PDT001466971.1,2022-10-25T03:23:37Z,Netherlands,retail chicken,environmental/other,Netherlands,,,,SAMN31087411,GCA_025827275.1,"aac(3)-VIa=COMPLETE,aadA1=COMPLETE,acrF=COMPLETE,blaCTX-M-2=COMPLETE,blaEC=COMPLETE,cyaA_S352T=POINT,emrD=COMPLETE,estX/sat2=MISTRANSLATION,gyrA_S83L=POINT,mdtM=COMPLETE,sul1=COMPLETE,sul2=COMPLETE,uhpT_E350Q=POINT",,"amikacin=S,ampicillin=R,azithromycin=S,cefepime=R,cefotaxime-clavulanic acid=S,cefotaxime=R,cefoxitin=S,ceftazidime-clavulanic acid=S,ceftazidime=R,chloramphenicol=S,ciprofloxacin=R,colistin=S,ertapenem=S,gentamicin=R,imipenem=S,meropenem=S,nalidixic acid=R,sulfamethoxazole=R,temocillin=S,tetracycline=S,tigecycline=S,trimethoprim=R"
E.coli and Shigella,ESBL4581,"""ESBL4581"",""WUR_ESBL_2021-ESBL4581""",,PDT001466972.1,2022-10-25T03:23:47Z,Netherlands,retail chicken,environmental/other,Netherlands,PDS000121574.2,7.0,,SAMN31087408,GCA_025827295.1,"acrF=COMPLETE,blaCTX-M-8=COMPLETE,blaEC=COMPLETE,gyrA_S83L=POINT,mdtM=COMPLETE,sul2=COMPLETE,tet(A)=COMPLETE",,"amikacin=S,ampicillin=R,azithromycin=S,cefepime=R,cefotaxime-clavulanic acid=S,cefotaxime=R,cefoxitin=S,ceftazidime-clavulanic acid=S,ceftazidime=R,chloramphenicol=S,ciprofloxacin=R,colistin=S,ertapenem=S,gentamicin=S,imipenem=S,meropenem=S,nalidixic acid=R,sulfamethoxazole=R,temocillin=S,tetracycline=R,tigecycline=S,trimethoprim=S"
E.coli and Shigella,ESBL4582,"""ESBL4582"",""WUR_ESBL_2021-ESBL4582""",,PDT001466973.1,2022-10-25T03:23:55Z,Netherlands,retail chicken,environmental/other,Netherlands,,,,SAMN31087409,GCA_025827315.1,"aac(3)-IVa=COMPLETE,aadA1=COMPLETE,acrF=COMPLETE,aph(3'')-Ib=COMPLETE,aph(3')-Ia=COMPLETE,aph(4)-Ia=COMPLETE,aph(6)-Id=COMPLETE,blaCTX-M-55=COMPLETE,blaEC=COMPLETE,blaTEM=PARTIAL,dfrA1=COMPLETE,fosA3=COMPLETE,gyrA_S83L=POINT,mdtM=COMPLETE,parC_A56T=POINT,sul1=COMPLETE,sul2=COMPLETE,tet(A)=COMPLETE,tet(B)=COMPLETE",,"amikacin=S,ampicillin=R,azithromycin=S,cefepime=R,cefotaxime-clavulanic acid=S,cefotaxime=R,cefoxitin=S,ceftazidime-clavulanic acid=S,ceftazidime=R,chloramphenicol=S,ciprofloxacin=R,colistin=S,ertapenem=S,gentamicin=R,imipenem=S,meropenem=S,nalidixic acid=R,sulfamethoxazole=R,temocillin=S,tetracycline=R,tigecycline=S,trimethoprim=R"
E.coli and Shigella,ESBL4589,"""ESBL4589"",""WUR_ESBL_2021-ESBL4589""",,PDT001466974.1,2022-10-25T03:24:04Z,Netherlands,retail veal,environmental/other,Netherlands,,,,SAMN31087412,GCA_025827325.1,"acrF=COMPLETE,blaCTX-M-15=COMPLETE,blaEC=COMPLETE,mdtM=COMPLETE,qnrS1=COMPLETE,tet(A)=COMPLETE",,"amikacin=S,ampicillin=R,azithromycin=S,cefepime=R,cefotaxime-clavulanic acid=S,cefotaxime=R,cefoxitin=S,ceftazidime-clavulanic acid=S,ceftazidime=R,chloramphenicol=S,ciprofloxacin=R,colistin=S,ertapenem=S,gentamicin=S,imipenem=S,meropenem=S,nalidixic acid=S,sulfamethoxazole=S,temocillin=S,tetracycline=R,tigecycline=S,trimethoprim=S"
E.coli and Shigella,ESBL4583,"""ESBL4583"",""WUR_ESBL_2021-ESBL4583""",,PDT001466975.1,2022-10-25T03:24:11Z,Netherlands,retail chicken,environmental/other,Netherlands,,,,SAMN31087410,GCA_025827335.1,"acrF=COMPLETE,blaCMY-2=COMPLETE,blaEC=COMPLETE,gyrA_D87N=POINT,gyrA_S83L=POINT,mdtM=COMPLETE",,"amikacin=S,ampicillin=R,azithromycin=S,cefepime=S,cefotaxime-clavulanic acid=R,cefotaxime=R,cefoxitin=R,ceftazidime-clavulanic acid=R,ceftazidime=R,chloramphenicol=S,ciprofloxacin=R,colistin=S,ertapenem=S,gentamicin=S,imipenem=S,meropenem=S,nalidixic acid=R,sulfamethoxazole=S,temocillin=S,tetracycline=S,tigecycline=S,trimethoprim=S"
E.coli and Shigella,ESBL4580,"""ESBL4580"",""WUR_ESBL_2021-ESBL4580""",,PDT001466976.1,2022-10-25T03:24:14Z,Netherlands,retail chicken,environmental/other,Netherlands,,,,SAMN31087407,GCA_025827375.1,"aac(3)-VIa=COMPLETE,aadA1=PARTIAL_END_OF_CONTIG,acrF=COMPLETE,blaCTX-M-2=COMPLETE,blaEC=COMPLETE,cyaA_S352T=POINT,emrD=COMPLETE,estX/sat2=MISTRANSLATION,gyrA_D87N=POINT,gyrA_S83L=POINT,mdtM=COMPLETE,parC_S80I=POINT,parE_I355T=POINT,sul1=COMPLETE,sul2=COMPLETE",,"amikacin=S,ampicillin=R,azithromycin=S,cefepime=R,cefotaxime-clavulanic acid=S,cefotaxime=R,cefoxitin=S,ceftazidime-clavulanic acid=S,ceftazidime=R,chloramphenicol=S,ciprofloxacin=R,colistin=S,ertapenem=S,gentamicin=R,imipenem=S,meropenem=S,nalidixic acid=R,sulfamethoxazole=R,temocillin=S,tetracycline=S,tigecycline=S,trimethoprim=R"
E.coli and Shigella,ESBL4559,"""ESBL4559"",""WUR_ESBL_2021-ESBL4559""",,PDT001466984.1,2022-10-25T03:25:01Z,Netherlands,retail chicken,environmental/other,Netherlands,PDS000121574.2,7.0,,SAMN31087400,GCA_025827515.1,"acrF=COMPLETE,blaCTX-M-55=COMPLETE,blaCTX-M-8=COMPLETE,blaEC=COMPLETE,blaTEM=PARTIAL_END_OF_CONTIG,gyrA_S83L=POINT,mdtM=COMPLETE,sul2=COMPLETE,tet(A)=COMPLETE",,"amikacin=S,ampicillin=R,azithromycin=S,cefepime=R,cefotaxime-clavulanic acid=S,cefotaxime=R,cefoxitin=R,ceftazidime-clavulanic acid=S,ceftazidime=R,chloramphenicol=S,ciprofloxacin=R,colistin=S,ertapenem=R,gentamicin=S,imipenem=S,meropenem=S,nalidixic acid=R,sulfamethoxazole=R,temocillin=S,tetracycline=R,tigecycline=S,trimethoprim=S"
E.coli and Shigella,ESBL4557,"""ESBL4557"",""WUR_ESBL_2021-ESBL4557""",,PDT001466985.1,2022-10-25T03:25:10Z,Netherlands,retail veal,environmental/other,Netherlands,,,,SAMN31087399,GCA_025827555.1,"acrF=COMPLETE,aph(3'')-Ib=COMPLETE,aph(6)-Id=COMPLETE,blaCTX-M-15=COMPLETE,blaEC=COMPLETE,blaTEM-1=COMPLETE,cyaA_S352T=POINT,emrD=COMPLETE,mdtM=COMPLETE,qnrS1=COMPLETE,sul2=COMPLETE,tet(A)=COMPLETE,uhpT_E350Q=POINT",,"amikacin=S,ampicillin=R,azithromycin=S,cefepime=R,cefotaxime-clavulanic acid=S,cefotaxime=R,cefoxitin=S,ceftazidime-clavulanic acid=S,ceftazidime=R,chloramphenicol=S,ciprofloxacin=R,colistin=S,ertapenem=S,gentamicin=S,imipenem=S,meropenem=S,nalidixic acid=S,sulfamethoxazole=R,temocillin=S,tetracycline=R,tigecycline=S,trimethoprim=S"
E.coli and Shigella,ESBL4548,"""ESBL4548"",""WUR_ESBL_2021-ESBL4548""",,PDT001466990.1,2022-10-25T03:26:30Z,Netherlands,retail chicken,environmental/other,Netherlands,,,,SAMN31087394,GCA_025827645.1,"aadA1=COMPLETE,acrF=MISTRANSLATION,ant(3'')-Ia=COMPLETE,aph(3'')-Ib=PARTIAL_END_OF_CONTIG,aph(6)-Id=COMPLETE,blaEC=COMPLETE,blaSHV-12=COMPLETE,catA1=COMPLETE,dfrA1=COMPLETE,gyrA_S83L=POINT,lnu(F)=COMPLETE,mdtM=COMPLETE,mph(B)=COMPLETE,sul1=COMPLETE,sul2=COMPLETE,tet(A)=COMPLETE",,"amikacin=S,ampicillin=R,azithromycin=S,cefepime=R,cefotaxime-clavulanic acid=S,cefotaxime=R,cefoxitin=S,ceftazidime-clavulanic acid=S,ceftazidime=R,chloramphenicol=S,ciprofloxacin=R,colistin=S,ertapenem=S,gentamicin=S,imipenem=S,meropenem=S,nalidixic acid=R,sulfamethoxazole=R,temocillin=S,tetracycline=R,tigecycline=S,trimethoprim=R"
E.coli and Shigella,ESBL4541,"""ESBL4541"",""WUR_ESBL_2021-ESBL4541""",,PDT001466991.1,2022-10-25T03:26:38Z,Netherlands,retail chicken,environmental/other,Netherlands,PDS000121600.2,24.0,,SAMN31087392,GCA_025827655.1,"aac(3)-VIa=COMPLETE,aadA1=COMPLETE,aadA2=COMPLETE,acrF=COMPLETE,blaCTX-M-2=COMPLETE,blaEC=COMPLETE,cmlA1=COMPLETE,cyaA_S352T=POINT,dfrA12=COMPLETE,emrD=COMPLETE,mdtM=COMPLETE,qnrB19=COMPLETE,sul1=COMPLETE,sul2=COMPLETE,sul3=COMPLETE,tet(A)=COMPLETE,uhpT_E350Q=POINT",,"amikacin=S,ampicillin=R,azithromycin=S,cefepime=R,cefotaxime-clavulanic acid=S,cefotaxime=R,cefoxitin=S,ceftazidime-clavulanic acid=S,ceftazidime=R,chloramphenicol=R,ciprofloxacin=R,colistin=S,ertapenem=S,gentamicin=R,imipenem=S,meropenem=S,nalidixic acid=R,sulfamethoxazole=R,temocillin=S,tetracycline=R,tigecycline=S,trimethoprim=R"
E.coli and Shigella,ESBL4533,"""ESBL4533"",""WUR_ESBL_2021-ESBL4533""",,PDT001466993.1,2022-10-25T03:26:56Z,Netherlands,retail chicken,environmental/other,Netherlands,,,,SAMN31087387,GCA_025827715.1,"aadA2=COMPLETE,acrF=COMPLETE,blaEC=COMPLETE,blaTEM-52=COMPLETE,cyaA_S352T=POINT,emrD=COMPLETE,gyrA_D87Y=POINT,lnu(F)=COMPLETE,mdtM=COMPLETE",,"amikacin=S,ampicillin=R,azithromycin=S,cefepime=R,cefotaxime-clavulanic acid=S,cefotaxime=R,cefoxitin=S,ceftazidime-clavulanic acid=S,ceftazidime=R,chloramphenicol=S,ciprofloxacin=R,colistin=S,ertapenem=S,gentamicin=S,imipenem=S,meropenem=S,nalidixic acid=R,sulfamethoxazole=S,temocillin=S,tetracycline=S,tigecycline=S,trimethoprim=S"
E.coli and Shigella,ESBL4537,"""ESBL4537"",""WUR_ESBL_2021-ESBL4537""",,PDT001466994.1,2022-10-25T03:27:06Z,Netherlands,retail chicken,environmental/other,Netherlands,PDS000071431.19,4.0,43.0,SAMN31087388,GCA_025827735.1,"aac(3)-IId=COMPLETE,aadA2=COMPLETE,acrF=COMPLETE,blaCTX-M-55=COMPLETE,blaEC=COMPLETE,blaTEM-1=COMPLETE,dfrA14=COMPLETE,emrD=COMPLETE,lnu(F)=COMPLETE,mdtM=COMPLETE,qnrS1=COMPLETE,sul3=COMPLETE,tet(A)=COMPLETE",,"amikacin=S,ampicillin=R,azithromycin=S,cefepime=R,cefotaxime-clavulanic acid=S,cefotaxime=R,cefoxitin=S,ceftazidime-clavulanic acid=S,ceftazidime=R,chloramphenicol=S,ciprofloxacin=R,colistin=S,ertapenem=R,gentamicin=R,imipenem=S,meropenem=S,nalidixic acid=S,sulfamethoxazole=R,temocillin=S,tetracycline=R,tigecycline=S,trimethoprim=R"
E.coli and Shigella,ESBL4539,"""ESBL4539"",""WUR_ESBL_2021-ESBL4539""",,PDT001466995.1,2022-10-25T03:27:12Z,Netherlands,retail chicken,environmental/other,Netherlands,,,,SAMN31087390,GCA_025827725.1,"acrF=COMPLETE,aph(3'')-Ib=COMPLETE,aph(6)-Id=COMPLETE,blaCMY-2=COMPLETE,blaEC=COMPLETE,blaTEM-1=COMPLETE,mdtM=COMPLETE,qnrS1=COMPLETE,sul2=COMPLETE,tet(A)=COMPLETE",,"amikacin=S,ampicillin=R,azithromycin=S,cefepime=S,cefotaxime-clavulanic acid=R,cefotaxime=R,cefoxitin=R,ceftazidime-clavulanic acid=R,ceftazidime=R,chloramphenicol=S,ciprofloxacin=R,colistin=S,ertapenem=S,gentamicin=S,imipenem=S,meropenem=S,nalidixic acid=S,sulfamethoxazole=R,temocillin=S,tetracycline=R,tigecycline=S,trimethoprim=S"
E.coli and Shigella,ESBL4538,"""ESBL4538"",""WUR_ESBL_2021-ESBL4538""",,PDT001466996.1,2022-10-25T03:27:16Z,Netherlands,retail chicken,environmental/other,Netherlands,,,,SAMN31087389,GCA_025827745.1,"aadA22=COMPLETE,acrF=COMPLETE,aph(3')-Ia=COMPLETE,blaCTX-M-55=COMPLETE,blaEC=COMPLETE,cyaA_S352T=POINT,emrD=COMPLETE,erm(B)=COMPLETE,mdtM=COMPLETE,parC_S57T=POINT,qnrB19=COMPLETE,uhpT_E350Q=POINT",,"amikacin=S,ampicillin=R,azithromycin=R,cefepime=R,cefotaxime-clavulanic acid=S,cefotaxime=R,cefoxitin=S,ceftazidime-clavulanic acid=S,ceftazidime=R,chloramphenicol=S,ciprofloxacin=R,colistin=S,ertapenem=S,gentamicin=S,imipenem=S,meropenem=S,nalidixic acid=R,sulfamethoxazole=S,temocillin=S,tetracycline=S,tigecycline=S,trimethoprim=S"
E.coli and Shigella,ESBL4519,"""ESBL4519"",""WUR_ESBL_2021-ESBL4519""",,PDT001466999.1,2022-10-25T03:27:31Z,Netherlands,retail chicken,environmental/other,Netherlands,,,,SAMN31087384,GCA_025827835.1,"acrF=COMPLETE,blaCTX-M-8=COMPLETE,blaEC=COMPLETE,cyaA_S352T=POINT,emrD=COMPLETE,gyrA_S83L=POINT,mdtM=COMPLETE",,"amikacin=S,ampicillin=R,azithromycin=S,cefepime=R,cefotaxime-clavulanic acid=S,cefotaxime=R,cefoxitin=S,ceftazidime-clavulanic acid=S,ceftazidime=R,chloramphenicol=S,ciprofloxacin=R,colistin=S,ertapenem=S,gentamicin=S,imipenem=R,meropenem=S,nalidixic acid=R,sulfamethoxazole=S,temocillin=S,tetracycline=S,tigecycline=S,trimethoprim=S"
E.coli and Shigella,ESBL4509,"""ESBL4509"",""WUR_ESBL_2021-ESBL4509""",,PDT001467000.1,2022-10-25T03:27:34Z,Netherlands,retail chicken,environmental/other,Netherlands,,,,SAMN31087382,GCA_025827855.1,"aadA2=COMPLETE,acrF=COMPLETE,blaEC=COMPLETE,blaSHV-2A=COMPLETE,cyaA_S352T=POINT,emrD=COMPLETE,gyrA_D87N=POINT,gyrA_S83L=POINT,lnu(F)=COMPLETE,mdtM=COMPLETE,parC_S80I=POINT,tet(A)=COMPLETE",,"amikacin=S,ampicillin=R,azithromycin=S,cefepime=R,cefotaxime-clavulanic acid=S,cefotaxime=R,cefoxitin=S,ceftazidime-clavulanic acid=S,ceftazidime=R,chloramphenicol=S,ciprofloxacin=R,colistin=S,ertapenem=S,gentamicin=S,imipenem=S,meropenem=S,nalidixic acid=R,sulfamethoxazole=S,temocillin=S,tetracycline=R,tigecycline=S,trimethoprim=S"
E.coli and Shigella,ESBL4508,"""ESBL4508"",""WUR_ESBL_2021-ESBL4508""",,PDT001467001.1,2022-10-25T03:27:41Z,Netherlands,retail chicken,environmental/other,Netherlands,PDS000121591.1,8.0,,SAMN31087381,GCA_025827885.1,"aadA1=COMPLETE,acrF=COMPLETE,aph(3'')-Ib=COMPLETE,aph(6)-Id=COMPLETE,blaCTX-M-1=COMPLETE,blaEC=COMPLETE,blaTEM=PARTIAL_END_OF_CONTIG,dfrA1=COMPLETE,gyrA_S83L=POINT,mdtM=COMPLETE,sat2=COMPLETE,sul2=COMPLETE,tet(A)=COMPLETE",,"amikacin=S,ampicillin=R,azithromycin=S,cefepime=R,cefotaxime-clavulanic acid=S,cefotaxime=R,cefoxitin=S,ceftazidime-clavulanic acid=S,ceftazidime=R,chloramphenicol=S,ciprofloxacin=R,colistin=S,ertapenem=S,gentamicin=S,imipenem=S,meropenem=S,nalidixic acid=R,sulfamethoxazole=R,temocillin=S,tetracycline=R,tigecycline=S,trimethoprim=R"
E.coli and Shigella,ESBL4518,"""ESBL4518"",""WUR_ESBL_2021-ESBL4518""",,PDT001467002.1,2022-10-25T03:27:44Z,Netherlands,retail chicken,environmental/other,Netherlands,PDS000239369.1,,,SAMN31087383,GCA_025827875.1,"aadA2=COMPLETE,acrF=COMPLETE,blaEC=COMPLETE,blaTEM=PARTIAL_END_OF_CONTIG,cyaA_S352T=POINT,emrD=COMPLETE,gyrA_S83L=POINT,lnu(F)=COMPLETE,mdtM=COMPLETE",,"amikacin=S,ampicillin=R,azithromycin=S,cefepime=S,cefotaxime-clavulanic acid=S,cefotaxime=R,cefoxitin=S,ceftazidime-clavulanic acid=S,ceftazidime=R,chloramphenicol=S,ciprofloxacin=R,colistin=S,ertapenem=S,gentamicin=S,imipenem=S,meropenem=S,nalidixic acid=R,sulfamethoxazole=S,temocillin=S,tetracycline=S,tigecycline=S,trimethoprim=S"
E.coli and Shigella,ESBL4504,"""ESBL4504"",""WUR_ESBL_2021-ESBL4504""",,PDT001467003.1,2022-10-25T03:28:11Z,Netherlands,retail veal,environmental/other,Netherlands,PDS000064879.51,44.0,23.0,SAMN31087380,GCA_025827915.1,"aac(3)-IIe=COMPLETE,aadA5=COMPLETE,acrF=COMPLETE,aph(3'')-Ib=COMPLETE,aph(3')-Ia=COMPLETE,aph(6)-Id=COMPLETE,blaCTX-M-55=COMPLETE,blaEC=COMPLETE,blaTEM-1=COMPLETE,dfrA17=COMPLETE,gyrA_D87N=POINT,gyrA_S83L=POINT,mdtM=COMPLETE,mph(A)=COMPLETE,parC_A56T=POINT,parC_S80I=POINT,sul1=COMPLETE,sul2=COMPLETE,tet(A)=COMPLETE,tet(B)=COMPLETE",,"amikacin=S,ampicillin=R,azithromycin=R,cefepime=R,cefotaxime-clavulanic acid=S,cefotaxime=R,cefoxitin=S,ceftazidime-clavulanic acid=S,ceftazidime=R,chloramphenicol=S,ciprofloxacin=R,colistin=S,ertapenem=R,gentamicin=R,imipenem=S,meropenem=S,nalidixic acid=R,sulfamethoxazole=R,temocillin=S,tetracycline=R,tigecycline=S,trimethoprim=R"
E.coli and Shigella,ESBL4496,"""ESBL4496"",""WUR_ESBL_2021-ESBL4496""",,PDT001467004.1,2022-10-25T03:28:19Z,Netherlands,retail chicken,environmental/other,Netherlands,,,,SAMN31087378,GCA_025827925.1,"aadA22=COMPLETE,acrF=COMPLETE,blaEC=COMPLETE,blaSHV-12=COMPLETE,blaTEM-1=COMPLETE,lnu(F)=COMPLETE,mdtM=COMPLETE,qnrS1=COMPLETE",,"amikacin=S,ampicillin=R,azithromycin=S,cefepime=R,cefotaxime-clavulanic acid=S,cefotaxime=R,cefoxitin=S,ceftazidime-clavulanic acid=S,ceftazidime=R,chloramphenicol=S,ciprofloxacin=R,colistin=S,ertapenem=S,gentamicin=S,imipenem=S,meropenem=S,nalidixic acid=R,sulfamethoxazole=S,temocillin=S,tetracycline=S,tigecycline=S,trimethoprim=S"
E.coli and Shigella,ESBL4488,"""ESBL4488"",""WUR_ESBL_2021-ESBL4488""",,PDT001467006.1,2022-10-25T03:28:36Z,Netherlands,retail chicken,environmental/other,Netherlands,,,,SAMN31087376,GCA_025827975.1,"aac(3)-VIa=COMPLETE,aadA1=PARTIAL_END_OF_CONTIG,acrF=COMPLETE,blaCTX-M-2=COMPLETE,blaEC=COMPLETE,cyaA_S352T=POINT,emrD=COMPLETE,estX/sat2=MISTRANSLATION,gyrA_D87N=POINT,gyrA_S83L=POINT,mdtM=COMPLETE,parC_S80I=POINT,parE_I355T=POINT,sul1=COMPLETE,sul2=COMPLETE",,"amikacin=S,ampicillin=R,azithromycin=S,cefepime=R,cefotaxime-clavulanic acid=S,cefotaxime=R,cefoxitin=S,ceftazidime-clavulanic acid=S,ceftazidime=R,chloramphenicol=S,ciprofloxacin=R,colistin=S,ertapenem=S,gentamicin=R,imipenem=S,meropenem=S,nalidixic acid=R,sulfamethoxazole=R,temocillin=S,tetracycline=S,tigecycline=S,trimethoprim=R"
E.coli and Shigella,ESBL4483,"""ESBL4483"",""WUR_ESBL_2021-ESBL4483""",,PDT001467007.1,2022-10-25T03:29:13Z,Netherlands,retail chicken,environmental/other,Netherlands,PDS000081800.39,10.0,22.0,SAMN31087375,GCA_025827995.1,"aadA5=COMPLETE,acrF=COMPLETE,aph(3'')-Ib=COMPLETE,aph(6)-Id=COMPLETE,blaCTX-M-55=COMPLETE,blaEC=COMPLETE,blaTEM=PARTIAL,dfrA17=COMPLETE,floR=COMPLETE,fosA3=COMPLETE,gyrA_D87N=POINT,gyrA_S83L=POINT,mdtM=COMPLETE,parC_S80I=POINT,sul2=PARTIAL_END_OF_CONTIG,tet(A)=COMPLETE",,"amikacin=S,ampicillin=R,azithromycin=S,cefepime=R,cefotaxime-clavulanic acid=S,cefotaxime=R,cefoxitin=S,ceftazidime-clavulanic acid=S,ceftazidime=R,chloramphenicol=R,ciprofloxacin=R,colistin=S,ertapenem=R,gentamicin=S,imipenem=S,meropenem=S,nalidixic acid=R,sulfamethoxazole=R,temocillin=S,tetracycline=R,tigecycline=S,trimethoprim=R"
E.coli and Shigella,ESBL4465,"""ESBL4465"",""WUR_ESBL_2021-ESBL4465""",,PDT001467008.1,2022-10-25T03:29:21Z,Netherlands,retail pork,environmental/other,Netherlands,PDS000125056.21,11.0,12.0,SAMN31087372,GCA_025828025.1,"acrF=COMPLETE,aph(3'')-Ib=COMPLETE,aph(6)-Id=COMPLETE,blaCTX-M-1=COMPLETE,blaEC=COMPLETE,blaTEM-1=COMPLETE,cyaA_S352T=POINT,emrD=COMPLETE,gyrA_S83L=POINT,mph(A)=COMPLETE,parC_S80I=POINT,sul2=COMPLETE",,"amikacin=S,ampicillin=R,azithromycin=S,cefepime=R,cefotaxime-clavulanic acid=S,cefotaxime=R,cefoxitin=S,ceftazidime-clavulanic acid=S,ceftazidime=R,chloramphenicol=S,ciprofloxacin=R,colistin=S,ertapenem=S,gentamicin=S,imipenem=S,meropenem=S,nalidixic acid=R,sulfamethoxazole=R,temocillin=S,tetracycline=S,tigecycline=S,trimethoprim=S"
E.coli and Shigella,ESBL4498,"""ESBL4498"",""WUR_ESBL_2021-ESBL4498""",,PDT001467009.1,2022-10-25T03:29:29Z,Netherlands,retail beef,environmental/other,Netherlands,,,,SAMN31087379,GCA_025828015.1,"acrF=COMPLETE,aph(3'')-Ib=COMPLETE,aph(6)-Id=COMPLETE,blaCTX-M-15=COMPLETE,blaEC=COMPLETE,blaTEM-1=COMPLETE,gyrA_D87N=POINT,gyrA_S83L=POINT,mdtM=COMPLETE,parC_S80I=POINT,parE_S458A=POINT,qnrS1=COMPLETE,sul2=COMPLETE,tet(A)=COMPLETE",,"amikacin=S,ampicillin=R,azithromycin=S,cefepime=R,cefotaxime-clavulanic acid=S,cefotaxime=R,cefoxitin=S,ceftazidime-clavulanic acid=S,ceftazidime=R,chloramphenicol=S,ciprofloxacin=R,colistin=S,ertapenem=S,gentamicin=S,imipenem=S,meropenem=S,nalidixic acid=R,sulfamethoxazole=R,temocillin=S,tetracycline=R,tigecycline=S,trimethoprim=S"
E.coli and Shigella,ESBL4464,"""ESBL4464"",""WUR_ESBL_2021-ESBL4464""",,PDT001467012.1,2022-10-25T03:29:56Z,Netherlands,retail chicken,environmental/other,Netherlands,,,,SAMN31087371,GCA_025828095.1,"acrF=COMPLETE,ampC_C-42T=POINT,blaEC=COMPLETE,gyrA_S83L=POINT,mdtM=COMPLETE",,"amikacin=S,ampicillin=R,azithromycin=S,cefepime=S,cefotaxime-clavulanic acid=R,cefotaxime=R,cefoxitin=R,ceftazidime-clavulanic acid=R,ceftazidime=R,chloramphenicol=S,ciprofloxacin=R,colistin=S,ertapenem=S,gentamicin=S,imipenem=S,meropenem=S,nalidixic acid=R,sulfamethoxazole=S,temocillin=S,tetracycline=S,tigecycline=S,trimethoprim=S"
E.coli and Shigella,ESBL4454,"""ESBL4454"",""WUR_ESBL_2021-ESBL4454""",,PDT001467013.1,2022-10-25T03:30:07Z,Netherlands,retail chicken,environmental/other,Netherlands,PDS000121600.2,20.0,,SAMN31087369,GCA_025828115.1,"aac(3)-VIa=COMPLETE,aadA1=COMPLETE,aadA2=COMPLETE,acrF=COMPLETE,blaCTX-M-2=COMPLETE,blaEC=COMPLETE,cmlA1=COMPLETE,cyaA_S352T=POINT,dfrA12=COMPLETE,emrD=COMPLETE,mdtM=COMPLETE,qnrB19=COMPLETE,sul1=COMPLETE,sul2=COMPLETE,sul3=COMPLETE,tet(A)=COMPLETE,uhpT_E350Q=POINT",,"amikacin=S,ampicillin=R,azithromycin=S,cefepime=R,cefotaxime-clavulanic acid=S,cefotaxime=R,cefoxitin=S,ceftazidime-clavulanic acid=S,ceftazidime=R,chloramphenicol=R,ciprofloxacin=R,colistin=S,ertapenem=S,gentamicin=R,imipenem=S,meropenem=S,nalidixic acid=S,sulfamethoxazole=R,temocillin=S,tetracycline=R,tigecycline=S,trimethoprim=R"
E.coli and Shigella,ESBL4440,"""ESBL4440"",""WUR_ESBL_2021-ESBL4440""",,PDT001467019.1,2022-10-25T03:30:32Z,Netherlands,retail chicken,environmental/other,Netherlands,PDS000121581.1,,,SAMN31087365,GCA_025828235.1,"aac(3)-IVa=COMPLETE,aadA1=COMPLETE,acrF=COMPLETE,aph(3'')-Ib=COMPLETE,aph(3')-Ia=COMPLETE,aph(4)-Ia=COMPLETE,aph(6)-Id=COMPLETE,blaCTX-M-8=COMPLETE,blaEC=COMPLETE,cyaA_S352T=POINT,emrD=COMPLETE,estX/sat2=MISTRANSLATION,gyrA_D87G=POINT,mdtM=COMPLETE,sul2=COMPLETE,tet(B)=COMPLETE",,"amikacin=S,ampicillin=R,azithromycin=S,cefepime=R,cefotaxime-clavulanic acid=S,cefotaxime=R,cefoxitin=S,ceftazidime-clavulanic acid=S,ceftazidime=S,chloramphenicol=S,ciprofloxacin=R,colistin=S,ertapenem=S,gentamicin=R,imipenem=S,meropenem=S,nalidixic acid=R,sulfamethoxazole=R,temocillin=S,tetracycline=R,tigecycline=S,trimethoprim=S"
E.coli and Shigella,ESBL4430,"""ESBL4430"",""WUR_ESBL_2021-ESBL4430""",,PDT001467020.1,2022-10-25T03:30:41Z,Netherlands,retail chicken,environmental/other,Netherlands,,,,SAMN31087363,GCA_025828255.1,"aadA1=COMPLETE,acrF=COMPLETE,blaCTX-M-1=COMPLETE,blaEC=COMPLETE,blaTEM-1=COMPLETE,gyrA_S83L=POINT,lnu(G)=COMPLETE,mdtM=COMPLETE,sul2=COMPLETE,tet(A)=COMPLETE",,"amikacin=S,ampicillin=R,azithromycin=S,cefepime=R,cefotaxime-clavulanic acid=S,cefotaxime=R,cefoxitin=S,ceftazidime-clavulanic acid=S,ceftazidime=R,chloramphenicol=S,ciprofloxacin=R,colistin=S,ertapenem=S,gentamicin=S,imipenem=S,meropenem=S,nalidixic acid=R,sulfamethoxazole=R,temocillin=S,tetracycline=R,tigecycline=S,trimethoprim=S"
E.coli and Shigella,ESBL4426,"""ESBL4426"",""WUR_ESBL_2021-ESBL4426""",,PDT001467021.1,2022-10-25T03:31:11Z,Netherlands,retail chicken,environmental/other,Netherlands,,,,SAMN31087361,GCA_025828275.1,"acrF=COMPLETE,blaCMY-2=COMPLETE,blaEC=COMPLETE,cyaA_S352T=POINT,emrD=COMPLETE,floR=COMPLETE,gyrA_S83L=POINT,mdtM=COMPLETE,parE_I355T=POINT",,"amikacin=S,ampicillin=R,azithromycin=S,cefepime=S,cefotaxime-clavulanic acid=R,cefotaxime=R,cefoxitin=R,ceftazidime-clavulanic acid=R,ceftazidime=R,chloramphenicol=R,ciprofloxacin=R,colistin=S,ertapenem=R,gentamicin=S,imipenem=S,meropenem=S,nalidixic acid=R,sulfamethoxazole=S,temocillin=S,tetracycline=S,tigecycline=S,trimethoprim=S"
E.coli and Shigella,ESBL4423,"""ESBL4423"",""WUR_ESBL_2021-ESBL4423""",,PDT001467024.1,2022-10-25T03:31:38Z,Netherlands,retail chicken,environmental/other,Netherlands,PDS000121594.2,17.0,,SAMN31087358,GCA_025828335.1,"acrF=COMPLETE,aph(3')-Ia=PARTIAL,blaCTX-M-55=COMPLETE,blaEC=COMPLETE,gyrA_D87N=POINT,gyrA_S83L=POINT,mdtM=COMPLETE,parC_S80I=POINT",,"amikacin=S,ampicillin=R,azithromycin=S,cefepime=R,cefotaxime-clavulanic acid=S,cefotaxime=R,cefoxitin=S,ceftazidime-clavulanic acid=S,ceftazidime=R,chloramphenicol=S,ciprofloxacin=R,colistin=S,ertapenem=S,gentamicin=S,imipenem=S,meropenem=S,nalidixic acid=R,sulfamethoxazole=S,temocillin=S,tetracycline=S,tigecycline=S,trimethoprim=S"
E.coli and Shigella,ESBL4424,"""ESBL4424"",""WUR_ESBL_2021-ESBL4424""",,PDT001467025.1,2022-10-25T03:31:46Z,Netherlands,retail beef,environmental/other,Netherlands,PDS000041693.16,30.0,29.0,SAMN31087359,GCA_025828355.1,"acrF=COMPLETE,aph(3'')-Ib=COMPLETE,aph(6)-Id=COMPLETE,blaCTX-M-15=COMPLETE,blaEC=COMPLETE,blaTEM-1=COMPLETE,gyrA_D87N=POINT,gyrA_S83L=POINT,mdtM=COMPLETE,parC_S80I=POINT,parE_S458A=POINT,qnrS1=COMPLETE,sul2=COMPLETE,tet(A)=COMPLETE",,"amikacin=S,ampicillin=R,azithromycin=S,cefepime=R,cefotaxime-clavulanic acid=S,cefotaxime=R,cefoxitin=S,ceftazidime-clavulanic acid=S,ceftazidime=R,chloramphenicol=S,ciprofloxacin=R,colistin=S,ertapenem=S,gentamicin=S,imipenem=S,meropenem=S,nalidixic acid=R,sulfamethoxazole=R,temocillin=S,tetracycline=R,tigecycline=S,trimethoprim=S"
E.coli and Shigella,ESBL4411,"""ESBL4411"",""WUR_ESBL_2021-ESBL4411""",,PDT001467029.1,2022-10-25T03:32:30Z,Netherlands,retail chicken,environmental/other,Netherlands,PDS000189434.3,,,SAMN31087353,GCA_025828425.1,"aac(3)-IVa=COMPLETE,aadA22=COMPLETE,aadA2=COMPLETE,acrF=MISTRANSLATION,aph(4)-Ia=COMPLETE,blaEC=COMPLETE,blaSHV-12=COMPLETE,cyaA_S352T=POINT,dfrA12=COMPLETE,emrD=COMPLETE,floR=COMPLETE,gyrA_S83L=POINT,lnu(F)=COMPLETE,mdtM=COMPLETE,sul2=COMPLETE",,"amikacin=S,ampicillin=R,azithromycin=S,cefepime=R,cefotaxime-clavulanic acid=S,cefotaxime=R,cefoxitin=S,ceftazidime-clavulanic acid=S,ceftazidime=R,chloramphenicol=R,ciprofloxacin=R,colistin=S,ertapenem=S,gentamicin=R,imipenem=S,meropenem=S,nalidixic acid=R,sulfamethoxazole=R,temocillin=S,tetracycline=S,tigecycline=S,trimethoprim=R"
E.coli and Shigella,ESBL4407,"""ESBL4407"",""WUR_ESBL_2021-ESBL4407""",,PDT001467030.1,2022-10-25T03:32:38Z,Netherlands,retail chicken,environmental/other,Netherlands,,,,SAMN31087352,GCA_025828455.1,"aac(3)-VIa=COMPLETE,aadA1=COMPLETE,acrF=COMPLETE,aph(3'')-Ib=COMPLETE,aph(6)-Id=COMPLETE,blaCMY-2=COMPLETE,blaEC=COMPLETE,blaTEM-1=COMPLETE,catA1=COMPLETE,dfrA1=COMPLETE,erm(42)=COMPLETE,gyrA_S83L=POINT,mdtM=COMPLETE,mph(B)=COMPLETE,qnrS13=COMPLETE,sul1=COMPLETE,sul2=COMPLETE,tet(A)=COMPLETE",,"amikacin=S,ampicillin=R,azithromycin=R,cefepime=S,cefotaxime-clavulanic acid=R,cefotaxime=R,cefoxitin=R,ceftazidime-clavulanic acid=R,ceftazidime=R,chloramphenicol=R,ciprofloxacin=R,colistin=S,ertapenem=S,gentamicin=R,imipenem=S,meropenem=S,nalidixic acid=R,sulfamethoxazole=R,temocillin=S,tetracycline=R,tigecycline=S,trimethoprim=R"
E.coli and Shigella,ESBL4406,"""ESBL4406"",""WUR_ESBL_2021-ESBL4406""",,PDT001467031.1,2022-10-25T03:32:49Z,Netherlands,retail chicken,environmental/other,Netherlands,PDS000121594.2,17.0,,SAMN31087351,GCA_025828475.1,"acrF=COMPLETE,aph(3')-Ia=PARTIAL,blaCTX-M-55=COMPLETE,blaEC=COMPLETE,gyrA_D87N=POINT,gyrA_S83L=POINT,mdtM=COMPLETE,parC_S80I=POINT,tet(A)=COMPLETE",,"amikacin=S,ampicillin=R,azithromycin=S,cefepime=R,cefotaxime-clavulanic acid=S,cefotaxime=R,cefoxitin=S,ceftazidime-clavulanic acid=S,ceftazidime=R,chloramphenicol=S,ciprofloxacin=R,colistin=S,ertapenem=S,gentamicin=S,imipenem=S,meropenem=S,nalidixic acid=R,sulfamethoxazole=S,temocillin=S,tetracycline=R,tigecycline=S,trimethoprim=S"
E.coli and Shigella,ESBL4422,"""ESBL4422"",""WUR_ESBL_2021-ESBL4422""",,PDT001467032.1,2022-10-25T03:32:59Z,Netherlands,retail chicken,environmental/other,Netherlands,PDS000228744.1,,,SAMN31087357,GCA_025828495.1,"aadA1=COMPLETE,aadA2=COMPLETE,acrF=COMPLETE,blaEC=COMPLETE,blaTEM-52=COMPLETE,dfrA1=COMPLETE,gyrA_S83L=POINT,lnu(F)=COMPLETE,mcr-1.1=COMPLETE,mdtM=COMPLETE,sat2=COMPLETE,sul2=COMPLETE",,"amikacin=S,ampicillin=R,azithromycin=S,cefepime=R,cefotaxime-clavulanic acid=S,cefotaxime=R,cefoxitin=S,ceftazidime-clavulanic acid=S,ceftazidime=R,chloramphenicol=S,ciprofloxacin=R,colistin=R,ertapenem=S,gentamicin=S,imipenem=S,meropenem=S,nalidixic acid=R,sulfamethoxazole=R,temocillin=S,tetracycline=S,tigecycline=S,trimethoprim=R"
E.coli and Shigella,ESBL4401,"""ESBL4401"",""WUR_ESBL_2021-ESBL4401""",,PDT001467034.1,2022-10-25T03:33:11Z,Netherlands,retail chicken,environmental/other,Netherlands,,,,SAMN31087348,GCA_025828535.1,"aadA5=COMPLETE,acrF=COMPLETE,blaEC=COMPLETE,blaSHV-12=COMPLETE,dfrA17=COMPLETE,mdtM=COMPLETE,qnrS1=COMPLETE,sul2=COMPLETE,tet(A)=COMPLETE",,"amikacin=S,ampicillin=R,azithromycin=S,cefepime=R,cefotaxime-clavulanic acid=S,cefotaxime=R,cefoxitin=S,ceftazidime-clavulanic acid=S,ceftazidime=R,chloramphenicol=S,ciprofloxacin=R,colistin=S,ertapenem=S,gentamicin=S,imipenem=S,meropenem=S,nalidixic acid=S,sulfamethoxazole=R,temocillin=S,tetracycline=R,tigecycline=S,trimethoprim=R"
E.coli and Shigella,ESBL4396,"""ESBL4396"",""WUR_ESBL_2021-ESBL4396""",,PDT001467035.1,2022-10-25T03:33:20Z,Netherlands,retail chicken,environmental/other,Netherlands,,,,SAMN31087347,GCA_025828555.1,"aadA1=COMPLETE,aadA2=COMPLETE,acrF=COMPLETE,aph(3'')-Ib=COMPLETE,aph(6)-Id=COMPLETE,blaEC=COMPLETE,blaSHV-12=COMPLETE,blaTEM-1=COMPLETE,cmlA1=COMPLETE,dfrA14=COMPLETE,estX-3=COMPLETE,gyrA_S83L=POINT,mdtM=COMPLETE,sul2=COMPLETE,sul3=COMPLETE,tet(A)=COMPLETE",,"amikacin=S,ampicillin=R,azithromycin=S,cefepime=R,cefotaxime-clavulanic acid=S,cefotaxime=R,cefoxitin=S,ceftazidime-clavulanic acid=S,ceftazidime=R,chloramphenicol=R,ciprofloxacin=R,colistin=S,ertapenem=S,gentamicin=S,imipenem=S,meropenem=S,nalidixic acid=R,sulfamethoxazole=R,temocillin=S,tetracycline=R,tigecycline=S,trimethoprim=R"
E.coli and Shigella,ESBL4394,"""ESBL4394"",""WUR_ESBL_2021-ESBL4394""",,PDT001467039.1,2022-10-25T03:34:03Z,Netherlands,retail chicken,environmental/other,Netherlands,PDS000121574.2,8.0,,SAMN31087345,GCA_025828645.1,"acrF=COMPLETE,blaCTX-M-8=COMPLETE,blaEC=COMPLETE,gyrA_S83L=POINT,mdtM=COMPLETE,sul2=COMPLETE,tet(A)=COMPLETE",,"amikacin=S,ampicillin=R,azithromycin=S,cefepime=R,cefotaxime-clavulanic acid=S,cefotaxime=R,cefoxitin=S,ceftazidime-clavulanic acid=S,ceftazidime=R,chloramphenicol=S,ciprofloxacin=R,colistin=S,ertapenem=S,gentamicin=S,imipenem=S,meropenem=S,nalidixic acid=R,sulfamethoxazole=R,temocillin=S,tetracycline=R,tigecycline=S,trimethoprim=S"
E.coli and Shigella,ESBL4392,"""ESBL4392"",""WUR_ESBL_2021-ESBL4392""",,PDT001467040.1,2022-10-25T03:34:10Z,Netherlands,retail veal,environmental/other,Netherlands,PDS000121584.2,22.0,,SAMN31087343,GCA_025828635.1,"aac(3)-IVa=COMPLETE,aadA22=COMPLETE,aadA2=COMPLETE,acrF=MISTRANSLATION,aph(4)-Ia=COMPLETE,blaEC=COMPLETE,blaSHV-12=COMPLETE,cyaA_S352T=POINT,dfrA12=COMPLETE,emrD=COMPLETE,gyrA_S83L=POINT,lnu(F)=COMPLETE,mdtM=COMPLETE,sul2=COMPLETE",,"amikacin=S,ampicillin=R,azithromycin=S,cefepime=R,cefotaxime-clavulanic acid=S,cefotaxime=R,cefoxitin=S,ceftazidime-clavulanic acid=S,ceftazidime=R,chloramphenicol=S,ciprofloxacin=R,colistin=S,ertapenem=S,gentamicin=R,imipenem=S,meropenem=S,nalidixic acid=R,sulfamethoxazole=R,temocillin=S,tetracycline=S,tigecycline=S,trimethoprim=R"
E.coli and Shigella,ESBL4383,"""ESBL4383"",""WUR_ESBL_2021-ESBL4383""",,PDT001467043.1,2022-10-25T03:34:41Z,Netherlands,retail lamb,environmental/other,Netherlands,PDS000071431.19,4.0,41.0,SAMN31087340,GCA_025828715.1,"aac(3)-IId=COMPLETE,aadA2=COMPLETE,acrF=COMPLETE,blaCTX-M-55=COMPLETE,blaEC=COMPLETE,blaTEM-1=COMPLETE,dfrA14=COMPLETE,emrD=COMPLETE,gyrA_D87G=POINT,lnu(F)=COMPLETE,mdtM=COMPLETE,qnrS1=COMPLETE,sul3=COMPLETE,tet(A)=COMPLETE",,"amikacin=S,ampicillin=R,azithromycin=S,cefepime=R,cefotaxime-clavulanic acid=S,cefotaxime=R,cefoxitin=S,ceftazidime-clavulanic acid=S,ceftazidime=R,chloramphenicol=S,ciprofloxacin=R,colistin=S,ertapenem=S,gentamicin=R,imipenem=S,meropenem=S,nalidixic acid=R,sulfamethoxazole=R,temocillin=S,tetracycline=R,tigecycline=S,trimethoprim=R"
E.coli and Shigella,ESBL4381,"""ESBL4381"",""WUR_ESBL_2021-ESBL4381""",,PDT001467045.1,2022-10-25T03:34:52Z,Netherlands,retail beef,environmental/other,Netherlands,,,,SAMN31087338,GCA_025828755.1,"acrF=COMPLETE,aph(3'')-Ib=COMPLETE,aph(6)-Id=COMPLETE,blaCTX-M-15=COMPLETE,blaEC=COMPLETE,blaTEM-1=COMPLETE,dfrA14=COMPLETE,mdtM=COMPLETE,qnrS1=COMPLETE,sul2=COMPLETE,tet(A)=COMPLETE",,"amikacin=S,ampicillin=R,azithromycin=S,cefepime=R,cefotaxime-clavulanic acid=S,cefotaxime=R,cefoxitin=S,ceftazidime-clavulanic acid=S,ceftazidime=R,chloramphenicol=S,ciprofloxacin=R,colistin=S,ertapenem=S,gentamicin=S,imipenem=S,meropenem=S,nalidixic acid=R,sulfamethoxazole=R,temocillin=S,tetracycline=R,tigecycline=S,trimethoprim=R"
E.coli and Shigella,ESBL4374,"""ESBL4374"",""WUR_ESBL_2021-ESBL4374""",,PDT001467048.1,2022-10-25T03:35:26Z,Netherlands,retail chicken,environmental/other,Netherlands,,,,SAMN31087335,GCA_025828815.1,"aadA1=PARTIAL_END_OF_CONTIG,aadA2=PARTIAL_END_OF_CONTIG,acrF=COMPLETE,aph(3'')-Ib=COMPLETE,aph(6)-Id=COMPLETE,blaEC=COMPLETE,blaTEM-52=COMPLETE,gyrA_S83L=POINT,lnu(F)=COMPLETE,mph(B)=COMPLETE,sul1=COMPLETE",,"amikacin=S,ampicillin=R,azithromycin=R,cefepime=R,cefotaxime-clavulanic acid=S,cefotaxime=R,cefoxitin=S,ceftazidime-clavulanic acid=S,ceftazidime=R,chloramphenicol=S,ciprofloxacin=R,colistin=S,ertapenem=S,gentamicin=S,imipenem=S,meropenem=S,nalidixic acid=R,sulfamethoxazole=R,temocillin=S,tetracycline=S,tigecycline=S,trimethoprim=S"
E.coli and Shigella,ESBL4372,"""ESBL4372"",""WUR_ESBL_2021-ESBL4372""",,PDT001467050.1,2022-10-25T03:35:35Z,Netherlands,retail chicken,environmental/other,Netherlands,PDS000121591.1,26.0,,SAMN31087333,GCA_025828855.1,"aadA1=COMPLETE,acrF=COMPLETE,aph(3'')-Ib=COMPLETE,aph(6)-Id=COMPLETE,blaCTX-M-1=COMPLETE,blaEC=COMPLETE,blaTEM-1=COMPLETE,dfrA1=COMPLETE,gyrA_S83L=POINT,mdtM=COMPLETE,sat2=COMPLETE,sul2=COMPLETE",,"amikacin=S,ampicillin=R,azithromycin=S,cefepime=R,cefotaxime-clavulanic acid=S,cefotaxime=R,cefoxitin=R,ceftazidime-clavulanic acid=S,ceftazidime=R,chloramphenicol=S,ciprofloxacin=R,colistin=S,ertapenem=S,gentamicin=S,imipenem=S,meropenem=S,nalidixic acid=R,sulfamethoxazole=R,temocillin=S,tetracycline=S,tigecycline=S,trimethoprim=R"
E.coli and Shigella,ESBL4369,"""ESBL4369"",""WUR_ESBL_2021-ESBL4369""",,PDT001467051.1,2022-10-25T03:35:43Z,Netherlands,retail chicken,environmental/other,Netherlands,PDS000121565.1,29.0,,SAMN31087332,GCA_025828875.1,"aadA1=PARTIAL_END_OF_CONTIG,acrF=COMPLETE,aph(3'')-Ib=COMPLETE,aph(6)-Id=COMPLETE,blaCTX-M-55=COMPLETE,blaEC=COMPLETE,blaTEM-1=COMPLETE,dfrA1=COMPLETE,floR=COMPLETE,gyrA_D87N=POINT,lnu(F)=COMPLETE,mdtM=COMPLETE,parC_E84G=POINT,sul1=COMPLETE,sul2=PARTIAL_END_OF_CONTIG,tet(A)=COMPLETE",,"amikacin=S,ampicillin=R,azithromycin=S,cefepime=R,cefotaxime-clavulanic acid=S,cefotaxime=R,cefoxitin=R,ceftazidime-clavulanic acid=S,ceftazidime=R,chloramphenicol=R,ciprofloxacin=R,colistin=S,ertapenem=R,gentamicin=S,imipenem=S,meropenem=S,nalidixic acid=R,sulfamethoxazole=R,temocillin=S,tetracycline=R,tigecycline=S,trimethoprim=R"
E.coli and Shigella,ESBL4355,"""ESBL4355"",""WUR_ESBL_2021-ESBL4355""",,PDT001467053.1,2022-10-25T03:37:13Z,Netherlands,retail chicken,environmental/other,Netherlands,PDS000228653.1,,,SAMN31087328,GCA_025828915.1,"aadA22=COMPLETE,aadA2=PARTIAL_END_OF_CONTIG,acrF=COMPLETE,aph(3'')-Ib=COMPLETE,aph(6)-Id=COMPLETE,blaEC=COMPLETE,blaTEM-52=COMPLETE,erm(B)=COMPLETE,lnu(F)=COMPLETE,mdtM=COMPLETE,qnrB19=COMPLETE,tet(B)=COMPLETE",,"amikacin=S,ampicillin=R,azithromycin=R,cefepime=S,cefotaxime-clavulanic acid=S,cefotaxime=R,cefoxitin=S,ceftazidime-clavulanic acid=S,ceftazidime=R,chloramphenicol=S,ciprofloxacin=R,colistin=S,ertapenem=S,gentamicin=S,imipenem=S,meropenem=S,nalidixic acid=R,sulfamethoxazole=S,temocillin=S,tetracycline=R,tigecycline=S,trimethoprim=S"
E.coli and Shigella,ESBL4359,"""ESBL4359"",""WUR_ESBL_2021-ESBL4359""",,PDT001467055.1,2022-10-25T03:37:29Z,Netherlands,retail chicken,environmental/other,Netherlands,PDS000121578.3,9.0,,SAMN31087329,GCA_025828945.1,"aadA22=COMPLETE,aadA5=COMPLETE,acrF=COMPLETE,blaEC=COMPLETE,blaSHV-12=COMPLETE,dfrA17=COMPLETE,lnu(F)=COMPLETE,mdtM=COMPLETE,qnrS=PARTIAL_END_OF_CONTIG,sul2=COMPLETE,tet(A)=COMPLETE",,"amikacin=S,ampicillin=R,azithromycin=S,cefepime=R,cefotaxime-clavulanic acid=S,cefotaxime=R,cefoxitin=S,ceftazidime-clavulanic acid=S,ceftazidime=R,chloramphenicol=S,ciprofloxacin=R,colistin=S,ertapenem=S,gentamicin=S,imipenem=S,meropenem=S,nalidixic acid=S,sulfamethoxazole=R,temocillin=S,tetracycline=R,tigecycline=S,trimethoprim=R"
E.coli and Shigella,ESBL4352,"""ESBL4352"",""WUR_ESBL_2021-ESBL4352""",,PDT001467056.1,2022-10-25T03:37:37Z,Netherlands,retail chicken,environmental/other,Netherlands,,,,SAMN31087327,GCA_025828975.1,"aadA22=COMPLETE,aadA2=PARTIAL_END_OF_CONTIG,acrF=COMPLETE,blaEC=COMPLETE,blaSHV-12=COMPLETE,blaTEM-1=COMPLETE,lnu(F)=COMPLETE,mdtM=COMPLETE,qnrS1=COMPLETE,sul2=COMPLETE,tet(A)=COMPLETE",,"amikacin=S,ampicillin=R,azithromycin=S,cefepime=R,cefotaxime-clavulanic acid=S,cefotaxime=R,cefoxitin=S,ceftazidime-clavulanic acid=S,ceftazidime=R,chloramphenicol=S,ciprofloxacin=R,colistin=S,ertapenem=S,gentamicin=S,imipenem=S,meropenem=S,nalidixic acid=S,sulfamethoxazole=R,temocillin=S,tetracycline=R,tigecycline=S,trimethoprim=S"
E.coli and Shigella,ESBL4347,"""ESBL4347"",""WUR_ESBL_2021-ESBL4347""",,PDT001467058.1,2022-10-25T03:37:53Z,Netherlands,retail veal,environmental/other,Netherlands,,,,SAMN31087325,GCA_025829025.1,"aac(3)-IId=COMPLETE,aadA2=COMPLETE,acrF=COMPLETE,aph(3')-Ia=COMPLETE,blaCTX-M-1=COMPLETE,blaEC=COMPLETE,blaTEM=PARTIAL_END_OF_CONTIG,lnu(F)=COMPLETE,mdtM=COMPLETE,mph(A)=COMPLETE,qnrS1=COMPLETE,tet(A)=COMPLETE,tet(B)=COMPLETE",,"amikacin=S,ampicillin=R,azithromycin=S,cefepime=R,cefotaxime-clavulanic acid=S,cefotaxime=R,cefoxitin=S,ceftazidime-clavulanic acid=S,ceftazidime=R,chloramphenicol=S,ciprofloxacin=R,colistin=S,ertapenem=S,gentamicin=R,imipenem=S,meropenem=S,nalidixic acid=S,sulfamethoxazole=S,temocillin=S,tetracycline=R,tigecycline=S,trimethoprim=S"
E.coli and Shigella,ESBL4346,"""ESBL4346"",""WUR_ESBL_2021-ESBL4346""",,PDT001467059.1,2022-10-25T03:38:02Z,Netherlands,retail chicken,environmental/other,Netherlands,PDS000121580.10,27.0,34.0,SAMN31087324,GCA_025829015.1,"aac(3)-II=PARTIAL,aadA1=COMPLETE,aadA2=PARTIAL_END_OF_CONTIG,acrF=COMPLETE,aph(3')-Ia=COMPLETE,blaCTX-M-15=COMPLETE,blaEC=MISTRANSLATION,blaTEM-1=COMPLETE,cmlA1=COMPLETE,dfrA12=COMPLETE,floR=COMPLETE,lnu(F)=COMPLETE,mdtM=COMPLETE,qnrS1=COMPLETE,sul2=COMPLETE,sul3=COMPLETE,tet(A)=COMPLETE,tet(M)=COMPLETE",,"amikacin=S,ampicillin=R,azithromycin=S,cefepime=R,cefotaxime-clavulanic acid=S,cefotaxime=R,cefoxitin=S,ceftazidime-clavulanic acid=S,ceftazidime=R,chloramphenicol=R,ciprofloxacin=R,colistin=S,ertapenem=S,gentamicin=S,imipenem=S,meropenem=S,nalidixic acid=S,sulfamethoxazole=R,temocillin=S,tetracycline=R,tigecycline=S,trimethoprim=R"
E.coli and Shigella,ESBL4325,"""ESBL4325"",""WUR_ESBL_2021-ESBL4325""",,PDT001467064.1,2022-10-25T03:38:27Z,Netherlands,retail chicken,environmental/other,Netherlands,PDS000121560.1,11.0,,SAMN31087318,GCA_025829135.1,"aadA1=COMPLETE,acrF=COMPLETE,aph(3'')-Ib=COMPLETE,aph(6)-Id=COMPLETE,blaCTX-M-1=COMPLETE,blaEC=COMPLETE,blaTEM-1=COMPLETE,dfrA1=COMPLETE,dfrA51=COMPLETE,gyrA_S83L=POINT,mdtM=COMPLETE,sat2=COMPLETE,sul2=COMPLETE",,"amikacin=S,ampicillin=R,azithromycin=S,cefepime=R,cefotaxime-clavulanic acid=S,cefotaxime=R,cefoxitin=S,ceftazidime-clavulanic acid=S,ceftazidime=R,chloramphenicol=S,ciprofloxacin=R,colistin=S,ertapenem=S,gentamicin=S,imipenem=S,meropenem=S,nalidixic acid=R,sulfamethoxazole=R,temocillin=S,tetracycline=S,tigecycline=S,trimethoprim=R"
E.coli and Shigella,ESBL4323,"""ESBL4323"",""WUR_ESBL_2021-ESBL4323""",,PDT001467066.1,2022-10-25T03:38:38Z,Netherlands,retail chicken,environmental/other,Netherlands,PDS000119923.8,12.0,42.0,SAMN31087316,GCA_025829175.1,"aadA1=COMPLETE,acrF=COMPLETE,blaEC=COMPLETE,blaSHV-12=COMPLETE,estX-3=COMPLETE,mdtM=COMPLETE,qnrS1=COMPLETE,sul2=COMPLETE,tet(A)=COMPLETE",,"amikacin=S,ampicillin=R,azithromycin=S,cefepime=R,cefotaxime-clavulanic acid=S,cefotaxime=R,cefoxitin=S,ceftazidime-clavulanic acid=S,ceftazidime=R,chloramphenicol=S,ciprofloxacin=R,colistin=S,ertapenem=S,gentamicin=S,imipenem=S,meropenem=S,nalidixic acid=R,sulfamethoxazole=R,temocillin=S,tetracycline=R,tigecycline=S,trimethoprim=S"
E.coli and Shigella,ESBL4320,"""ESBL4320"",""WUR_ESBL_2021-ESBL4320""",,PDT001467069.1,2022-10-25T03:38:48Z,Netherlands,retail veal,environmental/other,Netherlands,PDS000121582.2,11.0,,SAMN31087313,GCA_025829235.1,"acrF=COMPLETE,ampC_C-42T=POINT,aph(3')-Ia=COMPLETE,blaEC=COMPLETE,blaTEM-176=COMPLETE,floR=COMPLETE,mdtM=COMPLETE,qnrS1=COMPLETE,tet(A)=COMPLETE",,"amikacin=S,ampicillin=R,azithromycin=S,cefepime=S,cefotaxime-clavulanic acid=R,cefotaxime=R,cefoxitin=R,ceftazidime-clavulanic acid=R,ceftazidime=R,chloramphenicol=R,ciprofloxacin=R,colistin=S,ertapenem=S,gentamicin=S,imipenem=S,meropenem=S,nalidixic acid=S,sulfamethoxazole=S,temocillin=S,tetracycline=R,tigecycline=S,trimethoprim=S"
E.coli and Shigella,36.31,"""36.31"",""WUR_ESBL_2021-36.31""",,PDT001467072.1,2022-10-25T03:39:06Z,Netherlands,cecal content,environmental/other,,PDS000121584.2,22.0,,SAMN31087308,GCA_025829295.1,"aac(3)-IVa=COMPLETE,aadA22=COMPLETE,aadA2=COMPLETE,acrF=MISTRANSLATION,aph(4)-Ia=COMPLETE,blaEC=COMPLETE,blaSHV-12=COMPLETE,cyaA_S352T=POINT,dfrA12=COMPLETE,emrD=COMPLETE,gyrA_S83L=POINT,lnu(F)=PARTIAL_END_OF_CONTIG,mdtM=COMPLETE,sul2=COMPLETE",,"amikacin=S,ampicillin=R,azithromycin=S,cefepime=R,cefotaxime-clavulanic acid=S,cefotaxime=R,cefoxitin=S,ceftazidime-clavulanic acid=S,ceftazidime=R,chloramphenicol=S,ciprofloxacin=R,colistin=S,ertapenem=S,gentamicin=R,imipenem=S,meropenem=S,nalidixic acid=R,sulfamethoxazole=R,temocillin=S,tetracycline=S,tigecycline=S,trimethoprim=R"
E.coli and Shigella,36.28,"""36.28"",""WUR_ESBL_2021-36.28""",,PDT001467073.1,2022-10-25T03:39:12Z,Netherlands,cecal content,environmental/other,,PDS000084427.15,18.0,22.0,SAMN31087305,GCA_025829315.1,"aac(3)-IIe=COMPLETE,acrF=COMPLETE,aph(3'')-Ib=COMPLETE,aph(3')-Ia=COMPLETE,aph(6)-Id=COMPLETE,blaCTX-M-55=COMPLETE,blaEC=COMPLETE,blaTEM-1=COMPLETE,catA1=COMPLETE,dfrA17=COMPLETE,dfrA8=COMPLETE,floR=PARTIAL_END_OF_CONTIG,gyrA_D87N=POINT,gyrA_S83L=POINT,mdtM=COMPLETE,parC_A56T=POINT,parC_S80I=POINT,tet(A)=COMPLETE,tet(B)=COMPLETE",,"amikacin=S,ampicillin=R,azithromycin=S,cefepime=R,cefotaxime-clavulanic acid=S,cefotaxime=R,cefoxitin=S,ceftazidime-clavulanic acid=S,ceftazidime=R,chloramphenicol=R,ciprofloxacin=R,colistin=S,ertapenem=S,gentamicin=R,imipenem=S,meropenem=S,nalidixic acid=R,sulfamethoxazole=R,temocillin=S,tetracycline=R,tigecycline=S,trimethoprim=R"
E.coli and Shigella,ESBL4319,"""ESBL4319"",""WUR_ESBL_2021-ESBL4319""",,PDT001467074.1,2022-10-25T03:39:23Z,Netherlands,retail veal,environmental/other,Netherlands,PDS000121582.2,11.0,,SAMN31087312,GCA_025829335.1,"acrF=COMPLETE,ampC_C-42T=POINT,aph(3')-Ia=COMPLETE,blaEC=COMPLETE,blaTEM-176=COMPLETE,floR=COMPLETE,mdtM=COMPLETE,qnrS1=COMPLETE,tet(A)=COMPLETE",,"amikacin=S,ampicillin=R,azithromycin=S,cefepime=S,cefotaxime-clavulanic acid=R,cefotaxime=R,cefoxitin=R,ceftazidime-clavulanic acid=R,ceftazidime=R,chloramphenicol=R,ciprofloxacin=R,colistin=S,ertapenem=S,gentamicin=S,imipenem=S,meropenem=S,nalidixic acid=S,sulfamethoxazole=S,temocillin=S,tetracycline=R,tigecycline=S,trimethoprim=S"
E.coli and Shigella,36.29,"""36.29"",""WUR_ESBL_2021-36.29""",,PDT001467075.1,2022-10-25T03:39:33Z,Netherlands,cecal content,environmental/other,,PDS000121577.11,6.0,,SAMN31087306,GCA_025829355.1,"acrF=COMPLETE,aph(3')-Ia=COMPLETE,blaCTX-M-32=COMPLETE,blaEC=COMPLETE,blaTEM-176=COMPLETE,dfrA14=COMPLETE,floR=COMPLETE,mdtM=COMPLETE,qnrS1=COMPLETE,tet(A)=COMPLETE",,"amikacin=S,ampicillin=R,azithromycin=S,cefepime=R,cefotaxime-clavulanic acid=S,cefotaxime=R,cefoxitin=S,ceftazidime-clavulanic acid=S,ceftazidime=R,chloramphenicol=R,ciprofloxacin=R,colistin=S,ertapenem=S,gentamicin=S,imipenem=S,meropenem=S,nalidixic acid=S,sulfamethoxazole=S,temocillin=S,tetracycline=R,tigecycline=S,trimethoprim=R"
E.coli and Shigella,36.23,"""36.23"",""WUR_ESBL_2021-36.23""",,PDT001467080.1,2022-10-25T03:40:35Z,Netherlands,cecal content,environmental/other,,PDS000071037.17,14.0,34.0,SAMN31087300,GCA_025829445.1,"aac(3)-IId=COMPLETE,aadA1=COMPLETE,aadA2=COMPLETE,acrF=COMPLETE,aph(3')-Ia=COMPLETE,blaCTX-M-15=COMPLETE,blaEC=COMPLETE,cmlA1=COMPLETE,dfrA12=COMPLETE,floR=COMPLETE,mdtM=COMPLETE,qnrS1=COMPLETE,sul2=COMPLETE,tet(A)=COMPLETE,tet(M)=COMPLETE",,"amikacin=S,ampicillin=R,azithromycin=S,cefepime=R,cefotaxime-clavulanic acid=S,cefotaxime=R,cefoxitin=S,ceftazidime-clavulanic acid=S,ceftazidime=R,chloramphenicol=R,ciprofloxacin=R,colistin=S,ertapenem=S,gentamicin=R,imipenem=S,meropenem=S,nalidixic acid=S,sulfamethoxazole=R,temocillin=S,tetracycline=R,tigecycline=S,trimethoprim=R"
E.coli and Shigella,36.2,"""36.20"",""WUR_ESBL_2021-36.20""",,PDT001467082.1,2022-10-25T03:40:52Z,Netherlands,cecal content,environmental/other,,PDS000121601.5,4.0,,SAMN31087297,GCA_025829495.1,"acrF=COMPLETE,blaCTX-M-15=COMPLETE,blaEC=COMPLETE,mdtM=COMPLETE,qnrS1=COMPLETE",,"amikacin=S,ampicillin=R,azithromycin=S,cefepime=R,cefotaxime-clavulanic acid=S,cefotaxime=R,cefoxitin=S,ceftazidime-clavulanic acid=S,ceftazidime=R,chloramphenicol=S,ciprofloxacin=R,colistin=S,ertapenem=S,gentamicin=S,imipenem=S,meropenem=S,nalidixic acid=S,sulfamethoxazole=S,temocillin=S,tetracycline=S,tigecycline=S,trimethoprim=S"
E.coli and Shigella,36.19,"""36.19"",""WUR_ESBL_2021-36.19""",,PDT001467085.1,2022-10-25T03:41:13Z,Netherlands,cecal content,environmental/other,,PDS000239328.3,,,SAMN31087296,GCA_025829545.1,"blaCTX-M-15=COMPLETE,blaEC=MISTRANSLATION,mdtM=COMPLETE,qnrS1=COMPLETE",,"amikacin=S,ampicillin=R,azithromycin=S,cefepime=R,cefotaxime-clavulanic acid=S,cefotaxime=R,cefoxitin=S,ceftazidime-clavulanic acid=S,ceftazidime=R,chloramphenicol=S,ciprofloxacin=R,colistin=S,ertapenem=S,gentamicin=S,imipenem=S,meropenem=S,nalidixic acid=S,sulfamethoxazole=S,temocillin=S,tetracycline=S,tigecycline=S,trimethoprim=S"
E.coli and Shigella,36.15,"""36.15"",""WUR_ESBL_2021-36.15""",,PDT001467087.1,2022-10-25T03:42:20Z,Netherlands,cecal content,environmental/other,,PDS000121601.5,8.0,,SAMN31087292,GCA_025829585.1,"acrF=COMPLETE,blaCTX-M-15=COMPLETE,blaEC=COMPLETE,mdtM=COMPLETE,qnrS1=COMPLETE",,"amikacin=S,ampicillin=R,azithromycin=S,cefepime=R,cefotaxime-clavulanic acid=S,cefotaxime=R,cefoxitin=S,ceftazidime-clavulanic acid=S,ceftazidime=R,chloramphenicol=S,ciprofloxacin=R,colistin=S,ertapenem=S,gentamicin=S,imipenem=S,meropenem=S,nalidixic acid=S,sulfamethoxazole=S,temocillin=S,tetracycline=S,tigecycline=S,trimethoprim=S"
E.coli and Shigella,36.13,"""36.13"",""WUR_ESBL_2021-36.13""",,PDT001467088.1,2022-10-25T03:42:28Z,Netherlands,cecal content,environmental/other,,PDS000121561.10,0.0,33.0,SAMN31087290,GCA_025829605.1,"acrF=COMPLETE,blaCTX-M-15=COMPLETE,blaEC=MISTRANSLATION,mdtM=COMPLETE,qnrS1=COMPLETE",,"amikacin=S,ampicillin=R,azithromycin=S,cefepime=R,cefotaxime-clavulanic acid=S,cefotaxime=R,cefoxitin=S,ceftazidime-clavulanic acid=S,ceftazidime=R,chloramphenicol=S,ciprofloxacin=R,colistin=S,ertapenem=S,gentamicin=S,imipenem=S,meropenem=S,nalidixic acid=S,sulfamethoxazole=S,temocillin=S,tetracycline=S,tigecycline=S,trimethoprim=S"
E.coli and Shigella,36.16,"""36.16"",""WUR_ESBL_2021-36.16""",,PDT001467089.1,2022-10-25T03:42:37Z,Netherlands,cecal content,environmental/other,,PDS000121561.10,1.0,34.0,SAMN31087293,GCA_025829615.1,"acrF=COMPLETE,blaCTX-M-15=COMPLETE,blaEC=MISTRANSLATION,mdtM=COMPLETE,qnrS1=COMPLETE",,"amikacin=S,ampicillin=R,azithromycin=S,cefepime=R,cefotaxime-clavulanic acid=S,cefotaxime=R,cefoxitin=S,ceftazidime-clavulanic acid=S,ceftazidime=R,chloramphenicol=S,ciprofloxacin=R,colistin=S,ertapenem=S,gentamicin=S,imipenem=S,meropenem=S,nalidixic acid=S,sulfamethoxazole=S,temocillin=S,tetracycline=S,tigecycline=S,trimethoprim=S"
E.coli and Shigella,36.14,"""36.14"",""WUR_ESBL_2021-36.14""",,PDT001467090.1,2022-10-25T03:42:46Z,Netherlands,cecal content,environmental/other,,PDS000034887.37,25.0,14.0,SAMN31087291,GCA_025829655.1,"aac(3)-IId=COMPLETE,acrF=COMPLETE,aph(3'')-Ib=COMPLETE,aph(3')-Ia=COMPLETE,aph(6)-Id=COMPLETE,blaCTX-M-1=COMPLETE,blaEC=COMPLETE,dfrA7=COMPLETE,gyrA_D87N=POINT,gyrA_S83L=POINT,mdtM=COMPLETE,mph(A)=COMPLETE,parC_S80I=POINT,parE_S458A=POINT,sul1=COMPLETE,sul2=COMPLETE,tet(A)=COMPLETE,uhpT_E350Q=POINT",,"amikacin=S,ampicillin=R,azithromycin=S,cefepime=R,cefotaxime-clavulanic acid=S,cefotaxime=R,cefoxitin=S,ceftazidime-clavulanic acid=S,ceftazidime=R,chloramphenicol=S,ciprofloxacin=R,colistin=S,ertapenem=S,gentamicin=R,imipenem=S,meropenem=S,nalidixic acid=R,sulfamethoxazole=R,temocillin=S,tetracycline=R,tigecycline=S,trimethoprim=R"
E.coli and Shigella,36.12,"""36.12"",""WUR_ESBL_2021-36.12""",,PDT001467092.1,2022-10-25T03:43:04Z,Netherlands,cecal content,environmental/other,,,,,SAMN31087289,GCA_025829695.1,"acrF=COMPLETE,blaCTX-M-15=COMPLETE,blaEC=COMPLETE,cyaA_S352T=POINT,emrD=COMPLETE,qnrS1=COMPLETE",,"amikacin=S,ampicillin=R,azithromycin=S,cefepime=R,cefotaxime-clavulanic acid=S,cefotaxime=R,cefoxitin=S,ceftazidime-clavulanic acid=S,ceftazidime=R,chloramphenicol=S,ciprofloxacin=R,colistin=S,ertapenem=S,gentamicin=S,imipenem=S,meropenem=S,nalidixic acid=S,sulfamethoxazole=S,temocillin=S,tetracycline=S,tigecycline=S,trimethoprim=S"
E.coli and Shigella,36.33,"""36.33"",""WUR_ESBL_2021-36.33""",,PDT001467093.1,2022-10-25T03:43:11Z,Netherlands,cecal content,environmental/other,,PDS000121601.5,8.0,,SAMN31087310,GCA_025829705.1,"acrF=COMPLETE,blaCTX-M-15=COMPLETE,blaEC=COMPLETE,mdtM=COMPLETE,qnrS1=COMPLETE",,"amikacin=S,ampicillin=R,azithromycin=S,cefepime=R,cefotaxime-clavulanic acid=S,cefotaxime=R,cefoxitin=S,ceftazidime-clavulanic acid=S,ceftazidime=R,chloramphenicol=S,ciprofloxacin=R,colistin=S,ertapenem=S,gentamicin=S,imipenem=S,meropenem=S,nalidixic acid=S,sulfamethoxazole=S,temocillin=S,tetracycline=S,tigecycline=S,trimethoprim=S"
E.coli and Shigella,36.32,"""36.32"",""WUR_ESBL_2021-36.32""",,PDT001467095.1,2022-10-25T03:43:19Z,Netherlands,cecal content,environmental/other,,,,,SAMN31087309,GCA_025829755.1,"acrF=COMPLETE,ampC_C-42T=POINT,aph(3'')-Ib=COMPLETE,aph(3')-Ia=COMPLETE,aph(6)-Id=COMPLETE,blaEC=COMPLETE,blaTEM-1=COMPLETE,catA1=COMPLETE,floR=COMPLETE,gyrA_S83L=POINT,mdtM=COMPLETE,sul2=COMPLETE,tet(A)=COMPLETE",,"amikacin=S,ampicillin=R,azithromycin=S,cefepime=S,cefotaxime-clavulanic acid=R,cefotaxime=R,cefoxitin=R,ceftazidime-clavulanic acid=R,ceftazidime=R,chloramphenicol=R,ciprofloxacin=R,colistin=S,ertapenem=S,gentamicin=S,imipenem=S,meropenem=S,nalidixic acid=R,sulfamethoxazole=R,temocillin=S,tetracycline=R,tigecycline=S,trimethoprim=R"
E.coli and Shigella,36.08,"""36.08"",""WUR_ESBL_2021-36.08""",,PDT001467096.1,2022-10-25T03:43:23Z,Netherlands,cecal content,environmental/other,,PDS000238323.8,,,SAMN31087285,GCA_025829775.1,"aac(3)-IIe=COMPLETE,aadA1=COMPLETE,aadA5=COMPLETE,acrF=COMPLETE,arr-2=COMPLETE,blaEC=COMPLETE,blaOXA-10=COMPLETE,blaSHV-12=COMPLETE,blaTEM=PARTIAL_END_OF_CONTIG,cmlA5=COMPLETE,dfrA17=COMPLETE,floR=COMPLETE,mdtM=COMPLETE,qnrS1=COMPLETE,sul3=COMPLETE,tet(A)=PARTIAL_END_OF_CONTIG",,"amikacin=S,ampicillin=R,azithromycin=S,cefepime=R,cefotaxime-clavulanic acid=S,cefotaxime=R,cefoxitin=S,ceftazidime-clavulanic acid=S,ceftazidime=R,chloramphenicol=R,ciprofloxacin=R,colistin=S,ertapenem=S,gentamicin=R,imipenem=S,meropenem=S,nalidixic acid=S,sulfamethoxazole=R,temocillin=S,tetracycline=R,tigecycline=S,trimethoprim=R"
E.coli and Shigella,36.1,"""36.10"",""WUR_ESBL_2021-36.10""",,PDT001467097.1,2022-10-25T03:43:29Z,Netherlands,cecal content,environmental/other,,,,,SAMN31087287,GCA_025829785.1,"aac(3)-IVa=COMPLETE,aadA5=COMPLETE,acrF=COMPLETE,aph(4)-Ia=COMPLETE,blaCTX-M-65=COMPLETE,blaEC=COMPLETE,blaTEM-1=COMPLETE,dfrA17=COMPLETE,floR=COMPLETE,gyrA_D87N=POINT,gyrA_S83L=POINT,mdtM=COMPLETE,mph(A)=COMPLETE,parC_S80I=POINT,parE_S458A=POINT,sul1=COMPLETE,sul2=COMPLETE,tet(A)=COMPLETE",,"amikacin=S,ampicillin=R,azithromycin=R,cefepime=R,cefotaxime-clavulanic acid=S,cefotaxime=R,cefoxitin=S,ceftazidime-clavulanic acid=S,ceftazidime=R,chloramphenicol=R,ciprofloxacin=R,colistin=S,ertapenem=S,gentamicin=R,imipenem=S,meropenem=S,nalidixic acid=R,sulfamethoxazole=R,temocillin=S,tetracycline=R,tigecycline=S,trimethoprim=R"
E.coli and Shigella,36.09,"""36.09"",""WUR_ESBL_2021-36.09""",,PDT001467098.1,2022-10-25T03:43:32Z,Netherlands,cecal content,environmental/other,,PDS000228831.1,,,SAMN31087286,GCA_025829815.1,"aac(3)-IId=COMPLETE,acrF=COMPLETE,aph(3'')-Ib=COMPLETE,aph(6)-Id=COMPLETE,blaCTX-M-1=COMPLETE,blaEC=COMPLETE,blaTEM-1=COMPLETE,dfrA5=COMPLETE,mdtM=COMPLETE,mph(A)=COMPLETE,qnrB19=COMPLETE,sul2=COMPLETE",,"amikacin=S,ampicillin=R,azithromycin=S,cefepime=R,cefotaxime-clavulanic acid=S,cefotaxime=R,cefoxitin=S,ceftazidime-clavulanic acid=S,ceftazidime=R,chloramphenicol=S,ciprofloxacin=R,colistin=S,ertapenem=S,gentamicin=R,imipenem=S,meropenem=S,nalidixic acid=S,sulfamethoxazole=R,temocillin=S,tetracycline=S,tigecycline=S,trimethoprim=R"
E.coli and Shigella,36.06,"""36.06"",""WUR_ESBL_2021-36.06""",,PDT001467099.1,2022-10-25T03:43:38Z,Netherlands,cecal content,environmental/other,,PDS000192440.2,,,SAMN31087283,GCA_025829835.1,"aadA1=COMPLETE,aadA2=COMPLETE,acrF=COMPLETE,aph(3'')-Ib=COMPLETE,aph(6)-Id=COMPLETE,blaCTX-M-15=COMPLETE,blaEC=COMPLETE,blaTEM-1=COMPLETE,cmlA1=COMPLETE,dfrA12=COMPLETE,dfrA14=COMPLETE,floR=COMPLETE,mdtM=COMPLETE,qnrS1=COMPLETE,sul2=COMPLETE,tet(A)=PARTIAL_END_OF_CONTIG,tet(M)=COMPLETE",,"amikacin=S,ampicillin=R,azithromycin=S,cefepime=R,cefotaxime-clavulanic acid=S,cefotaxime=R,cefoxitin=S,ceftazidime-clavulanic acid=S,ceftazidime=R,chloramphenicol=R,ciprofloxacin=R,colistin=S,ertapenem=S,gentamicin=S,imipenem=S,meropenem=S,nalidixic acid=S,sulfamethoxazole=R,temocillin=S,tetracycline=R,tigecycline=S,trimethoprim=R"
E.coli and Shigella,36.07,"""36.07"",""WUR_ESBL_2021-36.07""",,PDT001467100.1,2022-10-25T03:43:40Z,Netherlands,cecal content,environmental/other,,PDS000121566.5,14.0,,SAMN31087284,GCA_025829855.1,"aac(3)-IId=COMPLETE,aadA2=COMPLETE,acrF=COMPLETE,aph(3'')-Ib=COMPLETE,aph(6)-Id=COMPLETE,blaCTX-M-15=COMPLETE,blaEC=COMPLETE,blaTEM-1=COMPLETE,floR=COMPLETE,lnu(F)=COMPLETE,mdtM=COMPLETE,qnrS1=COMPLETE,sul2=COMPLETE,tet(A)=COMPLETE",,"amikacin=S,ampicillin=R,azithromycin=S,cefepime=R,cefotaxime-clavulanic acid=S,cefotaxime=R,cefoxitin=S,ceftazidime-clavulanic acid=S,ceftazidime=R,chloramphenicol=R,ciprofloxacin=R,colistin=S,ertapenem=S,gentamicin=R,imipenem=S,meropenem=S,nalidixic acid=S,sulfamethoxazole=R,temocillin=S,tetracycline=R,tigecycline=S,trimethoprim=S"
E.coli and Shigella,36.05,"""36.05"",""WUR_ESBL_2021-36.05""",,PDT001467101.1,2022-10-25T03:43:46Z,Netherlands,cecal content,environmental/other,,PDS000121585.4,9.0,23.0,SAMN31087282,GCA_025829875.1,"acrF=COMPLETE,aph(3'')-Ib=COMPLETE,aph(6)-Id=COMPLETE,blaCTX-M-15=COMPLETE,blaEC=COMPLETE,blaTEM-1=COMPLETE,dfrA14=COMPLETE,emrD=COMPLETE,mdtM=COMPLETE,qnrS1=COMPLETE,sul2=COMPLETE,tet(A)=COMPLETE",,"amikacin=S,ampicillin=R,azithromycin=S,cefepime=R,cefotaxime-clavulanic acid=S,cefotaxime=R,cefoxitin=S,ceftazidime-clavulanic acid=S,ceftazidime=R,chloramphenicol=S,ciprofloxacin=R,colistin=S,ertapenem=S,gentamicin=S,imipenem=S,meropenem=S,nalidixic acid=R,sulfamethoxazole=R,temocillin=S,tetracycline=R,tigecycline=S,trimethoprim=R"
E.coli and Shigella,36.03,"""36.03"",""WUR_ESBL_2021-36.03""",,PDT001467102.1,2022-10-25T03:43:49Z,Netherlands,cecal content,environmental/other,,PDS000121601.5,4.0,,SAMN31087280,GCA_025829895.1,"acrF=COMPLETE,blaCTX-M-15=COMPLETE,blaEC=COMPLETE,mdtM=COMPLETE,qnrS1=COMPLETE",,"amikacin=S,ampicillin=R,azithromycin=S,cefepime=R,cefotaxime-clavulanic acid=S,cefotaxime=R,cefoxitin=S,ceftazidime-clavulanic acid=S,ceftazidime=R,chloramphenicol=S,ciprofloxacin=R,colistin=S,ertapenem=S,gentamicin=S,imipenem=S,meropenem=S,nalidixic acid=S,sulfamethoxazole=S,temocillin=S,tetracycline=S,tigecycline=S,trimethoprim=S"
E.coli and Shigella,36.04,"""36.04"",""WUR_ESBL_2021-36.04""",,PDT001467103.1,2022-10-25T03:43:54Z,Netherlands,cecal content,environmental/other,,,,,SAMN31087281,GCA_025829915.1,"acrF=COMPLETE,aph(3'')-Ib=COMPLETE,aph(6)-Id=COMPLETE,blaCTX-M-15=COMPLETE,blaEC=COMPLETE,blaTEM=PARTIAL_END_OF_CONTIG,dfrA14=COMPLETE,mdtM=COMPLETE,qnrS1=COMPLETE,sul2=COMPLETE,tet(A)=COMPLETE",,"amikacin=S,ampicillin=R,azithromycin=S,cefepime=R,cefotaxime-clavulanic acid=S,cefotaxime=R,cefoxitin=S,ceftazidime-clavulanic acid=S,ceftazidime=R,chloramphenicol=S,ciprofloxacin=R,colistin=S,ertapenem=S,gentamicin=S,imipenem=S,meropenem=S,nalidixic acid=R,sulfamethoxazole=R,temocillin=S,tetracycline=R,tigecycline=S,trimethoprim=R"
E.coli and Shigella,36.02,"""36.02"",""WUR_ESBL_2021-36.02""",,PDT001467104.1,2022-10-25T03:43:57Z,Netherlands,cecal content,environmental/other,,PDS000121596.7,5.0,,SAMN31087279,GCA_025829945.1,"acrF=COMPLETE,blaCTX-M-15=COMPLETE,blaEC=COMPLETE,mdtM=COMPLETE,qnrS1=COMPLETE",,"amikacin=S,ampicillin=R,azithromycin=S,cefepime=R,cefotaxime-clavulanic acid=S,cefotaxime=R,cefoxitin=S,ceftazidime-clavulanic acid=S,ceftazidime=R,chloramphenicol=S,ciprofloxacin=R,colistin=S,ertapenem=S,gentamicin=S,imipenem=S,meropenem=S,nalidixic acid=S,sulfamethoxazole=S,temocillin=S,tetracycline=S,tigecycline=S,trimethoprim=S"
E.coli and Shigella,36.01,"""36.01"",""WUR_ESBL_2021-36.01""",,PDT001467105.1,2022-10-25T03:44:02Z,Netherlands,cecal content,environmental/other,,,,,SAMN31087278,GCA_025829935.1,"acrF=COMPLETE,aph(3'')-Ib=COMPLETE,aph(6)-Id=COMPLETE,blaCTX-M-15=COMPLETE,blaEC=MISTRANSLATION,blaTEM-1=COMPLETE,dfrA14=COMPLETE,mdtM=COMPLETE,qnrS1=COMPLETE,sul2=COMPLETE,tet(A)=COMPLETE",,"amikacin=S,ampicillin=R,azithromycin=S,cefepime=R,cefotaxime-clavulanic acid=S,cefotaxime=R,cefoxitin=S,ceftazidime-clavulanic acid=S,ceftazidime=R,chloramphenicol=S,ciprofloxacin=R,colistin=S,ertapenem=S,gentamicin=S,imipenem=S,meropenem=S,nalidixic acid=S,sulfamethoxazole=R,temocillin=S,tetracycline=R,tigecycline=S,trimethoprim=R"
E.coli and Shigella,35.81,"""35.81"",""WUR_ESBL_2021-35.81""",,PDT001467106.1,2022-10-25T03:45:15Z,Netherlands,cecal content,environmental/other,,PDS000039897.66,19.0,10.0,SAMN31087277,GCA_025829975.1,"aadA5=COMPLETE,acrF=COMPLETE,aph(3'')-Ib=COMPLETE,aph(3')-Ia=COMPLETE,aph(6)-Id=COMPLETE,blaCTX-M-15=COMPLETE,blaEC=COMPLETE,blaTEM-1=COMPLETE,dfrA17=COMPLETE,gyrA_D87N=POINT,gyrA_S83L=POINT,mdtM=COMPLETE,nfsA_G126R=POINT,parC_S80I=POINT,parE_S458A=POINT,sul2=COMPLETE,tet(B)=COMPLETE",,"amikacin=S,ampicillin=R,azithromycin=S,cefepime=R,cefotaxime-clavulanic acid=S,cefotaxime=R,cefoxitin=S,ceftazidime-clavulanic acid=S,ceftazidime=R,chloramphenicol=S,ciprofloxacin=R,colistin=S,ertapenem=S,gentamicin=S,imipenem=S,meropenem=S,nalidixic acid=R,sulfamethoxazole=R,temocillin=S,tetracycline=R,tigecycline=S,trimethoprim=R"
E.coli and Shigella,35.78,"""35.78"",""WUR_ESBL_2021-35.78""",,PDT001467108.1,2022-10-25T03:45:31Z,Netherlands,cecal content,environmental/other,,PDS000121601.5,7.0,,SAMN31087274,GCA_025830015.1,"acrF=COMPLETE,blaCTX-M-15=COMPLETE,blaEC=COMPLETE,mdtM=COMPLETE,qnrS1=COMPLETE",,"amikacin=S,ampicillin=R,azithromycin=S,cefepime=R,cefotaxime-clavulanic acid=S,cefotaxime=R,cefoxitin=S,ceftazidime-clavulanic acid=S,ceftazidime=R,chloramphenicol=S,ciprofloxacin=R,colistin=S,ertapenem=S,gentamicin=S,imipenem=S,meropenem=S,nalidixic acid=S,sulfamethoxazole=S,temocillin=S,tetracycline=S,tigecycline=S,trimethoprim=S"
E.coli and Shigella,35.77,"""35.77"",""WUR_ESBL_2021-35.77""",,PDT001467110.1,2022-10-25T03:45:48Z,Netherlands,cecal content,environmental/other,,PDS000121578.3,26.0,,SAMN31087273,GCA_025830055.1,"aadA22=COMPLETE,aadA5=COMPLETE,acrF=COMPLETE,blaEC=COMPLETE,blaSHV-12=COMPLETE,dfrA17=COMPLETE,dfrA51=COMPLETE,lnu(F)=COMPLETE,mdtM=COMPLETE,qnrS=PARTIAL_END_OF_CONTIG,sul2=COMPLETE,tet(A)=COMPLETE",,"amikacin=S,ampicillin=R,azithromycin=S,cefepime=R,cefotaxime-clavulanic acid=S,cefotaxime=R,cefoxitin=S,ceftazidime-clavulanic acid=S,ceftazidime=R,chloramphenicol=S,ciprofloxacin=R,colistin=S,ertapenem=S,gentamicin=S,imipenem=S,meropenem=S,nalidixic acid=S,sulfamethoxazole=R,temocillin=S,tetracycline=R,tigecycline=S,trimethoprim=R"
E.coli and Shigella,35.76,"""35.76"",""WUR_ESBL_2021-35.76""",,PDT001467111.1,2022-10-25T03:45:56Z,Netherlands,cecal content,environmental/other,,,,,SAMN31087272,GCA_025830075.1,"acrF=COMPLETE,aph(3')-Ia=COMPLETE,blaCTX-M-1=COMPLETE,blaEC=COMPLETE,blaTEM-176=COMPLETE,dfrA14=COMPLETE,floR=COMPLETE,mdtM=COMPLETE,qnrS1=COMPLETE,tet(A)=COMPLETE",,"amikacin=S,ampicillin=R,azithromycin=S,cefepime=R,cefotaxime-clavulanic acid=S,cefotaxime=R,cefoxitin=S,ceftazidime-clavulanic acid=S,ceftazidime=R,chloramphenicol=R,ciprofloxacin=R,colistin=S,ertapenem=S,gentamicin=S,imipenem=S,meropenem=S,nalidixic acid=S,sulfamethoxazole=S,temocillin=S,tetracycline=R,tigecycline=S,trimethoprim=R"
E.coli and Shigella,35.75,"""35.75"",""WUR_ESBL_2021-35.75""",,PDT001467112.1,2022-10-25T03:46:04Z,Netherlands,cecal content,environmental/other,,,,,SAMN31087271,GCA_025830095.1,"aac(3)-IId=COMPLETE,aadA1=COMPLETE,aadA2=PARTIAL_END_OF_CONTIG,acrF=COMPLETE,blaCTX-M-15=COMPLETE,blaEC=COMPLETE,cmlA1=COMPLETE,dfrA12=COMPLETE,floR=COMPLETE,lnu(F)=COMPLETE,mdtM=COMPLETE,qnrS1=COMPLETE,sul2=COMPLETE,tet(A)=COMPLETE,tet(M)=COMPLETE",,"amikacin=S,ampicillin=R,azithromycin=S,cefepime=R,cefotaxime-clavulanic acid=S,cefotaxime=R,cefoxitin=S,ceftazidime-clavulanic acid=S,ceftazidime=R,chloramphenicol=R,ciprofloxacin=R,colistin=S,ertapenem=S,gentamicin=R,imipenem=S,meropenem=S,nalidixic acid=S,sulfamethoxazole=R,temocillin=S,tetracycline=R,tigecycline=S,trimethoprim=R"
E.coli and Shigella,35.73,"""35.73"",""WUR_ESBL_2021-35.73""",,PDT001467114.1,2022-10-25T03:46:12Z,Netherlands,cecal content,environmental/other,,PDS000183031.4,5.0,36.0,SAMN31087269,GCA_025830135.1,"acrF=COMPLETE,blaCTX-M-15=COMPLETE,blaEC=COMPLETE,mdtM=COMPLETE,qnrS1=COMPLETE,tet(A)=COMPLETE",,"amikacin=S,ampicillin=R,azithromycin=S,cefepime=R,cefotaxime-clavulanic acid=S,cefotaxime=R,cefoxitin=S,ceftazidime-clavulanic acid=S,ceftazidime=R,chloramphenicol=S,ciprofloxacin=R,colistin=S,ertapenem=S,gentamicin=S,imipenem=S,meropenem=S,nalidixic acid=S,sulfamethoxazole=S,temocillin=S,tetracycline=R,tigecycline=S,trimethoprim=S"
E.coli and Shigella,35.72,"""35.72"",""WUR_ESBL_2021-35.72""",,PDT001467115.1,2022-10-25T03:46:19Z,Netherlands,cecal content,environmental/other,,PDS000121596.7,5.0,,SAMN31087268,GCA_025830155.1,"acrF=COMPLETE,blaCTX-M-15=COMPLETE,blaEC=COMPLETE,mdtM=COMPLETE,qnrS1=COMPLETE",,"amikacin=S,ampicillin=R,azithromycin=S,cefepime=R,cefotaxime-clavulanic acid=S,cefotaxime=R,cefoxitin=S,ceftazidime-clavulanic acid=S,ceftazidime=R,chloramphenicol=S,ciprofloxacin=R,colistin=S,ertapenem=S,gentamicin=S,imipenem=S,meropenem=S,nalidixic acid=S,sulfamethoxazole=S,temocillin=S,tetracycline=S,tigecycline=S,trimethoprim=S"
E.coli and Shigella,35.7,"""35.70"",""WUR_ESBL_2021-35.70""",,PDT001467118.1,2022-10-25T03:46:28Z,Netherlands,cecal content,environmental/other,,PDS000119923.8,7.0,51.0,SAMN31087266,GCA_025830215.1,"aadA1=COMPLETE,acrF=COMPLETE,blaEC=COMPLETE,blaSHV-12=COMPLETE,estX-3=COMPLETE,mdtM=COMPLETE,qnrS1=COMPLETE,sul2=COMPLETE,tet(A)=COMPLETE",,"amikacin=S,ampicillin=R,azithromycin=S,cefepime=R,cefotaxime-clavulanic acid=S,cefotaxime=R,cefoxitin=S,ceftazidime-clavulanic acid=S,ceftazidime=R,chloramphenicol=S,ciprofloxacin=R,colistin=S,ertapenem=S,gentamicin=S,imipenem=S,meropenem=S,nalidixic acid=S,sulfamethoxazole=R,temocillin=S,tetracycline=R,tigecycline=S,trimethoprim=S"
E.coli and Shigella,35.68,"""35.68"",""WUR_ESBL_2021-35.68""",,PDT001467119.1,2022-10-25T03:46:37Z,Netherlands,cecal content,environmental/other,,PDS000121566.5,14.0,,SAMN31087264,GCA_025830235.1,"acrF=COMPLETE,aph(3'')-Ib=COMPLETE,aph(6)-Id=COMPLETE,blaCTX-M-15=COMPLETE,blaEC=COMPLETE,blaTEM=PARTIAL,floR=COMPLETE,mdtM=COMPLETE,qnrS1=COMPLETE,sul2=COMPLETE,tet(A)=COMPLETE",,"amikacin=S,ampicillin=R,azithromycin=S,cefepime=R,cefotaxime-clavulanic acid=S,cefotaxime=R,cefoxitin=S,ceftazidime-clavulanic acid=S,ceftazidime=R,chloramphenicol=R,ciprofloxacin=R,colistin=S,ertapenem=S,gentamicin=S,imipenem=S,meropenem=S,nalidixic acid=S,sulfamethoxazole=R,temocillin=S,tetracycline=R,tigecycline=S,trimethoprim=S"
E.coli and Shigella,35.67,"""35.67"",""WUR_ESBL_2021-35.67""",,PDT001467120.1,2022-10-25T03:46:36Z,Netherlands,cecal content,environmental/other,,PDS000119851.7,,28.0,SAMN31087263,GCA_025830255.1,"aac(3)-IVa=COMPLETE,aac(6')-Ib-cr5=COMPLETE,aadA1=COMPLETE,acrF=COMPLETE,aph(3')-Ia=COMPLETE,aph(4)-Ia=COMPLETE,blaCTX-M-15=COMPLETE,blaEC=COMPLETE,blaOXA-1=COMPLETE,blaTEM-1=COMPLETE,catB3=PARTIAL,dfrA14=COMPLETE,floR=COMPLETE,gyrA_D87N=POINT,gyrA_S83L=POINT,lnu(G)=COMPLETE,mdtM=COMPLETE,mph(A)=COMPLETE,parC_S80I=POINT,parE_S458A=POINT,tet(A)=COMPLETE,tet(M)=COMPLETE",,"amikacin=S,ampicillin=R,azithromycin=R,cefepime=R,cefotaxime-clavulanic acid=S,cefotaxime=R,cefoxitin=S,ceftazidime-clavulanic acid=S,ceftazidime=R,chloramphenicol=R,ciprofloxacin=R,colistin=S,ertapenem=R,gentamicin=R,imipenem=S,meropenem=S,nalidixic acid=R,sulfamethoxazole=S,temocillin=S,tetracycline=R,tigecycline=S,trimethoprim=R"
E.coli and Shigella,35.65,"""35.65"",""WUR_ESBL_2021-35.65""",,PDT001467121.1,2022-10-25T03:46:44Z,Netherlands,cecal content,environmental/other,,,,,SAMN31087261,GCA_025830275.1,"acrF=COMPLETE,blaCTX-M-15=COMPLETE,blaEC=COMPLETE,mdtM=COMPLETE,qnrS1=COMPLETE",,"amikacin=S,ampicillin=R,azithromycin=S,cefepime=R,cefotaxime-clavulanic acid=S,cefotaxime=R,cefoxitin=S,ceftazidime-clavulanic acid=S,ceftazidime=R,chloramphenicol=S,ciprofloxacin=R,colistin=S,ertapenem=S,gentamicin=S,imipenem=S,meropenem=S,nalidixic acid=S,sulfamethoxazole=S,temocillin=S,tetracycline=S,tigecycline=S,trimethoprim=S"
E.coli and Shigella,35.66,"""35.66"",""WUR_ESBL_2021-35.66""",,PDT001467123.1,2022-10-25T03:46:53Z,Netherlands,cecal content,environmental/other,,PDS000121580.10,27.0,37.0,SAMN31087262,GCA_025830315.1,"acrF=COMPLETE,blaCTX-M-15=COMPLETE,blaEC=MISTRANSLATION,mdtM=COMPLETE,qnrS1=COMPLETE",,"amikacin=S,ampicillin=R,azithromycin=S,cefepime=R,cefotaxime-clavulanic acid=S,cefotaxime=R,cefoxitin=S,ceftazidime-clavulanic acid=S,ceftazidime=R,chloramphenicol=S,ciprofloxacin=R,colistin=S,ertapenem=S,gentamicin=S,imipenem=S,meropenem=S,nalidixic acid=S,sulfamethoxazole=S,temocillin=S,tetracycline=S,tigecycline=S,trimethoprim=S"
E.coli and Shigella,35.64,"""35.64"",""WUR_ESBL_2021-35.64""",,PDT001467124.1,2022-10-25T03:46:53Z,Netherlands,cecal content,environmental/other,,,,,SAMN31087260,GCA_025830325.1,"acrF=COMPLETE,aph(3'')-Ib=COMPLETE,aph(6)-Id=COMPLETE,blaCTX-M-15=COMPLETE,blaEC=COMPLETE,blaTEM-1=COMPLETE,gyrA_D87N=POINT,gyrA_S83L=POINT,mdtM=COMPLETE,nfsA_G126R=POINT,parC_S80I=POINT,parE_S458A=POINT,qnrS1=COMPLETE,sul2=COMPLETE,tet(A)=COMPLETE",,"amikacin=S,ampicillin=R,azithromycin=S,cefepime=R,cefotaxime-clavulanic acid=S,cefotaxime=R,cefoxitin=S,ceftazidime-clavulanic acid=S,ceftazidime=R,chloramphenicol=S,ciprofloxacin=R,colistin=S,ertapenem=S,gentamicin=S,imipenem=S,meropenem=S,nalidixic acid=R,sulfamethoxazole=R,temocillin=S,tetracycline=R,tigecycline=S,trimethoprim=S"
E.coli and Shigella,35.61,"""35.61"",""WUR_ESBL_2021-35.61""",,PDT001467127.1,2022-10-25T03:47:19Z,Netherlands,cecal content,environmental/other,,PDS000238326.3,,,SAMN31087257,GCA_025830395.1,"aadA1=COMPLETE,acrF=COMPLETE,ampC_C-42T=POINT,aph(3'')-Ib=COMPLETE,aph(6)-Id=COMPLETE,blaEC=COMPLETE,dfrA1=COMPLETE,mdtM=COMPLETE,mph(B)=COMPLETE,soxS_A12S=POINT,sul1=COMPLETE,sul2=COMPLETE",,"amikacin=S,ampicillin=R,azithromycin=S,cefepime=S,cefotaxime-clavulanic acid=R,cefotaxime=R,cefoxitin=R,ceftazidime-clavulanic acid=R,ceftazidime=R,chloramphenicol=S,ciprofloxacin=R,colistin=S,ertapenem=S,gentamicin=S,imipenem=S,meropenem=S,nalidixic acid=R,sulfamethoxazole=R,temocillin=S,tetracycline=S,tigecycline=S,trimethoprim=R"
E.coli and Shigella,35.58,"""35.58"",""WUR_ESBL_2021-35.58""",,PDT001467130.1,2022-10-25T03:47:52Z,Netherlands,cecal content,environmental/other,,,,,SAMN31087254,GCA_025830415.1,"acrF=COMPLETE,aph(3')-Ia=COMPLETE,blaCTX-M-1=COMPLETE,blaEC=COMPLETE,blaTEM-176=COMPLETE,dfrA14=COMPLETE,floR=COMPLETE,mdtM=COMPLETE,qnrS1=COMPLETE,tet(A)=COMPLETE",,"amikacin=S,ampicillin=R,azithromycin=S,cefepime=R,cefotaxime-clavulanic acid=S,cefotaxime=R,cefoxitin=S,ceftazidime-clavulanic acid=S,ceftazidime=R,chloramphenicol=R,ciprofloxacin=R,colistin=S,ertapenem=S,gentamicin=S,imipenem=S,meropenem=S,nalidixic acid=S,sulfamethoxazole=S,temocillin=S,tetracycline=R,tigecycline=S,trimethoprim=R"
E.coli and Shigella,35.56,"""35.56"",""WUR_ESBL_2021-35.56""",,PDT001467131.1,2022-10-25T03:48:00Z,Netherlands,cecal content,environmental/other,,PDS000056209.34,21.0,20.0,SAMN31087252,GCA_025830475.1,"aac(6')-Ib-cr5=COMPLETE,aadA1=COMPLETE,aadA2=COMPLETE,acrF=COMPLETE,aph(3'')-Ib=COMPLETE,aph(3')-Ia=COMPLETE,aph(6)-Id=COMPLETE,blaCTX-M-15=COMPLETE,blaEC=COMPLETE,blaOXA-1=COMPLETE,blaTEM-1=COMPLETE,catB3=PARTIAL,cmlA1=PARTIAL,dfrA14=COMPLETE,estX-3=COMPLETE,floR=COMPLETE,gyrA_D87N=POINT,gyrA_S83L=POINT,mdtM=COMPLETE,mph(A)=COMPLETE,parC_S80I=POINT,parE_S458A=POINT,sul3=COMPLETE,tet(A)=COMPLETE,tet(B)=COMPLETE",,"amikacin=S,ampicillin=R,azithromycin=R,cefepime=R,cefotaxime-clavulanic acid=S,cefotaxime=R,cefoxitin=S,ceftazidime-clavulanic acid=S,ceftazidime=R,chloramphenicol=R,ciprofloxacin=R,colistin=S,ertapenem=S,gentamicin=S,imipenem=S,meropenem=S,nalidixic acid=R,sulfamethoxazole=R,temocillin=S,tetracycline=R,tigecycline=S,trimethoprim=R"
E.coli and Shigella,35.52,"""35.52"",""WUR_ESBL_2021-35.52""",,PDT001467135.1,2022-10-25T03:48:24Z,Netherlands,cecal content,environmental/other,,,,,SAMN31087248,GCA_025830555.1,"aadA1=PARTIAL_END_OF_CONTIG,acrF=COMPLETE,blaEC=COMPLETE,blaSHV-12=COMPLETE,dfrA1=COMPLETE,emrD=COMPLETE,gyrA_D87Y=POINT,lnu(F)=COMPLETE,mdtM=COMPLETE,sat2=COMPLETE,sul2=COMPLETE",,"amikacin=S,ampicillin=R,azithromycin=S,cefepime=R,cefotaxime-clavulanic acid=S,cefotaxime=R,cefoxitin=S,ceftazidime-clavulanic acid=S,ceftazidime=R,chloramphenicol=S,ciprofloxacin=R,colistin=S,ertapenem=S,gentamicin=S,imipenem=S,meropenem=S,nalidixic acid=R,sulfamethoxazole=R,temocillin=S,tetracycline=S,tigecycline=S,trimethoprim=R"
E.coli and Shigella,35.49,"""35.49"",""WUR_ESBL_2021-35.49""",,PDT001467138.1,2022-10-25T03:48:55Z,Netherlands,cecal content,environmental/other,,PDS000239172.1,,,SAMN31087245,GCA_025830615.1,"acrF=COMPLETE,aph(3'')-Ib=COMPLETE,aph(6)-Id=COMPLETE,blaCTX-M-15=COMPLETE,blaEC=COMPLETE,blaTEM-1=COMPLETE,dfrA14=COMPLETE,mdtM=COMPLETE,qnrS1=COMPLETE,sul2=COMPLETE,tet(A)=COMPLETE",,"amikacin=S,ampicillin=R,azithromycin=S,cefepime=R,cefotaxime-clavulanic acid=S,cefotaxime=R,cefoxitin=S,ceftazidime-clavulanic acid=S,ceftazidime=R,chloramphenicol=S,ciprofloxacin=R,colistin=S,ertapenem=S,gentamicin=S,imipenem=S,meropenem=S,nalidixic acid=S,sulfamethoxazole=R,temocillin=S,tetracycline=R,tigecycline=S,trimethoprim=R"
E.coli and Shigella,35.48,"""35.48"",""WUR_ESBL_2021-35.48""",,PDT001467139.1,2022-10-25T03:49:03Z,Netherlands,cecal content,environmental/other,,PDS000080267.41,37.0,12.0,SAMN31087244,GCA_025830635.1,"acrF=COMPLETE,aph(3'')-Ib=COMPLETE,aph(6)-Id=COMPLETE,blaCTX-M-15=COMPLETE,blaEC=COMPLETE,cyaA_S352T=POINT,dfrA14=COMPLETE,emrD=COMPLETE,mdtM=COMPLETE,qnrS1=COMPLETE,sul2=COMPLETE,uhpT_E350Q=POINT",,"amikacin=S,ampicillin=R,azithromycin=S,cefepime=R,cefotaxime-clavulanic acid=S,cefotaxime=R,cefoxitin=S,ceftazidime-clavulanic acid=S,ceftazidime=R,chloramphenicol=S,ciprofloxacin=R,colistin=S,ertapenem=R,gentamicin=S,imipenem=S,meropenem=S,nalidixic acid=S,sulfamethoxazole=R,temocillin=S,tetracycline=S,tigecycline=S,trimethoprim=R"
E.coli and Shigella,35.44,"""35.44"",""WUR_ESBL_2021-35.44""",,PDT001467142.1,2022-10-25T03:49:27Z,Netherlands,cecal content,environmental/other,,,,,SAMN31087240,GCA_025830695.1,"acrF=COMPLETE,ampC_C-42T=POINT,blaEC=COMPLETE,gyrA_D87N=POINT,gyrA_S83L=POINT,mdtM=COMPLETE,parC_S80I=POINT,parE_S458A=POINT,uhpT_E350Q=POINT",,"amikacin=S,ampicillin=R,azithromycin=S,cefepime=S,cefotaxime-clavulanic acid=R,cefotaxime=R,cefoxitin=R,ceftazidime-clavulanic acid=R,ceftazidime=R,chloramphenicol=S,ciprofloxacin=R,colistin=S,ertapenem=S,gentamicin=S,imipenem=S,meropenem=S,nalidixic acid=R,sulfamethoxazole=S,temocillin=S,tetracycline=S,tigecycline=S,trimethoprim=S"
E.coli and Shigella,35.45,"""35.45"",""WUR_ESBL_2021-35.45""",,PDT001467144.1,2022-10-25T03:49:43Z,Netherlands,cecal content,environmental/other,,PDS000121597.4,2.0,,SAMN31087241,GCA_025830725.1,"aac(3)-IId=COMPLETE,aadA1=COMPLETE,aadA2=COMPLETE,acrF=PARTIAL,aph(3')-Ia=COMPLETE,blaCTX-M-15=COMPLETE,blaEC=COMPLETE,blaTEM-1=COMPLETE,cmlA1=COMPLETE,dfrA12=COMPLETE,floR=COMPLETE,mdtM=COMPLETE,qnrS1=COMPLETE,sul2=COMPLETE,sul3=COMPLETE,tet(A)=COMPLETE,tet(M)=COMPLETE",,"amikacin=S,ampicillin=R,azithromycin=S,cefepime=R,cefotaxime-clavulanic acid=S,cefotaxime=R,cefoxitin=S,ceftazidime-clavulanic acid=S,ceftazidime=R,chloramphenicol=R,ciprofloxacin=R,colistin=S,ertapenem=S,gentamicin=R,imipenem=S,meropenem=S,nalidixic acid=S,sulfamethoxazole=R,temocillin=S,tetracycline=R,tigecycline=S,trimethoprim=R"
E.coli and Shigella,35.4,"""35.40"",""WUR_ESBL_2021-35.40""",,PDT001467149.1,2022-10-25T03:50:27Z,Netherlands,cecal content,environmental/other,,PDS000039897.66,24.0,10.0,SAMN31087236,GCA_025830835.1,"aadA5=COMPLETE,acrF=COMPLETE,aph(3'')-Ib=COMPLETE,aph(3')-Ia=COMPLETE,aph(6)-Id=COMPLETE,blaCTX-M-15=COMPLETE,blaEC=COMPLETE,blaTEM-1=COMPLETE,dfrA17=COMPLETE,gyrA_D87N=POINT,gyrA_S83L=POINT,mdtM=COMPLETE,nfsA_G126R=POINT,parC_S80I=POINT,parE_S458A=POINT,sul2=COMPLETE,tet(B)=COMPLETE",,"amikacin=S,ampicillin=R,azithromycin=S,cefepime=R,cefotaxime-clavulanic acid=S,cefotaxime=R,cefoxitin=S,ceftazidime-clavulanic acid=S,ceftazidime=R,chloramphenicol=S,ciprofloxacin=R,colistin=S,ertapenem=S,gentamicin=S,imipenem=S,meropenem=S,nalidixic acid=R,sulfamethoxazole=R,temocillin=S,tetracycline=R,tigecycline=S,trimethoprim=R"
E.coli and Shigella,35.37,"""35.37"",""WUR_ESBL_2021-35.37""",,PDT001467150.1,2022-10-25T03:50:35Z,Netherlands,cecal content,environmental/other,,PDS000121585.4,9.0,24.0,SAMN31087233,GCA_025830855.1,"acrF=COMPLETE,aph(3'')-Ib=COMPLETE,aph(6)-Id=COMPLETE,blaCTX-M-15=COMPLETE,blaEC=COMPLETE,blaTEM-1=COMPLETE,dfrA14=COMPLETE,emrD=COMPLETE,mdtM=COMPLETE,qnrS1=COMPLETE,sul2=COMPLETE,tet(A)=COMPLETE",,"amikacin=S,ampicillin=R,azithromycin=S,cefepime=R,cefotaxime-clavulanic acid=S,cefotaxime=R,cefoxitin=S,ceftazidime-clavulanic acid=S,ceftazidime=R,chloramphenicol=S,ciprofloxacin=R,colistin=S,ertapenem=S,gentamicin=S,imipenem=S,meropenem=S,nalidixic acid=S,sulfamethoxazole=R,temocillin=S,tetracycline=R,tigecycline=S,trimethoprim=R"
E.coli and Shigella,35.36,"""35.36"",""WUR_ESBL_2021-35.36""",,PDT001467151.1,2022-10-25T03:50:43Z,Netherlands,cecal content,environmental/other,,,,,SAMN31087232,GCA_025830875.1,"acrF=COMPLETE,aph(3'')-Ib=COMPLETE,aph(6)-Id=COMPLETE,blaCTX-M-15=COMPLETE,blaEC=COMPLETE,blaTEM-1=COMPLETE,mdtM=COMPLETE,qnrS1=COMPLETE,sul2=COMPLETE,tet(A)=COMPLETE",,"amikacin=S,ampicillin=R,azithromycin=S,cefepime=R,cefotaxime-clavulanic acid=S,cefotaxime=R,cefoxitin=S,ceftazidime-clavulanic acid=S,ceftazidime=R,chloramphenicol=S,ciprofloxacin=R,colistin=S,ertapenem=S,gentamicin=S,imipenem=S,meropenem=S,nalidixic acid=S,sulfamethoxazole=R,temocillin=S,tetracycline=R,tigecycline=S,trimethoprim=S"
E.coli and Shigella,35.35,"""35.35"",""WUR_ESBL_2021-35.35""",,PDT001467152.1,2022-10-25T03:50:51Z,Netherlands,cecal content,environmental/other,,PDS000121561.10,0.0,33.0,SAMN31087231,GCA_025830895.1,"acrF=COMPLETE,blaCTX-M-15=COMPLETE,blaEC=MISTRANSLATION,mdtM=COMPLETE,qnrS1=COMPLETE",,"amikacin=S,ampicillin=R,azithromycin=S,cefepime=R,cefotaxime-clavulanic acid=S,cefotaxime=R,cefoxitin=S,ceftazidime-clavulanic acid=S,ceftazidime=R,chloramphenicol=S,ciprofloxacin=R,colistin=S,ertapenem=S,gentamicin=S,imipenem=S,meropenem=S,nalidixic acid=S,sulfamethoxazole=S,temocillin=S,tetracycline=S,tigecycline=S,trimethoprim=S"
E.coli and Shigella,35.34,"""35.34"",""WUR_ESBL_2021-35.34""",,PDT001467153.1,2022-10-25T03:51:00Z,Netherlands,cecal content,environmental/other,,,,,SAMN31087230,GCA_025830915.1,"acrF=PARTIAL,aph(3'')-Ib=COMPLETE,aph(6)-Id=COMPLETE,blaCTX-M-15=COMPLETE,blaEC=COMPLETE,blaTEM-1=COMPLETE,mdtM=COMPLETE,qnrS1=COMPLETE,sul2=COMPLETE,tet(A)=COMPLETE",,"amikacin=S,ampicillin=R,azithromycin=S,cefepime=R,cefotaxime-clavulanic acid=S,cefotaxime=R,cefoxitin=S,ceftazidime-clavulanic acid=S,ceftazidime=R,chloramphenicol=S,ciprofloxacin=R,colistin=S,ertapenem=S,gentamicin=S,imipenem=S,meropenem=S,nalidixic acid=S,sulfamethoxazole=R,temocillin=S,tetracycline=R,tigecycline=S,trimethoprim=S"
E.coli and Shigella,35.31,"""35.31"",""WUR_ESBL_2021-35.31""",,PDT001467155.1,2022-10-25T03:51:11Z,Netherlands,cecal content,environmental/other,,PDS000240761.1,43.0,,SAMN31087227,GCA_025830955.1,"acrF=COMPLETE,aph(3'')-Ib=COMPLETE,aph(6)-Id=COMPLETE,blaCTX-M-15=COMPLETE,blaEC=COMPLETE,blaTEM-1=COMPLETE,cyaA_S352T=POINT,emrD=COMPLETE,mdtM=COMPLETE,qnrS1=COMPLETE,sul2=COMPLETE,tet(A)=COMPLETE",,"amikacin=S,ampicillin=R,azithromycin=S,cefepime=R,cefotaxime-clavulanic acid=S,cefotaxime=R,cefoxitin=S,ceftazidime-clavulanic acid=S,ceftazidime=R,chloramphenicol=S,ciprofloxacin=R,colistin=S,ertapenem=S,gentamicin=S,imipenem=S,meropenem=S,nalidixic acid=S,sulfamethoxazole=R,temocillin=S,tetracycline=R,tigecycline=S,trimethoprim=S"
E.coli and Shigella,35.32,"""35.32"",""WUR_ESBL_2021-35.32""",,PDT001467156.1,2022-10-25T03:51:17Z,Netherlands,cecal content,environmental/other,,PDS000119923.8,7.0,52.0,SAMN31087228,GCA_025830975.1,"aadA1=COMPLETE,acrF=COMPLETE,blaEC=COMPLETE,blaSHV-12=COMPLETE,estX-3=COMPLETE,mdtM=COMPLETE,qnrS1=COMPLETE,sul2=COMPLETE,tet(A)=COMPLETE",,"amikacin=S,ampicillin=R,azithromycin=S,cefepime=R,cefotaxime-clavulanic acid=S,cefotaxime=R,cefoxitin=S,ceftazidime-clavulanic acid=S,ceftazidime=R,chloramphenicol=S,ciprofloxacin=R,colistin=S,ertapenem=S,gentamicin=S,imipenem=S,meropenem=S,nalidixic acid=R,sulfamethoxazole=R,temocillin=S,tetracycline=R,tigecycline=S,trimethoprim=S"
E.coli and Shigella,35.3,"""35.30"",""WUR_ESBL_2021-35.30""",,PDT001467158.1,2022-10-25T03:52:19Z,Netherlands,cecal content,environmental/other,,,,,SAMN31087226,GCA_025831025.1,"aadA2=COMPLETE,acrF=COMPLETE,blaCTX-M-1=COMPLETE,blaEC=COMPLETE,blaTEM-1=COMPLETE,dfrA1=COMPLETE,emrD=COMPLETE,gyrA_S83L=POINT,lnu(F)=COMPLETE,mdtM=COMPLETE,sul1=COMPLETE,sul2=COMPLETE,tet(A)=COMPLETE",,"amikacin=S,ampicillin=R,azithromycin=S,cefepime=R,cefotaxime-clavulanic acid=S,cefotaxime=R,cefoxitin=S,ceftazidime-clavulanic acid=S,ceftazidime=R,chloramphenicol=S,ciprofloxacin=R,colistin=S,ertapenem=S,gentamicin=S,imipenem=S,meropenem=S,nalidixic acid=R,sulfamethoxazole=R,temocillin=S,tetracycline=R,tigecycline=S,trimethoprim=R"
E.coli and Shigella,35.28,"""35.28"",""WUR_ESBL_2021-35.28""",,PDT001467159.1,2022-10-25T03:52:27Z,Netherlands,cecal content,environmental/other,,,,,SAMN31087224,GCA_025831005.1,"acrF=COMPLETE,aph(3'')-Ib=COMPLETE,aph(6)-Id=COMPLETE,blaCTX-M-15=COMPLETE,blaEC=COMPLETE,blaTEM-1=COMPLETE,dfrA14=COMPLETE,mdtM=COMPLETE,qnrS1=COMPLETE,sul2=COMPLETE,tet(A)=COMPLETE",,"amikacin=S,ampicillin=R,azithromycin=S,cefepime=R,cefotaxime-clavulanic acid=S,cefotaxime=R,cefoxitin=S,ceftazidime-clavulanic acid=S,ceftazidime=R,chloramphenicol=S,ciprofloxacin=R,colistin=S,ertapenem=S,gentamicin=S,imipenem=S,meropenem=S,nalidixic acid=S,sulfamethoxazole=R,temocillin=S,tetracycline=R,tigecycline=S,trimethoprim=R"
E.coli and Shigella,35.27,"""35.27"",""WUR_ESBL_2021-35.27""",,PDT001467161.1,2022-10-25T03:52:43Z,Netherlands,cecal content,environmental/other,,,,,SAMN31087223,GCA_025831065.1,"blaCTX-M-15=COMPLETE,blaEC=COMPLETE,gyrA_D87N=POINT,gyrA_S83L=POINT,mdtM=COMPLETE,parC_S80I=POINT,parE_L416F=POINT",,"amikacin=S,ampicillin=R,azithromycin=S,cefepime=R,cefotaxime-clavulanic acid=S,cefotaxime=R,cefoxitin=S,ceftazidime-clavulanic acid=S,ceftazidime=R,chloramphenicol=S,ciprofloxacin=R,colistin=S,ertapenem=S,gentamicin=S,imipenem=S,meropenem=S,nalidixic acid=R,sulfamethoxazole=S,temocillin=S,tetracycline=S,tigecycline=S,trimethoprim=S"
E.coli and Shigella,35.24,"""35.24"",""WUR_ESBL_2021-35.24""",,PDT001467162.1,2022-10-25T03:52:51Z,Netherlands,cecal content,environmental/other,,PDS000121590.3,,13.0,SAMN31087220,GCA_025831095.1,"acrF=COMPLETE,aph(3'')-Ib=COMPLETE,aph(6)-Id=COMPLETE,blaCTX-M-15=COMPLETE,blaEC=COMPLETE,blaTEM-1=COMPLETE,cyaA_S352T=POINT,emrD=COMPLETE,mdtM=COMPLETE,qnrS1=COMPLETE,sul2=COMPLETE,tet(A)=COMPLETE",,"amikacin=S,ampicillin=R,azithromycin=S,cefepime=R,cefotaxime-clavulanic acid=S,cefotaxime=R,cefoxitin=S,ceftazidime-clavulanic acid=S,ceftazidime=R,chloramphenicol=S,ciprofloxacin=R,colistin=S,ertapenem=R,gentamicin=S,imipenem=S,meropenem=S,nalidixic acid=S,sulfamethoxazole=R,temocillin=S,tetracycline=R,tigecycline=S,trimethoprim=S"
E.coli and Shigella,35.25,"""35.25"",""WUR_ESBL_2021-35.25""",,PDT001467163.1,2022-10-25T03:52:59Z,Netherlands,cecal content,environmental/other,,PDS000073489.21,,19.0,SAMN31087221,GCA_025831115.1,"aac(6')-Ib-cr5=COMPLETE,acrF=COMPLETE,aph(3'')-Ib=COMPLETE,aph(6)-Id=COMPLETE,arr-3=COMPLETE,blaCTX-M-65=COMPLETE,blaEC=COMPLETE,blaOXA-1=COMPLETE,blaTEM-1=COMPLETE,catB3=COMPLETE,floR=COMPLETE,gyrA_S83L=POINT,mdtM=COMPLETE,mef(C)=COMPLETE,mph(A)=COMPLETE,mph(G)=COMPLETE,parC_S80I=POINT,qnrS2=COMPLETE,sul2=COMPLETE,tet(A)=COMPLETE",,"amikacin=S,ampicillin=R,azithromycin=R,cefepime=R,cefotaxime-clavulanic acid=S,cefotaxime=R,cefoxitin=S,ceftazidime-clavulanic acid=S,ceftazidime=R,chloramphenicol=R,ciprofloxacin=R,colistin=S,ertapenem=S,gentamicin=S,imipenem=S,meropenem=S,nalidixic acid=R,sulfamethoxazole=R,temocillin=S,tetracycline=R,tigecycline=S,trimethoprim=S"
E.coli and Shigella,35.2,"""35.20"",""WUR_ESBL_2021-35.20""",,PDT001467167.1,2022-10-25T03:53:18Z,Netherlands,cecal content,environmental/other,,PDS000121603.4,15.0,,SAMN31087216,GCA_025831195.1,"acrF=COMPLETE,blaEC=COMPLETE,blaSHV-12=COMPLETE,mdtM=COMPLETE,qnrS1=COMPLETE,tet(A)=COMPLETE",,"amikacin=S,ampicillin=R,azithromycin=S,cefepime=R,cefotaxime-clavulanic acid=S,cefotaxime=R,cefoxitin=S,ceftazidime-clavulanic acid=S,ceftazidime=R,chloramphenicol=S,ciprofloxacin=R,colistin=S,ertapenem=S,gentamicin=S,imipenem=S,meropenem=S,nalidixic acid=S,sulfamethoxazole=S,temocillin=S,tetracycline=R,tigecycline=S,trimethoprim=S"
E.coli and Shigella,35.19,"""35.19"",""WUR_ESBL_2021-35.19""",,PDT001467168.1,2022-10-25T03:53:23Z,Netherlands,cecal content,environmental/other,,,,,SAMN31087215,GCA_025831215.1,"acrF=COMPLETE,ampC_C-42T=POINT,aph(3'')-Ib=PARTIAL_END_OF_CONTIG,aph(3')-Ia=COMPLETE,aph(6)-Id=COMPLETE,blaEC-15=COMPLETE,floR=COMPLETE,gyrA_S83L=POINT,mdtM=COMPLETE,sul2=COMPLETE,tet(B)=COMPLETE",,"amikacin=S,ampicillin=R,azithromycin=S,cefepime=R,cefotaxime-clavulanic acid=R,cefotaxime=R,cefoxitin=R,ceftazidime-clavulanic acid=R,ceftazidime=R,chloramphenicol=R,ciprofloxacin=R,colistin=S,ertapenem=S,gentamicin=S,imipenem=S,meropenem=S,nalidixic acid=R,sulfamethoxazole=R,temocillin=S,tetracycline=R,tigecycline=S,trimethoprim=R"
E.coli and Shigella,35.18,"""35.18"",""WUR_ESBL_2021-35.18""",,PDT001467170.1,2022-10-25T03:53:31Z,Netherlands,cecal content,environmental/other,,PDS000153641.2,,27.0,SAMN31087214,GCA_025831255.1,"acrF=COMPLETE,blaCTX-M-15=COMPLETE,blaEC=COMPLETE,cyaA_S352T=POINT,emrD=COMPLETE,mdtM=COMPLETE,qnrS1=COMPLETE,tet(A)=COMPLETE",,"amikacin=S,ampicillin=R,azithromycin=S,cefepime=R,cefotaxime-clavulanic acid=S,cefotaxime=R,cefoxitin=S,ceftazidime-clavulanic acid=S,ceftazidime=R,chloramphenicol=S,ciprofloxacin=R,colistin=S,ertapenem=S,gentamicin=S,imipenem=S,meropenem=S,nalidixic acid=S,sulfamethoxazole=S,temocillin=S,tetracycline=R,tigecycline=S,trimethoprim=S"
E.coli and Shigella,35.16,"""35.16"",""WUR_ESBL_2021-35.16""",,PDT001467171.1,2022-10-25T03:53:34Z,Netherlands,cecal content,environmental/other,,PDS000084425.16,25.0,31.0,SAMN31087212,GCA_025831275.1,"aadA1=COMPLETE,acrF=COMPLETE,aph(3'')-Ib=COMPLETE,aph(6)-Id=COMPLETE,blaEC=COMPLETE,blaSHV-12=COMPLETE,blaTEM-1=COMPLETE,dfrA1=COMPLETE,emrD=COMPLETE,gyrA_D87N=POINT,gyrA_S83L=POINT,mdtM=COMPLETE,parC_S80I=POINT,sul1=COMPLETE,sul2=COMPLETE,tet(A)=COMPLETE",,"amikacin=S,ampicillin=R,azithromycin=S,cefepime=R,cefotaxime-clavulanic acid=S,cefotaxime=R,cefoxitin=S,ceftazidime-clavulanic acid=S,ceftazidime=R,chloramphenicol=S,ciprofloxacin=R,colistin=S,ertapenem=S,gentamicin=S,imipenem=S,meropenem=S,nalidixic acid=R,sulfamethoxazole=R,temocillin=S,tetracycline=R,tigecycline=S,trimethoprim=R"
E.coli and Shigella,35.14,"""35.14"",""WUR_ESBL_2021-35.14""",,PDT001467174.1,2022-10-25T03:53:55Z,Netherlands,cecal content,environmental/other,,PDS000121580.10,30.0,40.0,SAMN31087210,GCA_025831325.1,"acrF=COMPLETE,aph(3')-Ia=COMPLETE,blaCTX-M-15=COMPLETE,blaEC=MISTRANSLATION,blaTEM-176=COMPLETE,dfrA14=COMPLETE,floR=COMPLETE,mdtM=COMPLETE,qnrS1=COMPLETE,tet(A)=COMPLETE",,"amikacin=S,ampicillin=R,azithromycin=S,cefepime=R,cefotaxime-clavulanic acid=S,cefotaxime=R,cefoxitin=S,ceftazidime-clavulanic acid=S,ceftazidime=R,chloramphenicol=R,ciprofloxacin=R,colistin=S,ertapenem=S,gentamicin=S,imipenem=S,meropenem=S,nalidixic acid=S,sulfamethoxazole=S,temocillin=S,tetracycline=R,tigecycline=S,trimethoprim=R"
E.coli and Shigella,35.1,"""35.10"",""WUR_ESBL_2021-35.10""",,PDT001467176.1,2022-10-25T03:54:11Z,Netherlands,cecal content,environmental/other,,,,,SAMN31087206,GCA_025831375.1,"aadA1=COMPLETE,aadA2=COMPLETE,acrF=COMPLETE,blaCTX-M-15=COMPLETE,blaEC=COMPLETE,cmlA1=COMPLETE,dfrA12=COMPLETE,gyrA_D87N=POINT,gyrA_S83L=POINT,mdtM=COMPLETE,parC_S80I=POINT,parE_S458A=POINT,sul3=COMPLETE,tet(A)=COMPLETE,uhpT_E350Q=POINT",,"amikacin=S,ampicillin=R,azithromycin=S,cefepime=R,cefotaxime-clavulanic acid=S,cefotaxime=R,cefoxitin=S,ceftazidime-clavulanic acid=S,ceftazidime=R,chloramphenicol=R,ciprofloxacin=R,colistin=S,ertapenem=S,gentamicin=S,imipenem=S,meropenem=S,nalidixic acid=R,sulfamethoxazole=R,temocillin=S,tetracycline=R,tigecycline=S,trimethoprim=R"
E.coli and Shigella,35.09,"""35.09"",""WUR_ESBL_2021-35.09""",,PDT001467179.1,2022-10-25T03:55:19Z,Netherlands,cecal content,environmental/other,,PDS000111312.38,20.0,9.0,SAMN31087205,GCA_025831435.1,"acrF=COMPLETE,blaCTX-M-15=COMPLETE,blaEC=COMPLETE,cyaA_S352T=POINT,emrD=COMPLETE,qnrS1=COMPLETE",,"amikacin=S,ampicillin=R,azithromycin=S,cefepime=R,cefotaxime-clavulanic acid=S,cefotaxime=R,cefoxitin=S,ceftazidime-clavulanic acid=S,ceftazidime=R,chloramphenicol=S,ciprofloxacin=R,colistin=S,ertapenem=S,gentamicin=S,imipenem=S,meropenem=S,nalidixic acid=S,sulfamethoxazole=S,temocillin=S,tetracycline=S,tigecycline=S,trimethoprim=S"
E.coli and Shigella,35.06,"""35.06"",""WUR_ESBL_2021-35.06""",,PDT001467182.1,2022-10-25T03:55:45Z,Netherlands,cecal content,environmental/other,,PDS000148601.2,21.0,,SAMN31087202,GCA_025831495.1,"acrF=COMPLETE,blaCTX-M-15=COMPLETE,blaEC=COMPLETE,cyaA_S352T=POINT,emrD=COMPLETE,mdtM=COMPLETE,parE_I355T=POINT,qnrS1=COMPLETE,tet(B)=COMPLETE,uhpT_E350Q=POINT",,"amikacin=S,ampicillin=R,azithromycin=S,cefepime=R,cefotaxime-clavulanic acid=S,cefotaxime=R,cefoxitin=S,ceftazidime-clavulanic acid=S,ceftazidime=R,chloramphenicol=S,ciprofloxacin=R,colistin=S,ertapenem=S,gentamicin=S,imipenem=S,meropenem=S,nalidixic acid=S,sulfamethoxazole=S,temocillin=S,tetracycline=R,tigecycline=S,trimethoprim=S"
E.coli and Shigella,35.04,"""35.04"",""WUR_ESBL_2021-35.04""",,PDT001467183.1,2022-10-25T03:55:53Z,Netherlands,cecal content,environmental/other,,PDS000119923.8,12.0,48.0,SAMN31087200,GCA_025831515.1,"aadA1=COMPLETE,acrF=COMPLETE,blaEC=COMPLETE,blaSHV-12=COMPLETE,estX-3=COMPLETE,mdtM=COMPLETE,qnrS1=COMPLETE,sul2=COMPLETE,tet(A)=COMPLETE",,"amikacin=S,ampicillin=R,azithromycin=S,cefepime=R,cefotaxime-clavulanic acid=S,cefotaxime=R,cefoxitin=S,ceftazidime-clavulanic acid=S,ceftazidime=R,chloramphenicol=S,ciprofloxacin=R,colistin=S,ertapenem=S,gentamicin=S,imipenem=S,meropenem=S,nalidixic acid=R,sulfamethoxazole=R,temocillin=S,tetracycline=R,tigecycline=S,trimethoprim=S"
E.coli and Shigella,35.03,"""35.03"",""WUR_ESBL_2021-35.03""",,PDT001467184.1,2022-10-25T03:56:01Z,Netherlands,cecal content,environmental/other,,PDS000183031.4,5.0,39.0,SAMN31087199,GCA_025831535.1,"acrF=COMPLETE,blaCTX-M-15=COMPLETE,blaEC=COMPLETE,mdtM=COMPLETE,qnrS1=COMPLETE,tet(A)=COMPLETE",,"amikacin=S,ampicillin=R,azithromycin=S,cefepime=R,cefotaxime-clavulanic acid=S,cefotaxime=R,cefoxitin=S,ceftazidime-clavulanic acid=S,ceftazidime=R,chloramphenicol=S,ciprofloxacin=R,colistin=S,ertapenem=S,gentamicin=S,imipenem=S,meropenem=S,nalidixic acid=S,sulfamethoxazole=S,temocillin=S,tetracycline=R,tigecycline=S,trimethoprim=S"
E.coli and Shigella,35.02,"""35.02"",""WUR_ESBL_2021-35.02""",,PDT001467186.1,2022-10-25T03:56:11Z,Netherlands,cecal content,environmental/other,,PDS000121577.11,6.0,,SAMN31087198,GCA_025831565.1,"acrF=COMPLETE,aph(3')-Ia=COMPLETE,blaCTX-M-32=COMPLETE,blaEC=COMPLETE,blaTEM-176=COMPLETE,dfrA14=COMPLETE,floR=COMPLETE,mdtM=COMPLETE,qnrS1=COMPLETE,tet(A)=COMPLETE",,"amikacin=S,ampicillin=R,azithromycin=S,cefepime=R,cefotaxime-clavulanic acid=S,cefotaxime=R,cefoxitin=S,ceftazidime-clavulanic acid=S,ceftazidime=R,chloramphenicol=R,ciprofloxacin=R,colistin=S,ertapenem=S,gentamicin=S,imipenem=S,meropenem=S,nalidixic acid=S,sulfamethoxazole=S,temocillin=S,tetracycline=R,tigecycline=S,trimethoprim=R"
E.coli and Shigella,34.8,"""34.80"",""WUR_ESBL_2021-34.80""",,PDT001467189.1,2022-10-25T03:56:31Z,Netherlands,cecal content,environmental/other,,PDS000121597.4,2.0,,SAMN31087195,GCA_025831645.1,"aac(3)-IId=COMPLETE,aadA1=COMPLETE,aadA2=COMPLETE,acrF=PARTIAL,aph(3')-Ia=COMPLETE,blaCTX-M-15=COMPLETE,blaEC=COMPLETE,blaTEM-1=COMPLETE,cmlA1=COMPLETE,dfrA12=COMPLETE,floR=COMPLETE,mdtM=COMPLETE,qnrS1=COMPLETE,sul2=COMPLETE,sul3=COMPLETE,tet(A)=COMPLETE,tet(M)=COMPLETE",,"amikacin=S,ampicillin=R,azithromycin=S,cefepime=R,cefotaxime-clavulanic acid=S,cefotaxime=R,cefoxitin=S,ceftazidime-clavulanic acid=S,ceftazidime=R,chloramphenicol=R,ciprofloxacin=R,colistin=S,ertapenem=S,gentamicin=R,imipenem=S,meropenem=S,nalidixic acid=S,sulfamethoxazole=R,temocillin=S,tetracycline=R,tigecycline=S,trimethoprim=R"
E.coli and Shigella,34.74,"""34.74"",""WUR_ESBL_2021-34.74""",,PDT001467193.1,2022-10-25T03:56:44Z,Netherlands,cecal content,environmental/other,,,,,SAMN31087189,GCA_025831725.1,"acrF=COMPLETE,aph(3'')-Ib=COMPLETE,aph(6)-Id=COMPLETE,blaCMY-2=COMPLETE,blaEC=COMPLETE,blaTEM=PARTIAL,catA1=COMPLETE,gyrA_S83L=POINT,mdtM=COMPLETE,sul2=COMPLETE,tet(B)=COMPLETE",,"amikacin=S,ampicillin=R,azithromycin=S,cefepime=S,cefotaxime-clavulanic acid=R,cefotaxime=R,cefoxitin=R,ceftazidime-clavulanic acid=R,ceftazidime=R,chloramphenicol=R,ciprofloxacin=R,colistin=S,ertapenem=S,gentamicin=S,imipenem=S,meropenem=S,nalidixic acid=R,sulfamethoxazole=R,temocillin=S,tetracycline=R,tigecycline=S,trimethoprim=S"
E.coli and Shigella,34.75,"""34.75"",""WUR_ESBL_2021-34.75""",,PDT001467194.1,2022-10-25T03:56:50Z,Netherlands,cecal content,environmental/other,,PDS000121589.3,,,SAMN31087190,GCA_025831715.1,"aac(3)-IIe=COMPLETE,aadA5=COMPLETE,blaCTX-M-15=COMPLETE,blaEC=COMPLETE,dfrA17=COMPLETE,gyrA_D87N=POINT,gyrA_S83L=POINT,mdtM=COMPLETE,mph(A)=COMPLETE,parC_S80I=POINT,parE_L416F=POINT,sul1=COMPLETE,tet(B)=COMPLETE",,"amikacin=S,ampicillin=R,azithromycin=R,cefepime=R,cefotaxime-clavulanic acid=S,cefotaxime=R,cefoxitin=S,ceftazidime-clavulanic acid=S,ceftazidime=R,chloramphenicol=S,ciprofloxacin=R,colistin=S,ertapenem=S,gentamicin=R,imipenem=S,meropenem=S,nalidixic acid=R,sulfamethoxazole=R,temocillin=S,tetracycline=R,tigecycline=S,trimethoprim=R"
E.coli and Shigella,34.72,"""34.72"",""WUR_ESBL_2021-34.72""",,PDT001467196.1,2022-10-25T03:56:58Z,Netherlands,cecal content,environmental/other,,,,,SAMN31087187,GCA_025831775.1,"acrF=COMPLETE,aph(3')-Ia=COMPLETE,blaCTX-M-15=COMPLETE,blaEC=COMPLETE,catA1=COMPLETE,dfrA14=COMPLETE,dfrA51=COMPLETE,gyrA_S83L=POINT,mdtM=COMPLETE,sul1=COMPLETE,tet(B)=COMPLETE",,"amikacin=S,ampicillin=R,azithromycin=S,cefepime=R,cefotaxime-clavulanic acid=S,cefotaxime=R,cefoxitin=S,ceftazidime-clavulanic acid=S,ceftazidime=R,chloramphenicol=R,ciprofloxacin=R,colistin=S,ertapenem=S,gentamicin=S,imipenem=S,meropenem=S,nalidixic acid=R,sulfamethoxazole=R,temocillin=S,tetracycline=R,tigecycline=S,trimethoprim=R"
E.coli and Shigella,34.67,"""34.67"",""WUR_ESBL_2021-34.67""",,PDT001467198.1,2022-10-25T03:58:10Z,Netherlands,cecal content,environmental/other,,,,,SAMN31087183,GCA_025831815.1,"aadA1=PARTIAL_END_OF_CONTIG,acrF=COMPLETE,blaEC=COMPLETE,blaSHV-12=COMPLETE,blaTEM-1=COMPLETE,estX=COMPLETE,lnu(F)=COMPLETE,lnu(G)=COMPLETE,mdtM=COMPLETE,qnrS1=COMPLETE",,"amikacin=S,ampicillin=R,azithromycin=S,cefepime=R,cefotaxime-clavulanic acid=S,cefotaxime=R,cefoxitin=S,ceftazidime-clavulanic acid=S,ceftazidime=R,chloramphenicol=S,ciprofloxacin=R,colistin=S,ertapenem=S,gentamicin=S,imipenem=S,meropenem=S,nalidixic acid=R,sulfamethoxazole=S,temocillin=S,tetracycline=S,tigecycline=S,trimethoprim=S"
E.coli and Shigella,34.64,"""34.64"",""WUR_ESBL_2021-34.64""",,PDT001467204.1,2022-10-25T03:58:59Z,Netherlands,cecal content,environmental/other,,PDS000071037.17,14.0,34.0,SAMN31087180,GCA_025831935.1,"aac(3)-IId=COMPLETE,aadA1=COMPLETE,aadA2=COMPLETE,acrF=COMPLETE,aph(3')-Ia=COMPLETE,blaCTX-M-15=COMPLETE,blaEC=COMPLETE,cmlA1=COMPLETE,dfrA12=COMPLETE,floR=COMPLETE,mdtM=COMPLETE,qnrS1=COMPLETE,sul2=COMPLETE,tet(A)=COMPLETE,tet(M)=COMPLETE",,"amikacin=S,ampicillin=R,azithromycin=S,cefepime=R,cefotaxime-clavulanic acid=S,cefotaxime=R,cefoxitin=S,ceftazidime-clavulanic acid=S,ceftazidime=R,chloramphenicol=R,ciprofloxacin=R,colistin=S,ertapenem=S,gentamicin=R,imipenem=S,meropenem=S,nalidixic acid=S,sulfamethoxazole=R,temocillin=S,tetracycline=R,tigecycline=S,trimethoprim=R"
E.coli and Shigella,34.61,"""34.61"",""WUR_ESBL_2021-34.61""",,PDT001467206.1,2022-10-25T03:59:10Z,Netherlands,cecal content,environmental/other,,PDS000121591.1,8.0,,SAMN31087177,GCA_025831965.1,"aadA1=COMPLETE,acrF=COMPLETE,aph(3'')-Ib=COMPLETE,aph(6)-Id=COMPLETE,blaCTX-M-1=COMPLETE,blaEC=COMPLETE,blaTEM-1=COMPLETE,dfrA1=COMPLETE,gyrA_S83L=POINT,mdtM=COMPLETE,sat2=COMPLETE,sul2=COMPLETE",,"amikacin=S,ampicillin=R,azithromycin=S,cefepime=R,cefotaxime-clavulanic acid=S,cefotaxime=R,cefoxitin=S,ceftazidime-clavulanic acid=S,ceftazidime=R,chloramphenicol=S,ciprofloxacin=R,colistin=S,ertapenem=S,gentamicin=S,imipenem=S,meropenem=S,nalidixic acid=R,sulfamethoxazole=R,temocillin=S,tetracycline=S,tigecycline=S,trimethoprim=R"
E.coli and Shigella,34.54,"""34.54"",""WUR_ESBL_2021-34.54""",,PDT001467212.1,2022-10-25T03:59:37Z,Netherlands,cecal content,environmental/other,,,,,SAMN31087170,GCA_025832105.1,"aadA5=COMPLETE,acrF=COMPLETE,aph(3'')-Ib=PARTIAL_END_OF_CONTIG,aph(3')-Ia=COMPLETE,aph(6)-Id=COMPLETE,blaCTX-M-14=COMPLETE,blaEC=COMPLETE,dfrA17=COMPLETE,dfrA8=COMPLETE,gyrA_D87N=POINT,gyrA_S83L=POINT,mdtM=COMPLETE,parC_A56T=POINT,parC_S80I=POINT,sul1=COMPLETE,sul2=COMPLETE,tet(B)=COMPLETE",,"amikacin=S,ampicillin=R,azithromycin=S,cefepime=R,cefotaxime-clavulanic acid=S,cefotaxime=R,cefoxitin=S,ceftazidime-clavulanic acid=S,ceftazidime=R,chloramphenicol=S,ciprofloxacin=R,colistin=S,ertapenem=S,gentamicin=S,imipenem=S,meropenem=S,nalidixic acid=R,sulfamethoxazole=R,temocillin=S,tetracycline=R,tigecycline=S,trimethoprim=R"
E.coli and Shigella,34.53,"""34.53"",""WUR_ESBL_2021-34.53""",,PDT001467214.1,2022-10-25T03:59:45Z,Netherlands,cecal content,environmental/other,,,,,SAMN31087169,GCA_025832135.1,"aadA1=COMPLETE,acrF=COMPLETE,blaCTX-M-1=COMPLETE,blaEC=COMPLETE,blaTEM-1=COMPLETE,cyaA_S352T=POINT,dfrA1=COMPLETE,gyrA_S83L=POINT,mdtM=COMPLETE,sat2=COMPLETE,sul2=COMPLETE",,"amikacin=S,ampicillin=R,azithromycin=S,cefepime=R,cefotaxime-clavulanic acid=S,cefotaxime=R,cefoxitin=S,ceftazidime-clavulanic acid=S,ceftazidime=R,chloramphenicol=S,ciprofloxacin=R,colistin=S,ertapenem=S,gentamicin=S,imipenem=S,meropenem=S,nalidixic acid=R,sulfamethoxazole=R,temocillin=S,tetracycline=S,tigecycline=S,trimethoprim=R"
E.coli and Shigella,34.51,"""34.51"",""WUR_ESBL_2021-34.51""",,PDT001467215.1,2022-10-25T03:59:47Z,Netherlands,cecal content,environmental/other,,PDS000115455.14,51.0,26.0,SAMN31087167,GCA_025832165.1,"acrF=PARTIAL,aph(3'')-Ib=COMPLETE,aph(6)-Id=COMPLETE,blaCTX-M-15=COMPLETE,blaEC=COMPLETE,blaTEM-1=COMPLETE,dfrA14=COMPLETE,mdtM=COMPLETE,qnrS1=COMPLETE,sul2=COMPLETE,tet(A)=COMPLETE",,"amikacin=S,ampicillin=R,azithromycin=S,cefepime=R,cefotaxime-clavulanic acid=S,cefotaxime=R,cefoxitin=S,ceftazidime-clavulanic acid=S,ceftazidime=R,chloramphenicol=S,ciprofloxacin=R,colistin=S,ertapenem=S,gentamicin=S,imipenem=S,meropenem=S,nalidixic acid=S,sulfamethoxazole=R,temocillin=S,tetracycline=R,tigecycline=S,trimethoprim=R"
E.coli and Shigella,34.5,"""34.50"",""WUR_ESBL_2021-34.50""",,PDT001467217.1,2022-10-25T03:59:56Z,Netherlands,cecal content,environmental/other,,,,,SAMN31087166,GCA_025832205.1,"acrF=COMPLETE,blaCTX-M-15=COMPLETE,blaEC=COMPLETE,cyaA_S352T=POINT,emrD=COMPLETE,mdtM=COMPLETE,qnrS1=COMPLETE,sul2=COMPLETE,tet(B)=COMPLETE",,"amikacin=S,ampicillin=R,azithromycin=S,cefepime=R,cefotaxime-clavulanic acid=S,cefotaxime=R,cefoxitin=S,ceftazidime-clavulanic acid=S,ceftazidime=R,chloramphenicol=S,ciprofloxacin=R,colistin=S,ertapenem=S,gentamicin=S,imipenem=S,meropenem=S,nalidixic acid=S,sulfamethoxazole=R,temocillin=S,tetracycline=R,tigecycline=S,trimethoprim=S"
E.coli and Shigella,34.52,"""34.52"",""WUR_ESBL_2021-34.52""",,PDT001467218.1,2022-10-25T04:00:01Z,Netherlands,cecal content,environmental/other,,,,,SAMN31087168,GCA_025832185.1,"aadA1=PARTIAL_END_OF_CONTIG,acrF=COMPLETE,blaEC=COMPLETE,blaSHV-12=COMPLETE,blaTEM-1=COMPLETE,dfrA1=COMPLETE,estX-3=COMPLETE,mdtM=COMPLETE,qnrS1=COMPLETE,sat2=COMPLETE,sul2=COMPLETE,tet(A)=COMPLETE",,"amikacin=S,ampicillin=R,azithromycin=S,cefepime=R,cefotaxime-clavulanic acid=S,cefotaxime=R,cefoxitin=S,ceftazidime-clavulanic acid=S,ceftazidime=R,chloramphenicol=S,ciprofloxacin=R,colistin=S,ertapenem=S,gentamicin=S,imipenem=S,meropenem=S,nalidixic acid=R,sulfamethoxazole=R,temocillin=S,tetracycline=R,tigecycline=S,trimethoprim=R"
E.coli and Shigella,34.45,"""34.45"",""WUR_ESBL_2021-34.45""",,PDT001467222.1,2022-10-25T04:01:35Z,Netherlands,cecal content,environmental/other,,PDS000230131.4,,,SAMN31087161,GCA_025832295.1,"acrF=COMPLETE,ampC_C-42T=POINT,aph(3'')-Ib=COMPLETE,aph(6)-Id=COMPLETE,blaEC=COMPLETE,floR=COMPLETE,gyrA_S83L=POINT,mdtM=COMPLETE,sul2=COMPLETE",,"amikacin=S,ampicillin=R,azithromycin=S,cefepime=S,cefotaxime-clavulanic acid=R,cefotaxime=R,cefoxitin=R,ceftazidime-clavulanic acid=R,ceftazidime=R,chloramphenicol=R,ciprofloxacin=R,colistin=S,ertapenem=S,gentamicin=S,imipenem=S,meropenem=S,nalidixic acid=R,sulfamethoxazole=R,temocillin=S,tetracycline=S,tigecycline=S,trimethoprim=R"
E.coli and Shigella,34.47,"""34.47"",""WUR_ESBL_2021-34.47""",,PDT001467223.1,2022-10-25T04:01:43Z,Netherlands,cecal content,environmental/other,,,,,SAMN31087163,GCA_025832315.1,"aac(3)-IId=COMPLETE,acrF=PARTIAL,aph(3'')-Ib=COMPLETE,aph(3')-Ia=COMPLETE,aph(6)-Id=COMPLETE,blaCTX-M-14=COMPLETE,blaEC=COMPLETE,blaTEM-1=COMPLETE,catA1=COMPLETE,cyaA_S352T=POINT,dfrA17=COMPLETE,emrD=COMPLETE,gyrA_D87N=POINT,gyrA_S83L=POINT,mdtM=COMPLETE,mph(B)=COMPLETE,parC_E84G=POINT,parC_S80I=POINT,parE_I355T=POINT,sul2=COMPLETE,tet(B)=COMPLETE,uhpT_E350Q=POINT",,"amikacin=S,ampicillin=R,azithromycin=S,cefepime=R,cefotaxime-clavulanic acid=S,cefotaxime=R,cefoxitin=S,ceftazidime-clavulanic acid=S,ceftazidime=R,chloramphenicol=R,ciprofloxacin=R,colistin=S,ertapenem=S,gentamicin=R,imipenem=S,meropenem=S,nalidixic acid=R,sulfamethoxazole=R,temocillin=S,tetracycline=R,tigecycline=S,trimethoprim=R"
E.coli and Shigella,34.43,"""34.43"",""WUR_ESBL_2021-34.43""",,PDT001467224.1,2022-10-25T04:01:51Z,Netherlands,cecal content,environmental/other,,PDS000119923.8,13.0,43.0,SAMN31087159,GCA_025832335.1,"aadA1=COMPLETE,acrF=COMPLETE,blaEC=COMPLETE,blaSHV-12=COMPLETE,estX-3=COMPLETE,mdtM=COMPLETE,qnrS1=COMPLETE,sul2=COMPLETE,tet(A)=COMPLETE",,"amikacin=S,ampicillin=R,azithromycin=S,cefepime=R,cefotaxime-clavulanic acid=S,cefotaxime=R,cefoxitin=R,ceftazidime-clavulanic acid=S,ceftazidime=R,chloramphenicol=S,ciprofloxacin=R,colistin=S,ertapenem=S,gentamicin=S,imipenem=S,meropenem=S,nalidixic acid=R,sulfamethoxazole=R,temocillin=R,tetracycline=R,tigecycline=S,trimethoprim=S"
E.coli and Shigella,34.42,"""34.42"",""WUR_ESBL_2021-34.42""",,PDT001467226.1,2022-10-25T04:02:07Z,Netherlands,cecal content,environmental/other,,,,,SAMN31087158,GCA_025832375.1,"aadA1=COMPLETE,acrF=COMPLETE,aph(3'')-Ib=COMPLETE,aph(6)-Id=COMPLETE,blaCTX-M-1=COMPLETE,blaEC=COMPLETE,blaTEM-1=COMPLETE,dfrA1=COMPLETE,gyrA_S83L=POINT,mdtM=COMPLETE,sat2=COMPLETE,sul2=COMPLETE",,"amikacin=S,ampicillin=R,azithromycin=S,cefepime=R,cefotaxime-clavulanic acid=S,cefotaxime=R,cefoxitin=R,ceftazidime-clavulanic acid=S,ceftazidime=R,chloramphenicol=S,ciprofloxacin=R,colistin=S,ertapenem=S,gentamicin=S,imipenem=S,meropenem=S,nalidixic acid=R,sulfamethoxazole=R,temocillin=S,tetracycline=S,tigecycline=S,trimethoprim=R"
E.coli and Shigella,34.38,"""34.38"",""WUR_ESBL_2021-34.38""",,PDT001467229.1,2022-10-25T04:02:18Z,Netherlands,cecal content,environmental/other,,,,,SAMN31087154,GCA_025832435.1,"aadA2=COMPLETE,acrF=COMPLETE,blaCMY-2=COMPLETE,blaEC=COMPLETE,catA1=COMPLETE,dfrA12=COMPLETE,gyrA_S83L=POINT,mdtM=COMPLETE,mph(A)=COMPLETE,parE_I464F=POINT,sul1=COMPLETE,tet(A)=COMPLETE",,"amikacin=S,ampicillin=R,azithromycin=S,cefepime=S,cefotaxime-clavulanic acid=R,cefotaxime=R,cefoxitin=R,ceftazidime-clavulanic acid=R,ceftazidime=R,chloramphenicol=R,ciprofloxacin=R,colistin=S,ertapenem=S,gentamicin=S,imipenem=S,meropenem=S,nalidixic acid=R,sulfamethoxazole=R,temocillin=S,tetracycline=R,tigecycline=S,trimethoprim=R"
E.coli and Shigella,34.37,"""34.37"",""WUR_ESBL_2021-34.37""",,PDT001467230.1,2022-10-25T04:02:24Z,Netherlands,cecal content,environmental/other,,PDS000121587.4,17.0,,SAMN31087153,GCA_025832455.1,"aadA1=COMPLETE,acrF=COMPLETE,ampC_C-42T=POINT,aph(3'')-Ib=COMPLETE,aph(6)-Id=COMPLETE,blaEC=COMPLETE,blaTEM-1=COMPLETE,dfrA1=COMPLETE,mdtM=COMPLETE,mph(B)=COMPLETE,soxS_A12S=POINT,sul1=COMPLETE,sul2=COMPLETE",,"amikacin=S,ampicillin=R,azithromycin=S,cefepime=S,cefotaxime-clavulanic acid=R,cefotaxime=R,cefoxitin=R,ceftazidime-clavulanic acid=R,ceftazidime=R,chloramphenicol=S,ciprofloxacin=R,colistin=S,ertapenem=S,gentamicin=S,imipenem=S,meropenem=S,nalidixic acid=R,sulfamethoxazole=R,temocillin=S,tetracycline=S,tigecycline=S,trimethoprim=R"
E.coli and Shigella,34.36,"""34.36"",""WUR_ESBL_2021-34.36""",,PDT001467231.1,2022-10-25T04:02:26Z,Netherlands,cecal content,environmental/other,,PDS000119923.8,13.0,44.0,SAMN31087152,GCA_025832475.1,"aadA1=COMPLETE,acrF=COMPLETE,blaEC=COMPLETE,blaSHV-12=COMPLETE,estX-3=COMPLETE,mdtM=COMPLETE,qnrS1=COMPLETE,sul2=COMPLETE,tet(A)=COMPLETE",,"amikacin=S,ampicillin=R,azithromycin=S,cefepime=R,cefotaxime-clavulanic acid=S,cefotaxime=R,cefoxitin=R,ceftazidime-clavulanic acid=S,ceftazidime=R,chloramphenicol=S,ciprofloxacin=R,colistin=S,ertapenem=S,gentamicin=S,imipenem=S,meropenem=S,nalidixic acid=R,sulfamethoxazole=R,temocillin=S,tetracycline=R,tigecycline=S,trimethoprim=S"
E.coli and Shigella,34.32,"""34.32"",""WUR_ESBL_2021-34.32""",,PDT001467235.1,2022-10-25T04:02:43Z,Netherlands,cecal content,environmental/other,,,,,SAMN31087148,GCA_025832555.1,"acrF=COMPLETE,aph(3')-Ia=COMPLETE,blaCTX-M-15=COMPLETE,blaEC=COMPLETE,blaTEM-176=COMPLETE,dfrA14=COMPLETE,floR=COMPLETE,gyrA_S83L=POINT,mdtM=COMPLETE,qnrS1=COMPLETE,tet(A)=COMPLETE",,"amikacin=S,ampicillin=R,azithromycin=S,cefepime=R,cefotaxime-clavulanic acid=S,cefotaxime=R,cefoxitin=S,ceftazidime-clavulanic acid=S,ceftazidime=R,chloramphenicol=R,ciprofloxacin=R,colistin=S,ertapenem=S,gentamicin=S,imipenem=S,meropenem=S,nalidixic acid=R,sulfamethoxazole=S,temocillin=S,tetracycline=R,tigecycline=S,trimethoprim=R"
E.coli and Shigella,34.31,"""34.31"",""WUR_ESBL_2021-34.31""",,PDT001467238.1,2022-10-25T04:02:59Z,Netherlands,cecal content,environmental/other,,PDS000121587.4,18.0,,SAMN31087147,GCA_025832605.1,"aadA1=COMPLETE,acrF=COMPLETE,ampC_C-42T=POINT,aph(3'')-Ib=COMPLETE,aph(6)-Id=COMPLETE,blaEC=COMPLETE,blaTEM=PARTIAL_END_OF_CONTIG,dfrA1=COMPLETE,mdtM=COMPLETE,mph(B)=COMPLETE,soxS_A12S=POINT,sul1=COMPLETE,sul2=COMPLETE",,"amikacin=S,ampicillin=R,azithromycin=S,cefepime=S,cefotaxime-clavulanic acid=R,cefotaxime=R,cefoxitin=R,ceftazidime-clavulanic acid=R,ceftazidime=R,chloramphenicol=S,ciprofloxacin=R,colistin=S,ertapenem=S,gentamicin=S,imipenem=S,meropenem=S,nalidixic acid=R,sulfamethoxazole=R,temocillin=S,tetracycline=S,tigecycline=S,trimethoprim=R"
E.coli and Shigella,34.18,"""34.18"",""WUR_ESBL_2021-34.18""",,PDT001467246.1,2022-10-25T04:05:09Z,Netherlands,cecal content,environmental/other,,PDS000033517.48,41.0,39.0,SAMN31087134,GCA_025832775.1,"aac(6')-Ib-cr=PARTIAL,aadA1=COMPLETE,acrF=COMPLETE,ant(2'')-Ia=COMPLETE,blaCTX-M-15=COMPLETE,blaEC=COMPLETE,blaOXA-1=COMPLETE,catB3=PARTIAL,dfrA36=COMPLETE,floR=COMPLETE,gyrA_D87N=POINT,gyrA_S83L=POINT,mdtM=COMPLETE,parC_S80I=POINT,parE_S458A=POINT,sul1=COMPLETE,sul2=COMPLETE,tet(A)=COMPLETE",,"amikacin=S,ampicillin=R,azithromycin=S,cefepime=R,cefotaxime-clavulanic acid=S,cefotaxime=R,cefoxitin=S,ceftazidime-clavulanic acid=S,ceftazidime=R,chloramphenicol=R,ciprofloxacin=R,colistin=S,ertapenem=S,gentamicin=R,imipenem=S,meropenem=S,nalidixic acid=R,sulfamethoxazole=R,temocillin=S,tetracycline=R,tigecycline=S,trimethoprim=R"
E.coli and Shigella,34.16,"""34.16"",""WUR_ESBL_2021-34.16""",,PDT001467251.1,2022-10-25T04:05:29Z,Netherlands,cecal content,environmental/other,,PDS000121560.1,11.0,,SAMN31087132,GCA_025832855.1,"aadA1=COMPLETE,acrF=COMPLETE,aph(3'')-Ib=COMPLETE,aph(6)-Id=COMPLETE,blaCTX-M-1=COMPLETE,blaEC=COMPLETE,blaTEM-1=COMPLETE,dfrA1=COMPLETE,dfrA51=COMPLETE,gyrA_S83L=POINT,mdtM=COMPLETE,sat2=COMPLETE,sul2=COMPLETE",,"amikacin=S,ampicillin=R,azithromycin=S,cefepime=R,cefotaxime-clavulanic acid=S,cefotaxime=R,cefoxitin=S,ceftazidime-clavulanic acid=S,ceftazidime=R,chloramphenicol=S,ciprofloxacin=R,colistin=S,ertapenem=S,gentamicin=S,imipenem=S,meropenem=S,nalidixic acid=R,sulfamethoxazole=R,temocillin=S,tetracycline=S,tigecycline=S,trimethoprim=R"
E.coli and Shigella,34.13,"""34.13"",""WUR_ESBL_2021-34.13""",,PDT001467254.1,2022-10-25T04:05:43Z,Netherlands,cecal content,environmental/other,,,,,SAMN31087129,GCA_025832935.1,"acrF=MISTRANSLATION,blaCMY-2=COMPLETE,blaEC=COMPLETE,gyrA_S83L=POINT,mdtM=COMPLETE,parE_S458A=POINT",,"amikacin=S,ampicillin=R,azithromycin=S,cefepime=S,cefotaxime-clavulanic acid=R,cefotaxime=R,cefoxitin=R,ceftazidime-clavulanic acid=R,ceftazidime=R,chloramphenicol=S,ciprofloxacin=R,colistin=S,ertapenem=S,gentamicin=S,imipenem=S,meropenem=S,nalidixic acid=R,sulfamethoxazole=S,temocillin=S,tetracycline=S,tigecycline=S,trimethoprim=S"
E.coli and Shigella,34.1,"""34.10"",""WUR_ESBL_2021-34.10""",,PDT001467255.1,2022-10-25T04:05:46Z,Netherlands,cecal content,environmental/other,,PDS000183031.4,49.0,39.0,SAMN31087126,GCA_025832955.1,"acrF=COMPLETE,blaCTX-M-15=COMPLETE,blaEC=COMPLETE,mdtM=COMPLETE,qnrS1=COMPLETE,tet(A)=COMPLETE",,"amikacin=S,ampicillin=R,azithromycin=S,cefepime=R,cefotaxime-clavulanic acid=S,cefotaxime=R,cefoxitin=S,ceftazidime-clavulanic acid=S,ceftazidime=R,chloramphenicol=S,ciprofloxacin=R,colistin=S,ertapenem=S,gentamicin=S,imipenem=S,meropenem=S,nalidixic acid=S,sulfamethoxazole=S,temocillin=S,tetracycline=R,tigecycline=S,trimethoprim=S"
E.coli and Shigella,34.11,"""34.11"",""WUR_ESBL_2021-34.11""",,PDT001467256.1,2022-10-25T04:05:51Z,Netherlands,cecal content,environmental/other,,,,,SAMN31087127,GCA_025832975.1,"aadA1=COMPLETE,acrF=COMPLETE,aph(3'')-Ib=COMPLETE,aph(6)-Id=COMPLETE,blaCTX-M-1=COMPLETE,blaEC=COMPLETE,blaTEM-1=COMPLETE,dfrA1=COMPLETE,gyrA_S83L=POINT,mdtM=COMPLETE,sat2=COMPLETE,sul2=COMPLETE",,"amikacin=S,ampicillin=R,azithromycin=S,cefepime=R,cefotaxime-clavulanic acid=S,cefotaxime=R,cefoxitin=S,ceftazidime-clavulanic acid=S,ceftazidime=R,chloramphenicol=S,ciprofloxacin=R,colistin=S,ertapenem=S,gentamicin=S,imipenem=S,meropenem=S,nalidixic acid=R,sulfamethoxazole=R,temocillin=S,tetracycline=S,tigecycline=S,trimethoprim=R"
E.coli and Shigella,34.12,"""34.12"",""WUR_ESBL_2021-34.12""",,PDT001467257.1,2022-10-25T04:05:54Z,Netherlands,cecal content,environmental/other,,PDS000121587.4,18.0,,SAMN31087128,GCA_025833005.1,"aadA1=COMPLETE,acrF=COMPLETE,ampC_C-42T=POINT,aph(3'')-Ib=COMPLETE,aph(6)-Id=COMPLETE,blaEC=COMPLETE,blaTEM=PARTIAL_END_OF_CONTIG,dfrA1=COMPLETE,mdtM=COMPLETE,mph(B)=COMPLETE,soxS_A12S=POINT,sul1=COMPLETE,sul2=COMPLETE",,"amikacin=S,ampicillin=R,azithromycin=S,cefepime=S,cefotaxime-clavulanic acid=R,cefotaxime=R,cefoxitin=R,ceftazidime-clavulanic acid=R,ceftazidime=R,chloramphenicol=S,ciprofloxacin=R,colistin=S,ertapenem=S,gentamicin=S,imipenem=S,meropenem=S,nalidixic acid=R,sulfamethoxazole=R,temocillin=S,tetracycline=S,tigecycline=S,trimethoprim=R"
E.coli and Shigella,34.07,"""34.07"",""WUR_ESBL_2021-34.07""",,PDT001467260.1,2022-10-25T04:06:20Z,Netherlands,cecal content,environmental/other,,PDS000121603.4,15.0,,SAMN31087123,GCA_025833055.1,"acrF=COMPLETE,blaEC=COMPLETE,blaSHV-12=COMPLETE,mdtM=COMPLETE,qnrS1=COMPLETE,tet(A)=COMPLETE",,"amikacin=S,ampicillin=R,azithromycin=S,cefepime=R,cefotaxime-clavulanic acid=S,cefotaxime=R,cefoxitin=S,ceftazidime-clavulanic acid=S,ceftazidime=R,chloramphenicol=S,ciprofloxacin=R,colistin=S,ertapenem=S,gentamicin=S,imipenem=S,meropenem=S,nalidixic acid=S,sulfamethoxazole=S,temocillin=S,tetracycline=R,tigecycline=S,trimethoprim=S"
E.coli and Shigella,34.05,"""34.05"",""WUR_ESBL_2021-34.05""",,PDT001467261.1,2022-10-25T04:06:28Z,Netherlands,cecal content,environmental/other,,PDS000080267.41,46.0,44.0,SAMN31087121,GCA_025833075.1,"aac(3)-IIe=COMPLETE,acrF=COMPLETE,aph(3'')-Ib=COMPLETE,aph(3')-Ia=COMPLETE,aph(6)-Id=COMPLETE,blaCTX-M-15=COMPLETE,blaEC=COMPLETE,blaTEM-1=COMPLETE,cyaA_S352T=POINT,dfrA14=COMPLETE,dfrA36=COMPLETE,emrD=COMPLETE,floR=COMPLETE,mdtM=COMPLETE,qnrS1=COMPLETE,sul2=COMPLETE,tet(B)=COMPLETE,tet(X5)=COMPLETE,uhpT_E350Q=POINT",,"amikacin=S,ampicillin=R,azithromycin=S,cefepime=R,cefotaxime-clavulanic acid=S,cefotaxime=R,cefoxitin=S,ceftazidime-clavulanic acid=S,ceftazidime=R,chloramphenicol=R,ciprofloxacin=R,colistin=S,ertapenem=R,gentamicin=R,imipenem=S,meropenem=S,nalidixic acid=S,sulfamethoxazole=R,temocillin=S,tetracycline=R,tigecycline=S,trimethoprim=R"
E.coli and Shigella,34.06,"""34.06"",""WUR_ESBL_2021-34.06""",,PDT001467263.1,2022-10-25T04:06:36Z,Netherlands,cecal content,environmental/other,,,,,SAMN31087122,GCA_025833105.1,"aac(3)-IVa=COMPLETE,aadA1=COMPLETE,acrF=COMPLETE,aph(3'')-Ib=PARTIAL_END_OF_CONTIG,aph(3')-Ia=COMPLETE,aph(4)-Ia=COMPLETE,aph(6)-Id=PARTIAL_END_OF_CONTIG,blaCTX-M-1=COMPLETE,blaEC=COMPLETE,cyaA_S352T=POINT,dfrA1=COMPLETE,emrD=COMPLETE,floR=COMPLETE,gyrA_D87N=POINT,gyrA_S83L=POINT,mdtM=COMPLETE,mph(A)=COMPLETE,parC_S80I=POINT,sul1=COMPLETE,sul2=COMPLETE,tet(A)=COMPLETE",,"amikacin=S,ampicillin=R,azithromycin=S,cefepime=R,cefotaxime-clavulanic acid=S,cefotaxime=R,cefoxitin=S,ceftazidime-clavulanic acid=S,ceftazidime=R,chloramphenicol=S,ciprofloxacin=R,colistin=S,ertapenem=S,gentamicin=R,imipenem=S,meropenem=S,nalidixic acid=R,sulfamethoxazole=R,temocillin=S,tetracycline=R,tigecycline=S,trimethoprim=R"
E.coli and Shigella,34.03,"""34.03"",""WUR_ESBL_2021-34.03""",,PDT001467264.1,2022-10-25T04:06:44Z,Netherlands,cecal content,environmental/other,,PDS000119923.8,14.0,50.0,SAMN31087119,GCA_025833135.1,"aadA1=COMPLETE,acrF=COMPLETE,blaEC=COMPLETE,blaSHV-12=COMPLETE,estX-3=COMPLETE,mdtM=COMPLETE,qnrS1=COMPLETE,sul2=COMPLETE,tet(A)=COMPLETE",,"amikacin=S,ampicillin=R,azithromycin=S,cefepime=R,cefotaxime-clavulanic acid=S,cefotaxime=R,cefoxitin=S,ceftazidime-clavulanic acid=S,ceftazidime=R,chloramphenicol=S,ciprofloxacin=R,colistin=S,ertapenem=S,gentamicin=S,imipenem=S,meropenem=S,nalidixic acid=S,sulfamethoxazole=R,temocillin=S,tetracycline=R,tigecycline=S,trimethoprim=S"
E.coli and Shigella,33.76,"""33.76"",""WUR_ESBL_2021-33.76""",,PDT001467271.1,2022-10-25T04:07:57Z,Netherlands,cecal content,environmental/other,,PDS000071037.17,47.0,39.0,SAMN31087111,GCA_025833275.1,"aac(3)-IId=COMPLETE,aadA1=COMPLETE,aadA2=COMPLETE,acrF=COMPLETE,aph(3')-Ia=COMPLETE,blaCTX-M-15=COMPLETE,blaEC=COMPLETE,cmlA1=COMPLETE,dfrA12=COMPLETE,floR=COMPLETE,mdtM=COMPLETE,qnrS1=COMPLETE,sul2=COMPLETE,tet(A)=PARTIAL_END_OF_CONTIG,tet(M)=COMPLETE",,"amikacin=S,ampicillin=R,azithromycin=S,cefepime=R,cefotaxime-clavulanic acid=S,cefotaxime=R,cefoxitin=S,ceftazidime-clavulanic acid=S,ceftazidime=R,chloramphenicol=R,ciprofloxacin=R,colistin=S,ertapenem=S,gentamicin=R,imipenem=S,meropenem=S,nalidixic acid=S,sulfamethoxazole=R,temocillin=S,tetracycline=R,tigecycline=S,trimethoprim=R"
E.coli and Shigella,33.77,"""33.77"",""WUR_ESBL_2021-33.77""",,PDT001467272.1,2022-10-25T04:07:59Z,Netherlands,cecal content,environmental/other,,PDS000145016.6,,,SAMN31087112,GCA_025833285.1,"aadA1=COMPLETE,acrF=COMPLETE,aph(3'')-Ib=COMPLETE,aph(6)-Id=COMPLETE,blaCTX-M-1=COMPLETE,blaEC=COMPLETE,blaTEM-1=COMPLETE,dfrA1=COMPLETE,gyrA_S83L=POINT,mdtM=COMPLETE,mph(A)=COMPLETE,sul1=COMPLETE,sul2=COMPLETE",,"amikacin=S,ampicillin=R,azithromycin=S,cefepime=R,cefotaxime-clavulanic acid=S,cefotaxime=R,cefoxitin=S,ceftazidime-clavulanic acid=S,ceftazidime=R,chloramphenicol=S,ciprofloxacin=R,colistin=S,ertapenem=S,gentamicin=S,imipenem=S,meropenem=S,nalidixic acid=R,sulfamethoxazole=R,temocillin=S,tetracycline=S,tigecycline=S,trimethoprim=R"
E.coli and Shigella,33.74,"""33.74"",""WUR_ESBL_2021-33.74""",,PDT001467274.1,2022-10-25T04:08:10Z,Netherlands,cecal content,environmental/other,,PDS000239258.1,,,SAMN31087109,GCA_025833335.1,"acrF=COMPLETE,aph(3'')-Ib=COMPLETE,aph(6)-Id=COMPLETE,blaCTX-M-1=COMPLETE,blaEC=COMPLETE,blaTEM-1=COMPLETE,dfrA5=COMPLETE,gyrA_S83L=POINT,mdtM=COMPLETE,sul2=COMPLETE",,"amikacin=S,ampicillin=R,azithromycin=S,cefepime=R,cefotaxime-clavulanic acid=S,cefotaxime=R,cefoxitin=S,ceftazidime-clavulanic acid=S,ceftazidime=R,chloramphenicol=S,ciprofloxacin=R,colistin=S,ertapenem=S,gentamicin=S,imipenem=S,meropenem=S,nalidixic acid=R,sulfamethoxazole=R,temocillin=S,tetracycline=S,tigecycline=S,trimethoprim=R"
E.coli and Shigella,33.7,"""33.70"",""WUR_ESBL_2021-33.70""",,PDT001467278.1,2022-10-25T04:09:36Z,Netherlands,cecal content,environmental/other,,PDS000121587.4,17.0,,SAMN31087105,GCA_025833415.1,"aadA1=COMPLETE,acrF=COMPLETE,ampC_C-42T=POINT,aph(3'')-Ib=COMPLETE,aph(6)-Id=COMPLETE,blaEC=COMPLETE,blaTEM-1=COMPLETE,dfrA1=COMPLETE,mdtM=COMPLETE,mph(B)=COMPLETE,soxS_A12S=POINT,sul1=COMPLETE,sul2=COMPLETE",,"amikacin=S,ampicillin=R,azithromycin=S,cefepime=S,cefotaxime-clavulanic acid=R,cefotaxime=R,cefoxitin=R,ceftazidime-clavulanic acid=R,ceftazidime=R,chloramphenicol=S,ciprofloxacin=R,colistin=S,ertapenem=S,gentamicin=S,imipenem=S,meropenem=S,nalidixic acid=R,sulfamethoxazole=R,temocillin=S,tetracycline=S,tigecycline=S,trimethoprim=R"
E.coli and Shigella,33.64,"""33.64"",""WUR_ESBL_2021-33.64""",,PDT001467284.1,2022-10-25T04:10:17Z,Netherlands,cecal content,environmental/other,,PDS000239377.1,,,SAMN31087099,GCA_025833535.1,"aadA1=COMPLETE,acrF=COMPLETE,aph(3'')-Ib=COMPLETE,aph(3')-Ia=COMPLETE,aph(6)-Id=COMPLETE,arr-2=COMPLETE,blaCTX-M-65=COMPLETE,blaEC=COMPLETE,blaOXA-10=COMPLETE,blaTEM-1=COMPLETE,cmlA5=COMPLETE,dfrA14=COMPLETE,dfrA5=COMPLETE,floR=COMPLETE,gyrA_S83L=POINT,mdtM=COMPLETE,qnrS1=COMPLETE,sul2=COMPLETE,tet(A)=COMPLETE",,"amikacin=S,ampicillin=R,azithromycin=S,cefepime=R,cefotaxime-clavulanic acid=S,cefotaxime=R,cefoxitin=S,ceftazidime-clavulanic acid=S,ceftazidime=R,chloramphenicol=R,ciprofloxacin=R,colistin=S,ertapenem=S,gentamicin=S,imipenem=S,meropenem=S,nalidixic acid=R,sulfamethoxazole=R,temocillin=S,tetracycline=R,tigecycline=S,trimethoprim=R"
E.coli and Shigella,33.62,"""33.62"",""WUR_ESBL_2021-33.62""",,PDT001467287.1,2022-10-25T04:10:29Z,Netherlands,cecal content,environmental/other,,,,,SAMN31087097,GCA_025833595.1,"acrF=COMPLETE,ampC_C-42T=POINT,aph(3'')-Ib=COMPLETE,aph(3')-Ia=COMPLETE,aph(6)-Id=COMPLETE,blaEC-15=COMPLETE,catA1=COMPLETE,floR=COMPLETE,gyrA_S83L=POINT,mdtM=COMPLETE,sul2=COMPLETE,tet(A)=COMPLETE",,"amikacin=S,ampicillin=R,azithromycin=S,cefepime=R,cefotaxime-clavulanic acid=R,cefotaxime=R,cefoxitin=R,ceftazidime-clavulanic acid=R,ceftazidime=R,chloramphenicol=R,ciprofloxacin=R,colistin=S,ertapenem=S,gentamicin=S,imipenem=S,meropenem=S,nalidixic acid=R,sulfamethoxazole=R,temocillin=S,tetracycline=R,tigecycline=S,trimethoprim=R"
E.coli and Shigella,33.58,"""33.58"",""WUR_ESBL_2021-33.58""",,PDT001467290.1,2022-10-25T04:10:42Z,Netherlands,cecal content,environmental/other,,,,,SAMN31087093,GCA_025833655.1,"acrF=COMPLETE,aph(3'')-Ib=COMPLETE,aph(6)-Id=COMPLETE,blaCTX-M-15=COMPLETE,blaEC=COMPLETE,blaTEM-1=COMPLETE,dfrA14=COMPLETE,mdtM=COMPLETE,qnrS1=COMPLETE,sul2=COMPLETE,tet(A)=COMPLETE",,"amikacin=S,ampicillin=R,azithromycin=S,cefepime=R,cefotaxime-clavulanic acid=S,cefotaxime=R,cefoxitin=S,ceftazidime-clavulanic acid=S,ceftazidime=R,chloramphenicol=S,ciprofloxacin=R,colistin=S,ertapenem=S,gentamicin=S,imipenem=S,meropenem=S,nalidixic acid=S,sulfamethoxazole=R,temocillin=S,tetracycline=R,tigecycline=S,trimethoprim=R"
E.coli and Shigella,33.55,"""33.55"",""WUR_ESBL_2021-33.55""",,PDT001467295.1,2022-10-25T04:11:15Z,Netherlands,cecal content,environmental/other,,,,,SAMN31087090,GCA_025833755.1,"aac(3)-IId=COMPLETE,aadA1=COMPLETE,aadA2=PARTIAL_END_OF_CONTIG,acrF=COMPLETE,aph(3')-Ia=PARTIAL,blaCTX-M-15=COMPLETE,blaEC=COMPLETE,blaTEM-1=COMPLETE,cmlA1=COMPLETE,dfrA12=COMPLETE,floR=COMPLETE,gyrA_D87N=POINT,gyrA_S83L=POINT,lnu(F)=COMPLETE,mdtM=COMPLETE,nfsA_G126R=POINT,parC_S80I=POINT,parE_S458A=POINT,sul2=COMPLETE,sul3=COMPLETE,tet(A)=COMPLETE,tet(M)=COMPLETE",,"amikacin=S,ampicillin=R,azithromycin=S,cefepime=R,cefotaxime-clavulanic acid=S,cefotaxime=R,cefoxitin=S,ceftazidime-clavulanic acid=S,ceftazidime=R,chloramphenicol=R,ciprofloxacin=R,colistin=S,ertapenem=S,gentamicin=R,imipenem=S,meropenem=S,nalidixic acid=R,sulfamethoxazole=R,temocillin=S,tetracycline=R,tigecycline=S,trimethoprim=R"
E.coli and Shigella,A3039,"""A3039"",""NGS09"",""SRS15518151""",,PDT001504099.1,2022-11-28T04:14:28Z,Greece,blood,clinical,,PDS000180774.1,,,SAMN31413816,GCA_026420945.1,"aac(6')-Ib-cr5=COMPLETE,acrF=COMPLETE,aph(3'')-Ib=COMPLETE,aph(6)-Id=COMPLETE,blaEC=COMPLETE,blaNDM=PARTIAL,blaOXA-1=COMPLETE,blaTEM-1=COMPLETE,ble=COMPLETE,catB3=PARTIAL,dfrA14=COMPLETE,mdtM=COMPLETE,qnrS1=COMPLETE,sul2=COMPLETE,tet(B)=COMPLETE",,"amikacin=S,aztreonam=S,cefepime=R,ciprofloxacin=R,colistin=S,gentamicin=S,imipenem=R,meropenem=R,tigecycline=S"
E.coli and Shigella,A2614,"""A2614"",""NGS06"",""SRS15518149""",,PDT001504101.1,2022-11-28T04:14:58Z,Greece,urine,clinical,,,,,SAMN31413813,GCA_026420985.1,"aac(6')-Ib-cr5=COMPLETE,aadA16=COMPLETE,aadA1=COMPLETE,acrF=COMPLETE,aph(3'')-Ib=COMPLETE,aph(6)-Id=COMPLETE,arr-3=COMPLETE,blaEC=COMPLETE,blaNDM=PARTIAL,blaOXA=COMPLETE,blaTEM-1=COMPLETE,ble=COMPLETE,dfrA27=COMPLETE,gyrA_D87N=POINT,gyrA_S83L=POINT,mdtM=COMPLETE,parC_S80I=POINT,parE_S458A=POINT,qnrS1=COMPLETE,sul1=COMPLETE,tet(A)=COMPLETE,tet(B)=COMPLETE",,"amikacin=S,aztreonam=S,cefepime=S,ciprofloxacin=R,colistin=S,gentamicin=S,imipenem=R,meropenem=S,tigecycline=S"
E.coli and Shigella,A1160,"""A1160"",""NGS04"",""SRS15518147""",,PDT001504102.1,2022-11-28T04:15:11Z,Greece,bile,clinical,,,,,SAMN31413811,GCA_026421005.1,"aac(3)-IIe=COMPLETE,aac(3)-VIa=COMPLETE,aac(6')-Ib-cr5=COMPLETE,aadA1=COMPLETE,aadA2=COMPLETE,acrF=COMPLETE,aph(3'')-Ib=COMPLETE,aph(6)-Id=COMPLETE,blaEC=COMPLETE,blaNDM-1=COMPLETE,blaOXA-1=COMPLETE,blaTEM-1=COMPLETE,ble=COMPLETE,catB3=PARTIAL,cmlA1=COMPLETE,dfrA12=COMPLETE,dfrA14=COMPLETE,dfrA8=COMPLETE,gyrA_D87N=POINT,gyrA_S83L=POINT,mdtM=PARTIAL,parC_S80I=POINT,parE_S458A=POINT,sul1=COMPLETE,sul2=COMPLETE,sul3=COMPLETE,tet(A)=COMPLETE",,"amikacin=S,aztreonam=S,cefepime=R,ciprofloxacin=R,colistin=S,gentamicin=R,imipenem=R,meropenem=R,tigecycline=S"
E.coli and Shigella,A155,"""A155"",""NGS03"",""SRS15518145""",,PDT001504103.1,2022-11-28T04:15:16Z,Greece,urine,clinical,,,,,SAMN31413810,GCA_026421025.1,"aac(6')-Ib-cr5=COMPLETE,aac(6')-Il=COMPLETE,aadA1=COMPLETE,acrF=COMPLETE,aph(3')-Ia=COMPLETE,blaCTX-M-15=COMPLETE,blaEC=COMPLETE,blaNDM-1=COMPLETE,blaOXA-1=COMPLETE,blaVIM-1=COMPLETE,ble=COMPLETE,catB3=PARTIAL,dfrA1=COMPLETE,gyrA_D87N=POINT,gyrA_S83L=POINT,mdtM=PARTIAL,mph(A)=COMPLETE,parC_S80I=POINT,parE_S458A=POINT,sul2=COMPLETE,tet(A)=COMPLETE",,"amikacin=R,aztreonam=R,cefepime=R,ciprofloxacin=R,colistin=S,gentamicin=S,imipenem=R,meropenem=R,tigecycline=S"
E.coli and Shigella,A1630,"""A1630"",""NGS05"",""SRS15518148""",,PDT001504104.1,2022-11-28T04:15:19Z,Greece,blood,clinical,,,,,SAMN31413812,GCA_026421045.1,"aac(6')-Ib=PARTIAL_END_OF_CONTIG,acrF=COMPLETE,aph(3'')-Ib=COMPLETE,aph(6)-Id=COMPLETE,blaEC=COMPLETE,blaNDM-1=COMPLETE,blaOXA-1=COMPLETE,blaSHV-5=COMPLETE,ble=COMPLETE,catB3=PARTIAL,dfrA1=COMPLETE,gyrA_D87N=POINT,gyrA_S83L=POINT,mdtM=COMPLETE,parC_S80I=POINT,parE_S458A=POINT,sul2=COMPLETE,tet(A)=COMPLETE",,"amikacin=R,aztreonam=R,cefepime=R,ciprofloxacin=R,colistin=S,gentamicin=S,imipenem=R,meropenem=R,tigecycline=S"
E.coli and Shigella,9703,"""9703"",""NGS01"",""SRS15518144""",,PDT001504106.1,2022-11-28T04:16:27Z,Greece,blood,clinical,,,,,SAMN31413808,GCA_026421085.1,"aac(6')-Ib=PARTIAL_END_OF_CONTIG,acrF=COMPLETE,aph(3'')-Ib=COMPLETE,aph(3')-Ia=COMPLETE,aph(6)-Id=COMPLETE,blaCTX-M-15=COMPLETE,blaEC=COMPLETE,blaNDM-1=COMPLETE,blaOXA-1=COMPLETE,blaTEM-1=COMPLETE,ble=COMPLETE,catA1=COMPLETE,catB3=PARTIAL,dfrA14=COMPLETE,gyrA_D87N=POINT,gyrA_S83L=POINT,mdtM=COMPLETE,mph(A)=COMPLETE,parC_A56T=POINT,parC_S80I=POINT,sul2=COMPLETE,tet(B)=COMPLETE",,"amikacin=R,aztreonam=R,cefepime=R,ciprofloxacin=R,colistin=S,gentamicin=R,imipenem=R,meropenem=S,tigecycline=S"
E.coli and Shigella,U1007,"""SRS18113682"",""U1007"",""Urinary isolate"",""Urinary isolate of Escherichia sp""",,PDT001815336.1,2023-07-11T22:44:47Z,"India: Anna Nagar, Chennai, TN",Urine of the patient,clinical,,PDS000037623.78,22.0,47.0,SAMN36015110,GCA_032536185.1,"aac(3)-IId=PARTIAL,aac(3)-IId=PARTIAL_END_OF_CONTIG,aac(6')-Ib-cr5=COMPLETE,aadA5=COMPLETE,acrF=COMPLETE,aph(3'')-Ib=COMPLETE,aph(6)-Id=COMPLETE,blaCTX-M-15=COMPLETE,blaEC=COMPLETE,blaNDM-5=COMPLETE,blaOXA-1=COMPLETE,blaTEM-1=COMPLETE,ble=COMPLETE,catB3=PARTIAL_END_OF_CONTIG,cyaA_S352T=POINT,dfrA17=COMPLETE,ftsI_I336IKYRI=POINT,gyrA_D87N=POINT,gyrA_S83L=POINT,mph(A)=COMPLETE,parC_S80I=POINT,parE_S458A=POINT,rmtB1=COMPLETE,sul1=COMPLETE,sul2=COMPLETE,tet(A)=COMPLETE",,"ceftriaxone=R,ciprofloxacin=R,colistin=NS,erythromycin=R,gentamicin=R,kanamycin=S,levofloxacin=R,meropenem=R,minocycline=R,norfloxacin=R,rifampin=R,streptomycin=R,tobramycin=R"
E.coli and Shigella,,"""BWH_983_E_col"",""SRS18432396""",,PDT001830415.2,2024-02-19T21:56:29Z,USA:Boston,urine,clinical,,PDS000061455.83,23.0,38.0,SAMN36726481,GCA_032338655.2,"aac(3)-IIe=COMPLETE,aadA5=COMPLETE,acrF=COMPLETE,blaCTX-M-15=COMPLETE,blaCTX-M=COMPLETE,blaEC=COMPLETE,dfrA17=COMPLETE,erm(B)=COMPLETE,gyrA_D87N=POINT,gyrA_S83L=POINT,mdtM=COMPLETE,mph(A)=COMPLETE,nfsA_H11Y=POINT,parC_E84V=POINT,parC_S80I=POINT,parE_I529L=POINT,ptsI_V25I=POINT,sul1=COMPLETE,uhpT_E350Q=POINT",,"amikacin=S,amoxicillin-clavulanic acid=S,ampicillin=R,cefazolin=R,cefepime=S,cefoxitin=S,ceftazidime=S,ceftriaxone=R,ciprofloxacin=R,ertapenem=S,gentamicin=R,levofloxacin=R,meropenem=S,nitrofurantoin=R,piperacillin-tazobactam=S,tetracycline=S,tobramycin=I,trimethoprim-sulfamethoxazole=R"
E.coli and Shigella,,"""BWH_239_E_col"",""SRS18432395""",,PDT001830416.2,2024-02-07T13:06:35Z,USA:Boston,urine,clinical,,,,,SAMN36726480,GCA_032338575.2,"aadA5=COMPLETE,acrF=COMPLETE,aph(3'')-Ib=COMPLETE,aph(6)-Id=COMPLETE,blaCTX-M-27=COMPLETE,blaEC=COMPLETE,dfrA17=COMPLETE,gyrA_D87N=POINT,gyrA_S83L=POINT,mdtM=COMPLETE,mph(A)=COMPLETE,parC_E84V=POINT,parC_S80I=POINT,parE_I529L=POINT,ptsI_V25I=POINT,sul1=COMPLETE,sul2=COMPLETE,tet(A)=COMPLETE,uhpT_E350Q=POINT",,"amikacin=S,amoxicillin-clavulanic acid=S,ampicillin=R,cefazolin=R,cefepime=S,cefoxitin=S,ceftazidime=S,ceftriaxone=R,ciprofloxacin=R,ertapenem=S,gentamicin=S,levofloxacin=R,meropenem=S,nitrofurantoin=S,piperacillin-tazobactam=S,tetracycline=R,tobramycin=S,trimethoprim-sulfamethoxazole=R"
E.coli and Shigella,,"""BWH_1249_E_col"",""SRS18432394""",,PDT001830417.2,2024-02-07T17:09:22Z,USA:Boston,tracheal aspirate,clinical,,PDS000080748.21,29.0,,SAMN36726479,GCA_032338615.2,"aac(3)-IIe=COMPLETE,aac(6')-Ib-cr5=COMPLETE,acrF=COMPLETE,blaCTX-M-15=COMPLETE,blaEC=COMPLETE,blaOXA-1=COMPLETE,catB3=PARTIAL_END_OF_CONTIG,gyrA_D87N=POINT,gyrA_S83L=POINT,mdtM=COMPLETE,parC_E84V=POINT,parC_S80I=POINT,parE_I529L=POINT,ptsI_V25I=POINT,tet(A)=COMPLETE,uhpT_E350Q=POINT",,"amikacin=S,amoxicillin-clavulanic acid=I,ampicillin=R,cefepime=S,cefoxitin=R,ceftazidime=I,ceftriaxone=R,ciprofloxacin=R,ertapenem=S,gentamicin=R,levofloxacin=R,meropenem=S,piperacillin-tazobactam=S,tetracycline=R,tobramycin=R,trimethoprim-sulfamethoxazole=S"
E.coli and Shigella,,"""BWH_959_E_col"",""SRS18432392""",,PDT001830419.2,2024-02-17T11:12:36Z,USA:Boston,Foot wound,clinical,,,,,SAMN36726478,GCA_032338595.2,"aadA1=COMPLETE,acrF=COMPLETE,aph(3'')-Ib=COMPLETE,aph(3')-Ia=COMPLETE,aph(6)-Id=COMPLETE,blaCTX-M-14=COMPLETE,blaEC=COMPLETE,blaTEM-1=COMPLETE,cyaA_S352T=POINT,dfrA1=COMPLETE,nfsA_Q113Ter=POINT,sat2=COMPLETE,sul2=COMPLETE,tet(D)=COMPLETE",,"amikacin=S,amoxicillin-clavulanic acid=I,ampicillin=R,cefepime=R,cefoxitin=R,ceftaroline=S,ceftazidime=S,ceftriaxone=R,ciprofloxacin=R,clindamycin=R,ertapenem=S,erythromycin=R,gentamicin=S,levofloxacin=R,meropenem=S,minocycline=S,moxifloxacin=R,oxacillin=R,piperacillin-tazobactam=S,rifampin=S,tetracycline=S,tigecycline=S,tobramycin=S"
E.coli and Shigella,,"""BWH_1182_E_col"",""SRS18432391""",,PDT001830420.2,2024-02-17T15:06:06Z,USA:Boston,urine,clinical,,,,,SAMN36726477,GCA_032338555.2,"aac(3)-IId=COMPLETE,aac(6')-Ib-cr5=COMPLETE,aadA5=COMPLETE,acrF=COMPLETE,blaCTX-M-15=COMPLETE,blaEC=COMPLETE,blaOXA-1=COMPLETE,blaTEM-1=COMPLETE,catB3=PARTIAL_END_OF_CONTIG,dfrA17=COMPLETE,gyrA_D87N=POINT,gyrA_S83L=POINT,mdtM=COMPLETE,parC_E84V=POINT,parC_S80I=POINT,parE_I529L=POINT,ptsI_V25I=POINT,uhpT_E350Q=POINT",,"amikacin=S,amoxicillin-clavulanic acid=I,ampicillin=R,cefazolin=R,cefepime=S,cefoxitin=R,ceftazidime=R,ceftriaxone=R,ciprofloxacin=R,ertapenem=S,gentamicin=R,levofloxacin=R,meropenem=S,nitrofurantoin=S,piperacillin-tazobactam=S,tetracycline=S,tobramycin=R,trimethoprim-sulfamethoxazole=S"
E.coli and Shigella,,"""BWH_205_E_col"",""SRS18432381""",,PDT001830429.2,2024-02-17T05:09:36Z,USA:Boston,urine,clinical,,,,,SAMN36726468,GCA_032338435.2,"acrF=COMPLETE,blaCTX-M-27=COMPLETE,blaEC=COMPLETE,gyrA_D87N=POINT,gyrA_S83L=POINT,mdtM=COMPLETE,parC_E84V=POINT,parC_S80I=POINT,parE_I529L=POINT,ptsI_V25I=POINT,uhpT_E350Q=POINT",,"amikacin=S,amoxicillin-clavulanic acid=S,ampicillin=R,cefazolin=R,cefepime=S,cefoxitin=S,ceftazidime=S,ceftriaxone=R,ciprofloxacin=R,ertapenem=S,gentamicin=S,levofloxacin=R,meropenem=S,nitrofurantoin=S,piperacillin-tazobactam=S,tetracycline=S,tobramycin=S,trimethoprim-sulfamethoxazole=S"
E.coli and Shigella,,"""BWH_746_E_col"",""SRS18432375""",,PDT001830434.2,2024-02-19T21:56:29Z,USA:Boston,blood,clinical,,,,,SAMN36726462,GCA_032338275.2,"aac(3)-IIe=COMPLETE,aadA1=COMPLETE,aadA1=PARTIAL_END_OF_CONTIG,aadA2=COMPLETE,aadA2=PARTIAL_END_OF_CONTIG,aph(3'')-Ib=COMPLETE,aph(6)-Id=COMPLETE,blaCTX-M-104=COMPLETE,blaEC=COMPLETE,blaTEM-1=COMPLETE,blaTEM-57=COMPLETE,blaTEM=PARTIAL_END_OF_CONTIG,cmlA1=COMPLETE,dfrA12=COMPLETE,estX-3=COMPLETE,estX=COMPLETE,floR=COMPLETE,fosA4=COMPLETE,gyrA_D87N=POINT,gyrA_S83L=POINT,lnu(F)=COMPLETE,mdtM=COMPLETE,mph(A)=COMPLETE,parC_S80I=POINT,parE_L416F=POINT,sul1=COMPLETE,sul2=COMPLETE,sul3=COMPLETE,tet(A)=COMPLETE",,"amikacin=S,amoxicillin-clavulanic acid=S,ampicillin=R,cefepime=S,cefoxitin=S,ceftazidime=S,ceftriaxone=R,ciprofloxacin=R,ertapenem=S,gentamicin=S,levofloxacin=R,meropenem=S,piperacillin-tazobactam=S,tetracycline=R,tobramycin=S,trimethoprim-sulfamethoxazole=R"
E.coli and Shigella,,"""BWH_275_E_col"",""SRS18432346""",,PDT001830435.2,2024-02-06T01:15:29Z,USA:Boston,urine,clinical,,,,,SAMN36726461,GCA_032338295.2,"acrF=COMPLETE,blaCTX-M-27=COMPLETE,blaEC-5=COMPLETE,erm(B)=COMPLETE,gyrA_D87N=POINT,gyrA_S83L=POINT,marR_S3N=POINT,parC_S80I=POINT,parE_L416F=POINT,uhpT_E350Q=POINT",,"amikacin=S,amoxicillin-clavulanic acid=S,ampicillin=R,cefazolin=R,cefepime=S,cefoxitin=S,ceftazidime=S,ceftriaxone=R,ciprofloxacin=R,ertapenem=S,gentamicin=S,levofloxacin=R,meropenem=S,nitrofurantoin=S,piperacillin-tazobactam=S,tetracycline=S,tobramycin=S,trimethoprim-sulfamethoxazole=S"
E.coli and Shigella,,"""BWH_1181_E_col"",""SRS18432368""",,PDT001830440.2,2024-02-07T17:09:22Z,USA:Boston,sputum,clinical,,PDS000071266.9,26.0,,SAMN36726430,GCA_032338315.2,"aac(3)-IIe=COMPLETE,aac(6')-Ib-cr5=COMPLETE,aadA5=COMPLETE,acrF=COMPLETE,blaCTX-M-15=COMPLETE,blaEC=COMPLETE,blaOXA-1=COMPLETE,catB3=PARTIAL_END_OF_CONTIG,dfrA17=COMPLETE,gyrA_D87N=POINT,gyrA_S83L=POINT,mdtM=COMPLETE,mph(A)=COMPLETE,parC_E84V=POINT,parC_S80I=POINT,parE_I529L=POINT,ptsI_V25I=POINT,sul1=COMPLETE,tet(A)=COMPLETE,uhpT_E350Q=POINT",,"amikacin=S,amoxicillin-clavulanic acid=S,ampicillin=R,cefepime=R,cefoxitin=S,ceftazidime=S,ceftriaxone=R,ciprofloxacin=R,ertapenem=S,gentamicin=R,levofloxacin=R,meropenem=S,piperacillin-tazobactam=S,tetracycline=R,tobramycin=R,trimethoprim-sulfamethoxazole=R"
E.coli and Shigella,,"""BWH_1257_E_col"",""SRS18432362""",,PDT001830446.2,2024-02-18T15:17:41Z,USA:Boston,Coccygeal lesions,clinical,,PDS000115907.6,48.0,22.0,SAMN36726425,GCA_032338205.2,"aadA1=COMPLETE,aadA1=PARTIAL_END_OF_CONTIG,aadA22=COMPLETE,aadA5=COMPLETE,acrF=COMPLETE,aph(3'')-Ib=COMPLETE,aph(3')-Ia=COMPLETE,aph(6)-Id=COMPLETE,blaCTX-M-55=COMPLETE,blaEC=COMPLETE,blaTEM-1=COMPLETE,catA1=COMPLETE,dfrA17=COMPLETE,estX-3=COMPLETE,floR=COMPLETE,gyrA_D87N=POINT,gyrA_S83L=POINT,lnu(F)=COMPLETE,mdtM=COMPLETE,mph(A)=COMPLETE,parC_A56T=POINT,parC_S80I=POINT,sul1=COMPLETE,sul2=COMPLETE,sul3=COMPLETE,tet(A)=COMPLETE,tet(B)=COMPLETE",,"amikacin=S,amoxicillin-clavulanic acid=S,ampicillin=R,cefepime=S,cefoxitin=S,ceftazidime=R,ciprofloxacin=R,daptomycin=S,doxycycline=I,ertapenem=S,erythromycin=I,gentamicin=S,levofloxacin=R,linezolid=S,meropenem=S,piperacillin-tazobactam=S,streptomycin=S,tetracycline=R,tobramycin=S,trimethoprim-sulfamethoxazole=R,vancomycin=S"
E.coli and Shigella,,"""BWH_869_E_col"",""SRS18432361""",,PDT001830447.2,2024-02-07T21:02:55Z,USA:Boston,urine,clinical,,PDS000194248.147,33.0,48.0,SAMN36726424,GCA_032338195.2,"aac(3)-IIe=COMPLETE,aac(6')-Ib-cr5=COMPLETE,acrF=COMPLETE,blaCTX-M-15=COMPLETE,blaEC-5=COMPLETE,blaOXA-1=COMPLETE,catB3=PARTIAL_END_OF_CONTIG,gyrA_D87N=POINT,gyrA_S83L=POINT,marR_S3N=POINT,parC_S80I=POINT,parE_L416F=POINT,uhpT_E350Q=POINT",,"amikacin=S,amoxicillin-clavulanic acid=S,ampicillin=R,cefazolin=R,cefepime=S,cefoxitin=S,ceftazidime=S,ceftriaxone=R,ciprofloxacin=R,ertapenem=S,gentamicin=R,levofloxacin=R,meropenem=S,nitrofurantoin=S,piperacillin-tazobactam=S,tetracycline=S,tobramycin=R,trimethoprim-sulfamethoxazole=S"
E.coli and Shigella,,"""BWH_976_E_col"",""SRS18432359""",,PDT001830449.2,2024-02-06T19:06:48Z,USA:Boston,urine,clinical,,,,,SAMN36726422,GCA_032338235.2,"acrF=COMPLETE,blaCTX-M-27=COMPLETE,blaEC=COMPLETE,blaTEM-1=COMPLETE,gyrA_D87N=POINT,gyrA_S83L=POINT,mdtM=COMPLETE,parC_E84V=POINT,parC_S80I=POINT,parE_I529L=POINT,ptsI_V25I=POINT,uhpT_E350Q=POINT",,"amikacin=S,amoxicillin-clavulanic acid=S,ampicillin=R,cefazolin=R,cefepime=S,cefoxitin=S,ceftazidime=S,ceftriaxone=R,ciprofloxacin=R,ertapenem=S,gentamicin=S,levofloxacin=R,meropenem=S,nitrofurantoin=S,piperacillin-tazobactam=S,tetracycline=S,tobramycin=S,trimethoprim-sulfamethoxazole=S"
E.coli and Shigella,,"""BWH_829_E_col"",""SRS18432354""",,PDT001830454.2,2024-02-17T15:06:07Z,USA:Boston,urine,clinical,,PDS000228784.2,26.0,,SAMN36726418,GCA_032338135.2,"aadA5=COMPLETE,acrF=COMPLETE,blaCTX-M-15=COMPLETE,blaEC=COMPLETE,blaTEM-1=COMPLETE,dfrA17=COMPLETE,erm(B)=COMPLETE,ftsI_I336IKYRI=POINT,gyrA_D87N=POINT,gyrA_S83L=POINT,mdtM=COMPLETE,mph(A)=COMPLETE,parC_S80I=POINT,parE_S458A=POINT,sul1=COMPLETE,tet(A)=COMPLETE",,"amikacin=S,amoxicillin-clavulanic acid=R,ampicillin=R,cefazolin=R,cefepime=R,cefoxitin=R,ceftazidime=R,ceftriaxone=R,ciprofloxacin=R,ertapenem=S,gentamicin=S,levofloxacin=R,meropenem=S,nitrofurantoin=S,piperacillin-tazobactam=I,tetracycline=R,tobramycin=S,trimethoprim-sulfamethoxazole=R"
E.coli and Shigella,,"""BWH_1160_E_col"",""SRS18432349""",,PDT001830459.4,2024-02-07T21:02:55Z,USA:Boston,urine,clinical,,,,,SAMN36726413,GCA_033200695.2,"aadA5=COMPLETE,acrF=COMPLETE,aph(3'')-Ib=COMPLETE,aph(6)-Id=COMPLETE,blaCTX-M-15=COMPLETE,blaEC=COMPLETE,blaTEM-1=COMPLETE,dfrA17=COMPLETE,gyrA_D87N=POINT,gyrA_S83L=POINT,mdtM=COMPLETE,mph(A)=COMPLETE,parC_E84V=POINT,parC_S80I=POINT,parE_I529L=POINT,ptsI_V25I=POINT,sul1=COMPLETE,sul2=COMPLETE,uhpT_E350Q=POINT",,"amikacin=S,amoxicillin-clavulanic acid=S,ampicillin=R,cefazolin=R,cefepime=S,cefoxitin=S,ceftazidime=R,ceftriaxone=R,ciprofloxacin=R,ertapenem=S,gentamicin=S,levofloxacin=R,meropenem=S,nitrofurantoin=I,piperacillin-tazobactam=S,tetracycline=S,tobramycin=S,trimethoprim-sulfamethoxazole=R"
E.coli and Shigella,,"""BWH_277_E_col"",""SRS18432348""",,PDT001830460.2,2024-02-06T17:03:17Z,USA:Boston,urine,clinical,,,,,SAMN36726412,GCA_032338075.2,"aac(6')-Ib-cr5=COMPLETE,aadA5=COMPLETE,acrF=COMPLETE,aph(3'')-Ib=COMPLETE,aph(6)-Id=COMPLETE,blaCTX-M-15=COMPLETE,blaEC=COMPLETE,blaOXA-1=COMPLETE,catB3=PARTIAL_END_OF_CONTIG,dfrA17=COMPLETE,gyrA_D87N=POINT,gyrA_S83L=POINT,mdtM=COMPLETE,mph(A)=COMPLETE,parC_E84V=POINT,parC_S80I=POINT,parE_I529L=POINT,ptsI_V25I=POINT,sul1=COMPLETE,sul2=COMPLETE,tet(A)=COMPLETE,uhpT_E350Q=POINT",,"amikacin=S,amoxicillin-clavulanic acid=I,ampicillin=R,cefazolin=R,cefepime=S,cefoxitin=R,ceftazidime=R,ceftriaxone=R,ciprofloxacin=R,ertapenem=S,gentamicin=S,levofloxacin=R,meropenem=S,nitrofurantoin=S,piperacillin-tazobactam=S,tetracycline=R,tobramycin=R,trimethoprim-sulfamethoxazole=R"
E.coli and Shigella,,"""BWH_377_E_col"",""SRS18432347""",,PDT001830461.2,2024-02-07T13:06:35Z,USA:Boston,urine,clinical,,,,,SAMN36726411,GCA_032338055.2,"aadA5=COMPLETE,acrF=COMPLETE,aph(3'')-Ib=COMPLETE,aph(6)-Id=COMPLETE,aph(6)-Id=PARTIAL_END_OF_CONTIG,blaCTX-M-27=COMPLETE,blaEC=COMPLETE,dfrA17=COMPLETE,gyrA_D87N=POINT,gyrA_S83L=POINT,mdtM=COMPLETE,mph(A)=COMPLETE,parC_E84V=POINT,parC_S80I=POINT,parE_I529L=POINT,ptsI_V25I=POINT,sul1=COMPLETE,sul2=COMPLETE,tet(A)=COMPLETE,uhpT_E350Q=POINT",,"amikacin=S,amoxicillin-clavulanic acid=S,ampicillin=R,cefazolin=R,cefepime=S,cefoxitin=S,ceftazidime=S,ceftriaxone=R,ciprofloxacin=R,ertapenem=S,gentamicin=S,levofloxacin=R,meropenem=S,nitrofurantoin=S,piperacillin-tazobactam=S,tetracycline=R,tobramycin=S,trimethoprim-sulfamethoxazole=R"
E.coli and Shigella,,"""BWH_1153_E_col"",""SRS18432342""",,PDT001830465.2,2024-02-17T23:06:28Z,USA:Boston,Vaginal wound,clinical,,PDS000107979.113,22.0,30.0,SAMN36726458,GCA_032338015.2,"aadA5=COMPLETE,acrF=COMPLETE,blaCTX-M-15=COMPLETE,blaEC=COMPLETE,dfrA17=COMPLETE,gyrA_D87N=POINT,gyrA_S83L=POINT,mdtM=COMPLETE,mph(A)=COMPLETE,parC_S80I=POINT,parE_S458T=POINT,sul1=COMPLETE,tet(B)=COMPLETE",,"amikacin=S,amoxicillin-clavulanic acid=S,ampicillin=R,cefepime=R,cefoxitin=S,ceftazidime=R,ceftriaxone=R,ciprofloxacin=R,ertapenem=S,gentamicin=S,levofloxacin=R,meropenem=S,piperacillin-tazobactam=S,tetracycline=R,tobramycin=S,trimethoprim-sulfamethoxazole=R"
E.coli and Shigella,,"""BWH_1048_E_col"",""SRS18432341""",,PDT001830466.2,2024-02-07T21:02:55Z,USA:Boston,urine,clinical,,PDS000175949.2,0.0,,SAMN36726457,GCA_032337975.2,"aac(3)-IIe=COMPLETE,aac(6')-Ib-cr5=COMPLETE,aac(6')-Ib3=COMPLETE,aadA5=COMPLETE,acrF=COMPLETE,blaCMY-6=COMPLETE,blaCTX-M-15=COMPLETE,blaEC=COMPLETE,blaNDM-1=COMPLETE,blaOXA-1=COMPLETE,ble=COMPLETE,catB3=PARTIAL_END_OF_CONTIG,dfrA17=COMPLETE,erm(B)=COMPLETE,gyrA_D87N=POINT,gyrA_S83L=POINT,mdtM=COMPLETE,mph(A)=COMPLETE,parC_E84V=POINT,parC_S80I=POINT,parE_I529L=POINT,ptsI_V25I=POINT,rmtC=COMPLETE,sul1=COMPLETE,uhpT_E350Q=POINT",,"amikacin=R,amoxicillin-clavulanic acid=R,ampicillin=R,cefazolin=R,cefepime=S,cefoxitin=R,ceftazidime=R,ceftriaxone=R,ciprofloxacin=R,gentamicin=R,levofloxacin=R,meropenem=R,nitrofurantoin=S,piperacillin-tazobactam=R,tetracycline=S,tobramycin=R,trimethoprim-sulfamethoxazole=R"
E.coli and Shigella,,"""BWH_351_E_col"",""SRS18432340""",,PDT001830467.2,2024-02-18T08:07:26Z,USA:Boston,urine,clinical,,,,,SAMN36726456,GCA_032337955.2,"aadA5=COMPLETE,acrF=COMPLETE,aph(3'')-Ib=COMPLETE,aph(6)-Id=COMPLETE,blaCTX-M-15=COMPLETE,blaCTX-M=COMPLETE,blaEC=COMPLETE,dfrA17=COMPLETE,mdtM=COMPLETE,mph(A)=COMPLETE,qnrS1=COMPLETE,sul1=COMPLETE,sul2=COMPLETE,tet(A)=COMPLETE",,"amikacin=S,amoxicillin-clavulanic acid=S,ampicillin=R,cefazolin=R,cefepime=S,cefoxitin=S,ceftazidime=S,ceftriaxone=R,ciprofloxacin=R,ertapenem=S,gentamicin=S,levofloxacin=I,meropenem=S,nitrofurantoin=S,piperacillin-tazobactam=S,tetracycline=R,tobramycin=S,trimethoprim-sulfamethoxazole=R"
E.coli and Shigella,,"""BWH_149_E_col"",""SRS18432338""",,PDT001830469.2,2024-02-06T23:05:24Z,USA:Boston,Bronchial alveolar lavage,clinical,,PDS000154303.3,22.0,,SAMN36726454,GCA_032337935.2,"aac(3)-IId=COMPLETE,aadA2=COMPLETE,acrF=PARTIAL_END_OF_CONTIG,aph(3'')-Ib=COMPLETE,aph(3'')-Ib=PARTIAL_END_OF_CONTIG,aph(3')-Ia=COMPLETE,aph(6)-Id=COMPLETE,blaCTX-M-15=COMPLETE,blaEC=COMPLETE,blaSHV-12=COMPLETE,dfrA12=COMPLETE,floR=COMPLETE,ftsI_N337NYRIN=POINT,gyrA_D87N=POINT,gyrA_S83L=POINT,mdtM=COMPLETE,nfsA_G126R=POINT,parC_S80I=POINT,parE_S458A=POINT,qepA4=COMPLETE,sul1=COMPLETE,sul2=COMPLETE,tet(A)=COMPLETE",,"amikacin=S,amoxicillin-clavulanic acid=R,ampicillin=R,cefepime=R,cefoxitin=R,ceftazidime=R,ceftriaxone=R,ciprofloxacin=R,ertapenem=S,gentamicin=R,levofloxacin=R,meropenem=S,piperacillin-tazobactam=R,tetracycline=R,tobramycin=I,trimethoprim-sulfamethoxazole=R"
E.coli and Shigella,,"""BWH_156_E_col"",""SRS18432330""",,PDT001830477.2,2024-02-06T21:14:34Z,USA:Boston,sputum,clinical,,,,,SAMN36726447,GCA_032337755.2,"acrF=COMPLETE,aph(3')-IIa=COMPLETE,blaCTX-M-55=COMPLETE,blaEC=COMPLETE,blaTEM=PARTIAL,blaTEM=PARTIAL_END_OF_CONTIG,ble=PARTIAL,ble=PARTIAL_END_OF_CONTIG,gyrA_D87Y=POINT,gyrA_S83L=POINT,mdtM=COMPLETE,parC_S80I=POINT,parE_S458A=POINT,soxS_A12S=POINT",,"amikacin=S,amoxicillin-clavulanic acid=S,ampicillin=R,cefepime=S,cefoxitin=I,ceftazidime=R,ceftriaxone=R,ciprofloxacin=R,ertapenem=S,gentamicin=S,levofloxacin=R,meropenem=S,piperacillin-tazobactam=S,tetracycline=S,tobramycin=S,trimethoprim-sulfamethoxazole=S"
E.coli and Shigella,,"""BWH_350_E_col"",""SRS18432322""",,PDT001830485.2,2024-02-17T13:16:01Z,USA:Boston,urine,clinical,,PDS000190700.2,30.0,,SAMN36726439,GCA_032337715.2,"aac(3)-IId=COMPLETE,aac(3)-IId=PARTIAL_END_OF_CONTIG,aac(3)-IIe=COMPLETE,aac(6')-Ib-cr5=COMPLETE,acrF=COMPLETE,blaCTX-M-15=COMPLETE,blaEC=COMPLETE,blaOXA-1=COMPLETE,blaOXA=PARTIAL_END_OF_CONTIG,blaTEM-1=COMPLETE,catB3=PARTIAL_END_OF_CONTIG,gyrA_D87N=POINT,gyrA_S83L=POINT,mdtM=COMPLETE,parC_E84V=POINT,parC_S80I=POINT,parE_I529L=POINT,ptsI_V25I=POINT,uhpT_E350Q=POINT",,"amikacin=S,amoxicillin-clavulanic acid=I,ampicillin=R,cefazolin=R,cefepime=S,cefoxitin=R,ceftazidime=R,ceftriaxone=R,ciprofloxacin=R,ertapenem=S,gentamicin=R,levofloxacin=R,meropenem=S,nitrofurantoin=S,piperacillin-tazobactam=S,tetracycline=S,tobramycin=R,trimethoprim-sulfamethoxazole=S"
E.coli and Shigella,,"""BWH_1092_E_col"",""SRS18432321""",,PDT001830486.2,2024-02-07T19:04:00Z,USA:Boston,urine,clinical,,PDS000080748.21,17.0,,SAMN36726403,GCA_032337735.2,"aadA5=PARTIAL,aadA5=PARTIAL_END_OF_CONTIG,acrF=COMPLETE,blaEC=COMPLETE,dfrA17=COMPLETE,gyrA_D87N=POINT,gyrA_S83L=POINT,mdtM=COMPLETE,mph(A)=COMPLETE,parC_E84V=POINT,parC_S80I=POINT,parE_I529L=POINT,ptsI_V25I=POINT,sul1=COMPLETE,tet(A)=COMPLETE,uhpT_E350Q=POINT",,"amikacin=S,amoxicillin-clavulanic acid=I,ampicillin=R,cefazolin=R,cefepime=S,cefoxitin=S,ceftazidime=S,ceftriaxone=R,ciprofloxacin=R,ertapenem=S,gentamicin=R,levofloxacin=R,meropenem=S,nitrofurantoin=S,piperacillin-tazobactam=S,tetracycline=R,tobramycin=R,trimethoprim-sulfamethoxazole=R"
E.coli and Shigella,,"""BWH_1254_E_col"",""SRS18432319""",,PDT001830488.2,2024-02-06T09:00:35Z,USA:Boston,urine,clinical,,,,,SAMN36726437,GCA_032337875.2,"aac(3)-IIe=COMPLETE,aac(6')-Ib-cr5=COMPLETE,acrF=COMPLETE,blaCTX-M-15=COMPLETE,blaEC-5=COMPLETE,blaOXA-1=COMPLETE,catB3=PARTIAL_END_OF_CONTIG,gyrA_D87N=POINT,gyrA_S83L=POINT,marR_S3N=POINT,parC_S80I=POINT,parE_L416F=POINT,uhpT_E350Q=POINT",,"amikacin=S,amoxicillin-clavulanic acid=S,ampicillin=R,cefazolin=R,cefepime=S,cefoxitin=S,ceftazidime=S,ceftriaxone=R,ciprofloxacin=R,ertapenem=S,gentamicin=R,levofloxacin=R,meropenem=S,nitrofurantoin=S,piperacillin-tazobactam=S,tetracycline=S,tobramycin=R,trimethoprim-sulfamethoxazole=S"
E.coli and Shigella,,"""BWH_844_E_col"",""SRS18432315""",,PDT001830492.2,2024-02-21T19:07:37Z,USA:Boston,urine,clinical,,,,,SAMN36726399,GCA_032337635.2,"acrF=COMPLETE,blaCTX-M-15=COMPLETE,blaEC=COMPLETE,dfrA14=COMPLETE,emrD=COMPLETE,gyrA_D87N=POINT,mdtM=COMPLETE,qnrS1=COMPLETE,tet(A)=COMPLETE",,"amikacin=S,amoxicillin-clavulanic acid=I,ampicillin=R,cefazolin=R,cefepime=R,cefoxitin=S,ceftazidime=R,ceftriaxone=R,ciprofloxacin=R,ertapenem=S,gentamicin=S,levofloxacin=R,meropenem=S,nitrofurantoin=S,piperacillin-tazobactam=S,tetracycline=R,tobramycin=S,trimethoprim-sulfamethoxazole=R"
E.coli and Shigella,,"""BWH_965_E_col"",""SRS18432528""",,PDT001830497.2,2024-02-07T17:09:23Z,USA:Boston,urine,clinical,,PDS000154310.3,10.0,,SAMN36726624,GCA_032337535.2,"acrF=COMPLETE,aph(3'')-Ib=COMPLETE,aph(6)-Id=COMPLETE,blaCTX-M-27=COMPLETE,blaEC-5=COMPLETE,gyrA_D87N=POINT,gyrA_S83L=POINT,marR_S3N=POINT,parC_S80I=POINT,parE_L416F=POINT,sul2=COMPLETE,tet(A)=COMPLETE,uhpT_E350Q=POINT",,"amikacin=S,amoxicillin-clavulanic acid=S,ampicillin=S,cefazolin=R,cefepime=S,cefoxitin=I,ceftaroline=S,ceftazidime=R,ceftriaxone=R,ciprofloxacin=R,clindamycin=S,daptomycin=S,doxycycline=I,ertapenem=S,erythromycin=R,gentamicin=S,levofloxacin=R,linezolid=S,meropenem=S,minocycline=S,moxifloxacin=I,nitrofurantoin=S,oxacillin=R,piperacillin-tazobactam=S,rifampin=S,streptomycin=S,tetracycline=R,tigecycline=S,tobramycin=S,trimethoprim-sulfamethoxazole=S,vancomycin=S"
E.coli and Shigella,,"""BWH_1017_E_col"",""SRS18432527""",,PDT001830498.2,2024-02-19T17:04:22Z,USA:Boston,urine,clinical,,PDS000194248.147,16.0,18.0,SAMN36726701,GCA_032337575.2,"aadA5=COMPLETE,acrF=COMPLETE,aph(3'')-Ib=COMPLETE,aph(6)-Id=COMPLETE,blaCTX-M-27=COMPLETE,blaEC-5=COMPLETE,dfrA17=COMPLETE,gyrA_D87N=POINT,gyrA_S83L=POINT,marR_S3N=POINT,mph(A)=COMPLETE,parC_S80I=POINT,parE_L416F=POINT,sul1=COMPLETE,sul2=COMPLETE,tet(A)=COMPLETE,uhpT_E350Q=POINT",,"amikacin=S,amoxicillin-clavulanic acid=S,ampicillin=R,cefazolin=R,cefepime=S,cefoxitin=S,ceftazidime=S,ceftriaxone=R,ciprofloxacin=R,ertapenem=S,gentamicin=S,levofloxacin=R,meropenem=S,nitrofurantoin=S,piperacillin-tazobactam=S,tetracycline=R,tobramycin=S,trimethoprim-sulfamethoxazole=R"
E.coli and Shigella,,"""BWH_1123_E_col"",""SRS18432521""",,PDT001830504.2,2024-02-07T01:05:19Z,USA:Boston,Rectal,clinical,,PDS000012407.112,21.0,16.0,SAMN36726695,GCA_032336995.2,"aadA2=COMPLETE,acrF=COMPLETE,aph(3'')-Ib=COMPLETE,aph(6)-Id=COMPLETE,blaCTX-M-14=COMPLETE,blaEC=COMPLETE,blaTEM-1=COMPLETE,blaTEMp_C32T=POINT,cyaA_S352T=POINT,dfrA12=COMPLETE,gyrA_D87Y=POINT,gyrA_S83L=POINT,mph(A)=COMPLETE,parC_S80I=POINT,parE_S458A=POINT,sul1=COMPLETE,sul2=COMPLETE",,"amikacin=S,amoxicillin-clavulanic acid=R,ampicillin=R,cefepime=S,cefoxitin=S,ceftazidime=S,ceftriaxone=R,ciprofloxacin=R,ertapenem=S,gentamicin=S,levofloxacin=R,meropenem=S,piperacillin-tazobactam=R,tetracycline=S,tobramycin=S,trimethoprim-sulfamethoxazole=R"
E.coli and Shigella,,"""BWH_217_E_col"",""SRS18432520""",,PDT001830505.2,2024-02-06T19:06:48Z,USA:Boston,blood,clinical,,PDS000144654.10,31.0,34.0,SAMN36726623,GCA_032336975.2,"aadA5=COMPLETE,acrF=COMPLETE,aph(3'')-Ib=COMPLETE,aph(6)-Id=COMPLETE,blaCMY-2=COMPLETE,blaCMY=COMPLETE,blaCTX-M-27=COMPLETE,blaEC=COMPLETE,dfrA17=COMPLETE,gyrA_D87N=POINT,gyrA_S83L=POINT,mdtM=COMPLETE,mph(A)=COMPLETE,parC_E84V=POINT,parC_S80I=POINT,parE_I529L=POINT,ptsI_V25I=POINT,sul1=COMPLETE,sul2=COMPLETE,tet(A)=COMPLETE,uhpT_E350Q=POINT",,"amikacin=S,amoxicillin-clavulanic acid=R,ampicillin=R,cefepime=S,cefoxitin=R,ceftazidime=R,ceftriaxone=R,ciprofloxacin=R,ertapenem=S,gentamicin=S,levofloxacin=R,meropenem=S,piperacillin-tazobactam=S,tetracycline=R,tobramycin=S,trimethoprim-sulfamethoxazole=R"
E.coli and Shigella,,"""BWH_134_E_col"",""SRS18432519""",,PDT001830506.2,2024-02-06T09:00:35Z,USA:Boston,urine,clinical,,PDS000154302.2,29.0,,SAMN36726694,GCA_032336905.2,"acrF=COMPLETE,aph(3'')-Ib=COMPLETE,aph(6)-Id=COMPLETE,blaCMY-2=COMPLETE,blaEC=COMPLETE,blaTEM=PARTIAL_END_OF_CONTIG,gyrA_D87N=POINT,gyrA_S83L=POINT,mdtM=COMPLETE,nfsA_R133S=POINT,parC_S80I=POINT,parE_L416F=POINT,sul2=COMPLETE",,"amikacin=S,amoxicillin-clavulanic acid=R,ampicillin=R,cefazolin=R,cefepime=S,cefoxitin=R,ceftazidime=R,ceftriaxone=R,ciprofloxacin=R,ertapenem=S,gentamicin=S,levofloxacin=R,meropenem=S,nitrofurantoin=S,piperacillin-tazobactam=S,tetracycline=S,tobramycin=S,trimethoprim-sulfamethoxazole=S"
E.coli and Shigella,,"""BWH_315_E_col"",""SRS18432516""",,PDT001830509.2,2024-02-07T07:09:43Z,USA:Boston,urine,clinical,,,,,SAMN36726691,GCA_032336795.2,"aadA5=COMPLETE,acrF=COMPLETE,blaCTX-M-15=COMPLETE,blaEC=COMPLETE,cyaA_S352T=POINT,dfrA17=COMPLETE,gyrA_D87N=POINT,gyrA_S83L=POINT,mdtM=COMPLETE,mph(A)=COMPLETE,parC_S80I=POINT,parE_S458A=POINT,sul1=COMPLETE,tet(B)=COMPLETE",,"amikacin=S,amoxicillin-clavulanic acid=S,ampicillin=R,cefazolin=R,cefepime=S,cefoxitin=I,ceftazidime=R,ceftriaxone=R,ciprofloxacin=R,ertapenem=S,gentamicin=S,levofloxacin=R,meropenem=S,nitrofurantoin=S,piperacillin-tazobactam=S,tetracycline=R,tobramycin=S,trimethoprim-sulfamethoxazole=R"
E.coli and Shigella,,"""BWH_742_E_col"",""SRS18432506""",,PDT001830518.2,2024-02-17T03:18:38Z,USA:Boston,urine,clinical,,PDS000012409.18,12.0,,SAMN36726682,GCA_032336515.2,"aac(3)-IIe=COMPLETE,acrF=COMPLETE,aph(3')-Ia=COMPLETE,blaCTX-M-55=COMPLETE,blaEC=COMPLETE,gyrA_D87N=POINT,gyrA_S83L=POINT,mdtM=COMPLETE,parC_S80I=POINT,parE_S458T=POINT,qnrB19=COMPLETE,tet(A)=COMPLETE",,"amikacin=S,amoxicillin-clavulanic acid=S,ampicillin=R,cefazolin=R,cefepime=S,cefoxitin=S,ceftazidime=S,ceftriaxone=R,ciprofloxacin=R,ertapenem=S,gentamicin=R,levofloxacin=R,meropenem=S,nitrofurantoin=S,piperacillin-tazobactam=S,tetracycline=R,tobramycin=I,trimethoprim-sulfamethoxazole=S"
E.coli and Shigella,,"""BWH_1032_E_col"",""SRS18432503""",,PDT001830521.2,2024-02-17T21:02:36Z,USA:Boston,urine,clinical,,,,,SAMN36726679,GCA_032336425.2,"aadA5=COMPLETE,acrF=COMPLETE,aph(3'')-Ib=COMPLETE,aph(6)-Id=COMPLETE,blaCTX-M-27=COMPLETE,blaEC=COMPLETE,dfrA17=COMPLETE,gyrA_D87N=POINT,gyrA_S83L=POINT,mdtM=COMPLETE,mph(A)=COMPLETE,parC_E84V=POINT,parC_S80I=POINT,parE_I529L=POINT,ptsI_V25I=POINT,sul1=COMPLETE,sul2=COMPLETE,tet(A)=COMPLETE,uhpT_E350Q=POINT",,"amikacin=S,amoxicillin-clavulanic acid=S,ampicillin=R,cefazolin=R,cefepime=S,cefoxitin=S,ceftazidime=S,ceftriaxone=R,ciprofloxacin=R,ertapenem=S,gentamicin=S,levofloxacin=R,meropenem=S,nitrofurantoin=S,piperacillin-tazobactam=S,tetracycline=R,tobramycin=S,trimethoprim-sulfamethoxazole=R"
E.coli and Shigella,,"""BWH_135_E_col"",""SRS18432496""",,PDT001830528.2,2024-02-05T06:03:28Z,USA:Boston,urine,clinical,,PDS000088334.21,23.0,,SAMN36726647,GCA_032336315.2,"aadA5=COMPLETE,acrF=COMPLETE,aph(3'')-Ib=COMPLETE,aph(6)-Id=COMPLETE,aph(6)-Id=PARTIAL_END_OF_CONTIG,blaCTX-M-27=COMPLETE,blaEC=COMPLETE,dfrA17=COMPLETE,gyrA_D87N=POINT,gyrA_S83L=POINT,mdtM=COMPLETE,mph(A)=COMPLETE,parC_E84V=POINT,parC_S80I=POINT,parE_I529L=POINT,ptsI_V25I=POINT,sul1=COMPLETE,sul2=COMPLETE,tet(A)=COMPLETE,uhpT_E350Q=POINT",,"amikacin=S,amoxicillin-clavulanic acid=S,ampicillin=R,cefazolin=R,cefepime=S,cefoxitin=S,ceftazidime=S,ceftriaxone=R,ciprofloxacin=R,ertapenem=S,gentamicin=S,levofloxacin=R,meropenem=S,nitrofurantoin=S,piperacillin-tazobactam=S,tetracycline=R,tobramycin=S,trimethoprim-sulfamethoxazole=R"
E.coli and Shigella,,"""BWH_1081_E_col"",""SRS18432491""",,PDT001830533.2,2024-02-06T01:15:29Z,USA:Boston,urine,clinical,,PDS000194248.147,30.0,39.0,SAMN36726643,GCA_032336225.2,"acrF=COMPLETE,blaCTX-M-27=COMPLETE,blaEC-5=COMPLETE,gyrA_D87N=POINT,gyrA_S83L=POINT,marR_S3N=POINT,parC_S80I=POINT,parE_L416F=POINT,uhpT_E350Q=POINT",,"amikacin=S,amoxicillin-clavulanic acid=S,ampicillin=R,cefazolin=R,cefepime=S,cefoxitin=S,ceftazidime=S,ceftriaxone=R,ciprofloxacin=R,ertapenem=S,gentamicin=S,levofloxacin=R,meropenem=S,nitrofurantoin=S,piperacillin-tazobactam=S,tetracycline=S,tobramycin=S,trimethoprim-sulfamethoxazole=S"
E.coli and Shigella,,"""BWH_988_E_col"",""SRS18432486""",,PDT001830536.2,2024-02-21T03:17:24Z,USA:Boston,blood,clinical,,,,,SAMN36726638,GCA_032336075.2,"acrF=COMPLETE,aph(3'')-Ib=COMPLETE,aph(6)-Id=COMPLETE,blaCTX-M-15=COMPLETE,blaEC=COMPLETE,blaTEM-1=COMPLETE,dfrA14=COMPLETE,mdtM=COMPLETE,qnrS1=COMPLETE,sul2=COMPLETE,tet(A)=COMPLETE,tet(B)=COMPLETE",,"amikacin=S,amoxicillin-clavulanic acid=S,ampicillin=R,cefepime=S,cefoxitin=S,ceftazidime=S,ceftriaxone=R,ciprofloxacin=R,ertapenem=S,gentamicin=S,levofloxacin=R,meropenem=S,piperacillin-tazobactam=S,tetracycline=R,tobramycin=S,trimethoprim-sulfamethoxazole=R"
E.coli and Shigella,,"""BWH_1302_E_col"",""SRS18432480""",,PDT001830541.2,2024-02-07T13:06:36Z,USA:Boston,urine,clinical,,PDS000200052.5,23.0,,SAMN36726633,GCA_032335875.2,"aac(6')-Ib-cr5=COMPLETE,aadA5=COMPLETE,acrF=COMPLETE,aph(3'')-Ib=COMPLETE,aph(6)-Id=COMPLETE,blaCTX-M-15=COMPLETE,blaEC=COMPLETE,blaOXA-1=COMPLETE,catB3=PARTIAL_END_OF_CONTIG,cyaA_S352T=POINT,dfrA17=COMPLETE,gyrA_D87N=POINT,gyrA_S83L=POINT,mph(A)=COMPLETE,parC_S80I=POINT,parE_S458A=POINT,sul1=COMPLETE,sul2=COMPLETE,tet(A)=COMPLETE",,"amikacin=S,amoxicillin-clavulanic acid=R,ampicillin=R,cefazolin=R,cefepime=R,cefoxitin=I,ceftazidime=R,ceftriaxone=R,ciprofloxacin=R,ertapenem=S,gentamicin=S,levofloxacin=R,meropenem=S,nitrofurantoin=S,piperacillin-tazobactam=R,tetracycline=R,tobramycin=R,trimethoprim-sulfamethoxazole=R"
E.coli and Shigella,,"""BWH_767_E_col"",""SRS18432476""",,PDT001830545.2,2024-02-17T03:18:39Z,USA:Boston,IR drain,clinical,,,,,SAMN36726629,GCA_032335855.2,"aadA5=COMPLETE,acrF=COMPLETE,aph(3'')-Ib=COMPLETE,aph(6)-Id=COMPLETE,blaCTX-M-15=COMPLETE,blaEC-5=COMPLETE,blaTEM=COMPLETE,dfrA17=COMPLETE,gyrA_D87N=POINT,gyrA_S83L=POINT,marR_S3N=POINT,mph(A)=COMPLETE,parC_S80I=POINT,parE_L416F=POINT,sul1=COMPLETE,sul2=COMPLETE,tet(A)=COMPLETE,uhpT_E350Q=POINT",,"amikacin=S,amoxicillin-clavulanic acid=I,ampicillin=R,cefepime=R,cefoxitin=R,ceftazidime=R,ceftriaxone=R,ciprofloxacin=R,gentamicin=S,levofloxacin=R,meropenem=S,piperacillin-tazobactam=R,tetracycline=R,tobramycin=S,trimethoprim-sulfamethoxazole=R"
E.coli and Shigella,,"""BWH_1016_E_col"",""SRS18432471""",,PDT001830550.2,2024-02-06T21:14:34Z,USA:Boston,urine,clinical,,,,,SAMN36726616,GCA_032335895.2,"acrF=COMPLETE,aph(3'')-Ib=COMPLETE,aph(6)-Id=COMPLETE,blaCTX-M-15=COMPLETE,blaEC=COMPLETE,blaTEM-1=COMPLETE,gyrA_D87N=POINT,gyrA_S83L=POINT,mdtM=COMPLETE,parC_E84V=POINT,parC_S80I=POINT,parE_I529L=POINT,ptsI_V25I=POINT,qnrB19=COMPLETE,sul2=COMPLETE,tet(A)=COMPLETE,uhpT_E350Q=POINT",,"amikacin=S,amoxicillin-clavulanic acid=S,ampicillin=R,cefazolin=R,cefepime=S,cefoxitin=S,ceftazidime=R,ceftriaxone=R,ciprofloxacin=R,ertapenem=S,gentamicin=S,levofloxacin=R,meropenem=S,nitrofurantoin=S,piperacillin-tazobactam=S,tetracycline=R,tobramycin=S,trimethoprim-sulfamethoxazole=S"
E.coli and Shigella,,"""BWH_379_E_col"",""SRS18432467""",,PDT001830554.2,2024-02-07T03:13:27Z,USA:Boston,Labial abscess,clinical,,,,,SAMN36726672,GCA_032335395.2,"aac(3)-IIe=COMPLETE,aac(6')-Ib-cr5=COMPLETE,aadA5=COMPLETE,acrF=COMPLETE,blaCTX-M-15=COMPLETE,blaEC=COMPLETE,blaOXA-1=COMPLETE,catB3=PARTIAL_END_OF_CONTIG,dfrA17=COMPLETE,gyrA_D87N=POINT,gyrA_S83L=POINT,mdtM=COMPLETE,mph(A)=COMPLETE,nfsB_F84S=POINT,parC_E84V=POINT,parC_S80I=POINT,parE_I529L=POINT,ptsI_V25I=POINT,sul1=COMPLETE,tet(A)=COMPLETE,uhpT_E350Q=POINT",,"amikacin=S,amoxicillin-clavulanic acid=I,ampicillin=R,cefepime=S,cefoxitin=R,ceftazidime=S,ciprofloxacin=R,ertapenem=S,gentamicin=R,meropenem=S,piperacillin-tazobactam=S,tetracycline=R,tobramycin=R,trimethoprim-sulfamethoxazole=R"
E.coli and Shigella,,"""BWH_1019_E_col"",""SRS18432459""",,PDT001830561.2,2024-02-17T15:06:07Z,USA:Boston,urine,clinical,,PDS000252674.4,19.0,52.0,SAMN36726620,GCA_032335175.2,"aadA5=COMPLETE,acrF=COMPLETE,aph(3'')-Ib=COMPLETE,aph(6)-Id=COMPLETE,blaCTX-M-27=COMPLETE,blaEC=COMPLETE,dfrA17=COMPLETE,gyrA_D87N=POINT,gyrA_S83L=POINT,mdtM=COMPLETE,mph(A)=COMPLETE,parC_E84V=POINT,parC_S80I=POINT,parE_I529L=POINT,ptsI_V25I=POINT,sul1=COMPLETE,sul2=COMPLETE,tet(A)=COMPLETE,uhpT_E350Q=POINT",,"amikacin=S,amoxicillin-clavulanic acid=S,ampicillin=R,cefazolin=R,cefepime=S,cefoxitin=S,ceftazidime=S,ceftriaxone=R,ciprofloxacin=R,ertapenem=S,gentamicin=S,levofloxacin=R,meropenem=S,nitrofurantoin=S,piperacillin-tazobactam=S,tetracycline=R,tobramycin=S,trimethoprim-sulfamethoxazole=R"
E.coli and Shigella,,"""BWH_1234_E_col"",""SRS18432456""",,PDT001830564.2,2024-02-06T23:05:24Z,USA:Boston,blood,clinical,,PDS000194248.147,1.0,43.0,SAMN36726662,GCA_032335355.2,"aadA5=COMPLETE,acrF=COMPLETE,aph(3'')-Ib=COMPLETE,aph(3'')-Ib=PARTIAL_END_OF_CONTIG,aph(6)-Id=COMPLETE,aph(6)-Id=PARTIAL_END_OF_CONTIG,blaCTX-M-27=COMPLETE,blaEC-5=COMPLETE,dfrA17=COMPLETE,gyrA_D87N=POINT,gyrA_S83L=POINT,marR_S3N=POINT,mph(A)=COMPLETE,parC_S80I=POINT,parE_L416F=POINT,sul1=COMPLETE,sul2=COMPLETE,tet(A)=COMPLETE,uhpT_E350Q=POINT",,"amikacin=S,amoxicillin-clavulanic acid=S,ampicillin=R,cefepime=S,cefoxitin=S,ceftazidime=S,ceftriaxone=R,ciprofloxacin=R,ertapenem=S,gentamicin=S,levofloxacin=R,meropenem=S,piperacillin-tazobactam=S,tetracycline=R,tobramycin=S,trimethoprim-sulfamethoxazole=R"
E.coli and Shigella,,"""BWH_893_E_col"",""SRS18432451""",,PDT001830569.2,2024-02-07T03:13:27Z,USA:Boston,urine,clinical,,PDS000039758.8,21.0,,SAMN36726657,GCA_032335115.2,"aac(3)-IIe=COMPLETE,aac(6')-Ib-cr5=COMPLETE,acrF=COMPLETE,aph(3'')-Ib=COMPLETE,aph(6)-Id=COMPLETE,blaCTX-M-15=COMPLETE,blaEC=COMPLETE,blaOXA-1=COMPLETE,blaTEM-1=COMPLETE,catB3=PARTIAL_END_OF_CONTIG,dfrA14=COMPLETE,gyrA_D87N=POINT,gyrA_S83L=POINT,mdtM=COMPLETE,parC_E84V=POINT,parC_S80I=POINT,parE_I529L=POINT,ptsI_V25I=POINT,sul2=COMPLETE,uhpT_E350Q=POINT",,"amikacin=S,amoxicillin-clavulanic acid=I,ampicillin=R,cefazolin=R,cefepime=S,cefoxitin=S,ceftazidime=S,ceftriaxone=R,ciprofloxacin=R,ertapenem=S,gentamicin=R,levofloxacin=R,meropenem=S,nitrofurantoin=S,piperacillin-tazobactam=S,tetracycline=S,tobramycin=I,trimethoprim-sulfamethoxazole=R"
E.coli and Shigella,,"""BWH_875_E_col"",""SRS18432442""",,PDT001830577.2,2024-02-06T23:05:24Z,USA:Boston,urine,clinical,,,,,SAMN36726649,GCA_032334935.2,"aadA1=COMPLETE,acrF=COMPLETE,blaEC-5=COMPLETE,gyrA_D87N=POINT,gyrA_S83L=POINT,marR_S3N=POINT,parC_S80I=POINT,parE_L416F=POINT,sul1=COMPLETE,uhpT_E350Q=POINT",,"amikacin=S,amoxicillin-clavulanic acid=S,ampicillin=R,cefazolin=R,cefepime=S,cefoxitin=S,ceftazidime=R,ceftriaxone=R,ciprofloxacin=R,ertapenem=S,gentamicin=S,levofloxacin=R,meropenem=S,nitrofurantoin=S,piperacillin-tazobactam=S,tetracycline=S,tobramycin=S,trimethoprim-sulfamethoxazole=R"
E.coli and Shigella,,"""BWH_848_E_col"",""SRS18432678""",,PDT001830619.2,2024-02-19T04:56:59Z,USA:Boston,urine,clinical,,PDS000107979.113,8.0,26.0,SAMN36727272,GCA_032334195.2,"aac(6')-Ib-cr5=COMPLETE,aadA5=COMPLETE,acrF=COMPLETE,blaCTX-M-15=COMPLETE,blaEC=COMPLETE,blaOXA-1=COMPLETE,blaTEM-1=COMPLETE,catB3=PARTIAL_END_OF_CONTIG,dfrA17=COMPLETE,erm(B)=COMPLETE,gyrA_D87N=POINT,gyrA_S83L=POINT,mdtM=COMPLETE,mph(A)=COMPLETE,parC_S80I=POINT,parE_S458T=POINT,sul1=COMPLETE,tet(B)=COMPLETE",,"amikacin=S,amoxicillin-clavulanic acid=I,ampicillin=R,cefazolin=R,cefepime=S,cefoxitin=R,ceftazidime=R,ceftriaxone=R,ciprofloxacin=R,ertapenem=S,gentamicin=S,levofloxacin=R,meropenem=S,nitrofurantoin=R,piperacillin-tazobactam=S,tetracycline=R,tobramycin=R,trimethoprim-sulfamethoxazole=R"
E.coli and Shigella,,"""BWH_1307_E_col"",""SRS18432677""",,PDT001830620.2,2024-02-16T21:25:49Z,USA:Boston,urine,clinical,,PDS000041690.188,0.0,54.0,SAMN36727325,GCA_032334215.2,"aadA5=COMPLETE,acrF=COMPLETE,aph(3'')-Ib=COMPLETE,aph(6)-Id=COMPLETE,blaCTX-M-27=COMPLETE,blaEC=COMPLETE,dfrA17=COMPLETE,gyrA_D87N=POINT,gyrA_S83L=POINT,mdtM=COMPLETE,mph(A)=COMPLETE,parC_S80I=POINT,parE_E460D=POINT,ptsI_V25I=POINT,sul1=COMPLETE,sul2=COMPLETE,tet(A)=COMPLETE,uhpT_E350Q=POINT",,"amikacin=S,amoxicillin-clavulanic acid=S,ampicillin=R,cefazolin=R,cefepime=S,cefoxitin=S,ceftazidime=S,ceftriaxone=R,ciprofloxacin=R,ertapenem=S,gentamicin=S,levofloxacin=R,meropenem=S,nitrofurantoin=S,piperacillin-tazobactam=S,tetracycline=R,tobramycin=S,trimethoprim-sulfamethoxazole=R"
E.coli and Shigella,,"""BWH_1180_E_col"",""SRS18432671""",,PDT001830626.2,2024-02-17T23:06:28Z,USA:Boston,Breast biopsy,clinical,,,,,SAMN36727319,GCA_032334015.2,"acrF=COMPLETE,blaEC=COMPLETE,blaSHV-12=COMPLETE,cyaA_S352T=POINT,dfrA51=HMM,mdtM=COMPLETE,qnrS1=COMPLETE",,"amikacin=S,amoxicillin-clavulanic acid=I,ampicillin=R,cefepime=R,cefoxitin=R,ceftaroline=S,ceftazidime=R,ceftriaxone=R,ciprofloxacin=R,clindamycin=S,daptomycin=S,doxycycline=I,ertapenem=S,erythromycin=I,gentamicin=S,levofloxacin=I,linezolid=S,meropenem=S,minocycline=S,moxifloxacin=I,oxacillin=R,piperacillin-tazobactam=R,rifampin=S,streptomycin=S,tetracycline=S,tigecycline=S,tobramycin=S,trimethoprim-sulfamethoxazole=S,vancomycin=S"
E.coli and Shigella,,"""BWH_1109_E_col"",""SRS18432669""",,PDT001830628.2,2024-02-06T17:03:17Z,USA:Boston,urine,clinical,,,,,SAMN36727317,GCA_032334035.2,"aadA5=COMPLETE,acrF=COMPLETE,aph(3'')-Ib=COMPLETE,aph(6)-Id=COMPLETE,aph(6)-Id=PARTIAL_END_OF_CONTIG,blaCTX-M-27=COMPLETE,blaEC-5=COMPLETE,dfrA17=COMPLETE,gyrA_D87N=POINT,gyrA_S83L=POINT,marR_S3N=POINT,mph(A)=COMPLETE,parC_S80I=POINT,parE_L416F=POINT,sul1=COMPLETE,sul2=COMPLETE,sul2=PARTIAL_END_OF_CONTIG,tet(A)=COMPLETE,uhpT_E350Q=POINT",,"amikacin=S,amoxicillin-clavulanic acid=S,ampicillin=R,cefazolin=R,cefepime=S,cefoxitin=S,ceftazidime=S,ceftriaxone=R,ciprofloxacin=R,ertapenem=S,gentamicin=S,levofloxacin=R,meropenem=S,nitrofurantoin=S,piperacillin-tazobactam=S,tetracycline=R,tobramycin=S,trimethoprim-sulfamethoxazole=R"
E.coli and Shigella,,"""BWH_1256_E_col"",""SRS18432666""",,PDT001830631.2,2024-02-06T23:05:24Z,USA:Boston,urine,clinical,,PDS000052522.117,0.0,39.0,SAMN36727315,GCA_032333975.2,"aac(3)-IIe=COMPLETE,aac(6')-Ib-cr5=COMPLETE,acrF=COMPLETE,blaCTX-M-15=COMPLETE,blaEC=COMPLETE,blaOXA-1=COMPLETE,catB3=PARTIAL_END_OF_CONTIG,gyrA_D87N=POINT,gyrA_S83L=POINT,mdtM=COMPLETE,parC_E84V=POINT,parC_S80I=POINT,parE_I529L=POINT,ptsI_V25I=POINT,tet(A)=COMPLETE,uhpT_E350Q=POINT",,"amikacin=S,amoxicillin-clavulanic acid=R,ampicillin=R,cefazolin=R,cefepime=S,cefoxitin=R,ceftazidime=R,ceftriaxone=R,ciprofloxacin=R,ertapenem=S,gentamicin=R,levofloxacin=R,meropenem=S,nitrofurantoin=S,piperacillin-tazobactam=R,tetracycline=R,tobramycin=R,trimethoprim-sulfamethoxazole=S"
E.coli and Shigella,,"""BWH_1155_E_col"",""SRS18432665""",,PDT001830632.2,2024-02-06T23:05:24Z,USA:Boston,urine,clinical,,,,,SAMN36727314,GCA_032333955.2,"aadA5=COMPLETE,acrF=COMPLETE,aph(3'')-Ib=COMPLETE,aph(6)-Id=COMPLETE,blaCTX-M-15=COMPLETE,blaEC=COMPLETE,dfrA17=COMPLETE,gyrA_D87N=POINT,gyrA_S83L=POINT,mdtM=COMPLETE,mph(A)=COMPLETE,parC_E84V=POINT,parC_S80I=POINT,parE_I529L=POINT,ptsI_V25I=POINT,qnrS1=COMPLETE,sul1=COMPLETE,sul2=COMPLETE,tet(A)=COMPLETE,uhpT_E350Q=POINT",,"amikacin=S,amoxicillin-clavulanic acid=S,ampicillin=R,cefazolin=R,cefepime=R,cefoxitin=S,ceftazidime=R,ceftriaxone=R,ciprofloxacin=R,ertapenem=S,gentamicin=S,levofloxacin=R,meropenem=S,nitrofurantoin=R,piperacillin-tazobactam=S,tetracycline=R,tobramycin=S,trimethoprim-sulfamethoxazole=R"
E.coli and Shigella,,"""BWH_948_E_col"",""SRS18432663""",,PDT001830634.2,2024-02-07T13:06:37Z,USA:Boston,urine,clinical,,,,,SAMN36727312,GCA_032333915.2,"aadA5=COMPLETE,acrF=COMPLETE,aph(3'')-Ib=COMPLETE,aph(6)-Id=COMPLETE,blaCTX-M-27=COMPLETE,blaEC=COMPLETE,dfrA17=COMPLETE,gyrA_D87N=POINT,gyrA_S83L=POINT,mdtM=COMPLETE,mph(A)=COMPLETE,parC_E84V=POINT,parC_S80I=POINT,parE_I529L=POINT,ptsI_V25I=POINT,sul1=COMPLETE,sul2=COMPLETE,tet(A)=COMPLETE,uhpT_E350Q=POINT",,"amikacin=S,amoxicillin-clavulanic acid=S,ampicillin=R,cefazolin=R,cefepime=S,cefoxitin=S,ceftazidime=S,ceftriaxone=R,ciprofloxacin=R,ertapenem=S,gentamicin=S,levofloxacin=R,meropenem=S,nitrofurantoin=S,piperacillin-tazobactam=S,tetracycline=R,tobramycin=S,trimethoprim-sulfamethoxazole=R"
E.coli and Shigella,,"""BWH_339_E_col"",""SRS18432656""",,PDT001830641.2,2024-02-05T00:02:30Z,USA:Boston,blood,clinical,,PDS000088334.21,29.0,,SAMN36727270,GCA_032333855.2,"aadA5=COMPLETE,acrF=COMPLETE,aph(3'')-Ib=COMPLETE,aph(6)-Id=COMPLETE,blaCTX-M-27=COMPLETE,blaEC=COMPLETE,dfrA17=COMPLETE,gyrA_D87N=POINT,gyrA_S83L=POINT,mdtM=COMPLETE,mph(A)=COMPLETE,parC_E84V=POINT,parC_S80I=POINT,parE_I529L=POINT,ptsI_V25I=POINT,sul1=COMPLETE,sul2=COMPLETE,tet(A)=COMPLETE,uhpT_E350Q=POINT",,"amikacin=S,amoxicillin-clavulanic acid=S,ampicillin=R,cefepime=S,cefoxitin=S,ceftazidime=S,ceftriaxone=R,ciprofloxacin=R,ertapenem=S,gentamicin=S,levofloxacin=R,meropenem=S,piperacillin-tazobactam=S,tetracycline=R,tobramycin=S,trimethoprim-sulfamethoxazole=R"
E.coli and Shigella,,"""BWH_960_E_col"",""SRS18432654""",,PDT001830643.2,2024-02-06T01:15:30Z,USA:Boston,tracheal aspirate,clinical,,,,,SAMN36727304,GCA_032333815.2,"acrF=COMPLETE,blaCTX-M-15=COMPLETE,blaEC-5=COMPLETE,dfrA14=COMPLETE,erm(B)=COMPLETE,gyrA_D87N=POINT,gyrA_S83L=POINT,marR_S3N=POINT,mph(A)=COMPLETE,parC_S80I=POINT,parE_L416F=POINT,tet(B)=COMPLETE,uhpT_E350Q=POINT",,"amikacin=S,amoxicillin-clavulanic acid=S,ampicillin=R,cefepime=S,cefoxitin=S,ceftazidime=R,ceftriaxone=R,ciprofloxacin=R,ertapenem=S,gentamicin=S,levofloxacin=R,meropenem=S,piperacillin-tazobactam=S,tetracycline=R,tobramycin=S,trimethoprim-sulfamethoxazole=R"
E.coli and Shigella,,"""BWH_1105_E_col"",""SRS18432650""",,PDT001830647.1,2023-07-27T17:50:06Z,USA:Boston,sputum,clinical,,,,,SAMN36727340,GCA_032333795.1,"aac(6')-Ib-cr5=COMPLETE,aadA5=COMPLETE,acrF=COMPLETE,blaCTX-M-15=COMPLETE,blaEC=COMPLETE,blaOXA-1=COMPLETE,catB3=PARTIAL_END_OF_CONTIG,dfrA17=COMPLETE,gyrA_D87N=POINT,gyrA_S83L=POINT,mdtM=COMPLETE,mph(A)=COMPLETE,parC_S80I=POINT,parE_S458A=POINT,sul1=COMPLETE",,"amikacin=S,amoxicillin-clavulanic acid=R,ampicillin=R,cefepime=R,cefoxitin=S,ceftazidime=R,ceftriaxone=R,ciprofloxacin=R,ertapenem=S,gentamicin=S,levofloxacin=R,meropenem=S,piperacillin-tazobactam=R,tetracycline=S,tobramycin=R,trimethoprim-sulfamethoxazole=R"
E.coli and Shigella,,"""BWH_1287_E_col"",""SRS18432642""",,PDT001830655.2,2024-02-07T17:09:23Z,USA:Boston,blood,clinical,,PDS000175753.1,0.0,,SAMN36727333,GCA_032333675.2,"acrF=COMPLETE,blaEC=COMPLETE,blaSHV=COMPLETE,mdtM=COMPLETE,qnrS1=COMPLETE",,"amikacin=S,amoxicillin-clavulanic acid=R,ampicillin=R,cefepime=R,cefoxitin=R,ceftazidime=R,ceftriaxone=R,ciprofloxacin=R,gentamicin=S,levofloxacin=R,meropenem=S,piperacillin-tazobactam=R,tetracycline=S,tobramycin=S,trimethoprim-sulfamethoxazole=S"
E.coli and Shigella,,"""BWH_942_E_col"",""SRS18432639""",,PDT001830658.2,2024-02-17T15:06:08Z,USA:Boston,urine,clinical,,PDS000198481.2,27.0,,SAMN36727330,GCA_032333615.2,"aac(3)-IId=COMPLETE,aac(6')-Ib3=COMPLETE,acrF=COMPLETE,aph(3'')-Ib=COMPLETE,aph(6)-Id=COMPLETE,blaCTX-M-14=COMPLETE,blaEC=COMPLETE,blaTEM-1=COMPLETE,cmlA1=MISTRANSLATION,cyaA_S352T=POINT,dfrA17=COMPLETE,erm(B)=COMPLETE,gyrA_D87N=POINT,gyrA_S83L=POINT,mdtM=COMPLETE,mph(A)=COMPLETE,parC_S80I=POINT,parE_S458A=POINT,qepA1=COMPLETE,sul2=COMPLETE,tet(A)=COMPLETE",,"amikacin=S,amoxicillin-clavulanic acid=I,ampicillin=R,cefazolin=R,cefepime=S,cefoxitin=I,ceftazidime=S,ceftriaxone=R,ciprofloxacin=R,ertapenem=S,gentamicin=R,levofloxacin=R,meropenem=S,nitrofurantoin=S,piperacillin-tazobactam=S,tetracycline=R,tobramycin=I,trimethoprim-sulfamethoxazole=R"
E.coli and Shigella,,"""BWH_930_E_col"",""SRS18432638""",,PDT001830659.2,2024-02-07T03:13:27Z,USA:Boston,urine,clinical,,,,,SAMN36727329,GCA_032333635.2,"aac(6')-Ib-cr5=COMPLETE,aadA5=COMPLETE,acrF=COMPLETE,blaCTX-M-15=COMPLETE,blaEC=COMPLETE,blaOXA-1=COMPLETE,catB3=PARTIAL_END_OF_CONTIG,cyaA_S352T=POINT,dfrA17=COMPLETE,gyrA_D87N=POINT,gyrA_S83L=POINT,mph(A)=COMPLETE,parC_S80I=POINT,parE_S458A=POINT,sul1=COMPLETE,tet(B)=COMPLETE",,"amikacin=S,amoxicillin-clavulanic acid=I,ampicillin=R,cefazolin=R,cefepime=S,cefoxitin=R,ceftazidime=R,ceftriaxone=R,ciprofloxacin=R,ertapenem=S,gentamicin=S,levofloxacin=R,meropenem=S,nitrofurantoin=S,piperacillin-tazobactam=S,tetracycline=R,tobramycin=R,trimethoprim-sulfamethoxazole=R"
E.coli and Shigella,,"""BWH_925_E_col"",""SRS18432636""",,PDT001830661.2,2024-02-05T08:52:27Z,USA:Boston,blood,clinical,,PDS000033989.165,27.0,27.0,SAMN36727302,GCA_032333555.2,"aadA1=COMPLETE,aadA5=COMPLETE,acrF=COMPLETE,blaCTX-M-15=COMPLETE,blaEC=COMPLETE,dfrA17=COMPLETE,dfrA1=COMPLETE,erm(B)=COMPLETE,gyrA_D87Y=POINT,gyrA_S83L=POINT,mdtM=COMPLETE,mph(A)=COMPLETE,parC_E84V=POINT,parC_S80I=POINT,parE_I529L=POINT,ptsI_V25I=POINT,sat2=COMPLETE,sul1=COMPLETE,sul2=COMPLETE,tet(B)=COMPLETE,uhpT_E350Q=POINT",,"amikacin=S,amoxicillin-clavulanic acid=S,ampicillin=R,cefepime=S,cefoxitin=S,ceftazidime=R,ceftriaxone=R,ciprofloxacin=R,ertapenem=S,gentamicin=S,levofloxacin=R,meropenem=S,piperacillin-tazobactam=S,tetracycline=R,tobramycin=S,trimethoprim-sulfamethoxazole=R"
E.coli and Shigella,,"""BWH_808_E_col"",""SRS18432632""",,PDT001830665.2,2024-02-18T19:04:50Z,USA:Boston,blood,clinical,,,,,SAMN36727298,GCA_032333515.2,"aac(3)-IIe=COMPLETE,aac(6')-Ib-cr5=COMPLETE,aadA1=COMPLETE,aadA1=PARTIAL_END_OF_CONTIG,aadA2=COMPLETE,acrF=COMPLETE,aph(3'')-Ib=COMPLETE,aph(3')-Ia=COMPLETE,aph(6)-Id=COMPLETE,blaCTX-M-15=COMPLETE,blaEC=COMPLETE,blaOXA-1=COMPLETE,blaTEM-1=COMPLETE,catB3=PARTIAL_END_OF_CONTIG,cmlA1=PARTIAL_END_OF_CONTIG,cyaA_S352T=POINT,dfrA14=COMPLETE,dfrA1=COMPLETE,estX-3=COMPLETE,floR=COMPLETE,gyrA_D87N=POINT,gyrA_S83L=POINT,mph(A)=COMPLETE,parC_S57T=POINT,parC_S80I=POINT,parE_S458A=POINT,sat2=COMPLETE,sul3=COMPLETE,tet(A)=COMPLETE",,"amikacin=S,amoxicillin-clavulanic acid=I,ampicillin=R,cefepime=R,cefoxitin=R,ceftazidime=R,ceftriaxone=R,ciprofloxacin=R,ertapenem=S,gentamicin=R,levofloxacin=R,meropenem=S,piperacillin-tazobactam=S,tetracycline=R,tobramycin=R,trimethoprim-sulfamethoxazole=R"
E.coli and Shigella,,"""BWH_272_E_col"",""SRS18432628""",,PDT001830669.2,2024-02-05T19:07:42Z,USA:Boston,urine,clinical,,,,,SAMN36727295,GCA_032333535.2,"aadA5=COMPLETE,acrF=COMPLETE,aph(3'')-Ib=COMPLETE,aph(6)-Id=COMPLETE,blaCTX-M-27=COMPLETE,blaEC=COMPLETE,dfrA17=COMPLETE,erm(B)=COMPLETE,fosA8=COMPLETE,gyrA_S83L=POINT,mdtM=COMPLETE,mph(A)=COMPLETE,parE_I529L=POINT,ptsI_V25I=POINT,sul1=COMPLETE,sul2=COMPLETE,tet(A)=COMPLETE,uhpT_E350Q=POINT",,"amikacin=S,amoxicillin-clavulanic acid=I,ampicillin=R,cefazolin=R,cefepime=S,cefoxitin=S,ceftazidime=S,ceftriaxone=R,ciprofloxacin=R,ertapenem=S,gentamicin=R,levofloxacin=I,meropenem=S,nitrofurantoin=S,piperacillin-tazobactam=S,tetracycline=R,tobramycin=R,trimethoprim-sulfamethoxazole=R"
E.coli and Shigella,,"""BWH_665_E_col"",""SRS18432627""",,PDT001830670.3,2024-02-07T19:04:01Z,USA:Boston,urine,clinical,,PDS000160780.7,5.0,,SAMN36727294,GCA_033200635.2,"aac(3)-IIe=COMPLETE,aac(6')-Ib-cr5=COMPLETE,acrF=COMPLETE,blaCTX-M-15=COMPLETE,blaEC=COMPLETE,blaOXA-1=COMPLETE,catB3=PARTIAL_END_OF_CONTIG,gyrA_D87N=POINT,gyrA_S83L=POINT,mdtM=COMPLETE,parC_E84V=POINT,parC_S80I=POINT,parE_I529L=POINT,ptsI_V25I=POINT,tet(A)=COMPLETE,uhpT_E350Q=POINT",,"amikacin=S,amoxicillin-clavulanic acid=I,ampicillin=R,cefazolin=R,cefepime=S,cefoxitin=R,ceftazidime=S,ceftriaxone=R,ciprofloxacin=R,ertapenem=S,gentamicin=R,levofloxacin=R,meropenem=S,nitrofurantoin=S,piperacillin-tazobactam=S,tetracycline=R,tobramycin=R,trimethoprim-sulfamethoxazole=S"
E.coli and Shigella,,"""BWH_261_E_col"",""SRS18432626""",,PDT001830671.2,2024-02-19T04:57:00Z,USA:Boston,urine,clinical,,PDS000117091.382,13.0,17.0,SAMN36727293,GCA_032333455.2,"aadA5=PARTIAL_END_OF_CONTIG,acrF=COMPLETE,aph(3'')-Ib=COMPLETE,aph(3'')-Ib=PARTIAL_END_OF_CONTIG,aph(6)-Id=COMPLETE,blaCTX-M-27=COMPLETE,blaEC=COMPLETE,dfrA17=COMPLETE,gyrA_D87N=POINT,gyrA_S83L=POINT,mdtM=COMPLETE,mph(A)=COMPLETE,parC_E84V=POINT,parC_S80I=POINT,parE_I529L=POINT,ptsI_V25I=POINT,sul1=COMPLETE,sul1=PARTIAL_END_OF_CONTIG,sul2=COMPLETE,tet(A)=COMPLETE,uhpT_E350Q=POINT",,"amikacin=S,amoxicillin-clavulanic acid=S,ampicillin=R,cefazolin=R,cefepime=S,cefoxitin=S,ceftazidime=S,ceftriaxone=R,ciprofloxacin=R,ertapenem=S,gentamicin=S,levofloxacin=R,meropenem=S,nitrofurantoin=S,piperacillin-tazobactam=S,tetracycline=R,tobramycin=S,trimethoprim-sulfamethoxazole=R"
E.coli and Shigella,,"""BWH_328_E_col"",""SRS18432625""",,PDT001830672.2,2024-02-16T23:37:20Z,USA:Boston,urine,clinical,,PDS000039897.66,30.0,42.0,SAMN36727292,GCA_032333415.2,"acrF=COMPLETE,blaCTX-M-15=COMPLETE,blaEC=COMPLETE,gyrA_D87N=POINT,gyrA_S83L=POINT,mdtM=COMPLETE,nfsA_G126R=POINT,parC_S80I=POINT,parE_S458A=POINT,tet(B)=COMPLETE",,"amikacin=S,amoxicillin-clavulanic acid=S,ampicillin=R,cefazolin=R,cefepime=S,cefoxitin=S,ceftazidime=R,ceftriaxone=R,ciprofloxacin=R,ertapenem=S,gentamicin=S,levofloxacin=R,meropenem=S,nitrofurantoin=I,piperacillin-tazobactam=S,tetracycline=R,tobramycin=S,trimethoprim-sulfamethoxazole=S"
E.coli and Shigella,,"""BWH_316_E_col"",""SRS18432623""",,PDT001830674.2,2024-02-07T07:09:44Z,USA:Boston,urine,clinical,,,,,SAMN36727290,GCA_032333375.2,"acrF=COMPLETE,blaEC-5=COMPLETE,blaEC=COMPLETE,gyrA_D87N=POINT,gyrA_S83L=POINT,marR_S3N=POINT,parC_S80I=POINT,parE_L416F=POINT,uhpT_E350Q=POINT",,"amikacin=S,amoxicillin-clavulanic acid=S,ampicillin=R,cefazolin=R,cefepime=S,cefoxitin=S,ceftazidime=S,ceftriaxone=R,ciprofloxacin=R,ertapenem=S,gentamicin=S,levofloxacin=R,meropenem=S,nitrofurantoin=S,piperacillin-tazobactam=S,tetracycline=S,tobramycin=S,trimethoprim-sulfamethoxazole=S"
E.coli and Shigella,,"""BWH_1147_E_col"",""SRS18432622""",,PDT001830675.2,2024-02-18T00:57:28Z,USA:Boston,sputum,clinical,,,,,SAMN36727289,GCA_032333395.2,"acrF=COMPLETE,aph(3'')-Ib=COMPLETE,aph(3'')-Ib=PARTIAL_END_OF_CONTIG,aph(6)-Id=COMPLETE,blaCTX-M-15=COMPLETE,blaEC=COMPLETE,cyaA_S352T=POINT,dfrA51=COMPLETE,floR=COMPLETE,mdtM=COMPLETE,qnrS1=COMPLETE,sul2=COMPLETE,sul2=PARTIAL_END_OF_CONTIG,tet(A)=COMPLETE",,"amikacin=S,amoxicillin-clavulanic acid=S,ampicillin=R,cefepime=S,cefoxitin=S,ceftazidime=I,ceftriaxone=R,ciprofloxacin=R,ertapenem=S,gentamicin=S,levofloxacin=I,meropenem=S,piperacillin-tazobactam=S,tetracycline=R,tobramycin=S,trimethoprim-sulfamethoxazole=S"
E.coli and Shigella,,"""BWH_939_E_col"",""SRS18432617""",,PDT001830680.2,2024-02-07T11:05:25Z,USA:Boston,blood,clinical,,PDS000041690.188,20.0,33.0,SAMN36727285,GCA_032333295.2,"aadA5=COMPLETE,acrF=COMPLETE,aph(3'')-Ib=COMPLETE,aph(6)-Id=COMPLETE,blaCTX-M-27=COMPLETE,blaEC=COMPLETE,dfrA17=COMPLETE,gyrA_D87N=POINT,gyrA_S83L=POINT,mdtM=COMPLETE,mph(A)=COMPLETE,parC_S80I=POINT,parE_E460D=POINT,ptsI_V25I=POINT,sul1=COMPLETE,sul2=COMPLETE,tet(A)=COMPLETE,uhpT_E350Q=POINT",,"amikacin=S,amoxicillin-clavulanic acid=S,ampicillin=R,cefepime=S,cefoxitin=S,ceftazidime=S,ceftriaxone=R,ciprofloxacin=R,ertapenem=S,gentamicin=S,levofloxacin=R,meropenem=S,piperacillin-tazobactam=S,tetracycline=R,tobramycin=S,trimethoprim-sulfamethoxazole=R"
E.coli and Shigella,,"""BWH_155_E_col"",""SRS18432609""",,PDT001830687.2,2024-02-17T01:26:18Z,USA:Boston,Bronchial alveolar lavage,clinical,,PDS000154303.3,2.0,,SAMN36727277,GCA_032333215.2,"aac(3)-IId=COMPLETE,aac(6')-Ib-cr5=COMPLETE,aadA2=COMPLETE,acrF=COMPLETE,aph(3'')-Ib=COMPLETE,aph(6)-Id=COMPLETE,arr-3=COMPLETE,blaCTX-M-15=COMPLETE,blaEC=COMPLETE,blaOXA-1=COMPLETE,blaSHV-12=COMPLETE,catB3=COMPLETE,dfrA12=COMPLETE,floR=COMPLETE,ftsI_N337NYRIN=POINT,gyrA_D87N=POINT,gyrA_S83L=POINT,mdtM=COMPLETE,mph(A)=COMPLETE,nfsA_G126R=POINT,parC_S80I=POINT,parE_S458A=POINT,qepA4=COMPLETE,sul1=COMPLETE,sul2=COMPLETE,tet(A)=COMPLETE",,"amikacin=S,amoxicillin-clavulanic acid=R,ampicillin=R,cefepime=R,cefoxitin=R,ceftazidime=R,ceftriaxone=R,ciprofloxacin=R,ertapenem=S,gentamicin=R,levofloxacin=R,meropenem=S,piperacillin-tazobactam=R,tetracycline=R,tobramycin=I,trimethoprim-sulfamethoxazole=R"
E.coli and Shigella,,"""BWH_1190_E_col"",""SRS18433845""",,PDT001830754.2,2024-02-17T21:02:37Z,USA:Boston,urine,clinical,,PDS000175946.1,0.0,,SAMN36729192,GCA_032332355.2,"aadA5=COMPLETE,acrF=COMPLETE,aph(3'')-Ib=COMPLETE,aph(6)-Id=COMPLETE,blaCTX-M-15=COMPLETE,blaEC=COMPLETE,dfrA17=COMPLETE,floR=COMPLETE,gyrA_D87N=POINT,gyrA_S83L=POINT,mdtM=COMPLETE,mph(A)=COMPLETE,parC_S80I=POINT,parE_S458T=POINT,sul1=COMPLETE,sul2=COMPLETE,tet(A)=COMPLETE",,"amikacin=S,amoxicillin-clavulanic acid=S,ampicillin=R,cefazolin=R,cefepime=S,cefoxitin=S,ceftazidime=R,ceftriaxone=R,ciprofloxacin=R,ertapenem=S,gentamicin=S,levofloxacin=R,meropenem=S,nitrofurantoin=I,piperacillin-tazobactam=S,tetracycline=R,tobramycin=S,trimethoprim-sulfamethoxazole=R"
E.coli and Shigella,,"""BWH_874_E_col"",""SRS18433909""",,PDT001830758.2,2024-02-06T03:09:53Z,USA:Boston,urine,clinical,,PDS000194248.147,27.0,47.0,SAMN36729164,GCA_032332275.2,"aadA5=COMPLETE,acrF=COMPLETE,aph(3'')-Ib=COMPLETE,aph(6)-Id=COMPLETE,blaCTX-M-27=COMPLETE,blaEC-5=COMPLETE,dfrA17=COMPLETE,gyrA_D87N=POINT,gyrA_S83L=POINT,marR_S3N=POINT,mph(A)=COMPLETE,parC_S80I=POINT,parE_L416F=POINT,sul1=COMPLETE,sul2=COMPLETE,tet(A)=COMPLETE,uhpT_E350Q=POINT",,"amikacin=S,amoxicillin-clavulanic acid=S,ampicillin=R,cefazolin=R,cefepime=S,cefoxitin=S,ceftazidime=S,ceftriaxone=S,ciprofloxacin=R,ertapenem=S,gentamicin=S,levofloxacin=R,meropenem=S,nitrofurantoin=S,piperacillin-tazobactam=S,tetracycline=R,tobramycin=S,trimethoprim-sulfamethoxazole=S"
E.coli and Shigella,,"""BWH_908_E_col"",""SRS18433902""",,PDT001830762.2,2024-02-07T01:05:20Z,USA:Boston,sputum,clinical,,,,,SAMN36729158,GCA_032332235.2,"acrF=COMPLETE,blaCTX-M-15=COMPLETE,blaEC=COMPLETE,gyrA_D87N=POINT,gyrA_S83L=POINT,mdtM=COMPLETE,parC_E84V=POINT,parC_S80I=POINT,parE_I529L=POINT,ptsI_V25I=POINT,uhpT_E350Q=POINT",,"amikacin=S,amoxicillin-clavulanic acid=S,ampicillin=R,cefepime=S,cefoxitin=S,ceftazidime=S,ceftriaxone=R,ciprofloxacin=R,ertapenem=S,gentamicin=S,levofloxacin=R,meropenem=S,piperacillin-tazobactam=S,tetracycline=S,tobramycin=S,trimethoprim-sulfamethoxazole=S"
E.coli and Shigella,,"""BWH_1037_E_col"",""SRS18433899""",,PDT001830763.2,2024-02-05T10:58:56Z,USA:Boston,blood,clinical,,,,,SAMN36729156,GCA_032332215.2,"aac(3)-IVa=COMPLETE,aadA1=COMPLETE,aadA1=PARTIAL_END_OF_CONTIG,aadA22=COMPLETE,aadA2=COMPLETE,acrF=COMPLETE,aph(3'')-Ib=COMPLETE,aph(3')-Ia=COMPLETE,aph(4)-Ia=COMPLETE,aph(6)-Id=COMPLETE,arr-2=COMPLETE,blaCTX-M-65=COMPLETE,blaEC=COMPLETE,blaOXA-10=COMPLETE,blaTEM=MISTRANSLATION,cmlA1=COMPLETE,cyaA_S352T=POINT,dfrA14=COMPLETE,estX-3=COMPLETE,floR=COMPLETE,gyrA_S83L=POINT,lnu(F)=COMPLETE,mdtM=COMPLETE,parC_S80I=POINT,qnrS1=COMPLETE,sul3=COMPLETE,tet(A)=COMPLETE,tet(A)=PARTIAL_END_OF_CONTIG",,"amikacin=S,amoxicillin-clavulanic acid=S,ampicillin=R,cefepime=S,cefoxitin=S,ceftazidime=S,ceftriaxone=R,ciprofloxacin=R,ertapenem=S,gentamicin=R,levofloxacin=R,meropenem=S,piperacillin-tazobactam=S,tetracycline=R,tobramycin=R,trimethoprim-sulfamethoxazole=R"
E.coli and Shigella,,"""BWH_977_E_col"",""SRS18433900""",,PDT001830764.2,2024-02-07T13:06:37Z,USA:Boston,urine,clinical,,,,,SAMN36729155,GCA_032332195.2,"acrF=COMPLETE,blaCTX-M-15=COMPLETE,blaEC=COMPLETE,gyrA_D87N=POINT,gyrA_S83L=POINT,mdtM=COMPLETE,parC_E84V=POINT,parC_S80I=POINT,parE_I529L=POINT,ptsI_V25I=POINT,uhpT_E350Q=POINT",,"amikacin=S,amoxicillin-clavulanic acid=S,ampicillin=R,cefazolin=R,cefepime=S,cefoxitin=R,ceftazidime=R,ceftriaxone=R,ciprofloxacin=R,ertapenem=S,gentamicin=S,levofloxacin=R,meropenem=S,nitrofurantoin=S,piperacillin-tazobactam=S,tetracycline=S,tobramycin=S,trimethoprim-sulfamethoxazole=S"
E.coli and Shigella,,"""BWH_981_E_col"",""SRS18433895""",,PDT001830769.2,2024-02-07T13:06:37Z,USA:Boston,Abdominal wall,clinical,,PDS000154317.2,,15.0,SAMN36729150,GCA_032332135.2,"acrF=COMPLETE,blaCTX-M-15=COMPLETE,blaEC=COMPLETE,gyrA_D87N=POINT,gyrA_S83L=POINT,mdtM=COMPLETE,parC_E84V=POINT,parC_S80I=POINT,parE_I529L=POINT,ptsI_V25I=POINT,uhpT_E350Q=POINT",,"amikacin=S,amoxicillin-clavulanic acid=S,ampicillin=S,cefepime=R,cefoxitin=I,ceftazidime=R,ceftriaxone=R,ciprofloxacin=R,daptomycin=S,doxycycline=I,erythromycin=R,gentamicin=S,levofloxacin=R,linezolid=S,meropenem=S,piperacillin-tazobactam=R,streptomycin=S,tetracycline=S,tobramycin=S,trimethoprim-sulfamethoxazole=S,vancomycin=S"
E.coli and Shigella,,"""BWH_878_E_col"",""SRS18433893""",,PDT001830770.2,2024-02-06T23:05:25Z,USA:Boston,Abscess,clinical,,PDS000180728.1,23.0,,SAMN36728916,GCA_032332095.2,"aadA5=COMPLETE,acrF=COMPLETE,aph(3'')-Ib=COMPLETE,aph(6)-Id=COMPLETE,blaCTX-M-15=COMPLETE,blaEC=COMPLETE,dfrA17=COMPLETE,gyrA_D87N=POINT,gyrA_S83L=POINT,mdtM=COMPLETE,mph(A)=COMPLETE,parC_E84V=POINT,parC_S80I=POINT,parE_I529L=POINT,ptsI_V25I=POINT,sul1=COMPLETE,sul2=COMPLETE,tet(A)=COMPLETE,uhpT_E350Q=POINT",,"amikacin=S,amoxicillin-clavulanic acid=S,ampicillin=R,cefepime=R,cefoxitin=I,ceftazidime=R,ceftriaxone=R,ciprofloxacin=R,ertapenem=S,gentamicin=S,levofloxacin=R,meropenem=S,piperacillin-tazobactam=S,tetracycline=R,tobramycin=S,trimethoprim-sulfamethoxazole=R"
E.coli and Shigella,,"""BWH_1253_E_col"",""SRS18433890""",,PDT001830771.2,2024-02-16T21:25:50Z,USA:Boston,urine,clinical,,,,,SAMN36729149,GCA_032332075.2,"aadA5=COMPLETE,acrF=COMPLETE,aph(3'')-Ib=COMPLETE,aph(6)-Id=COMPLETE,blaCTX-M-15=COMPLETE,blaEC=COMPLETE,blaTEM-1=COMPLETE,catA1=COMPLETE,dfrA17=COMPLETE,erm(B)=COMPLETE,gyrA_D87N=POINT,gyrA_S83L=POINT,mdtM=COMPLETE,mph(A)=COMPLETE,parC_A56T=POINT,parC_S80I=POINT,qnrS1=COMPLETE,sul1=COMPLETE,sul2=COMPLETE,tet(B)=COMPLETE",,"amikacin=S,amoxicillin-clavulanic acid=S,ampicillin=R,cefazolin=R,cefepime=R,cefoxitin=S,ceftazidime=R,ceftriaxone=R,ciprofloxacin=R,ertapenem=S,gentamicin=S,levofloxacin=R,meropenem=S,nitrofurantoin=S,piperacillin-tazobactam=S,tetracycline=R,tobramycin=S,trimethoprim-sulfamethoxazole=R"
E.coli and Shigella,,"""BWH_216_E_col"",""SRS18433889""",,PDT001830774.2,2024-02-07T07:09:44Z,USA:Boston,urine,clinical,,,,,SAMN36729146,GCA_032332055.2,"aadA5=COMPLETE,acrF=COMPLETE,blaCTX-M-15=COMPLETE,blaEC=COMPLETE,blaTEM-1=COMPLETE,dfrA17=COMPLETE,erm(B)=COMPLETE,gyrA_D87Y=POINT,gyrA_S83L=POINT,mdtM=COMPLETE,mph(A)=COMPLETE,parC_E84V=POINT,parC_S80I=POINT,parE_I529L=POINT,ptsI_V25I=POINT,sul1=COMPLETE,uhpT_E350Q=POINT",,"amikacin=S,amoxicillin-clavulanic acid=S,ampicillin=R,cefazolin=R,cefepime=S,cefoxitin=S,ceftazidime=S,ciprofloxacin=R,ertapenem=S,gentamicin=S,meropenem=S,nitrofurantoin=S,piperacillin-tazobactam=S,tetracycline=S,tobramycin=S,trimethoprim-sulfamethoxazole=R"
E.coli and Shigella,,"""BWH_993_E_col"",""SRS18433888""",,PDT001830775.3,2024-02-17T11:12:37Z,USA:Boston,sputum,clinical,,,,,SAMN36729145,GCA_031776455.2,"aac(3)-IIe=COMPLETE,aac(6')-Ib-cr5=COMPLETE,aadA5=COMPLETE,acrF=COMPLETE,blaCTX-M-15=COMPLETE,blaEC=COMPLETE,blaOXA-1=COMPLETE,blaTEM=COMPLETE,catB3=PARTIAL_END_OF_CONTIG,dfrA17=COMPLETE,gyrA_D87N=POINT,gyrA_S83L=POINT,mdtM=COMPLETE,mph(A)=COMPLETE,parC_E84V=POINT,parC_S80I=POINT,parE_I529L=POINT,ptsI_V25I=POINT,sul1=COMPLETE,sul2=COMPLETE,uhpT_E350Q=POINT",,"amikacin=S,amoxicillin-clavulanic acid=R,ampicillin=R,cefepime=S,cefoxitin=S,ceftazidime=R,ceftriaxone=R,ciprofloxacin=R,ertapenem=S,gentamicin=R,levofloxacin=R,meropenem=S,piperacillin-tazobactam=S,tetracycline=S,tobramycin=R,trimethoprim-sulfamethoxazole=R"
E.coli and Shigella,,"""BWH_962_E_col"",""SRS18433884""",,PDT001830780.2,2024-02-07T05:17:27Z,USA:Boston,Peritoneal fluid,clinical,,PDS000194248.147,29.0,46.0,SAMN36728988,GCA_032331995.2,"acrF=COMPLETE,aph(3'')-Ib=COMPLETE,aph(6)-Id=COMPLETE,blaCTX-M-15=COMPLETE,blaEC-5=COMPLETE,blaTEM-1=COMPLETE,dfrA17=COMPLETE,gyrA_D87N=POINT,gyrA_S83L=POINT,marR_S3N=POINT,mph(A)=COMPLETE,parC_S80I=POINT,parE_L416F=POINT,sul2=COMPLETE,tet(B)=COMPLETE,uhpT_E350Q=POINT",,"amikacin=S,amoxicillin-clavulanic acid=S,ampicillin=R,cefepime=S,cefoxitin=S,ceftazidime=R,ceftriaxone=R,ciprofloxacin=R,ertapenem=S,gentamicin=S,meropenem=S,piperacillin-tazobactam=S,tetracycline=R,tobramycin=S,trimethoprim-sulfamethoxazole=R"
E.coli and Shigella,,"""BWH_763_E_col"",""SRS18433879""",,PDT001830784.2,2024-02-17T01:26:18Z,USA:Boston,blood,clinical,,PDS000041690.188,27.0,46.0,SAMN36728983,GCA_032331915.2,"aadA5=COMPLETE,acrF=COMPLETE,aph(3'')-Ib=COMPLETE,aph(6)-Id=COMPLETE,blaCTX-M-27=COMPLETE,blaEC=COMPLETE,dfrA17=COMPLETE,gyrA_D87N=POINT,gyrA_S83L=POINT,mdtM=COMPLETE,mph(A)=COMPLETE,parC_E84V=POINT,parC_S80I=POINT,parE_I529L=POINT,ptsI_V25I=POINT,sul1=COMPLETE,sul2=COMPLETE,tet(A)=COMPLETE,uhpT_E350Q=POINT",,"amikacin=S,amoxicillin-clavulanic acid=S,ampicillin=R,cefepime=S,cefoxitin=S,ceftazidime=S,ceftriaxone=R,ciprofloxacin=R,ertapenem=S,gentamicin=S,levofloxacin=R,meropenem=S,piperacillin-tazobactam=S,tetracycline=R,tobramycin=S,trimethoprim-sulfamethoxazole=R"
E.coli and Shigella,,"""BWH_219_E_col"",""SRS18433869""",,PDT001830794.2,2024-02-03T12:03:30Z,USA:Boston,urine,clinical,,PDS000040652.5,9.0,48.0,SAMN36728949,GCA_032331875.2,"aac(6')-Ib-cr5=COMPLETE,aadA5=COMPLETE,acrF=COMPLETE,blaCTX-M-15=COMPLETE,blaEC=COMPLETE,blaOXA-1=COMPLETE,catB3=PARTIAL_END_OF_CONTIG,cyaA_S352T=POINT,dfrA17=COMPLETE,erm(B)=COMPLETE,gyrA_D87N=POINT,gyrA_S83L=POINT,mph(A)=COMPLETE,parC_S80I=POINT,parE_S458A=POINT,sul1=COMPLETE,tet(B)=COMPLETE",,"amikacin=S,amoxicillin-clavulanic acid=R,ampicillin=R,cefazolin=R,cefepime=R,cefoxitin=R,ceftazidime=R,ceftriaxone=R,ciprofloxacin=R,ertapenem=S,gentamicin=S,levofloxacin=R,meropenem=S,nitrofurantoin=S,piperacillin-tazobactam=S,tetracycline=R,tobramycin=R,trimethoprim-sulfamethoxazole=R"
E.coli and Shigella,,"""BWH_285_E_col"",""SRS18433866""",,PDT001830796.2,2024-02-06T11:03:33Z,USA:Boston,blood,clinical,,,,,SAMN36728947,GCA_032331835.2,"aadA2=COMPLETE,acrF=COMPLETE,blaEC=COMPLETE,gyrA_D87N=POINT,gyrA_S83L=POINT,lnu(F)=COMPLETE,lnu(F)=PARTIAL_END_OF_CONTIG,mdtM=COMPLETE,parC_S80I=POINT,parE_S458A=POINT",,"amikacin=S,amoxicillin-clavulanic acid=S,ampicillin=S,cefepime=S,cefoxitin=S,ceftazidime=S,ceftriaxone=S,ciprofloxacin=R,ertapenem=S,gentamicin=S,levofloxacin=R,meropenem=S,piperacillin-tazobactam=S,tetracycline=S,tobramycin=S,trimethoprim-sulfamethoxazole=S"
E.coli and Shigella,,"""BWH_885_E_col"",""SRS18433865""",,PDT001830798.2,2024-02-17T13:16:02Z,USA:Boston,urine,clinical,,PDS000194248.147,29.0,47.0,SAMN36728944,GCA_032331795.2,"aadA5=COMPLETE,acrF=COMPLETE,aph(3'')-Ib=COMPLETE,aph(6)-Id=COMPLETE,blaCTX-M-15=COMPLETE,blaEC-5=COMPLETE,blaTEM-1=COMPLETE,dfrA17=COMPLETE,gyrA_D87N=POINT,gyrA_S83L=POINT,marR_S3N=POINT,mph(A)=COMPLETE,parC_S80I=POINT,parE_L416F=POINT,qnrS1=COMPLETE,sul1=COMPLETE,sul2=COMPLETE,tet(B)=COMPLETE,uhpT_E350Q=POINT",,"amikacin=S,amoxicillin-clavulanic acid=S,ampicillin=R,cefazolin=R,cefepime=S,cefoxitin=S,ceftazidime=S,ceftriaxone=R,ciprofloxacin=R,ertapenem=S,gentamicin=S,levofloxacin=R,meropenem=S,nitrofurantoin=S,piperacillin-tazobactam=S,tetracycline=R,tobramycin=S,trimethoprim-sulfamethoxazole=R"
E.coli and Shigella,,"""BWH_1183_E_col"",""SRS18433861""",,PDT001830801.2,2024-02-17T21:02:37Z,USA:Boston,urine,clinical,,PDS000154323.3,8.0,,SAMN36728941,GCA_032331715.2,"aadA5=COMPLETE,acrF=COMPLETE,blaCTX-M-15=COMPLETE,blaEC=COMPLETE,dfrA17=COMPLETE,gyrA_D87N=POINT,gyrA_S83L=POINT,mdtM=COMPLETE,parC_S80I=POINT,parE_S458A=POINT,sul1=COMPLETE,tet(B)=COMPLETE",,"amikacin=S,amoxicillin-clavulanic acid=S,ampicillin=R,cefazolin=R,cefepime=S,cefoxitin=S,ceftazidime=R,ceftriaxone=R,ciprofloxacin=R,ertapenem=S,gentamicin=S,levofloxacin=R,meropenem=S,nitrofurantoin=S,piperacillin-tazobactam=S,tetracycline=R,tobramycin=S,trimethoprim-sulfamethoxazole=R"
E.coli and Shigella,,"""BWH_1231_E_col"",""SRS18433859""",,PDT001830803.2,2024-02-17T03:18:40Z,USA:Boston,urine,clinical,,PDS000034433.90,24.0,32.0,SAMN36728895,GCA_032331735.2,"aac(3)-IIe=COMPLETE,aac(6')-Ib-cr5=COMPLETE,aadA5=COMPLETE,acrF=COMPLETE,blaCTX-M-15=COMPLETE,blaEC=COMPLETE,blaOXA-1=COMPLETE,catB3=PARTIAL_END_OF_CONTIG,dfrA17=COMPLETE,gyrA_D87N=POINT,gyrA_S83L=POINT,mdtM=COMPLETE,mph(A)=COMPLETE,parC_E84V=POINT,parC_S80I=POINT,parE_I529L=POINT,ptsI_V25I=POINT,sul1=COMPLETE,tet(A)=COMPLETE,uhpT_E350Q=POINT",,"amikacin=S,amoxicillin-clavulanic acid=I,ampicillin=R,cefazolin=R,cefepime=R,cefoxitin=S,ceftazidime=R,ceftriaxone=R,ciprofloxacin=R,ertapenem=S,gentamicin=R,levofloxacin=R,meropenem=S,nitrofurantoin=S,piperacillin-tazobactam=S,tetracycline=R,tobramycin=R,trimethoprim-sulfamethoxazole=R"
E.coli and Shigella,,"""BWH_1077_E_col"",""SRS18433857""",,PDT001830804.2,2024-02-07T01:05:20Z,USA:Boston,urine,clinical,,PDS000063304.18,18.0,,SAMN36728938,GCA_032331675.2,"aadA5=COMPLETE,acrF=COMPLETE,aph(3'')-Ib=COMPLETE,aph(6)-Id=COMPLETE,blaCTX-M-15=COMPLETE,blaEC=COMPLETE,dfrA17=COMPLETE,gyrA_D87N=POINT,gyrA_S83L=POINT,mdtM=COMPLETE,mph(A)=COMPLETE,parC_E84V=POINT,parC_S80I=POINT,parE_I529L=POINT,ptsI_V25I=POINT,sul1=COMPLETE,sul2=COMPLETE,tet(A)=COMPLETE,uhpT_E350Q=POINT",,"amikacin=S,amoxicillin-clavulanic acid=S,ampicillin=R,cefazolin=R,cefepime=R,cefoxitin=I,ceftazidime=R,ceftriaxone=R,ciprofloxacin=R,ertapenem=S,gentamicin=S,levofloxacin=R,meropenem=S,nitrofurantoin=S,piperacillin-tazobactam=R,tetracycline=R,tobramycin=S,trimethoprim-sulfamethoxazole=R"
E.coli and Shigella,,"""BWH_1290_E_col"",""SRS18433847""",,PDT001830813.2,2024-02-05T19:07:42Z,USA:Boston,urine,clinical,,PDS000194248.147,1.0,44.0,SAMN36728929,GCA_032331575.2,"aadA5=COMPLETE,acrF=COMPLETE,aph(3'')-Ib=COMPLETE,aph(6)-Id=COMPLETE,blaCTX-M-27=COMPLETE,blaEC-5=COMPLETE,dfrA17=COMPLETE,gyrA_D87N=POINT,gyrA_S83L=POINT,marR_S3N=POINT,mph(A)=COMPLETE,parC_S80I=POINT,parE_L416F=POINT,sul1=COMPLETE,sul2=COMPLETE,tet(A)=COMPLETE,uhpT_E350Q=POINT",,"amikacin=S,amoxicillin-clavulanic acid=S,ampicillin=R,cefazolin=R,cefepime=S,cefoxitin=S,ceftazidime=S,ceftriaxone=R,ciprofloxacin=R,ertapenem=S,gentamicin=S,levofloxacin=R,meropenem=S,nitrofurantoin=S,piperacillin-tazobactam=S,tetracycline=R,tobramycin=S,trimethoprim-sulfamethoxazole=R"
E.coli and Shigella,,"""BWH_1209_E_col"",""SRS18433846""",,PDT001830814.2,2024-02-17T21:02:37Z,USA:Boston,urine,clinical,,PDS000175946.1,0.0,,SAMN36728928,GCA_032331595.2,"aadA5=COMPLETE,acrF=COMPLETE,aph(3'')-Ib=COMPLETE,aph(6)-Id=COMPLETE,blaCTX-M-15=COMPLETE,blaEC=COMPLETE,dfrA17=COMPLETE,floR=COMPLETE,gyrA_D87N=POINT,gyrA_S83L=POINT,mdtM=COMPLETE,mph(A)=COMPLETE,parC_S80I=POINT,parE_S458T=POINT,sul1=COMPLETE,sul2=COMPLETE,tet(A)=COMPLETE",,"amikacin=S,amoxicillin-clavulanic acid=S,ampicillin=R,cefazolin=R,cefepime=S,cefoxitin=S,ceftazidime=R,ceftriaxone=R,ciprofloxacin=R,ertapenem=S,gentamicin=S,levofloxacin=R,meropenem=S,nitrofurantoin=I,piperacillin-tazobactam=S,tetracycline=R,tobramycin=S,trimethoprim-sulfamethoxazole=R"
E.coli and Shigella,,"""BWH_849_E_col"",""SRS18433834""",,PDT001830824.2,2024-02-17T15:06:08Z,USA:Boston,Sacral ulcer,clinical,,,,,SAMN36729183,GCA_032331455.2,"acrF=COMPLETE,blaCTX-M-14=COMPLETE,blaEC=COMPLETE,blaTEM-1=COMPLETE,catA1=COMPLETE,gyrA_D87N=POINT,gyrA_S83L=POINT,mdtM=COMPLETE,parC_S80I=POINT,parE_L416F=POINT,tet(B)=COMPLETE",,"amikacin=S,amoxicillin-clavulanic acid=I,ampicillin=R,cefepime=S,cefoxitin=S,ceftazidime=S,ceftriaxone=R,ciprofloxacin=R,daptomycin=I,doxycycline=I,ertapenem=S,erythromycin=I,gentamicin=S,levofloxacin=R,linezolid=S,meropenem=S,piperacillin-tazobactam=R,streptomycin=S,tetracycline=R,tobramycin=S,trimethoprim-sulfamethoxazole=S,vancomycin=S"
E.coli and Shigella,,"""BWH_850_E_col"",""SRS18433833""",,PDT001830825.3,2024-02-05T06:03:29Z,USA:Boston,urine,clinical,,PDS000033989.165,18.0,18.0,SAMN36729182,GCA_031776305.2,"acrF=COMPLETE,blaCTX-M-15=COMPLETE,blaEC=COMPLETE,gyrA_D87N=POINT,gyrA_S83L=POINT,mdtM=COMPLETE,parC_E84V=POINT,parC_S80I=POINT,parE_I529L=POINT,ptsI_V25I=POINT,uhpT_E350Q=POINT",,"amikacin=S,amoxicillin-clavulanic acid=S,ampicillin=R,cefazolin=R,cefepime=R,cefoxitin=S,ceftazidime=R,ceftriaxone=R,ciprofloxacin=R,ertapenem=S,gentamicin=S,levofloxacin=R,meropenem=S,nitrofurantoin=S,piperacillin-tazobactam=S,tetracycline=S,tobramycin=S,trimethoprim-sulfamethoxazole=S"
E.coli and Shigella,,"""BWH_218_E_col"",""SRS18433831""",,PDT001830826.2,2024-02-07T05:17:27Z,USA:Boston,urine,clinical,,,,,SAMN36729181,GCA_032331435.2,"aadA1=COMPLETE,aadA1=PARTIAL_END_OF_CONTIG,acrF=COMPLETE,blaCTX-M-15=COMPLETE,blaEC=COMPLETE,blaTEM-1=COMPLETE,dfrA1=COMPLETE,erm(B)=COMPLETE,gyrA_D87Y=POINT,gyrA_S83L=POINT,mdtM=COMPLETE,mph(A)=COMPLETE,parC_E84V=POINT,parC_S80I=POINT,parE_I529L=POINT,ptsI_V25I=POINT,sat2=COMPLETE,sat2=PARTIAL_END_OF_CONTIG,sul2=COMPLETE,tet(B)=COMPLETE,uhpT_E350Q=POINT",,"amikacin=S,amoxicillin-clavulanic acid=S,ampicillin=R,cefazolin=R,cefepime=S,cefoxitin=S,ceftazidime=R,ceftriaxone=R,ciprofloxacin=R,ertapenem=S,gentamicin=S,levofloxacin=R,meropenem=S,nitrofurantoin=S,piperacillin-tazobactam=S,tetracycline=R,tobramycin=S,trimethoprim-sulfamethoxazole=R"
E.coli and Shigella,,"""BWH_811_E_col"",""SRS18433827""",,PDT001830831.2,2024-02-19T21:56:30Z,USA:Boston,urine,clinical,,,,,SAMN36729177,GCA_032331395.2,"aac(6')-Ib-cr5=COMPLETE,aadA1=COMPLETE,acrF=COMPLETE,aph(3'')-Ib=COMPLETE,aph(6)-Id=COMPLETE,blaCTX-M-15=COMPLETE,blaEC=COMPLETE,blaOXA-1=COMPLETE,catA1=COMPLETE,catB3=PARTIAL_END_OF_CONTIG,dfrA14=COMPLETE,dfrA17=COMPLETE,gyrA_D87N=POINT,gyrA_S83L=POINT,nfsA_G126R=POINT,parC_S80I=POINT,parE_S458A=POINT,qnrS1=COMPLETE,sul2=COMPLETE,tet(B)=COMPLETE",,"amikacin=S,amoxicillin-clavulanic acid=R,ampicillin=R,cefazolin=R,cefepime=R,cefoxitin=R,ceftazidime=R,ceftriaxone=R,ciprofloxacin=R,ertapenem=S,gentamicin=S,levofloxacin=R,meropenem=S,nitrofurantoin=R,piperacillin-tazobactam=I,tetracycline=R,tobramycin=R,trimethoprim-sulfamethoxazole=R"
E.coli and Shigella,,"""BWH_302_E_col"",""SRS18433816""",,PDT001830842.2,2024-02-07T19:04:01Z,USA:Boston,urine,clinical,,,,,SAMN36729116,GCA_032331255.2,"acrF=COMPLETE,blaCTX-M-14=COMPLETE,blaEC=COMPLETE,cyaA_S352T=POINT,gyrA_D87Y=POINT,gyrA_S83L=POINT,parC_S80I=POINT,parE_S458A=POINT",,"amikacin=S,amoxicillin-clavulanic acid=S,ampicillin=R,cefazolin=R,cefepime=S,cefoxitin=S,ceftazidime=S,ceftriaxone=R,ciprofloxacin=R,ertapenem=S,gentamicin=S,levofloxacin=R,meropenem=S,nitrofurantoin=S,piperacillin-tazobactam=S,tetracycline=S,tobramycin=S,trimethoprim-sulfamethoxazole=S"
E.coli and Shigella,,"""BWH_887_E_col"",""SRS18433815""",,PDT001830843.2,2024-02-06T15:06:52Z,USA:Boston,urine,clinical,,,,,SAMN36729115,GCA_032331235.2,"aadA5=COMPLETE,acrF=COMPLETE,aph(3'')-Ib=COMPLETE,aph(6)-Id=COMPLETE,blaCTX-M-27=COMPLETE,blaEC=COMPLETE,dfrA17=COMPLETE,gyrA_D87N=POINT,gyrA_S83L=POINT,mdtM=COMPLETE,mph(A)=COMPLETE,parC_E84V=POINT,parC_S80I=POINT,parE_I529L=POINT,ptsI_V25I=POINT,sul1=COMPLETE,sul2=COMPLETE,tet(A)=COMPLETE,uhpT_E350Q=POINT",,"amikacin=S,amoxicillin-clavulanic acid=S,ampicillin=R,cefazolin=R,cefepime=S,cefoxitin=S,ceftazidime=S,ceftriaxone=R,ciprofloxacin=R,ertapenem=S,gentamicin=S,levofloxacin=R,meropenem=S,nitrofurantoin=S,piperacillin-tazobactam=S,tetracycline=R,tobramycin=S,trimethoprim-sulfamethoxazole=R"
E.coli and Shigella,,"""BWH_890_E_col"",""SRS18433813""",,PDT001830845.4,2024-02-19T04:57:01Z,USA:Boston,urine,clinical,,,,,SAMN36729113,GCA_033200495.2,"acrF=COMPLETE,blaCTX-M-15=COMPLETE,blaEC-5=COMPLETE,mdtM=COMPLETE,qnrS1=COMPLETE",,"amikacin=S,amoxicillin-clavulanic acid=S,ampicillin=R,cefazolin=R,cefepime=S,cefoxitin=S,ceftazidime=S,ceftriaxone=R,ciprofloxacin=R,ertapenem=S,gentamicin=S,levofloxacin=I,meropenem=S,nitrofurantoin=S,piperacillin-tazobactam=S,tetracycline=S,tobramycin=S,trimethoprim-sulfamethoxazole=S"
E.coli and Shigella,,"""BWH_220_E_col"",""SRS18433810""",,PDT001830848.2,2024-02-17T01:26:19Z,USA:Boston,urine,clinical,,PDS000117091.382,4.0,18.0,SAMN36729110,GCA_032331155.2,"aadA5=COMPLETE,acrF=COMPLETE,blaCTX-M-27=COMPLETE,blaEC=COMPLETE,dfrA17=COMPLETE,gyrA_D87N=POINT,gyrA_S83L=POINT,mdtM=COMPLETE,mph(A)=COMPLETE,parC_E84V=POINT,parC_S80I=POINT,parE_I529L=POINT,ptsI_V25I=POINT,sul1=COMPLETE,tet(A)=PARTIAL,tet(A)=PARTIAL_END_OF_CONTIG,uhpT_E350Q=POINT",,"amikacin=S,amoxicillin-clavulanic acid=S,ampicillin=R,cefazolin=R,cefepime=S,cefoxitin=I,ceftazidime=S,ceftriaxone=R,ciprofloxacin=R,ertapenem=S,gentamicin=S,levofloxacin=R,meropenem=S,nitrofurantoin=S,piperacillin-tazobactam=S,tetracycline=S,tobramycin=S,trimethoprim-sulfamethoxazole=R"
E.coli and Shigella,,"""BWH_1013_E_col"",""SRS18433809""",,PDT001830849.1,2023-07-27T18:47:55Z,USA:Boston,urine,clinical,,PDS000248911.1,32.0,,SAMN36728912,GCA_032331135.1,"acrF=COMPLETE,aph(3'')-Ib=COMPLETE,aph(6)-Id=COMPLETE,blaCTX-M-14=COMPLETE,blaEC=COMPLETE,blaTEM-1=COMPLETE,catA1=COMPLETE,gyrA_D87N=POINT,gyrA_S83L=POINT,mdtM=COMPLETE,parC_S80I=POINT,parE_L416F=POINT,sul2=COMPLETE,tet(B)=COMPLETE",,"amikacin=S,amoxicillin-clavulanic acid=S,ampicillin=R,cefazolin=S,cefepime=S,cefoxitin=S,ceftazidime=S,ceftriaxone=S,ciprofloxacin=R,ertapenem=S,gentamicin=S,levofloxacin=S,meropenem=S,nitrofurantoin=S,piperacillin-tazobactam=S,tetracycline=R,tobramycin=S,trimethoprim-sulfamethoxazole=S"
E.coli and Shigella,,"""BWH_150_E_col"",""SRS18433794""",,PDT001830863.2,2024-02-06T17:03:17Z,USA:Boston,urine,clinical,,PDS000117091.382,24.0,39.0,SAMN36729096,GCA_032331015.2,"acrF=COMPLETE,blaCTX-M-27=COMPLETE,blaEC=COMPLETE,gyrA_D87N=POINT,gyrA_S83L=POINT,mdtM=COMPLETE,parC_E84V=POINT,parC_S80I=POINT,parE_I529L=POINT,ptsI_V25I=POINT,uhpT_E350Q=POINT",,"amikacin=S,amoxicillin-clavulanic acid=S,ampicillin=R,cefazolin=R,cefepime=S,cefoxitin=S,ceftazidime=S,ceftriaxone=R,ciprofloxacin=R,ertapenem=S,gentamicin=S,levofloxacin=R,meropenem=S,nitrofurantoin=S,piperacillin-tazobactam=S,tetracycline=S,tobramycin=S,trimethoprim-sulfamethoxazole=S"
E.coli and Shigella,,"""BWH_1255_E_col"",""SRS18433791""",,PDT001830866.2,2024-02-05T15:05:33Z,USA:Boston,urine,clinical,,,,,SAMN36729093,GCA_032330915.2,"aadA1=COMPLETE,acrF=COMPLETE,aph(3'')-Ib=COMPLETE,aph(6)-Id=COMPLETE,blaCTX-M-15=COMPLETE,blaEC=COMPLETE,blaTEM-1=COMPLETE,cyaA_S352T=POINT,dfrA1=COMPLETE,qnrS1=COMPLETE,sul2=COMPLETE,tet(A)=COMPLETE",,"amikacin=S,amoxicillin-clavulanic acid=S,ampicillin=R,cefazolin=R,cefepime=S,cefoxitin=S,ceftazidime=S,ceftriaxone=R,ciprofloxacin=R,ertapenem=S,gentamicin=S,levofloxacin=I,meropenem=S,nitrofurantoin=S,piperacillin-tazobactam=S,tetracycline=R,tobramycin=S,trimethoprim-sulfamethoxazole=R"
E.coli and Shigella,,"""BWH_999_E_col"",""SRS18433783""",,PDT001830874.3,2024-02-21T03:17:25Z,USA:Boston,blood,clinical,,PDS000112581.11,34.0,,SAMN36729061,GCA_031776215.2,"aadA1=COMPLETE,acrF=COMPLETE,blaCTX-M-15=COMPLETE,blaEC=COMPLETE,blaTEM=PARTIAL_END_OF_CONTIG,cyaA_S352T=POINT,dfrA1=COMPLETE,gyrA_D87N=POINT,gyrA_S83L=POINT,mdtM=COMPLETE,parC_S80I=POINT,parE_S458A=POINT,qnrS1=COMPLETE,sul2=COMPLETE",,"amikacin=S,amoxicillin-clavulanic acid=I,ampicillin=R,cefepime=R,cefoxitin=R,ceftazidime=R,ceftriaxone=R,ciprofloxacin=R,ertapenem=S,gentamicin=S,levofloxacin=R,meropenem=S,piperacillin-tazobactam=S,tetracycline=S,tobramycin=S,trimethoprim-sulfamethoxazole=R"
E.coli and Shigella,,"""BWH_1301_E_col"",""SRS18433782""",,PDT001830875.2,2024-02-06T19:06:49Z,USA:Boston,urine,clinical,,PDS000194248.147,26.0,39.0,SAMN36729060,GCA_032330735.2,"acrF=COMPLETE,blaCTX-M-27=COMPLETE,blaEC-5=COMPLETE,gyrA_D87N=POINT,gyrA_S83L=POINT,marR_S3N=POINT,parC_S80I=POINT,parE_L416F=POINT,uhpT_E350Q=POINT",,"amikacin=S,amoxicillin-clavulanic acid=S,ampicillin=R,cefazolin=R,cefepime=S,cefoxitin=S,ceftazidime=S,ceftriaxone=R,ciprofloxacin=R,ertapenem=S,gentamicin=S,levofloxacin=R,meropenem=S,nitrofurantoin=S,piperacillin-tazobactam=S,tetracycline=S,tobramycin=S,trimethoprim-sulfamethoxazole=S"
E.coli and Shigella,,"""BWH_318_E_col"",""SRS18433774""",,PDT001830882.2,2024-02-06T23:05:26Z,USA:Boston,urine,clinical,,,,,SAMN36729053,GCA_032330615.2,"aac(3)-IIe=COMPLETE,acrF=COMPLETE,blaCTX-M-15=COMPLETE,blaEC=COMPLETE,gyrA_D87N=POINT,gyrA_S83L=POINT,mdtM=COMPLETE,parC_E84V=POINT,parC_S80I=POINT,parE_I529L=POINT,ptsI_V25I=POINT,uhpT_E350Q=POINT",,"amikacin=S,amoxicillin-clavulanic acid=S,ampicillin=R,cefazolin=R,cefepime=S,cefoxitin=S,ceftazidime=S,ceftriaxone=R,ciprofloxacin=R,ertapenem=S,gentamicin=R,levofloxacin=R,meropenem=S,nitrofurantoin=S,piperacillin-tazobactam=S,tetracycline=S,tobramycin=I,trimethoprim-sulfamethoxazole=S"
E.coli and Shigella,,"""BWH_1018_E_col"",""SRS18433772""",,PDT001830886.2,2024-02-07T03:13:28Z,USA:Boston,urine,clinical,,,,,SAMN36728906,GCA_032330575.2,"acrF=COMPLETE,blaEC-5=COMPLETE,gyrA_D87N=POINT,gyrA_S83L=POINT,marR_S3N=POINT,parC_S80I=POINT,parE_L416F=POINT,uhpT_E350Q=POINT",,"amikacin=S,amoxicillin-clavulanic acid=S,ampicillin=S,cefazolin=S,cefepime=S,cefoxitin=S,ceftazidime=S,ceftriaxone=R,ciprofloxacin=R,ertapenem=S,gentamicin=S,levofloxacin=R,meropenem=S,nitrofurantoin=S,piperacillin-tazobactam=S,tetracycline=S,tobramycin=S,trimethoprim-sulfamethoxazole=S"
E.coli and Shigella,,"""BWH_267_E_col"",""SRS18433767""",,PDT001830889.2,2024-02-18T19:04:51Z,USA:Boston,urine,clinical,,PDS000041690.188,9.0,8.0,SAMN36729047,GCA_032330475.2,"aadA5=COMPLETE,acrF=COMPLETE,aph(3'')-Ib=COMPLETE,aph(6)-Id=COMPLETE,blaCTX-M-15=COMPLETE,blaCTX-M-27=COMPLETE,blaEC=COMPLETE,dfrA17=COMPLETE,gyrA_D87N=POINT,gyrA_S83L=POINT,mdtM=COMPLETE,mph(A)=COMPLETE,parC_S80I=POINT,parE_E460D=POINT,ptsI_V25I=POINT,sul1=COMPLETE,sul2=COMPLETE,tet(A)=COMPLETE,uhpT_E350Q=POINT",,"amikacin=S,amoxicillin-clavulanic acid=S,ampicillin=R,cefazolin=R,cefepime=S,cefoxitin=S,ceftazidime=S,ceftriaxone=R,ciprofloxacin=R,ertapenem=S,gentamicin=S,levofloxacin=R,meropenem=S,nitrofurantoin=S,piperacillin-tazobactam=S,tetracycline=R,tobramycin=S,trimethoprim-sulfamethoxazole=R"
E.coli and Shigella,,"""BWH_843_E_col"",""SRS18433764""",,PDT001830891.3,2024-02-19T04:57:01Z,USA:Boston,urine,clinical,,,,,SAMN36729044,GCA_031776175.2,"acrF=COMPLETE,blaCTX-M-27=COMPLETE,blaEC=COMPLETE,gyrA_D87N=POINT,gyrA_S83L=POINT,mdtM=COMPLETE,parC_E84V=POINT,parC_S80I=POINT,parE_I529L=POINT,ptsI_V25I=POINT,uhpT_E350Q=POINT",,"amikacin=S,amoxicillin-clavulanic acid=S,ampicillin=R,cefazolin=R,cefepime=S,cefoxitin=S,ceftazidime=S,ceftriaxone=R,ciprofloxacin=R,ertapenem=S,gentamicin=S,levofloxacin=R,meropenem=S,nitrofurantoin=S,piperacillin-tazobactam=S,tetracycline=S,tobramycin=S,trimethoprim-sulfamethoxazole=S"
E.coli and Shigella,,"""BWH_240_E_col"",""SRS18433754""",,PDT001830901.2,2024-02-17T03:18:41Z,USA:Boston,urine,clinical,,,,,SAMN36728971,GCA_032330335.2,"acrF=COMPLETE,aph(3'')-Ib=COMPLETE,aph(6)-Id=COMPLETE,blaCTX-M-27=COMPLETE,blaEC=COMPLETE,gyrA_D87N=POINT,gyrA_S83L=POINT,mdtM=COMPLETE,mph(A)=COMPLETE,parC_E84V=POINT,parC_S80I=POINT,parE_I529L=POINT,ptsI_V25I=POINT,sul2=COMPLETE,tet(A)=COMPLETE,uhpT_E350Q=POINT",,"amikacin=S,amoxicillin-clavulanic acid=S,ampicillin=R,cefazolin=R,cefepime=S,cefoxitin=S,ceftazidime=S,ceftriaxone=R,ciprofloxacin=R,ertapenem=S,gentamicin=S,levofloxacin=R,meropenem=S,nitrofurantoin=S,piperacillin-tazobactam=S,tetracycline=R,tobramycin=S,trimethoprim-sulfamethoxazole=S"
E.coli and Shigella,,"""BWH_831_E_col"",""SRS18433750""",,PDT001830904.2,2024-02-17T07:04:51Z,USA:Boston,urine,clinical,,,,,SAMN36728968,GCA_032330355.2,"acrF=COMPLETE,aph(3'')-Ib=COMPLETE,aph(6)-Id=COMPLETE,blaCTX-M-27=COMPLETE,blaEC-5=COMPLETE,gyrA_D87N=POINT,gyrA_S83L=POINT,marR_S3N=POINT,parC_S80I=POINT,parE_L416F=POINT,sul2=COMPLETE,tet(A)=COMPLETE,uhpT_E350Q=POINT",,"amikacin=S,amoxicillin-clavulanic acid=S,ampicillin=R,cefazolin=R,cefepime=S,cefoxitin=S,ceftazidime=S,ceftriaxone=S,ciprofloxacin=R,ertapenem=S,gentamicin=S,levofloxacin=R,meropenem=S,nitrofurantoin=S,piperacillin-tazobactam=S,tetracycline=R,tobramycin=S,trimethoprim-sulfamethoxazole=S"
E.coli and Shigella,,"""BWH_1294_E_col"",""SRS18433749""",,PDT001830905.2,2024-02-07T03:13:28Z,USA:Boston,urine,clinical,,PDS000080748.21,23.0,,SAMN36728967,GCA_032330315.2,"aac(3)-IIe=COMPLETE,aac(6')-Ib-cr5=COMPLETE,aadA5=PARTIAL,aadA5=PARTIAL_END_OF_CONTIG,acrF=COMPLETE,blaCTX-M-15=COMPLETE,blaEC=COMPLETE,blaOXA-1=COMPLETE,catB3=PARTIAL_END_OF_CONTIG,dfrA17=COMPLETE,gyrA_D87N=POINT,gyrA_S83L=POINT,mdtM=COMPLETE,mph(A)=COMPLETE,parC_E84V=POINT,parC_S80I=POINT,parE_I529L=POINT,ptsI_V25I=POINT,sul1=COMPLETE,tet(A)=COMPLETE,uhpT_E350Q=POINT",,"amikacin=S,amoxicillin-clavulanic acid=S,ampicillin=R,cefazolin=R,cefepime=S,cefoxitin=S,ceftazidime=I,ceftriaxone=R,ciprofloxacin=R,ertapenem=S,gentamicin=R,levofloxacin=R,meropenem=S,nitrofurantoin=S,piperacillin-tazobactam=S,tetracycline=R,tobramycin=I,trimethoprim-sulfamethoxazole=R"
E.coli and Shigella,,"""BWH_1010_E_col"",""SRS18433748""",,PDT001830906.3,2024-02-18T08:07:29Z,USA:Boston,urine,clinical,,PDS000041690.188,25.0,39.0,SAMN36728966,GCA_031776135.2,"aadA5=COMPLETE,acrF=COMPLETE,aph(3'')-Ib=COMPLETE,aph(6)-Id=COMPLETE,blaCTX-M-27=COMPLETE,blaEC=COMPLETE,dfrA17=COMPLETE,gyrA_D87N=POINT,gyrA_S83L=POINT,mdtM=COMPLETE,mph(A)=COMPLETE,parC_S80I=POINT,parE_E460D=POINT,ptsI_V25I=POINT,sul1=COMPLETE,sul2=COMPLETE,tet(A)=COMPLETE,uhpT_E350Q=POINT",,"amikacin=S,amoxicillin-clavulanic acid=S,ampicillin=R,cefazolin=R,cefepime=S,cefoxitin=S,ceftazidime=S,ceftriaxone=R,ciprofloxacin=R,ertapenem=S,gentamicin=S,levofloxacin=R,meropenem=S,nitrofurantoin=S,piperacillin-tazobactam=S,tetracycline=R,tobramycin=S,trimethoprim-sulfamethoxazole=R"
E.coli and Shigella,,"""BWH_1159_E_col"",""SRS18433743""",,PDT001830911.2,2024-02-06T17:03:18Z,USA:Boston,Abdominal wound,clinical,,PDS000080748.21,17.0,,SAMN36728961,GCA_032330235.2,"aac(3)-IIe=COMPLETE,aac(6')-Ib-cr5=COMPLETE,acrF=COMPLETE,blaCTX-M-15=COMPLETE,blaEC=COMPLETE,blaOXA-1=COMPLETE,catB3=PARTIAL_END_OF_CONTIG,gyrA_D87N=POINT,gyrA_S83L=POINT,mdtM=COMPLETE,parC_E84V=POINT,parC_S80I=POINT,parE_I529L=POINT,ptsI_V25I=POINT,tet(A)=COMPLETE,uhpT_E350Q=POINT",,"amikacin=S,amoxicillin-clavulanic acid=I,ampicillin=R,cefepime=S,cefoxitin=S,ceftazidime=S,ciprofloxacin=R,ertapenem=S,gentamicin=R,meropenem=S,piperacillin-tazobactam=S,tetracycline=R,tobramycin=R,trimethoprim-sulfamethoxazole=S"
E.coli and Shigella,,"""BWH_330_E_col"",""SRS18433739""",,PDT001830915.2,2024-02-18T08:07:29Z,USA:Boston,urine,clinical,,,,,SAMN36728958,GCA_032330215.2,"aac(3)-IIe=COMPLETE,acrF=COMPLETE,aph(3'')-Ib=COMPLETE,aph(3')-Ia=COMPLETE,aph(6)-Id=COMPLETE,blaCTX-M-55=COMPLETE,blaEC=COMPLETE,blaTEM=PARTIAL,blaTEM=PARTIAL_END_OF_CONTIG,cyaA_S352T=POINT,dfrA14=COMPLETE,parC_S80I=POINT,qnrS1=COMPLETE,sul2=COMPLETE,tet(A)=COMPLETE",,"amikacin=S,amoxicillin-clavulanic acid=S,ampicillin=R,cefazolin=R,cefepime=S,cefoxitin=S,ceftazidime=S,ceftriaxone=R,ciprofloxacin=R,ertapenem=S,gentamicin=R,levofloxacin=I,meropenem=S,nitrofurantoin=S,piperacillin-tazobactam=S,tetracycline=R,tobramycin=I,trimethoprim-sulfamethoxazole=R"
E.coli and Shigella,,"""BWH_1149_E_col"",""SRS18433737""",,PDT001830917.2,2024-02-17T23:06:29Z,USA:Boston,urine,clinical,,PDS000061454.42,18.0,43.0,SAMN36728956,GCA_032330195.2,"aac(6')-Ib-cr5=COMPLETE,acrF=COMPLETE,aph(3'')-Ib=COMPLETE,aph(6)-Id=COMPLETE,blaCTX-M-15=COMPLETE,blaEC=COMPLETE,blaOXA-1=COMPLETE,catB3=PARTIAL_END_OF_CONTIG,gyrA_D87N=POINT,gyrA_S83L=POINT,mdtM=COMPLETE,parC_E84V=POINT,parC_S80I=POINT,parE_I529L=POINT,ptsI_V25I=POINT,sul2=COMPLETE,tet(A)=COMPLETE,uhpT_E350Q=POINT",,"amikacin=S,amoxicillin-clavulanic acid=R,ampicillin=R,cefazolin=R,cefepime=S,cefoxitin=R,ceftazidime=R,ceftriaxone=R,ciprofloxacin=R,ertapenem=S,gentamicin=S,levofloxacin=R,meropenem=S,nitrofurantoin=S,piperacillin-tazobactam=S,tetracycline=R,tobramycin=R,trimethoprim-sulfamethoxazole=S"
E.coli and Shigella,,"""BWH_1108_E_col"",""SRS18433736""",,PDT001830918.1,2023-07-27T18:48:09Z,USA:Boston,blood,clinical,,PDS000255752.1,12.0,,SAMN36728955,GCA_032330135.1,"aadA5=COMPLETE,acrF=COMPLETE,aph(3'')-Ib=COMPLETE,aph(6)-Id=COMPLETE,aph(6)-Id=PARTIAL_END_OF_CONTIG,blaCTX-M-27=COMPLETE,blaEC-5=COMPLETE,dfrA17=COMPLETE,gyrA_D87N=POINT,gyrA_S83L=POINT,marR_S3N=POINT,mph(A)=COMPLETE,parC_S80I=POINT,parE_L416F=POINT,sul1=COMPLETE,sul2=COMPLETE,tet(A)=COMPLETE,uhpT_E350Q=POINT",,"amikacin=S,amoxicillin-clavulanic acid=S,ampicillin=R,cefepime=S,cefoxitin=S,ceftazidime=S,ceftriaxone=R,ciprofloxacin=R,ertapenem=S,gentamicin=S,levofloxacin=R,meropenem=S,piperacillin-tazobactam=S,tetracycline=R,tobramycin=S,trimethoprim-sulfamethoxazole=R"
E.coli and Shigella,,"""BWH_979_E_col"",""SRS18433734""",,PDT001830919.2,2024-02-05T06:03:29Z,USA:Boston,Vagina,clinical,,PDS000033989.165,24.0,32.0,SAMN36728954,GCA_032330095.2,"aadA5=COMPLETE,acrF=COMPLETE,blaCTX-M-15=COMPLETE,blaEC=COMPLETE,dfrA17=COMPLETE,erm(B)=COMPLETE,gyrA_S83L=POINT,mdtM=COMPLETE,mph(A)=COMPLETE,parE_I529L=POINT,ptsI_V25I=POINT,sul1=COMPLETE,uhpT_E350Q=POINT",,"amikacin=S,amoxicillin-clavulanic acid=S,ampicillin=R,cefepime=S,cefoxitin=S,ceftazidime=R,ceftriaxone=R,ciprofloxacin=R,ertapenem=S,fluconazole=R,gentamicin=S,levofloxacin=R,meropenem=S,piperacillin-tazobactam=S,tetracycline=R,tobramycin=S,trimethoprim-sulfamethoxazole=R,voriconazole=R"
E.coli and Shigella,,"""BWH_191_E_col"",""SRS18433735""",,PDT001830920.4,2024-02-07T14:57:30Z,USA:Boston,urine,clinical,,PDS000225719.26,17.0,32.0,SAMN36728953,GCA_033200515.2,"aac(6')-Ib-cr5=COMPLETE,acrF=COMPLETE,blaEC=COMPLETE,blaOXA-1=COMPLETE,catB3=PARTIAL_END_OF_CONTIG,dfrA17=PARTIAL_END_OF_CONTIG,gyrA_D87N=POINT,gyrA_S83L=POINT,mdtM=COMPLETE,parC_E84V=POINT,parC_S80I=POINT,parE_I529L=POINT,ptsI_V25I=POINT,uhpT_E350Q=POINT",,"amikacin=R,amoxicillin-clavulanic acid=R,ampicillin=R,cefazolin=R,cefepime=S,cefoxitin=S,ceftazidime=S,ceftriaxone=R,ciprofloxacin=R,ertapenem=S,gentamicin=S,levofloxacin=R,meropenem=S,nitrofurantoin=S,piperacillin-tazobactam=R,tetracycline=S,tobramycin=R,trimethoprim-sulfamethoxazole=R"
E.coli and Shigella,,"""BWH_1046_E_col"",""SRS18433729""",,PDT001830925.1,2023-07-27T18:48:11Z,USA:Boston,urine,clinical,,,,,SAMN36729089,GCA_032330035.1,"aadA2=COMPLETE,aadA5=COMPLETE,acrF=COMPLETE,blaCTX-M-15=COMPLETE,blaEC=COMPLETE,dfrA12=COMPLETE,dfrA17=COMPLETE,floR=COMPLETE,gyrA_D87N=POINT,gyrA_S83L=POINT,mdtM=COMPLETE,mph(A)=COMPLETE,parC_S80I=POINT,parE_S458A=POINT,qnrS1=COMPLETE,sul1=COMPLETE,tet(A)=COMPLETE,uhpT_E350Q=POINT",,"amikacin=S,amoxicillin-clavulanic acid=S,ampicillin=R,cefazolin=R,cefepime=S,cefoxitin=S,ceftazidime=S,ceftriaxone=R,ciprofloxacin=R,ertapenem=S,gentamicin=S,levofloxacin=R,meropenem=S,nitrofurantoin=S,piperacillin-tazobactam=S,tetracycline=R,tobramycin=S,trimethoprim-sulfamethoxazole=R"
E.coli and Shigella,,"""BWH_873_E_col"",""SRS18433727""",,PDT001830927.2,2024-02-04T22:04:58Z,USA:Boston,urine,clinical,,,,,SAMN36729087,GCA_032329975.2,"aadA5=COMPLETE,acrF=COMPLETE,blaCTX-M-15=COMPLETE,blaEC=COMPLETE,dfrA17=COMPLETE,erm(B)=COMPLETE,gyrA_S83L=POINT,mdtM=COMPLETE,mph(A)=COMPLETE,parC_A108T=POINT,parC_S80I=POINT,ptsI_V25I=POINT,sul1=COMPLETE,uhpT_E350Q=POINT",,"amikacin=S,amoxicillin-clavulanic acid=S,ampicillin=R,cefazolin=R,cefepime=S,cefoxitin=S,ceftazidime=S,ceftriaxone=R,ciprofloxacin=R,ertapenem=S,gentamicin=S,levofloxacin=I,meropenem=S,nitrofurantoin=S,piperacillin-tazobactam=S,tetracycline=S,tobramycin=S,trimethoprim-sulfamethoxazole=R"
E.coli and Shigella,,"""BWH_236_E_col"",""SRS18433721""",,PDT001830933.2,2024-02-07T09:08:19Z,USA:Boston,urine,clinical,,PDS000154325.3,0.0,,SAMN36729081,GCA_032329955.2,"aac(6')-Ib-cr5=COMPLETE,acrF=COMPLETE,blaCTX-M-15=COMPLETE,blaEC=COMPLETE,blaOXA-1=COMPLETE,catB3=PARTIAL_END_OF_CONTIG,gyrA_D87N=POINT,gyrA_S83L=POINT,mdtM=COMPLETE,parC_E84V=POINT,parC_S80I=POINT,parE_I529L=POINT,ptsI_V25I=POINT,rpoB_H526Y=POINT,tet(A)=COMPLETE,uhpT_E350Q=POINT",,"amikacin=S,amoxicillin-clavulanic acid=I,ampicillin=R,cefazolin=R,cefepime=S,cefoxitin=S,ceftazidime=R,ceftriaxone=R,ciprofloxacin=R,ertapenem=S,gentamicin=S,levofloxacin=R,meropenem=S,nitrofurantoin=S,piperacillin-tazobactam=S,tetracycline=R,tobramycin=I,trimethoprim-sulfamethoxazole=R"
E.coli and Shigella,,"""BWH_144_E_col"",""SRS18433720""",,PDT001830934.2,2024-02-06T01:15:30Z,USA:Boston,urine,clinical,,PDS000034871.21,2.0,,SAMN36729080,GCA_032329935.2,"aadA5=COMPLETE,acrF=COMPLETE,aph(3'')-Ib=COMPLETE,aph(6)-Id=COMPLETE,blaCTX-M-15=COMPLETE,blaEC=COMPLETE,dfrA17=COMPLETE,gyrA_D87N=POINT,gyrA_S83L=POINT,mdtM=COMPLETE,mph(A)=COMPLETE,parC_E84V=POINT,parC_S80I=POINT,parE_I529L=POINT,ptsI_V25I=POINT,sul1=COMPLETE,sul2=COMPLETE,uhpT_E350Q=POINT",,"amikacin=S,amoxicillin-clavulanic acid=S,ampicillin=R,cefazolin=R,cefepime=R,cefoxitin=S,ceftazidime=R,ceftriaxone=R,ciprofloxacin=R,ertapenem=S,gentamicin=S,levofloxacin=R,meropenem=S,nitrofurantoin=S,piperacillin-tazobactam=S,tetracycline=S,tobramycin=S,trimethoprim-sulfamethoxazole=R"
E.coli and Shigella,,"""BWH_516_E_col"",""SRS18433717""",,PDT001830938.2,2024-02-07T17:09:25Z,USA:Boston,urine,clinical,,,,,SAMN36729077,GCA_032329915.2,"aac(3)-IIe=COMPLETE,aac(6')-Ib-cr5=COMPLETE,aadA5=COMPLETE,acrF=COMPLETE,blaCTX-M-15=COMPLETE,blaEC=COMPLETE,blaOXA-1=COMPLETE,catB3=PARTIAL_END_OF_CONTIG,dfrA17=COMPLETE,gyrA_D87N=POINT,gyrA_S83L=POINT,mdtM=COMPLETE,mph(A)=COMPLETE,parC_E84V=POINT,parC_S80I=POINT,parE_I529L=POINT,ptsI_V25I=POINT,sul1=COMPLETE,uhpT_E350Q=POINT",,"amikacin=S,amoxicillin-clavulanic acid=I,ampicillin=R,cefazolin=R,cefepime=R,cefoxitin=S,ceftazidime=R,ceftriaxone=R,ciprofloxacin=R,ertapenem=S,gentamicin=R,levofloxacin=R,meropenem=S,nitrofurantoin=S,piperacillin-tazobactam=S,tetracycline=S,tobramycin=R,trimethoprim-sulfamethoxazole=R"
E.coli and Shigella,,"""BWH_375_E_col"",""SRS18433713""",,PDT001830940.2,2024-02-06T01:15:31Z,USA:Boston,urine,clinical,,,,,SAMN36729075,GCA_032330015.2,"aadA5=COMPLETE,acrF=COMPLETE,aph(3'')-Ib=COMPLETE,aph(6)-Id=COMPLETE,blaCTX-M-15=COMPLETE,blaEC=COMPLETE,dfrA17=COMPLETE,gyrA_D87N=POINT,gyrA_S83L=POINT,mdtM=COMPLETE,parC_S80I=POINT,sul2=COMPLETE,tet(A)=COMPLETE",,"amikacin=S,amoxicillin-clavulanic acid=S,ampicillin=R,cefazolin=R,cefepime=S,cefoxitin=S,ceftazidime=R,ceftriaxone=R,ciprofloxacin=R,ertapenem=S,gentamicin=S,levofloxacin=R,meropenem=S,nitrofurantoin=S,piperacillin-tazobactam=S,tetracycline=R,tobramycin=S,trimethoprim-sulfamethoxazole=R"
E.coli and Shigella,,"""BWH_192_E_col"",""SRS18433712""",,PDT001830942.2,2024-02-17T05:09:37Z,USA:Boston,urine,clinical,,,,,SAMN36729073,GCA_032329855.2,"aac(3)-IIe=COMPLETE,aac(6')-Ib-cr5=COMPLETE,aadA5=COMPLETE,acrF=COMPLETE,blaCTX-M-15=COMPLETE,blaEC=COMPLETE,blaOXA-1=COMPLETE,catA1=COMPLETE,catB3=PARTIAL_END_OF_CONTIG,cyaA_S352T=POINT,dfrA17=COMPLETE,gyrA_D87N=POINT,gyrA_S83L=POINT,mdtM=COMPLETE,mph(A)=COMPLETE,parC_S80I=POINT,parE_S458A=POINT,sul1=COMPLETE,tet(B)=COMPLETE",,"amikacin=S,amoxicillin-clavulanic acid=R,ampicillin=R,cefazolin=R,cefepime=R,cefoxitin=R,ceftazidime=R,ceftriaxone=R,ciprofloxacin=R,ertapenem=S,gentamicin=R,levofloxacin=R,meropenem=S,nitrofurantoin=S,piperacillin-tazobactam=S,tetracycline=R,tobramycin=R,trimethoprim-sulfamethoxazole=R"
E.coli and Shigella,,"""BWH_985_E_col"",""SRS18433710""",,PDT001830943.2,2024-02-05T02:28:15Z,USA:Boston,Perineal area wound,clinical,,PDS000060028.67,29.0,70.0,SAMN36729072,GCA_032329875.2,"aac(3)-IId=COMPLETE,aadA5=COMPLETE,acrF=COMPLETE,aph(3'')-Ib=COMPLETE,aph(6)-Id=COMPLETE,blaCTX-M-15=COMPLETE,blaEC=COMPLETE,blaTEM-1=COMPLETE,dfrA17=COMPLETE,gyrA_D87N=POINT,gyrA_S83L=POINT,mdtM=COMPLETE,mph(A)=COMPLETE,parC_E84V=POINT,parC_S80I=POINT,parE_I529L=POINT,ptsI_V25I=POINT,sul1=COMPLETE,sul2=COMPLETE,tet(A)=COMPLETE,uhpT_E350Q=POINT",,"amikacin=S,amoxicillin-clavulanic acid=S,ampicillin=S,cefepime=S,cefoxitin=S,ceftazidime=R,ceftriaxone=R,ciprofloxacin=R,daptomycin=S,doxycycline=I,ertapenem=S,erythromycin=I,gentamicin=R,levofloxacin=R,linezolid=S,meropenem=S,piperacillin-tazobactam=S,streptomycin=R,tetracycline=R,tobramycin=I,trimethoprim-sulfamethoxazole=R,vancomycin=S"
E.coli and Shigella,,"""BWH_1014_E_col"",""SRS18433711""",,PDT001830944.2,2024-02-06T11:03:33Z,USA:Boston,urine,clinical,,,,,SAMN36729071,GCA_032329835.2,"acrF=COMPLETE,blaCTX-M-55=COMPLETE,blaEC-5=COMPLETE,gyrA_D87N=POINT,gyrA_S83L=POINT,marR_S3N=POINT,parC_S80I=POINT,parE_L416F=POINT,uhpT_E350Q=POINT",,"amikacin=S,amoxicillin-clavulanic acid=S,ampicillin=R,cefazolin=R,cefepime=R,cefoxitin=S,ceftazidime=R,ceftriaxone=R,ciprofloxacin=R,ertapenem=S,gentamicin=S,levofloxacin=R,meropenem=S,nitrofurantoin=S,piperacillin-tazobactam=S,tetracycline=S,tobramycin=S,trimethoprim-sulfamethoxazole=S"
E.coli and Shigella,,"""BWH_902_E_col"",""SRS18433704""",,PDT001830948.4,2024-02-07T03:13:29Z,USA:Boston,urine,clinical,,PDS000194248.147,20.0,33.0,SAMN36729040,GCA_031775475.2,"aac(3)-IIe=COMPLETE,aac(6')-Ib-cr5=COMPLETE,acrF=COMPLETE,blaCTX-M-15=COMPLETE,blaEC-5=COMPLETE,blaOXA-1=COMPLETE,catB3=PARTIAL_END_OF_CONTIG,dfrA17=COMPLETE,gyrA_D87N=POINT,gyrA_S83L=POINT,marR_S3N=POINT,parC_S80I=POINT,parE_L416F=POINT,uhpT_E350Q=POINT",,"amikacin=S,amoxicillin-clavulanic acid=S,ampicillin=R,cefazolin=R,cefepime=S,cefoxitin=S,ceftazidime=S,ceftriaxone=R,ciprofloxacin=R,ertapenem=S,gentamicin=R,levofloxacin=R,meropenem=S,nitrofurantoin=S,piperacillin-tazobactam=S,tetracycline=S,tobramycin=R,trimethoprim-sulfamethoxazole=R"
E.coli and Shigella,,"""BWH_65_E_col"",""SRS18433703""",,PDT001830950.2,2024-02-17T01:26:19Z,USA:Boston,Great trochanter,clinical,,,,,SAMN36729039,GCA_032329735.2,"aadA5=COMPLETE,acrF=COMPLETE,aph(3'')-Ib=COMPLETE,aph(6)-Id=COMPLETE,blaCTX-M-27=COMPLETE,blaEC=COMPLETE,dfrA17=PARTIAL,dfrA17=PARTIAL_END_OF_CONTIG,gyrA_D87N=POINT,gyrA_S83L=POINT,mdtM=COMPLETE,mph(A)=COMPLETE,parC_E84V=POINT,parC_S80I=POINT,parE_I529L=POINT,ptsI_V25I=POINT,sul1=COMPLETE,sul2=COMPLETE,tet(A)=COMPLETE,uhpT_E350Q=POINT",,"amikacin=S,ampicillin=R,cefepime=S,cefoxitin=R,ceftazidime=I,ceftriaxone=R,ciprofloxacin=R,gentamicin=I,levofloxacin=R,meropenem=S,piperacillin-tazobactam=S,tetracycline=R,tobramycin=I,trimethoprim-sulfamethoxazole=R"
E.coli and Shigella,,"""BWH_235_E_col"",""SRS18433700""",,PDT001830952.2,2024-02-07T05:17:27Z,USA:Boston,blood,clinical,,PDS000154325.3,0.0,,SAMN36729037,GCA_032329755.2,"aac(6')-Ib-cr5=COMPLETE,aadA5=COMPLETE,acrF=COMPLETE,blaCTX-M-15=COMPLETE,blaEC=COMPLETE,blaOXA-1=COMPLETE,catB3=PARTIAL_END_OF_CONTIG,dfrA17=COMPLETE,gyrA_D87N=POINT,gyrA_S83L=POINT,mdtM=COMPLETE,mph(A)=COMPLETE,parC_E84V=POINT,parC_S80I=POINT,parE_I529L=POINT,ptsI_V25I=POINT,rpoB_H526Y=POINT,sul1=COMPLETE,tet(A)=COMPLETE,uhpT_E350Q=POINT",,"amikacin=S,amoxicillin-clavulanic acid=I,ampicillin=R,cefepime=S,cefoxitin=S,ceftazidime=R,ceftriaxone=R,ciprofloxacin=R,ertapenem=S,gentamicin=S,levofloxacin=R,meropenem=S,piperacillin-tazobactam=S,tetracycline=R,tobramycin=I,trimethoprim-sulfamethoxazole=R"
E.coli and Shigella,,"""BWH_312_E_col"",""SRS18433698""",,PDT001830955.2,2024-02-07T21:02:56Z,USA:Boston,blood,clinical,,PDS000034871.21,2.0,,SAMN36729034,GCA_032329675.2,"aadA5=COMPLETE,acrF=COMPLETE,aph(3'')-Ib=COMPLETE,aph(6)-Id=COMPLETE,blaCTX-M-15=COMPLETE,blaEC=COMPLETE,dfrA17=COMPLETE,gyrA_D87N=POINT,gyrA_S83L=POINT,mdtM=COMPLETE,mph(A)=COMPLETE,parC_E84V=POINT,parC_S80I=POINT,parE_I529L=POINT,ptsI_V25I=POINT,sul1=COMPLETE,sul2=COMPLETE,uhpT_E350Q=POINT",,"amikacin=S,amoxicillin-clavulanic acid=S,ampicillin=R,cefepime=R,cefoxitin=S,ceftazidime=R,ceftriaxone=R,ciprofloxacin=R,ertapenem=S,gentamicin=S,levofloxacin=R,meropenem=S,piperacillin-tazobactam=S,tetracycline=S,tobramycin=S,trimethoprim-sulfamethoxazole=R"
E.coli and Shigella,,"""BWH_986_E_col"",""SRS18433690""",,PDT001830962.2,2024-02-19T04:57:02Z,USA:Boston,wound,clinical,,,,,SAMN36729027,GCA_032329575.2,"acrF=COMPLETE,blaCTX-M-15=COMPLETE,blaEC=COMPLETE,cyaA_S352T=POINT,dfrA5=COMPLETE,dfrA7=COMPLETE,gyrA_D87N=POINT,gyrA_S83L=POINT,mph(A)=COMPLETE,parC_S80I=POINT,qnrS13=COMPLETE,sul1=COMPLETE,tet(A)=COMPLETE",,"amikacin=S,amoxicillin-clavulanic acid=S,ampicillin=R,cefepime=S,cefoxitin=S,ceftazidime=S,ceftriaxone=R,ciprofloxacin=R,ertapenem=S,gentamicin=S,levofloxacin=R,meropenem=S,piperacillin-tazobactam=S,tetracycline=R,tobramycin=S,trimethoprim-sulfamethoxazole=R"
E.coli and Shigella,,"""BWH_825_E_col"",""SRS18433687""",,PDT001830964.3,2024-02-07T17:09:25Z,USA:Boston,urine,clinical,,PDS000194248.147,21.0,35.0,SAMN36729025,GCA_031775975.2,"acrF=COMPLETE,blaCTX-M-55=COMPLETE,blaEC-5=COMPLETE,gyrA_D87N=POINT,gyrA_S83L=POINT,marR_S3N=POINT,parC_S80I=POINT,parE_L416F=POINT,uhpT_E350Q=POINT",,"amikacin=S,amoxicillin-clavulanic acid=S,ampicillin=R,cefazolin=R,cefepime=S,cefoxitin=S,ceftazidime=R,ceftriaxone=R,ciprofloxacin=R,ertapenem=S,gentamicin=S,levofloxacin=R,meropenem=S,nitrofurantoin=S,piperacillin-tazobactam=S,tetracycline=S,tobramycin=S,trimethoprim-sulfamethoxazole=S"
E.coli and Shigella,,"""BWH_355_E_col"",""SRS18433682""",,PDT001830968.2,2024-02-07T13:06:38Z,USA:Boston,urine,clinical,,PDS000117091.382,4.0,22.0,SAMN36729021,GCA_032329495.2,"aadA5=COMPLETE,acrF=COMPLETE,blaCTX-M-27=COMPLETE,blaEC=COMPLETE,dfrA17=COMPLETE,gyrA_D87N=POINT,gyrA_S83L=POINT,mdtM=COMPLETE,mph(A)=COMPLETE,parC_E84V=POINT,parC_S80I=POINT,parE_I529L=POINT,ptsI_V25I=POINT,sul1=COMPLETE,tet(A)=PARTIAL,tet(A)=PARTIAL_END_OF_CONTIG,uhpT_E350Q=POINT",,"amikacin=S,amoxicillin-clavulanic acid=S,ampicillin=R,cefazolin=R,cefepime=S,cefoxitin=R,ceftazidime=R,ceftriaxone=R,ciprofloxacin=R,ertapenem=S,gentamicin=S,levofloxacin=R,meropenem=S,nitrofurantoin=S,piperacillin-tazobactam=S,tetracycline=S,tobramycin=S,trimethoprim-sulfamethoxazole=R"
E.coli and Shigella,,"""BWH_670_E_col"",""SRS18433680""",,PDT001830970.2,2024-02-16T19:51:40Z,USA:Boston,urine,clinical,,PDS000041690.188,18.0,31.0,SAMN36729019,GCA_032329395.2,"acrF=COMPLETE,blaCTX-M-27=COMPLETE,blaEC=COMPLETE,gyrA_D87N=POINT,gyrA_S83L=POINT,mdtM=COMPLETE,parC_S80I=POINT,parE_E460D=POINT,ptsI_V25I=POINT,uhpT_E350Q=POINT",,"amikacin=S,amoxicillin-clavulanic acid=S,ampicillin=R,cefazolin=R,cefepime=S,cefoxitin=S,ceftazidime=S,ceftriaxone=R,ciprofloxacin=R,ertapenem=S,gentamicin=S,levofloxacin=R,meropenem=S,nitrofurantoin=S,piperacillin-tazobactam=S,tetracycline=S,tobramycin=S,trimethoprim-sulfamethoxazole=S"
E.coli and Shigella,,"""BWH_846_E_col"",""SRS18433671""",,PDT001830979.2,2024-02-07T14:57:31Z,USA:Boston,urine,clinical,,,,,SAMN36729137,GCA_032329295.2,"aac(6')-Ib-cr=PARTIAL,aac(6')-Ib-cr=PARTIAL_END_OF_CONTIG,aadA5=COMPLETE,acrF=COMPLETE,blaCTX-M-15=COMPLETE,blaEC=COMPLETE,blaOXA-1=COMPLETE,catB3=PARTIAL_END_OF_CONTIG,dfrA17=COMPLETE,gyrA_D87N=POINT,gyrA_S83L=POINT,mdtM=COMPLETE,mph(A)=COMPLETE,parC_E84V=POINT,parC_S80I=POINT,parE_I529L=POINT,ptsI_V25I=POINT,sul1=COMPLETE,uhpT_E350Q=POINT",,"amikacin=S,amoxicillin-clavulanic acid=S,ampicillin=R,cefazolin=R,cefepime=S,cefoxitin=S,ceftazidime=S,ceftriaxone=R,ciprofloxacin=R,ertapenem=S,gentamicin=S,levofloxacin=R,meropenem=S,nitrofurantoin=S,piperacillin-tazobactam=S,tetracycline=S,tobramycin=S,trimethoprim-sulfamethoxazole=R"
E.coli and Shigella,,"""BWH_1045_E_col"",""SRS18433665""",,PDT001830983.2,2024-02-11T13:02:25Z,USA:Boston,urine,clinical,,PDS000149482.20,32.0,43.0,SAMN36729131,GCA_032329275.2,"acrF=COMPLETE,aph(3'')-Ib=COMPLETE,aph(6)-Id=COMPLETE,blaCTX-M-27=COMPLETE,blaEC=COMPLETE,gyrA_D87N=POINT,gyrA_S83L=POINT,mdtM=COMPLETE,mph(A)=COMPLETE,parC_E84V=POINT,parC_S80I=POINT,parE_I529L=POINT,ptsI_V25I=POINT,sul1=COMPLETE,sul2=COMPLETE,tet(A)=COMPLETE,uhpT_E350Q=POINT",,"amikacin=S,amoxicillin-clavulanic acid=S,ampicillin=R,cefazolin=R,cefepime=S,cefoxitin=S,ceftazidime=R,ceftriaxone=R,ciprofloxacin=R,ertapenem=S,gentamicin=S,levofloxacin=R,meropenem=S,nitrofurantoin=S,piperacillin-tazobactam=S,tetracycline=R,tobramycin=S,trimethoprim-sulfamethoxazole=S"
E.coli and Shigella,,"""BWH_745_E_col"",""SRS18433660""",,PDT001830987.2,2024-02-18T15:17:42Z,USA:Boston,blood,clinical,,,,,SAMN36729127,GCA_032329375.2,"aadA2=COMPLETE,acrF=COMPLETE,aph(3'')-Ib=COMPLETE,aph(6)-Id=COMPLETE,blaCTX-M-27=COMPLETE,blaEC=COMPLETE,blaTEM-1=COMPLETE,catA1=COMPLETE,dfrA12=COMPLETE,gyrA_D87N=POINT,gyrA_S83L=POINT,mdtM=COMPLETE,mph(A)=COMPLETE,nfsA_Q67Ter=POINT,parC_S80I=POINT,parE_S458A=POINT,qepA4=COMPLETE,sul1=COMPLETE,sul2=COMPLETE,tet(B)=COMPLETE",,"amikacin=S,amoxicillin-clavulanic acid=S,ampicillin=R,cefepime=S,cefoxitin=S,ceftazidime=S,ceftriaxone=R,ciprofloxacin=R,ertapenem=S,gentamicin=S,levofloxacin=R,meropenem=S,piperacillin-tazobactam=S,tetracycline=R,tobramycin=S,trimethoprim-sulfamethoxazole=R"
E.coli and Shigella,,"""BWH_1094_E_col"",""SRS18433658""",,PDT001830989.2,2024-02-19T04:57:02Z,USA:Boston,urine,clinical,,,,,SAMN36729125,GCA_032329255.2,"aadA5=COMPLETE,acrF=COMPLETE,aph(3'')-Ib=COMPLETE,aph(6)-Id=COMPLETE,blaCTX-M-27=COMPLETE,blaEC=COMPLETE,cyaA_S352T=POINT,dfrA17=COMPLETE,erm(B)=COMPLETE,gyrA_D87N=POINT,gyrA_S83L=POINT,mdtM=COMPLETE,mph(A)=COMPLETE,parC_S80I=POINT,sul1=COMPLETE,sul2=COMPLETE,tet(A)=COMPLETE",,"amikacin=S,amoxicillin-clavulanic acid=S,ampicillin=R,cefazolin=R,cefepime=S,cefoxitin=S,ceftazidime=R,ceftriaxone=R,ciprofloxacin=R,ertapenem=S,gentamicin=S,levofloxacin=R,meropenem=S,nitrofurantoin=S,piperacillin-tazobactam=S,tetracycline=R,tobramycin=S,trimethoprim-sulfamethoxazole=R"
E.coli and Shigella,,"""BWH_1285_E_col"",""SRS18433654""",,PDT001830992.2,2024-02-17T13:16:03Z,USA:Boston,urine,clinical,,PDS000041690.188,0.0,54.0,SAMN36729121,GCA_032329175.2,"aadA5=COMPLETE,acrF=COMPLETE,aph(3'')-Ib=COMPLETE,aph(6)-Id=COMPLETE,blaCTX-M-27=COMPLETE,blaEC=COMPLETE,dfrA17=COMPLETE,gyrA_D87N=POINT,gyrA_S83L=POINT,mdtM=COMPLETE,mph(A)=COMPLETE,parC_S80I=POINT,parE_E460D=POINT,ptsI_V25I=POINT,sul1=COMPLETE,sul2=COMPLETE,tet(A)=COMPLETE,uhpT_E350Q=POINT",,"amikacin=S,amoxicillin-clavulanic acid=S,ampicillin=R,cefazolin=R,cefepime=S,cefoxitin=S,ceftazidime=S,ceftriaxone=R,ciprofloxacin=R,ertapenem=S,gentamicin=S,levofloxacin=R,meropenem=S,nitrofurantoin=S,piperacillin-tazobactam=S,tetracycline=R,tobramycin=S,trimethoprim-sulfamethoxazole=R"
E.coli and Shigella,,"""BWH_304_E_col"",""SRS18433651""",,PDT001830994.2,2024-02-17T07:04:52Z,USA:Boston,blood,clinical,,,,,SAMN36729119,GCA_032329155.2,"acrF=COMPLETE,blaCMY-2=COMPLETE,blaEC=COMPLETE,gyrA_D87N=POINT,gyrA_S83L=POINT,mdtM=COMPLETE,parC_S80I=POINT",,"amikacin=S,amoxicillin-clavulanic acid=R,ampicillin=R,cefepime=S,cefoxitin=R,ceftazidime=R,ceftriaxone=R,ciprofloxacin=R,ertapenem=S,gentamicin=S,levofloxacin=R,meropenem=S,piperacillin-tazobactam=S,tetracycline=S,tobramycin=S,trimethoprim-sulfamethoxazole=S"
E.coli and Shigella,,"""BWH_1228_E_col"",""SRS18433646""",,PDT001830999.3,2024-02-07T07:09:44Z,USA:Boston,urine,clinical,,PDS000052522.117,0.0,39.0,SAMN36729013,GCA_031775895.2,"aac(3)-IIe=COMPLETE,aac(6')-Ib-cr5=COMPLETE,acrF=COMPLETE,blaCTX-M-15=COMPLETE,blaEC=COMPLETE,blaOXA-1=COMPLETE,catB3=PARTIAL_END_OF_CONTIG,gyrA_D87N=POINT,gyrA_S83L=POINT,mdtM=COMPLETE,parC_E84V=POINT,parC_S80I=POINT,parE_I529L=POINT,ptsI_V25I=POINT,tet(A)=COMPLETE,uhpT_E350Q=POINT",,"amikacin=S,amoxicillin-clavulanic acid=R,ampicillin=R,cefazolin=R,cefepime=S,cefoxitin=R,ceftazidime=R,ceftriaxone=R,ciprofloxacin=R,ertapenem=S,gentamicin=R,levofloxacin=R,meropenem=S,nitrofurantoin=S,piperacillin-tazobactam=R,tetracycline=R,tobramycin=R,trimethoprim-sulfamethoxazole=S"
E.coli and Shigella,,"""BWH_966_E_col"",""SRS18433644""",,PDT001831001.2,2024-02-07T01:05:21Z,USA:Boston,urine,clinical,,PDS000154310.3,10.0,,SAMN36729011,GCA_032329055.2,"acrF=COMPLETE,aph(3'')-Ib=COMPLETE,aph(6)-Id=COMPLETE,blaCTX-M-27=COMPLETE,blaEC-5=COMPLETE,gyrA_D87N=POINT,gyrA_S83L=POINT,marR_S3N=POINT,parC_S80I=POINT,parE_L416F=POINT,sul2=COMPLETE,tet(A)=COMPLETE,uhpT_E350Q=POINT",,"amikacin=S,amoxicillin-clavulanic acid=S,ampicillin=S,cefazolin=R,cefepime=S,cefoxitin=I,ceftaroline=S,ceftazidime=R,ceftriaxone=R,ciprofloxacin=R,clindamycin=S,daptomycin=S,doxycycline=I,ertapenem=S,erythromycin=R,gentamicin=S,levofloxacin=R,linezolid=S,meropenem=S,minocycline=S,moxifloxacin=I,nitrofurantoin=S,oxacillin=R,piperacillin-tazobactam=S,rifampin=S,streptomycin=S,tetracycline=R,tigecycline=S,tobramycin=S,trimethoprim-sulfamethoxazole=S,vancomycin=S"
E.coli and Shigella,,"""BWH_871_E_col"",""SRS18433643""",,PDT001831002.2,2024-02-07T17:09:26Z,USA:Boston,urine,clinical,,,,,SAMN36729010,GCA_032329035.2,"aac(3)-IId=COMPLETE,aac(3)-VIa=COMPLETE,aadA1=COMPLETE,acrF=COMPLETE,aph(3'')-Ib=COMPLETE,aph(3')-Ia=COMPLETE,aph(6)-Id=COMPLETE,blaCMY-2=COMPLETE,blaEC=COMPLETE,blaTEM-1=COMPLETE,dfrA14=COMPLETE,estX=COMPLETE,floR=COMPLETE,gyrA_D87N=POINT,gyrA_S83L=POINT,mdtM=COMPLETE,parC_S80I=POINT,parE_S458A=POINT,sul1=COMPLETE,sul2=COMPLETE,sul3=COMPLETE,tet(A)=COMPLETE,tet(A)=PARTIAL_END_OF_CONTIG",,"amikacin=S,amoxicillin-clavulanic acid=R,ampicillin=R,cefazolin=R,cefepime=S,cefoxitin=R,ceftazidime=R,ceftriaxone=R,ciprofloxacin=R,ertapenem=S,gentamicin=R,levofloxacin=R,meropenem=S,nitrofurantoin=S,piperacillin-tazobactam=S,tetracycline=R,tobramycin=I,trimethoprim-sulfamethoxazole=R"
E.coli and Shigella,,"""BWH_133_E_col"",""SRS18433640""",,PDT001831005.2,2024-02-06T17:03:18Z,USA:Boston,urine,clinical,,PDS000194248.147,19.0,30.0,SAMN36729008,GCA_032329015.2,"aac(3)-IId=COMPLETE,aadA5=COMPLETE,aadA5=PARTIAL_END_OF_CONTIG,acrF=COMPLETE,blaCTX-M-55=COMPLETE,blaEC-5=COMPLETE,blaTEM-1=COMPLETE,dfrA17=COMPLETE,gyrA_D87N=POINT,gyrA_S83L=POINT,marR_S3N=POINT,mph(A)=COMPLETE,parC_S80I=POINT,parE_L416F=POINT,sul1=COMPLETE,uhpT_E350Q=POINT",,"amikacin=S,amoxicillin-clavulanic acid=I,ampicillin=R,cefazolin=R,cefepime=S,cefoxitin=S,ceftazidime=R,ceftriaxone=R,ciprofloxacin=R,ertapenem=S,gentamicin=R,levofloxacin=R,meropenem=S,nitrofurantoin=S,piperacillin-tazobactam=S,tetracycline=S,tobramycin=I,trimethoprim-sulfamethoxazole=R"
E.coli and Shigella,,"""BWH_1150_E_col"",""SRS18433635""",,PDT001831010.3,2024-02-07T07:09:45Z,USA:Boston,IR fluid,clinical,,PDS000218188.6,18.0,45.0,SAMN36729003,GCA_031775795.2,"acrF=COMPLETE,blaCTX-M-15=COMPLETE,blaEC=COMPLETE,gyrA_D87N=POINT,gyrA_S83L=POINT,mdtM=COMPLETE,parC_E84V=POINT,parC_S80I=POINT,parE_I529L=POINT,ptsI_V25I=POINT,uhpT_E350Q=POINT",,"amikacin=S,amoxicillin-clavulanic acid=S,ampicillin=R,cefepime=S,cefoxitin=S,ceftazidime=R,ciprofloxacin=R,ertapenem=S,gentamicin=S,meropenem=S,piperacillin-tazobactam=S,tetracycline=S,tobramycin=S,trimethoprim-sulfamethoxazole=S"
E.coli and Shigella,,"""BWH_376_E_col"",""SRS18433632""",,PDT001831013.2,2024-02-05T23:02:41Z,USA:Boston,abdomen,clinical,,PDS000033989.165,16.0,26.0,SAMN36729000,GCA_032328935.2,"aadA5=COMPLETE,acrF=COMPLETE,blaCTX-M-15=COMPLETE,blaEC=COMPLETE,dfrA17=COMPLETE,erm(B)=COMPLETE,gyrA_D87Y=POINT,gyrA_S83L=POINT,mdtM=COMPLETE,mph(A)=COMPLETE,parC_E84V=POINT,parC_S80I=POINT,parE_I529L=POINT,ptsI_V25I=POINT,sul1=COMPLETE,uhpT_E350Q=POINT",,"amikacin=S,amoxicillin-clavulanic acid=S,ampicillin=R,cefepime=S,cefoxitin=S,ceftazidime=S,ceftriaxone=R,ciprofloxacin=R,ertapenem=S,gentamicin=S,levofloxacin=R,meropenem=S,piperacillin-tazobactam=S,tetracycline=S,tobramycin=S,trimethoprim-sulfamethoxazole=S"
E.coli and Shigella,,"""BWH_824_E_col"",""SRS18433631""",,PDT001831014.2,2024-02-07T17:09:26Z,USA:Boston,urine,clinical,,PDS000080748.21,34.0,,SAMN36728901,GCA_032328895.2,"aac(3)-IIe=COMPLETE,aac(6')-Ib-cr5=COMPLETE,aadA5=COMPLETE,acrF=COMPLETE,blaCTX-M-15=COMPLETE,blaEC=COMPLETE,blaOXA-1=COMPLETE,catB3=PARTIAL_END_OF_CONTIG,dfrA17=COMPLETE,gyrA_D87N=POINT,gyrA_S83L=POINT,mdtM=COMPLETE,mph(A)=COMPLETE,parC_E84V=POINT,parC_S80I=POINT,parE_I529L=POINT,ptsI_V25I=POINT,sul1=COMPLETE,tet(A)=COMPLETE,uhpT_E350Q=POINT",,"amikacin=S,amoxicillin-clavulanic acid=I,ampicillin=R,cefazolin=R,cefepime=S,cefoxitin=R,ceftazidime=R,ceftriaxone=R,ciprofloxacin=R,ertapenem=S,gentamicin=R,levofloxacin=R,meropenem=S,nitrofurantoin=S,piperacillin-tazobactam=S,tetracycline=R,tobramycin=R,trimethoprim-sulfamethoxazole=R"
E.coli and Shigella,,"""BWH_944_E_col"",""SRS18433626""",,PDT001831019.2,2024-02-07T19:04:02Z,USA:Boston,urine,clinical,,,,,SAMN36728995,GCA_032328835.2,"aac(3)-IIe=COMPLETE,aac(6')-Ib-cr5=COMPLETE,aadA5=COMPLETE,acrF=COMPLETE,blaCTX-M-15=COMPLETE,blaEC=COMPLETE,blaOXA-1=COMPLETE,blaTEM-1=COMPLETE,catB3=PARTIAL_END_OF_CONTIG,dfrA17=COMPLETE,gyrA_D87N=POINT,gyrA_S83L=POINT,mdtM=COMPLETE,mph(A)=COMPLETE,parC_E84V=POINT,parC_S80I=POINT,parE_I529L=POINT,ptsI_V25I=POINT,sul1=COMPLETE,uhpT_E350Q=POINT",,"amikacin=S,amoxicillin-clavulanic acid=S,ampicillin=R,cefazolin=R,cefepime=S,cefoxitin=S,ceftazidime=S,ceftriaxone=S,ciprofloxacin=R,ertapenem=S,gentamicin=R,levofloxacin=S,meropenem=S,nitrofurantoin=R,piperacillin-tazobactam=S,tetracycline=S,tobramycin=S,trimethoprim-sulfamethoxazole=R"
E.coli and Shigella,,"""BWH_279_E_col"",""SRS18433622""",,PDT001831023.3,2024-02-06T21:14:36Z,USA:Boston,Perianal abscess,clinical,,PDS000052522.117,22.0,33.0,SAMN36728991,GCA_031775865.2,"aac(6')-Ib-cr5=COMPLETE,acrF=COMPLETE,blaCTX-M-15=COMPLETE,blaEC=COMPLETE,blaOXA-1=COMPLETE,catB3=PARTIAL_END_OF_CONTIG,gyrA_D87N=POINT,gyrA_S83L=POINT,mdtM=COMPLETE,parC_E84V=POINT,parC_S80I=POINT,parE_I529L=POINT,ptsI_V25I=POINT,tet(A)=COMPLETE,uhpT_E350Q=POINT",,"amikacin=S,amoxicillin-clavulanic acid=I,ampicillin=R,cefepime=S,cefoxitin=S,ceftazidime=R,ceftriaxone=R,ciprofloxacin=R,ertapenem=S,gentamicin=S,levofloxacin=R,meropenem=S,piperacillin-tazobactam=S,tetracycline=R,tobramycin=S,trimethoprim-sulfamethoxazole=S"
E.coli and Shigella,,"""BWH_1240_E_col"",""SRS18433621""",,PDT001831024.2,2024-02-16T23:37:21Z,USA:Boston,blood,clinical,,PDS000175753.1,0.0,,SAMN36728990,GCA_032328715.2,"acrF=COMPLETE,blaEC=COMPLETE,blaSHV=COMPLETE,mdtM=COMPLETE,qnrS1=COMPLETE",,"amikacin=S,amoxicillin-clavulanic acid=R,ampicillin=R,cefepime=R,cefoxitin=R,ceftazidime=R,ceftriaxone=R,ciprofloxacin=R,gentamicin=S,levofloxacin=R,meropenem=S,piperacillin-tazobactam=R,tetracycline=S,tobramycin=S,trimethoprim-sulfamethoxazole=S"
E.coli and Shigella,,"""BWH_1002_E_col"",""SRS18433619""",,PDT001831025.2,2024-02-06T01:15:31Z,USA:Boston,urine,clinical,,PDS000002968.261,29.0,35.0,SAMN36728891,GCA_032328735.2,"aadA5=COMPLETE,acrF=COMPLETE,aph(3'')-Ib=COMPLETE,aph(6)-Id=COMPLETE,blaCTX-M-27=COMPLETE,blaEC-5=COMPLETE,dfrA17=COMPLETE,erm(B)=COMPLETE,gyrA_D87N=POINT,gyrA_S83L=POINT,marR_S3N=POINT,mph(A)=COMPLETE,parC_S80I=POINT,parE_L416F=POINT,sul1=COMPLETE,sul2=COMPLETE,tet(A)=COMPLETE,uhpT_E350Q=POINT",,"amikacin=S,amoxicillin-clavulanic acid=S,ampicillin=R,cefazolin=R,cefepime=S,cefoxitin=S,ceftazidime=S,ceftriaxone=R,ciprofloxacin=R,ertapenem=S,gentamicin=S,levofloxacin=R,meropenem=S,nitrofurantoin=S,piperacillin-tazobactam=S,tetracycline=R,tobramycin=S,trimethoprim-sulfamethoxazole=R"
E.coli and Shigella,,"""BWH_1130_E_col"",""SRS18433618""",,PDT001831026.2,2024-02-07T11:05:26Z,USA:Boston,urine,clinical,,,,,SAMN36728890,GCA_032328745.2,"aadA5=COMPLETE,acrF=COMPLETE,aph(3'')-Ib=COMPLETE,aph(6)-Id=COMPLETE,blaCTX-M-27=COMPLETE,blaEC=COMPLETE,dfrA17=COMPLETE,gyrA_D87N=POINT,gyrA_S83L=POINT,mdtM=COMPLETE,mph(A)=COMPLETE,nfsA_H11Y=POINT,parC_E84V=POINT,parC_S80I=POINT,parE_I529L=POINT,ptsI_V25I=POINT,sul1=COMPLETE,sul2=COMPLETE,tet(A)=COMPLETE,uhpT_E350Q=POINT",,"amikacin=S,amoxicillin-clavulanic acid=S,ampicillin=R,cefazolin=R,cefepime=S,cefoxitin=S,ceftazidime=S,ceftriaxone=R,ciprofloxacin=R,ertapenem=S,gentamicin=S,levofloxacin=R,meropenem=S,nitrofurantoin=R,piperacillin-tazobactam=S,tetracycline=R,tobramycin=S,trimethoprim-sulfamethoxazole=R"
E.coli and Shigella,,"""BWH_858_E_col"",""SRS18433925""",,PDT001831033.3,2024-02-05T02:28:16Z,USA:Boston,urine,clinical,,PDS000155548.4,4.0,,SAMN36729202,GCA_031775775.2,"aac(3)-IId=COMPLETE,aadA5=COMPLETE,acrF=COMPLETE,aph(3'')-Ib=COMPLETE,aph(6)-Id=COMPLETE,blaCTX-M-15=COMPLETE,blaEC=COMPLETE,blaTEM-1=COMPLETE,dfrA17=COMPLETE,gyrA_S83L=POINT,mdtM=COMPLETE,mph(A)=COMPLETE,parC_A108T=POINT,parC_S80I=POINT,ptsI_V25I=POINT,sul1=COMPLETE,sul2=COMPLETE,tet(A)=COMPLETE,uhpT_E350Q=POINT",,"amikacin=S,amoxicillin-clavulanic acid=S,ampicillin=R,cefazolin=R,cefepime=S,cefoxitin=S,ceftazidime=R,ceftriaxone=R,ciprofloxacin=R,ertapenem=S,gentamicin=R,levofloxacin=I,meropenem=S,nitrofurantoin=S,piperacillin-tazobactam=S,tetracycline=R,tobramycin=I,trimethoprim-sulfamethoxazole=R"
E.coli and Shigella,,"""BWH_1238_E_col"",""SRS18433919""",,PDT001831036.2,2024-02-21T19:07:42Z,USA:Boston,urine,clinical,,PDS000107979.113,13.0,21.0,SAMN36729199,GCA_032328495.2,"aadA5=COMPLETE,acrF=COMPLETE,blaCTX-M-15=COMPLETE,blaEC=COMPLETE,dfrA17=COMPLETE,gyrA_D87N=POINT,gyrA_S83L=POINT,mdtM=COMPLETE,mph(A)=COMPLETE,parC_S80I=POINT,parE_S458T=POINT,sul1=COMPLETE",,"amikacin=S,amoxicillin-clavulanic acid=S,ampicillin=R,cefazolin=R,cefepime=S,cefoxitin=S,ceftazidime=R,ceftriaxone=R,ciprofloxacin=R,ertapenem=S,gentamicin=S,levofloxacin=R,meropenem=S,nitrofurantoin=S,piperacillin-tazobactam=S,tetracycline=S,tobramycin=S,trimethoprim-sulfamethoxazole=R"
E.coli and Shigella,,"""BWH_895_E_col"",""SRS18433663""",,PDT001831063.2,2024-02-07T11:05:26Z,USA:Boston,urine,clinical,,PDS000117091.382,34.0,34.0,SAMN36728914,GCA_032328155.2,"acrF=COMPLETE,blaCTX-M-27=COMPLETE,blaEC=COMPLETE,gyrA_D87N=POINT,gyrA_S83L=POINT,mdtM=COMPLETE,parC_E84V=POINT,parC_S80I=POINT,parE_I529L=POINT,ptsI_V25I=POINT,uhpT_E350Q=POINT",,"amikacin=S,amoxicillin-clavulanic acid=S,ampicillin=R,cefazolin=R,cefepime=S,cefoxitin=S,ceftazidime=S,ceftriaxone=R,ciprofloxacin=R,ertapenem=S,gentamicin=S,levofloxacin=R,meropenem=S,nitrofurantoin=S,piperacillin-tazobactam=S,tetracycline=S,tobramycin=S,trimethoprim-sulfamethoxazole=S"
E.coli and Shigella,,"""BWH_308_E_col"",""SRS18433930""",,PDT001831069.2,2024-02-06T15:06:53Z,USA:Boston,blood,clinical,,,,,SAMN36729209,GCA_032328115.2,"aac(3)-IId=COMPLETE,acrF=COMPLETE,blaEC-5=COMPLETE,blaTEM-1=COMPLETE,gyrA_D87N=POINT,gyrA_S83L=POINT,marR_S3N=POINT,parC_S80I=POINT,parE_L416F=POINT,uhpT_E350Q=POINT",,"amikacin=S,amoxicillin-clavulanic acid=S,ampicillin=R,cefepime=S,cefoxitin=S,ceftazidime=S,ceftriaxone=S,ciprofloxacin=R,ertapenem=S,gentamicin=R,levofloxacin=R,meropenem=S,piperacillin-tazobactam=S,tetracycline=S,tobramycin=I,trimethoprim-sulfamethoxazole=S"
E.coli and Shigella,,"""BWH_975_E_col"",""SRS18433921""",,PDT001831073.2,2024-02-17T03:18:41Z,USA:Boston,urine,clinical,,,,,SAMN36728921,GCA_032328055.2,"acrF=COMPLETE,blaCTX-M-15=COMPLETE,blaEC=COMPLETE,dfrA14=COMPLETE,marR_S3N=POINT,mph(A)=COMPLETE,parE_D475E=POINT,qnrS1=COMPLETE,tet(B)=COMPLETE",,"amikacin=S,amoxicillin-clavulanic acid=S,ampicillin=R,cefazolin=R,cefepime=S,cefoxitin=S,ceftazidime=R,ceftriaxone=R,ciprofloxacin=R,ertapenem=S,gentamicin=S,levofloxacin=I,meropenem=S,nitrofurantoin=S,piperacillin-tazobactam=S,tetracycline=R,tobramycin=S,trimethoprim-sulfamethoxazole=R"
E.coli and Shigella,,"""BWH_1463_E_col"",""SRS18550497""",,PDT001845634.2,2024-02-20T01:08:57Z,USA:Boston,urine,clinical,,PDS000176149.1,8.0,,SAMN36892891,GCA_031835205.2,"aac(3)-IId=COMPLETE,acrF=COMPLETE,blaCMY-2=COMPLETE,blaEC=COMPLETE,blaTEM-1=COMPLETE,gyrA_D87N=POINT,gyrA_S83L=POINT,mdtM=COMPLETE,mph(A)=COMPLETE,parC_S80I=POINT,parE_S458T=POINT",,"amikacin=S,amoxicillin-clavulanic acid=R,ampicillin=R,cefazolin=R,cefepime=S,cefoxitin=R,ceftazidime=R,ceftriaxone=R,ciprofloxacin=R,ertapenem=S,gentamicin=R,levofloxacin=R,meropenem=S,nitrofurantoin=R,piperacillin-tazobactam=S,tetracycline=R,tobramycin=I,trimethoprim-sulfamethoxazole=R"
E.coli and Shigella,,"""BWH_1460_E_col"",""SRS18550486""",,PDT001845645.2,2024-02-18T15:17:43Z,USA:Boston,urine,clinical,,PDS000176149.1,8.0,,SAMN36892881,GCA_031835125.2,"aac(3)-IId=COMPLETE,aac(6')-Ib-cr5=COMPLETE,aadA5=COMPLETE,acrF=COMPLETE,aph(3'')-Ib=COMPLETE,aph(6)-Id=COMPLETE,arr=PARTIAL_END_OF_CONTIG,blaCMY-2=COMPLETE,blaEC=COMPLETE,blaOXA-1=COMPLETE,blaTEM-1=COMPLETE,catA1=COMPLETE,catB3=COMPLETE,dfrA17=COMPLETE,gyrA_D87N=POINT,gyrA_S83L=POINT,mdtM=COMPLETE,mph(A)=COMPLETE,parC_S80I=POINT,parE_S458T=POINT,sul1=PARTIAL_END_OF_CONTIG,sul2=COMPLETE,tet(B)=COMPLETE",,"amikacin=S,amoxicillin-clavulanic acid=R,ampicillin=R,cefazolin=R,cefepime=S,cefoxitin=R,ceftazidime=R,ceftriaxone=R,ciprofloxacin=R,ertapenem=S,gentamicin=R,levofloxacin=R,meropenem=S,nitrofurantoin=R,piperacillin-tazobactam=S,tetracycline=R,tobramycin=I,trimethoprim-sulfamethoxazole=R"
E.coli and Shigella,,"""BWH_1474_E_col"",""SRS18550468""",,PDT001845661.3,2024-02-06T19:06:49Z,USA:Boston,urine,clinical,,PDS000179688.7,16.0,,SAMN36892847,GCA_031766855.2,"aac(6')-Ib-cr5=COMPLETE,aadA5=COMPLETE,acrF=COMPLETE,blaCTX-M-15=COMPLETE,blaEC=COMPLETE,blaOXA-1=COMPLETE,catB3=PARTIAL_END_OF_CONTIG,dfrA17=COMPLETE,gyrA_D87N=POINT,gyrA_S83L=POINT,mdtM=COMPLETE,mph(A)=COMPLETE,parC_E84V=POINT,parC_S80I=POINT,parE_I529L=POINT,ptsI_V25I=POINT,sul1=COMPLETE,tet(A)=COMPLETE,uhpT_E350Q=POINT",,"amikacin=S,amoxicillin-clavulanic acid=R,ampicillin=R,cefazolin=R,cefepime=S,cefoxitin=S,ceftazidime=S,ceftriaxone=R,ciprofloxacin=R,ertapenem=S,gentamicin=S,levofloxacin=R,meropenem=S,nitrofurantoin=S,piperacillin-tazobactam=R,tetracycline=R,tobramycin=R,trimethoprim-sulfamethoxazole=R"
E.coli and Shigella,,"""BWH_761_E_col"",""SRS18979533""",,PDT001903542.2,2024-02-18T10:11:18Z,USA:Boston,urine,clinical,,PDS000201105.2,21.0,,SAMN37516945,GCA_032123195.2,"aadA2=COMPLETE,acrF=COMPLETE,blaCTX-M-15=COMPLETE,blaEC=COMPLETE,catA1=COMPLETE,dfrA12=COMPLETE,erm(B)=COMPLETE,gyrA_D87N=POINT,gyrA_S83L=POINT,mdtM=COMPLETE,mph(A)=COMPLETE,parC_S80I=POINT,parE_L416F=POINT,qepA4=COMPLETE,sul1=COMPLETE,tet(B)=COMPLETE",,"amikacin=S,amoxicillin-clavulanic acid=S,ampicillin=R,cefazolin=R,cefepime=S,cefoxitin=S,ceftazidime=I,ceftriaxone=R,ciprofloxacin=R,ertapenem=S,gentamicin=S,levofloxacin=R,meropenem=S,nitrofurantoin=S,piperacillin-tazobactam=S,tetracycline=R,tobramycin=S,trimethoprim-sulfamethoxazole=R"
E.coli and Shigella,,"""BWH_1503_E_col"",""SRS18979531""",,PDT001903544.2,2024-02-07T11:05:30Z,USA:Boston,urine,clinical,,PDS000181415.1,15.0,,SAMN37516943,GCA_032123155.2,"aadA5=COMPLETE,acrF=COMPLETE,blaCTX-M-27=COMPLETE,blaEC=COMPLETE,dfrA17=COMPLETE,gyrA_D87N=POINT,gyrA_S83L=POINT,mdtM=COMPLETE,parC_E84V=POINT,parC_S80I=POINT,parE_I529L=POINT,ptsI_V25I=POINT,sul1=COMPLETE,uhpT_E350Q=POINT",,"amikacin=S,amoxicillin-clavulanic acid=S,ampicillin=R,cefazolin=R,cefepime=S,cefoxitin=S,ceftazidime=S,ceftriaxone=R,ciprofloxacin=R,ertapenem=S,gentamicin=S,levofloxacin=R,meropenem=S,nitrofurantoin=S,piperacillin-tazobactam=S,tetracycline=S,tobramycin=S,trimethoprim-sulfamethoxazole=R"
E.coli and Shigella,,"""BWH_1293_E_col"",""SRS18979530""",,PDT001903545.2,2024-02-07T05:17:29Z,USA:Boston,urine,clinical,,,,,SAMN37516880,GCA_032123075.2,"aadA1=COMPLETE,aadA1=PARTIAL_END_OF_CONTIG,aadA2=COMPLETE,acrF=COMPLETE,aph(3')-Ia=COMPLETE,blaCTX-M-14=COMPLETE,blaEC=COMPLETE,cmlA1=COMPLETE,estX-3=COMPLETE,fosA3=COMPLETE,gyrA_D87N=POINT,gyrA_S83L=POINT,mdtM=COMPLETE,parC_S80I=POINT,parE_S458A=POINT,sul3=COMPLETE,tet(A)=COMPLETE,tet(A)=PARTIAL_END_OF_CONTIG",,"amikacin=S,amoxicillin-clavulanic acid=S,ampicillin=R,cefazolin=R,cefepime=S,cefoxitin=S,ceftazidime=S,ceftriaxone=R,ciprofloxacin=R,ertapenem=S,gentamicin=S,levofloxacin=R,meropenem=S,nitrofurantoin=S,piperacillin-tazobactam=S,tetracycline=R,tobramycin=S,trimethoprim-sulfamethoxazole=S"
E.coli and Shigella,,"""BWH_1543_E_col"",""SRS18979529""",,PDT001903546.2,2024-02-07T03:13:32Z,USA:Boston,Bronchial alveolar lavage,clinical,,,,,SAMN37516942,GCA_040126415.1,"acrF=COMPLETE,aph(3'')-Ib=COMPLETE,aph(6)-Id=COMPLETE,blaCTX-M-27=COMPLETE,blaEC=COMPLETE,gyrA_D87N=POINT,gyrA_S83L=POINT,mdtM=COMPLETE,parC_E84V=POINT,parC_S80I=POINT,parE_I529L=POINT,ptsI_V25I=POINT,sul2=COMPLETE,tet(A)=COMPLETE,uhpT_E350Q=POINT",,"amikacin=S,amoxicillin-clavulanic acid=S,ampicillin=R,cefepime=S,cefoxitin=S,ceftazidime=S,ceftriaxone=R,ciprofloxacin=R,ertapenem=S,gentamicin=S,levofloxacin=R,meropenem=S,piperacillin-tazobactam=S,tetracycline=R,tobramycin=S,trimethoprim-sulfamethoxazole=S"
E.coli and Shigella,,"""BWH_365_E_col"",""SRS18979528""",,PDT001903547.2,2024-02-21T03:17:36Z,USA:Boston,urine,clinical,,PDS000041690.188,10.0,56.0,SAMN37516941,GCA_032123115.2,"aadA5=COMPLETE,acrF=COMPLETE,aph(3'')-Ib=COMPLETE,aph(6)-Id=COMPLETE,blaCTX-M-27=COMPLETE,blaEC=COMPLETE,dfrA17=COMPLETE,gyrA_D87N=POINT,gyrA_S83L=POINT,mdtM=COMPLETE,mph(A)=COMPLETE,parC_S80I=POINT,parE_E460D=POINT,ptsI_V25I=POINT,sul1=COMPLETE,sul2=COMPLETE,tet(A)=COMPLETE,uhpT_E350Q=POINT",,"amikacin=S,amoxicillin-clavulanic acid=S,ampicillin=R,cefazolin=R,cefepime=S,cefoxitin=S,ceftazidime=S,ceftriaxone=R,ciprofloxacin=R,ertapenem=S,gentamicin=S,levofloxacin=R,meropenem=S,nitrofurantoin=S,piperacillin-tazobactam=S,tetracycline=R,tobramycin=S,trimethoprim-sulfamethoxazole=R"
E.coli and Shigella,,"""BWH_1485_E_col"",""SRS18979526""",,PDT001903550.2,2024-02-07T03:13:33Z,USA:Boston,urine,clinical,,,,,SAMN37516938,GCA_032123055.2,"acrF=COMPLETE,aph(3'')-Ib=COMPLETE,aph(6)-Id=COMPLETE,blaCTX-M-27=COMPLETE,blaEC=COMPLETE,gyrA_D87N=POINT,gyrA_S83L=POINT,mdtM=COMPLETE,parC_E84V=POINT,parC_S80I=POINT,parE_I529L=POINT,ptsI_V25I=POINT,sul2=COMPLETE,tet(A)=COMPLETE,uhpT_E350Q=POINT",,"amikacin=S,amoxicillin-clavulanic acid=S,ampicillin=R,cefazolin=R,cefepime=S,cefoxitin=S,ceftazidime=S,ceftriaxone=R,ciprofloxacin=R,ertapenem=S,gentamicin=S,levofloxacin=R,meropenem=S,nitrofurantoin=S,piperacillin-tazobactam=S,tetracycline=R,tobramycin=S,trimethoprim-sulfamethoxazole=S"
E.coli and Shigella,,"""BWH_1494_E_col"",""SRS18979523""",,PDT001903552.2,2024-02-07T19:04:05Z,USA:Boston,sputum,clinical,,,,,SAMN37516936,GCA_032122895.2,"aac(3)-IIe=COMPLETE,aadA2=COMPLETE,acrF=COMPLETE,aph(3')-Ia=COMPLETE,blaCTX-M-15=COMPLETE,blaEC=COMPLETE,blaTEM-1=COMPLETE,dfrA12=COMPLETE,gyrA_D87N=POINT,gyrA_S83L=POINT,mdtM=COMPLETE,mph(A)=COMPLETE,parC_E84V=POINT,parC_S80I=POINT,parE_I529L=POINT,ptsI_V25I=POINT,sul1=COMPLETE,uhpT_E350Q=POINT",,"amikacin=S,amoxicillin-clavulanic acid=S,ampicillin=R,cefepime=R,cefoxitin=S,ceftazidime=R,ceftriaxone=R,ciprofloxacin=R,ertapenem=S,gentamicin=R,levofloxacin=R,meropenem=S,piperacillin-tazobactam=R,tetracycline=S,tobramycin=R,trimethoprim-sulfamethoxazole=R"
E.coli and Shigella,,"""BWH_1509_E_col"",""SRS18979520""",,PDT001903555.2,2024-02-18T15:17:44Z,USA:Boston,urine,clinical,,,,,SAMN37516933,GCA_032122675.2,"aadA1=COMPLETE,aadA1=PARTIAL_END_OF_CONTIG,aadA2=COMPLETE,acrF=COMPLETE,aph(3'')-Ib=COMPLETE,aph(6)-Id=COMPLETE,blaCTX-M-55=COMPLETE,blaEC=COMPLETE,cmlA1=COMPLETE,emrD=COMPLETE,floR=COMPLETE,gyrA_D87N=POINT,gyrA_S83L=POINT,mdtM=COMPLETE,parC_S80I=POINT,sul2=COMPLETE,sul3=COMPLETE,tet(A)=COMPLETE,tet(M)=COMPLETE",,"amikacin=S,amoxicillin-clavulanic acid=S,ampicillin=R,cefazolin=R,cefepime=S,cefoxitin=S,ceftazidime=R,ceftriaxone=R,ciprofloxacin=R,ertapenem=S,gentamicin=S,levofloxacin=R,meropenem=S,nitrofurantoin=S,piperacillin-tazobactam=S,tetracycline=R,tobramycin=S,trimethoprim-sulfamethoxazole=S"
E.coli and Shigella,,"""BWH_1532_E_col"",""SRS18979518""",,PDT001903556.2,2024-02-07T11:05:30Z,USA:Boston,Breast abscess,clinical,,,,,SAMN37516879,GCA_032122695.2,"acrF=COMPLETE,blaCTX-M-15=COMPLETE,blaEC=COMPLETE,cyaA_S352T=POINT,gyrA_S83V=POINT,mdtM=COMPLETE,mph(A)=COMPLETE,parC_S57T=POINT,uhpT_E350Q=POINT",,"amikacin=S,amoxicillin-clavulanic acid=S,ampicillin=R,cefepime=R,cefoxitin=S,ceftazidime=R,ceftriaxone=R,ciprofloxacin=R,ertapenem=S,gentamicin=S,levofloxacin=I,meropenem=S,piperacillin-tazobactam=S,tetracycline=S,tobramycin=S,trimethoprim-sulfamethoxazole=S"
E.coli and Shigella,,"""BWH_1125_E_col"",""SRS18979510""",,PDT001903565.2,2024-02-07T19:04:06Z,USA:Boston,urine,clinical,,PDS000160780.7,5.0,,SAMN37516924,GCA_032182045.2,"aac(3)-IIe=COMPLETE,aac(6')-Ib-cr5=COMPLETE,acrF=COMPLETE,blaCTX-M-15=COMPLETE,blaEC=COMPLETE,blaOXA-1=COMPLETE,catB3=PARTIAL_END_OF_CONTIG,gyrA_D87N=POINT,gyrA_S83L=POINT,mdtM=COMPLETE,parC_E84V=POINT,parC_S80I=POINT,parE_I529L=POINT,ptsI_V25I=POINT,tet(A)=COMPLETE,uhpT_E350Q=POINT",,"amikacin=S,amoxicillin-clavulanic acid=I,ampicillin=R,cefazolin=R,cefepime=S,cefoxitin=S,ceftazidime=S,ceftriaxone=R,ciprofloxacin=R,ertapenem=S,gentamicin=R,levofloxacin=R,meropenem=S,nitrofurantoin=S,piperacillin-tazobactam=S,tetracycline=R,tobramycin=R,trimethoprim-sulfamethoxazole=S"
E.coli and Shigella,,"""BWH_1535_E_col"",""SRS18979509""",,PDT001903566.2,2024-02-06T19:06:52Z,USA:Boston,urine,clinical,,PDS000115554.7,31.0,52.0,SAMN37516923,GCA_032182065.2,"aac(3)-IIe=COMPLETE,aac(6')-Ib-cr5=COMPLETE,acrF=COMPLETE,blaCTX-M-15=COMPLETE,blaEC=COMPLETE,blaOXA-1=COMPLETE,catB3=PARTIAL_END_OF_CONTIG,gyrA_D87N=POINT,gyrA_S83L=POINT,mdtM=COMPLETE,mph(A)=COMPLETE,parC_E84V=POINT,parC_S80I=POINT,parE_I529L=POINT,ptsI_V25I=POINT,sul1=COMPLETE,tet(A)=COMPLETE,uhpT_E350Q=POINT",,"amikacin=S,amoxicillin-clavulanic acid=I,ampicillin=R,cefazolin=R,cefepime=S,cefoxitin=R,ceftazidime=S,ceftriaxone=R,ciprofloxacin=R,ertapenem=S,gentamicin=R,levofloxacin=R,meropenem=S,nitrofurantoin=S,piperacillin-tazobactam=S,tetracycline=R,tobramycin=R,trimethoprim-sulfamethoxazole=S"
E.coli and Shigella,,"""BWH_1496_E_col"",""SRS18979507""",,PDT001903567.2,2024-02-16T21:25:55Z,USA:Boston,urine,clinical,,PDS000251206.2,23.0,,SAMN37516878,GCA_032122055.2,"aac(3)-IIe=COMPLETE,aadA1=COMPLETE,acrF=COMPLETE,aph(3'')-Ib=COMPLETE,aph(3')-Ia=COMPLETE,aph(6)-Id=COMPLETE,blaCTX-M-55=COMPLETE,blaEC=COMPLETE,blaTEM-1=COMPLETE,dfrA14=COMPLETE,estX-3=COMPLETE,floR=COMPLETE,gyrA_D87N=POINT,gyrA_S83L=POINT,mdtM=COMPLETE,parC_S80I=POINT,parE_S458A=POINT,sul2=COMPLETE,sul3=COMPLETE",,"amikacin=S,amoxicillin-clavulanic acid=S,ampicillin=R,cefazolin=R,cefepime=S,cefoxitin=S,ceftazidime=S,ceftriaxone=R,ciprofloxacin=R,ertapenem=S,gentamicin=R,levofloxacin=R,meropenem=S,nitrofurantoin=S,piperacillin-tazobactam=S,tetracycline=S,tobramycin=I,trimethoprim-sulfamethoxazole=R"
E.coli and Shigella,,"""BWH_1497_E_col"",""SRS18979499""",,PDT001903577.2,2024-02-17T03:18:43Z,USA:Boston,urine,clinical,,PDS000152611.6,17.0,,SAMN37516877,GCA_032121675.2,"aac(3)-IIe=COMPLETE,aadA1=COMPLETE,acrF=COMPLETE,aph(3')-Ia=COMPLETE,blaCTX-M-55=COMPLETE,blaEC=COMPLETE,dfrA14=COMPLETE,estX-3=COMPLETE,gyrA_D87N=POINT,gyrA_S83L=POINT,mdtM=COMPLETE,parC_S80I=POINT,parE_S458A=POINT,qnrS1=COMPLETE,sul3=COMPLETE,tet(A)=COMPLETE",,"amikacin=S,amoxicillin-clavulanic acid=S,ampicillin=R,cefazolin=R,cefepime=S,cefoxitin=S,ceftazidime=R,ceftriaxone=R,ciprofloxacin=R,ertapenem=S,gentamicin=R,levofloxacin=R,meropenem=S,nitrofurantoin=S,piperacillin-tazobactam=S,tetracycline=R,tobramycin=I,trimethoprim-sulfamethoxazole=R"
E.coli and Shigella,,"""BWH_1507_E_col"",""SRS18979486""",,PDT001903586.2,2024-02-16T21:25:56Z,USA:Boston,urine,clinical,,,,,SAMN37516876,GCA_032121315.2,"aac(3)-IIe=COMPLETE,aac(6')-Ib-cr5=COMPLETE,aadA5=COMPLETE,acrF=COMPLETE,aph(3'')-Ib=COMPLETE,aph(6)-Id=COMPLETE,blaCTX-M-15=COMPLETE,blaEC=COMPLETE,blaOXA-1=COMPLETE,blaTEM-1=COMPLETE,catB3=PARTIAL_END_OF_CONTIG,dfrA17=COMPLETE,gyrA_D87N=POINT,gyrA_S83L=POINT,mdtM=COMPLETE,mph(A)=COMPLETE,parC_E84V=POINT,parC_S80I=POINT,parE_I529L=POINT,ptsI_V25I=POINT,sul1=COMPLETE,sul2=COMPLETE,tet(A)=COMPLETE,uhpT_E350Q=POINT",,"amikacin=S,amoxicillin-clavulanic acid=I,ampicillin=R,cefazolin=R,cefepime=S,cefoxitin=S,ceftazidime=S,ceftriaxone=R,ciprofloxacin=R,ertapenem=S,gentamicin=R,levofloxacin=R,meropenem=S,nitrofurantoin=S,piperacillin-tazobactam=S,tetracycline=R,tobramycin=R,trimethoprim-sulfamethoxazole=R"
E.coli and Shigella,,"""BWH_485_E_col"",""SRS18979480""",,PDT001903592.2,2024-02-18T15:17:44Z,USA:Boston,urine,clinical,,,,,SAMN37516897,GCA_032121125.2,"acrF=COMPLETE,blaCTX-M-15=COMPLETE,blaEC=COMPLETE,dfrA51=COMPLETE,gyrA_D87N=POINT,gyrA_S83L=POINT,mdtM=COMPLETE,parC_E84V=POINT,parC_S80I=POINT,parE_I529L=POINT,ptsI_V25I=POINT,uhpT_E350Q=POINT",,"amikacin=S,amoxicillin-clavulanic acid=S,ampicillin=R,cefazolin=R,cefepime=R,cefoxitin=I,ceftazidime=R,ceftriaxone=R,ciprofloxacin=R,ertapenem=S,gentamicin=S,levofloxacin=R,meropenem=S,nitrofurantoin=S,piperacillin-tazobactam=S,tetracycline=S,tobramycin=S,trimethoprim-sulfamethoxazole=S"
E.coli and Shigella,,"""BWH_806_E_col"",""SRS18979478""",,PDT001903593.2,2024-02-17T21:02:41Z,USA:Boston,urine,clinical,,,,,SAMN37516895,GCA_032121115.2,"aac(3)-IIe=COMPLETE,aadA1=COMPLETE,acrF=COMPLETE,aph(3'')-Ib=COMPLETE,aph(6)-Id=COMPLETE,blaCTX-M-15=COMPLETE,blaEC=COMPLETE,dfrA1=COMPLETE,erm(B)=COMPLETE,mdtM=COMPLETE,mph(A)=COMPLETE,qnrB19=COMPLETE,qnrS1=COMPLETE,sat2=COMPLETE,sul2=COMPLETE,tet(A)=COMPLETE",,"amikacin=S,amoxicillin-clavulanic acid=S,ampicillin=R,cefazolin=R,cefepime=S,cefoxitin=S,ceftazidime=S,ceftriaxone=R,ciprofloxacin=R,ertapenem=S,gentamicin=R,levofloxacin=I,meropenem=S,nitrofurantoin=S,piperacillin-tazobactam=S,tetracycline=R,tobramycin=I,trimethoprim-sulfamethoxazole=R"
E.coli and Shigella,,"""BWH_1508_E_col"",""SRS18979476""",,PDT001903595.2,2024-02-17T21:02:42Z,USA:Boston,urine,clinical,,,,,SAMN37516893,GCA_032120615.2,"acrF=COMPLETE,blaCTX-M-15=COMPLETE,blaEC-5=COMPLETE,blaTEM-1=COMPLETE,gyrA_D87N=POINT,gyrA_S83L=POINT,marR_S3N=POINT,parC_S80I=POINT,parE_L416F=POINT,uhpT_E350Q=POINT",,"amikacin=S,amoxicillin-clavulanic acid=S,ampicillin=R,cefazolin=R,cefepime=S,cefoxitin=S,ceftazidime=S,ceftriaxone=R,ciprofloxacin=R,ertapenem=S,gentamicin=S,levofloxacin=R,meropenem=S,nitrofurantoin=S,piperacillin-tazobactam=S,tetracycline=S,tobramycin=S,trimethoprim-sulfamethoxazole=S"
E.coli and Shigella,,"""BWH_1534_E_col"",""SRS18979471""",,PDT001903599.2,2024-02-07T17:09:30Z,USA:Boston,urine,clinical,,,,,SAMN37516889,GCA_032120475.2,"aac(6')-Ib-cr5=COMPLETE,acrF=COMPLETE,blaCTX-M-15=COMPLETE,blaEC=COMPLETE,blaOXA-1=COMPLETE,catB3=PARTIAL_END_OF_CONTIG,gyrA_D87N=POINT,gyrA_S83L=POINT,mdtM=COMPLETE,parC_E84V=POINT,parC_S80I=POINT,parE_I529L=POINT,ptsI_V25I=POINT,uhpT_E350Q=POINT",,"amikacin=S,amoxicillin-clavulanic acid=I,ampicillin=R,cefazolin=R,cefepime=S,cefoxitin=R,ceftazidime=R,ceftriaxone=R,ciprofloxacin=R,ertapenem=S,gentamicin=S,levofloxacin=R,meropenem=S,nitrofurantoin=S,piperacillin-tazobactam=S,tetracycline=S,tobramycin=R,trimethoprim-sulfamethoxazole=S"
E.coli and Shigella,,"""BWH_762_E_col"",""SRS18979469""",,PDT001903601.2,2024-02-07T11:05:31Z,USA:Boston,urine,clinical,,,,,SAMN37516887,GCA_032120375.2,"aac(6')-Ib-cr5=COMPLETE,aadA5=COMPLETE,acrF=COMPLETE,blaCTX-M-15=COMPLETE,blaEC=COMPLETE,blaOXA-1=COMPLETE,catB3=PARTIAL_END_OF_CONTIG,dfrA17=COMPLETE,gyrA_D87N=POINT,gyrA_S83L=POINT,mdtM=COMPLETE,mph(A)=COMPLETE,parC_E84V=POINT,parC_S80I=POINT,parE_I529L=POINT,ptsI_V25I=POINT,sul1=COMPLETE,tet(A)=COMPLETE,uhpT_E350Q=POINT",,"amikacin=S,amoxicillin-clavulanic acid=I,ampicillin=R,cefazolin=R,cefepime=S,cefoxitin=S,ceftazidime=S,ceftriaxone=R,ciprofloxacin=R,ertapenem=S,gentamicin=S,levofloxacin=R,meropenem=S,nitrofurantoin=S,piperacillin-tazobactam=S,tetracycline=R,tobramycin=R,trimethoprim-sulfamethoxazole=R"
E.coli and Shigella,,"""BWH_1506_E_col"",""SRS18979463""",,PDT001903605.2,2024-02-16T21:25:56Z,USA:Boston,urine,clinical,,PDS000117091.382,26.0,46.0,SAMN37516873,GCA_032120155.2,"aadA5=COMPLETE,acrF=COMPLETE,aph(3'')-Ib=COMPLETE,aph(6)-Id=COMPLETE,blaCTX-M-27=COMPLETE,blaEC=COMPLETE,dfrA17=COMPLETE,gyrA_D87N=POINT,gyrA_S83L=POINT,mdtM=COMPLETE,mph(A)=COMPLETE,parC_E84V=POINT,parC_S80I=POINT,parE_I529L=POINT,ptsI_V25I=POINT,sul1=COMPLETE,sul2=COMPLETE,tet(A)=COMPLETE,uhpT_E350Q=POINT",,"amikacin=S,amoxicillin-clavulanic acid=S,ampicillin=R,cefazolin=R,cefepime=S,cefoxitin=S,ceftazidime=S,ceftriaxone=R,ciprofloxacin=R,ertapenem=S,gentamicin=S,levofloxacin=R,meropenem=S,nitrofurantoin=S,piperacillin-tazobactam=S,tetracycline=R,tobramycin=S,trimethoprim-sulfamethoxazole=R"
E.coli and Shigella,,"""BWH_1598_E_col"",""SRS19518873""",,PDT001986210.2,2023-12-20T11:56:06Z,USA:Boston,urine,clinical,,,,,SAMN38228870,GCA_034515745.1,"aadA5=COMPLETE,acrF=COMPLETE,blaCTX-M-15=COMPLETE,blaEC=COMPLETE,dfrA17=COMPLETE,emrD=COMPLETE,gyrA_S83L=POINT,mdtM=COMPLETE,mph(A)=COMPLETE,qnrS1=COMPLETE,sul1=COMPLETE",,"amikacin=S,amoxicillin-clavulanic acid=S,ampicillin=R,cefazolin=R,cefepime=S,cefoxitin=S,ceftazidime=S,ceftriaxone=R,ciprofloxacin=R,ertapenem=S,gentamicin=S,levofloxacin=R,meropenem=S,nitrofurantoin=S,piperacillin-tazobactam=S,tetracycline=S,tobramycin=S,trimethoprim-sulfamethoxazole=R"
E.coli and Shigella,,"""BWH_1560_E_col"",""SRS19518860""",,PDT001986222.2,2023-12-20T11:56:07Z,USA:Boston,urine,clinical,,,,,SAMN38228858,GCA_034515725.1,"aac(6')-Ib-cr5=COMPLETE,aadA5=COMPLETE,acrF=COMPLETE,blaCTX-M-15=COMPLETE,blaEC=COMPLETE,blaOXA-1=COMPLETE,catB3=PARTIAL_END_OF_CONTIG,dfrA17=COMPLETE,gyrA_D87N=POINT,gyrA_S83L=POINT,mdtM=COMPLETE,mph(A)=COMPLETE,parC_E84V=POINT,parC_S80I=POINT,parE_I529L=POINT,ptsI_V25I=POINT,sul1=COMPLETE,tet(A)=COMPLETE,uhpT_E350Q=POINT",,"amikacin=S,amoxicillin-clavulanic acid=R,ampicillin=S,cefazolin=R,cefepime=S,cefoxitin=R,ceftazidime=R,ceftriaxone=R,ciprofloxacin=R,daptomycin=S,doxycycline=R,ertapenem=S,gentamicin=S,levofloxacin=R,linezolid=S,meropenem=S,nitrofurantoin=S,piperacillin-tazobactam=S,tetracycline=R,tobramycin=R,trimethoprim-sulfamethoxazole=R"
E.coli and Shigella,,"""BWH_1613_E_col"",""SRS19518857""",,PDT001986225.2,2023-12-20T11:56:07Z,USA:Boston,urine,clinical,,,,,SAMN38228856,GCA_034516625.1,"aadA2=COMPLETE,acrF=COMPLETE,aph(3'')-Ib=COMPLETE,aph(6)-Id=COMPLETE,blaCTX-M-55=COMPLETE,blaCTX-M=COMPLETE,blaEC=COMPLETE,floR=COMPLETE,fosA8=COMPLETE,gyrA_D87N=POINT,gyrA_S83L=POINT,lnu(F)=COMPLETE,mdtM=COMPLETE,parC_S80I=POINT,parE_S458A=POINT,sul2=COMPLETE,tet(A)=COMPLETE,uhpT_E350Q=POINT",,"amikacin=S,amoxicillin-clavulanic acid=S,ampicillin=R,cefazolin=R,cefepime=R,cefoxitin=S,ceftazidime=R,ceftriaxone=R,ciprofloxacin=R,ertapenem=S,gentamicin=S,levofloxacin=R,meropenem=S,nitrofurantoin=S,piperacillin-tazobactam=S,tetracycline=R,tobramycin=S,trimethoprim-sulfamethoxazole=S"
E.coli and Shigella,,"""BWH_1612_E_col"",""SRS19518846""",,PDT001986233.1,2023-11-15T22:56:34Z,USA:Boston,urine,clinical,,PDS000160780.7,33.0,,SAMN38228846,GCA_033726735.1,"acrF=COMPLETE,blaCTX-M-15=COMPLETE,blaCTX-M-27=COMPLETE,blaEC=COMPLETE,gyrA_D87N=POINT,gyrA_S83L=POINT,mdtM=COMPLETE,parC_E84V=POINT,parC_S80I=POINT,parE_I529L=POINT,ptsI_V25I=POINT,tet(A)=COMPLETE,uhpT_E350Q=POINT",,"amikacin=S,amoxicillin-clavulanic acid=S,ampicillin=R,cefazolin=R,cefepime=S,cefoxitin=S,ceftazidime=S,ceftriaxone=R,ciprofloxacin=R,ertapenem=S,gentamicin=S,levofloxacin=R,meropenem=S,nitrofurantoin=R,piperacillin-tazobactam=S,tetracycline=R,tobramycin=S,trimethoprim-sulfamethoxazole=S"
E.coli and Shigella,,"""BWH_1562_E_col"",""SRS19518835""",,PDT001986241.2,2023-12-20T11:56:09Z,USA:Boston,blood,clinical,,,,,SAMN38228836,GCA_034514855.1,"acrF=COMPLETE,blaCMY=COMPLETE,blaEC=COMPLETE,catA1=COMPLETE,gyrA_D87N=POINT,gyrA_S83L=POINT,mdtM=COMPLETE,parC_S80I=POINT,parE_S458A=POINT,soxR_G121D=POINT,tet(B)=COMPLETE,uhpT_E350Q=POINT",,"amikacin=S,amoxicillin-clavulanic acid=R,ampicillin=R,cefepime=S,cefoxitin=R,ceftazidime=R,ceftriaxone=R,ciprofloxacin=R,gentamicin=S,levofloxacin=R,meropenem=S,piperacillin-tazobactam=S,tetracycline=R,tobramycin=S,trimethoprim-sulfamethoxazole=S"
E.coli and Shigella,,"""BWH_1597_E_col"",""SRS19518832""",,PDT001986244.1,2023-11-15T22:56:36Z,USA:Boston,urine,clinical,,,,,SAMN38228833,GCA_033726615.1,"aac(3)-IIe=COMPLETE,aadA2=COMPLETE,acrF=COMPLETE,blaCTX-M-14=COMPLETE,blaCTX-M=PARTIAL_END_OF_CONTIG,blaEC=COMPLETE,cyaA_S352T=POINT,dfrA12=COMPLETE,gyrA_D87Y=POINT,gyrA_S83L=POINT,mph(A)=COMPLETE,parC_S80I=POINT,parE_S458A=POINT,sul1=COMPLETE",,"amikacin=S,amoxicillin-clavulanic acid=S,ampicillin=R,cefazolin=R,cefepime=S,cefoxitin=S,ceftazidime=S,ceftriaxone=R,ciprofloxacin=R,ertapenem=S,gentamicin=R,levofloxacin=R,meropenem=S,nitrofurantoin=S,piperacillin-tazobactam=S,tetracycline=S,tobramycin=I,trimethoprim-sulfamethoxazole=R"
E.coli and Shigella,,"""BWH_1614_E_col"",""SRS19518826""",,PDT001986250.2,2023-12-20T11:56:09Z,USA:Boston,urine,clinical,,PDS000033989.165,31.0,46.0,SAMN38228810,GCA_034514775.1,"aadA5=COMPLETE,acrF=COMPLETE,blaCTX-M-15=COMPLETE,blaEC=COMPLETE,blaTEM=PARTIAL,blaTEM=PARTIAL_END_OF_CONTIG,dfrA17=COMPLETE,erm(B)=COMPLETE,gyrA_D87Y=POINT,gyrA_S83L=POINT,mdtM=COMPLETE,mph(A)=COMPLETE,parC_E84V=POINT,parC_S80I=POINT,parE_I529L=POINT,ptsI_V25I=POINT,sul1=COMPLETE,uhpT_E350Q=POINT",,"amikacin=S,amoxicillin-clavulanic acid=S,ampicillin=R,cefazolin=R,cefepime=S,cefoxitin=S,ceftazidime=S,ceftriaxone=R,ciprofloxacin=R,ertapenem=S,gentamicin=S,levofloxacin=R,meropenem=S,nitrofurantoin=S,piperacillin-tazobactam=S,tetracycline=S,tobramycin=S,trimethoprim-sulfamethoxazole=R"
E.coli and Shigella,,"""BWH_1609_E_col"",""SRS19518865""",,PDT002035944.2,2023-12-20T11:56:07Z,USA:Boston,urine,clinical,,,,,SAMN38228863,GCA_034515765.1,"aac(3)-IIe=COMPLETE,aac(6')-Ib-cr5=COMPLETE,acrF=COMPLETE,blaCTX-M-15=COMPLETE,blaEC=COMPLETE,blaOXA-1=COMPLETE,catB3=PARTIAL_END_OF_CONTIG,gyrA_D87N=POINT,gyrA_S83L=POINT,mdtM=COMPLETE,nfsA_H11Y=POINT,parC_E84V=POINT,parC_S80I=POINT,parE_I529L=POINT,ptsI_V25I=POINT,tet(A)=COMPLETE,uhpT_E350Q=POINT",,"amikacin=S,amoxicillin-clavulanic acid=I,ampicillin=R,cefazolin=R,cefepime=S,cefoxitin=S,ceftazidime=S,ceftriaxone=R,ciprofloxacin=R,ertapenem=S,gentamicin=R,levofloxacin=R,meropenem=S,nitrofurantoin=I,piperacillin-tazobactam=S,tetracycline=R,tobramycin=R,trimethoprim-sulfamethoxazole=S"
E.coli and Shigella,,"""BWH_1720_E_col"",""SRS20472879""",,PDT002080291.1,2024-02-16T01:09:45Z,USA:Boston,Urinary tract infection,clinical,,PDS000174004.2,54.0,,SAMN39956406,GCA_036669315.1,"acrF=COMPLETE,blaCTX-M-15=COMPLETE,blaEC=COMPLETE,gyrA_D87N=POINT,gyrA_S83L=POINT,mdtM=COMPLETE,parC_S80I=POINT,parE_S458A=POINT,qnrS1=COMPLETE,tet(A)=PARTIAL,tet(A)=PARTIAL_END_OF_CONTIG,tet(B)=COMPLETE",,"amikacin=S,amoxicillin-clavulanic acid=S,ampicillin=R,cefazolin=R,cefepime=S,cefoxitin=S,ceftazidime=S,ceftriaxone=R,ciprofloxacin=R,ertapenem=S,gentamicin=S,levofloxacin=R,meropenem=S,nitrofurantoin=S,piperacillin-tazobactam=S,tetracycline=R,tobramycin=S,trimethoprim-sulfamethoxazole=S"
E.coli and Shigella,,"""BWH_1729_E_col"",""SRS20472869""",,PDT002080307.1,2024-02-16T01:09:48Z,USA:Boston,Urinary tract infection,clinical,,,,,SAMN39956413,GCA_036669095.1,"aac(3)-IId=COMPLETE,aadA5=COMPLETE,acrF=COMPLETE,aph(3'')-Ib=COMPLETE,aph(6)-Id=COMPLETE,blaCTX-M-15=COMPLETE,blaEC=COMPLETE,blaTEM-1=COMPLETE,dfrA17=COMPLETE,gyrA_D87N=POINT,gyrA_S83L=POINT,mdtM=COMPLETE,mph(A)=COMPLETE,parC_E84V=POINT,parC_S80I=POINT,parE_I529L=POINT,ptsI_V25I=POINT,sul1=COMPLETE,sul2=COMPLETE,tet(A)=COMPLETE,uhpT_E350Q=POINT",,"amikacin=S,amoxicillin-clavulanic acid=I,ampicillin=R,cefazolin=R,cefepime=S,cefoxitin=S,ceftazidime=S,ceftriaxone=R,ciprofloxacin=R,ertapenem=S,gentamicin=R,levofloxacin=R,meropenem=S,nitrofurantoin=S,piperacillin-tazobactam=S,tetracycline=R,tobramycin=I,trimethoprim-sulfamethoxazole=R"
E.coli and Shigella,,"""BWH_1721_E_col"",""SRS20473405""",,PDT002080318.1,2024-02-16T03:08:08Z,USA:Boston,Urinary tract infection,clinical,,PDS000041690.188,24.0,36.0,SAMN39956407,GCA_036668695.1,"acrF=COMPLETE,blaCTX-M-27=COMPLETE,blaEC=COMPLETE,gyrA_D87N=POINT,gyrA_S83L=POINT,mdtM=COMPLETE,parC_S80I=POINT,parE_E460D=POINT,ptsI_V25I=POINT,uhpT_E350Q=POINT",,"amikacin=S,amoxicillin-clavulanic acid=S,ampicillin=R,cefazolin=R,cefepime=S,cefoxitin=S,ceftazidime=R,ceftriaxone=R,ciprofloxacin=R,ertapenem=S,gentamicin=S,levofloxacin=R,meropenem=S,nitrofurantoin=S,piperacillin-tazobactam=S,tetracycline=S,tobramycin=S,trimethoprim-sulfamethoxazole=S"
E.coli and Shigella,,"""BWH_1716_E_col"",""SRS20473404""",,PDT002080319.1,2024-02-16T03:08:08Z,USA:Boston,Urinary tract infection,clinical,,PDS000172408.8,0.0,,SAMN39956403,GCA_036668675.1,"aadA2=COMPLETE,aadA5=COMPLETE,acrF=COMPLETE,blaCTX-M-15=COMPLETE,blaEC=COMPLETE,blaNDM-5=COMPLETE,blaTEM-1=COMPLETE,ble=COMPLETE,cyaA_S352T=POINT,dfrA12=COMPLETE,dfrA17=COMPLETE,erm(B)=COMPLETE,ftsI_I336IKYRI=POINT,gyrA_D87N=POINT,gyrA_S83L=POINT,mdtM=COMPLETE,mph(A)=COMPLETE,parC_S80I=POINT,parE_S458A=POINT,rpoB_Q148L=POINT,sul1=COMPLETE,tet(B)=COMPLETE",,"amikacin=S,amoxicillin-clavulanic acid=R,ampicillin=R,cefazolin=R,cefepime=R,cefoxitin=R,ceftazidime=R,ceftriaxone=R,ciprofloxacin=R,gentamicin=S,levofloxacin=R,meropenem=R,nitrofurantoin=S,piperacillin-tazobactam=R,tetracycline=R,tobramycin=S,trimethoprim-sulfamethoxazole=R"
E.coli and Shigella,,"""BWH_1728_E_col"",""SRS20473410""",,PDT002080325.1,2024-02-16T03:08:09Z,USA:Boston,Urinary tract infection,clinical,,,,,SAMN39956412,GCA_036668495.1,"acrF=COMPLETE,blaCTX-M-14=COMPLETE,blaEC=COMPLETE,cyaA_S352T=POINT,gyrA_D87Y=POINT,gyrA_S83L=POINT,parC_S80I=POINT,parE_S458A=POINT",,"amikacin=S,amoxicillin-clavulanic acid=R,ampicillin=R,cefazolin=R,cefepime=R,cefoxitin=R,ceftazidime=S,ceftriaxone=R,ciprofloxacin=R,ertapenem=S,gentamicin=S,levofloxacin=R,meropenem=S,nitrofurantoin=S,tetracycline=S,tobramycin=S,trimethoprim-sulfamethoxazole=S"
E.coli and Shigella,,"""BWH_1893_E_col"",""SRS20993266""",,PDT002136275.1,2024-04-11T17:50:12Z,USA:Boston,urine,clinical,,PDS000114317.10,45.0,,SAMN40930691,GCA_038081075.1,"aadA5=COMPLETE,acrF=COMPLETE,blaCTX-M-15=COMPLETE,blaEC=COMPLETE,cyaA_S352T=POINT,dfrA17=COMPLETE,gyrA_S83L=POINT,mph(A)=COMPLETE,qnrS1=COMPLETE,sul1=COMPLETE",,"amikacin=S,amoxicillin-clavulanic acid=S,ampicillin=R,cefazolin=R,cefepime=S,cefoxitin=S,ceftazidime=S,ceftriaxone=R,ciprofloxacin=R,ertapenem=S,fosfomycin=S,gentamicin=S,levofloxacin=R,meropenem=S,nitrofurantoin=S,piperacillin-tazobactam=S,tetracycline=S,tobramycin=S,trimethoprim-sulfamethoxazole=R"
E.coli and Shigella,,"""BWH_1892_E_col"",""SRS20993263""",,PDT002136277.1,2024-04-11T17:50:12Z,USA:Boston,blood,clinical,,PDS000180728.1,23.0,,SAMN40930690,GCA_038081055.1,"aadA5=COMPLETE,acrF=COMPLETE,aph(3'')-Ib=COMPLETE,aph(6)-Id=COMPLETE,blaCTX-M-15=COMPLETE,blaEC=COMPLETE,dfrA17=COMPLETE,gyrA_D87N=POINT,gyrA_S83L=POINT,mdtM=COMPLETE,mph(A)=COMPLETE,parC_E84V=POINT,parC_S80I=POINT,parE_I529L=POINT,ptsI_V25I=POINT,sul1=COMPLETE,sul2=COMPLETE,tet(A)=COMPLETE,uhpT_E350Q=POINT",,"amikacin=S,amoxicillin-clavulanic acid=S,ampicillin=R,cefepime=R,cefoxitin=I,ceftazidime=R,ceftriaxone=R,ciprofloxacin=R,ertapenem=S,gentamicin=S,levofloxacin=R,meropenem=S,piperacillin-tazobactam=S,tetracycline=R,tobramycin=S,trimethoprim-sulfamethoxazole=R"
E.coli and Shigella,,"""BWH_1891_E_col"",""SRS20993264""",,PDT002136278.1,2024-04-11T17:50:13Z,USA:Boston,urine,clinical,,PDS000061454.42,6.0,37.0,SAMN40930689,GCA_038081335.1,"aac(6')-Ib-cr5=COMPLETE,aadA5=PARTIAL_END_OF_CONTIG,acrF=COMPLETE,aph(3'')-Ib=COMPLETE,aph(6)-Id=COMPLETE,blaCTX-M-15=COMPLETE,blaEC=COMPLETE,blaOXA=COMPLETE,catB3=PARTIAL_END_OF_CONTIG,gyrA_D87N=POINT,gyrA_S83L=POINT,mdtM=COMPLETE,mph(A)=COMPLETE,parC_E84V=POINT,parC_S80I=POINT,parE_I529L=POINT,ptsI_V25I=POINT,sul1=COMPLETE,sul2=COMPLETE,tet(A)=COMPLETE,uhpT_E350Q=POINT",,"amikacin=S,amoxicillin-clavulanic acid=S,ampicillin=R,cefazolin=R,cefepime=S,cefoxitin=S,ceftazidime=R,ceftriaxone=R,ciprofloxacin=R,ertapenem=S,fosfomycin=S,gentamicin=S,levofloxacin=R,meropenem=S,nitrofurantoin=S,piperacillin-tazobactam=S,tetracycline=R,tobramycin=S,trimethoprim-sulfamethoxazole=S"
E.coli and Shigella,,"""BWH_1890_E_col"",""SRS20993262""",,PDT002136279.1,2024-04-11T17:50:13Z,USA:Boston,blood,clinical,,,,,SAMN40930688,GCA_038082335.1,"aadA5=COMPLETE,acrF=COMPLETE,aph(3'')-Ib=COMPLETE,aph(6)-Id=COMPLETE,blaCTX-M-27=COMPLETE,blaEC-5=COMPLETE,dfrA17=COMPLETE,gyrA_D87N=POINT,gyrA_S83L=POINT,marR_S3N=POINT,mph(A)=COMPLETE,parC_S80I=POINT,parE_L416F=POINT,sul1=COMPLETE,sul2=COMPLETE,tet(A)=COMPLETE,uhpT_E350Q=POINT",,"amikacin=S,amoxicillin-clavulanic acid=S,ampicillin=R,cefepime=S,cefoxitin=S,ceftazidime=S,ceftriaxone=R,ciprofloxacin=R,ertapenem=S,gentamicin=S,levofloxacin=R,meropenem=S,piperacillin-tazobactam=S,tetracycline=R,tobramycin=S,trimethoprim-sulfamethoxazole=R"
E.coli and Shigella,,"""BWH_1889_E_col"",""SRS20993261""",,PDT002136280.1,2024-04-11T17:50:13Z,USA:Boston,urine,clinical,,,,,SAMN40930687,GCA_038081015.1,"aadA1=COMPLETE,acrF=PARTIAL,blaCTX-M-15=COMPLETE,blaEC=COMPLETE,blaTEM-1=COMPLETE,cyaA_S352T=POINT,dfrA1=COMPLETE,erm(B)=COMPLETE,gyrA_S83L=POINT,mph(A)=COMPLETE,qnrS1=COMPLETE,sat2=COMPLETE,uhpT_E350Q=POINT",,"amikacin=S,amoxicillin-clavulanic acid=S,ampicillin=R,cefazolin=R,cefepime=S,cefoxitin=S,ceftazidime=S,ceftriaxone=R,ciprofloxacin=R,ertapenem=S,fosfomycin=S,gentamicin=S,levofloxacin=R,meropenem=S,nitrofurantoin=S,piperacillin-tazobactam=S,tetracycline=S,tobramycin=S,trimethoprim-sulfamethoxazole=R"
E.coli and Shigella,,"""BWH_1887_E_col"",""SRS20993260""",,PDT002136281.1,2024-04-11T17:50:14Z,USA:Boston,urine,clinical,,PDS000061454.42,6.0,41.0,SAMN40930686,GCA_038080995.1,"aac(6')-Ib-cr5=COMPLETE,aadA5=PARTIAL_END_OF_CONTIG,acrF=COMPLETE,aph(3'')-Ib=COMPLETE,aph(6)-Id=COMPLETE,blaCTX-M-15=COMPLETE,blaEC=COMPLETE,blaOXA=COMPLETE,gyrA_D87N=POINT,gyrA_S83L=POINT,mdtM=COMPLETE,mph(A)=COMPLETE,parC_E84V=POINT,parC_S80I=POINT,parE_I529L=POINT,ptsI_V25I=POINT,sul1=COMPLETE,sul2=COMPLETE,tet(A)=COMPLETE,uhpT_E350Q=POINT",,"amikacin=S,amoxicillin-clavulanic acid=S,ampicillin=R,cefazolin=R,cefepime=S,cefoxitin=I,ceftazidime=R,ceftriaxone=R,ciprofloxacin=R,ertapenem=S,fosfomycin=S,gentamicin=S,levofloxacin=R,meropenem=S,nitrofurantoin=S,piperacillin-tazobactam=S,tetracycline=R,tobramycin=S,trimethoprim-sulfamethoxazole=S"
E.coli and Shigella,,"""BWH_1886_E_col"",""SRS20993259""",,PDT002136282.1,2024-04-11T17:50:14Z,USA:Boston,urine,clinical,,,,,SAMN40930685,GCA_038080975.1,"aadA5=COMPLETE,acrF=COMPLETE,aph(3'')-Ib=COMPLETE,aph(6)-Id=COMPLETE,blaCTX-M-15=COMPLETE,blaEC=COMPLETE,blaTEM-1=COMPLETE,cyaA_S352T=POINT,dfrA17=COMPLETE,gyrA_D87G=POINT,gyrA_S83L=POINT,mdtM=COMPLETE,mph(A)=COMPLETE,parC_S80I=POINT,sul1=COMPLETE,sul2=COMPLETE,tet(A)=COMPLETE",,"amikacin=S,amoxicillin-clavulanic acid=R,ampicillin=R,cefazolin=R,cefepime=S,cefoxitin=R,ceftazidime=R,ceftriaxone=R,ciprofloxacin=R,ertapenem=S,fosfomycin=S,gentamicin=S,levofloxacin=R,meropenem=S,nitrofurantoin=S,piperacillin-tazobactam=S,tetracycline=R,tobramycin=S,trimethoprim-sulfamethoxazole=R"
E.coli and Shigella,,"""BWH_1884_E_col"",""SRS20993255""",,PDT002136284.1,2024-04-11T17:50:14Z,USA:Boston,Biliary tube placement,clinical,,PDS000180729.1,2.0,,SAMN40930683,GCA_038080915.1,"aadA5=COMPLETE,acrF=COMPLETE,blaCTX-M-27=COMPLETE,blaEC=COMPLETE,dfrA17=COMPLETE,gyrA_D87N=POINT,gyrA_S83L=POINT,mdtM=COMPLETE,mph(A)=COMPLETE,parC_E84V=POINT,parC_S80I=POINT,parE_I529L=POINT,ptsI_V25I=POINT,sul1=COMPLETE,uhpT_E350Q=POINT",,"amikacin=S,amoxicillin-clavulanic acid=S,ampicillin=R,cefepime=S,cefoxitin=S,ceftazidime=S,ceftriaxone=R,ciprofloxacin=R,ertapenem=S,gentamicin=S,levofloxacin=R,meropenem=S,piperacillin-tazobactam=S,tetracycline=S,tobramycin=S,trimethoprim-sulfamethoxazole=R"
E.coli and Shigella,,"""BWH_1883_E_col"",""SRS20993258""",,PDT002136285.1,2024-04-11T17:50:15Z,USA:Boston,blood,clinical,,PDS000180729.1,2.0,,SAMN40930682,GCA_038080855.1,"aadA5=COMPLETE,acrF=COMPLETE,blaCTX-M-27=COMPLETE,blaEC=COMPLETE,dfrA17=COMPLETE,gyrA_D87N=POINT,gyrA_S83L=POINT,mdtM=COMPLETE,mph(A)=COMPLETE,parC_E84V=POINT,parC_S80I=POINT,parE_I529L=POINT,ptsI_V25I=POINT,sul1=COMPLETE,uhpT_E350Q=POINT",,"amikacin=S,amoxicillin-clavulanic acid=S,ampicillin=R,cefepime=R,cefoxitin=I,ceftazidime=R,ceftriaxone=R,ciprofloxacin=R,gentamicin=S,levofloxacin=R,meropenem=S,piperacillin-tazobactam=R,tetracycline=S,tobramycin=S,trimethoprim-sulfamethoxazole=R"
E.coli and Shigella,,"""BWH_1871_E_col"",""SRS20993246""",,PDT002136295.1,2024-04-11T17:50:20Z,USA:Boston,Perirectal abscess,clinical,,PDS000117091.382,18.0,31.0,SAMN40930673,GCA_038080775.1,"aadA5=COMPLETE,acrF=COMPLETE,aph(3'')-Ib=COMPLETE,aph(6)-Id=COMPLETE,blaCTX-M-27=COMPLETE,blaEC=COMPLETE,dfrA17=COMPLETE,gyrA_D87N=POINT,gyrA_S83L=POINT,mdtM=COMPLETE,mph(A)=COMPLETE,parC_E84V=POINT,parC_S80I=POINT,parE_I529L=POINT,ptsI_V25I=POINT,sul1=COMPLETE,sul2=COMPLETE,tet(A)=COMPLETE,uhpT_E350Q=POINT",,"amikacin=S,amoxicillin-clavulanic acid=S,ampicillin=R,cefepime=S,cefoxitin=S,ceftazidime=S,ceftriaxone=R,ciprofloxacin=R,ertapenem=S,gentamicin=S,levofloxacin=R,meropenem=S,piperacillin-tazobactam=S,tetracycline=R,tobramycin=S,trimethoprim-sulfamethoxazole=R"
E.coli and Shigella,,"""BWH_1870_E_col"",""SRS20993245""",,PDT002136296.1,2024-04-11T17:50:21Z,USA:Boston,urine,clinical,,PDS000117091.382,18.0,31.0,SAMN40930672,GCA_038080715.1,"acrF=COMPLETE,blaCTX-M-27=COMPLETE,blaEC=COMPLETE,gyrA_D87N=POINT,gyrA_S83L=POINT,mdtM=COMPLETE,parC_E84V=POINT,parC_S80I=POINT,parE_I529L=POINT,ptsI_V25I=POINT,uhpT_E350Q=POINT",,"amikacin=S,amoxicillin-clavulanic acid=S,ampicillin=R,cefazolin=R,cefepime=S,cefoxitin=S,ceftazidime=S,ceftriaxone=R,ciprofloxacin=R,ertapenem=S,fosfomycin=S,gentamicin=S,levofloxacin=R,meropenem=S,nitrofurantoin=S,piperacillin-tazobactam=S,tetracycline=S,tobramycin=S,trimethoprim-sulfamethoxazole=S"
E.coli and Shigella,,"""BWH_1861_E_col"",""SRS20993235""",,PDT002136306.1,2024-04-11T17:50:28Z,USA:Boston,urine,clinical,,,,,SAMN40930663,GCA_038080375.1,"aadA5=COMPLETE,acrF=COMPLETE,aph(3'')-Ib=COMPLETE,aph(6)-Id=COMPLETE,blaCTX-M-27=COMPLETE,blaEC=COMPLETE,dfrA17=COMPLETE,gyrA_D87N=POINT,gyrA_S83L=POINT,mdtM=COMPLETE,mph(A)=COMPLETE,parC_E84V=POINT,parC_S80I=POINT,parE_I529L=POINT,ptsI_V25I=POINT,sul1=COMPLETE,sul2=COMPLETE,tet(A)=COMPLETE,uhpT_E350Q=POINT",,"amikacin=S,amoxicillin-clavulanic acid=S,ampicillin=R,cefazolin=R,cefepime=S,cefoxitin=S,ceftazidime=S,ceftriaxone=R,ciprofloxacin=R,ertapenem=S,fosfomycin=S,gentamicin=S,levofloxacin=R,meropenem=S,nitrofurantoin=S,piperacillin-tazobactam=S,tetracycline=R,tobramycin=S,trimethoprim-sulfamethoxazole=R"
E.coli and Shigella,,"""BWH_1860_E_col"",""SRS20993234""",,PDT002136307.1,2024-04-11T17:50:28Z,USA:Boston,blood,clinical,,PDS000041690.188,17.0,30.0,SAMN40930662,GCA_038080815.1,"aadA5=COMPLETE,acrF=COMPLETE,aph(3'')-Ib=COMPLETE,aph(6)-Id=COMPLETE,blaCTX-M-27=COMPLETE,blaEC=COMPLETE,dfrA17=COMPLETE,gyrA_D87N=POINT,gyrA_S83L=POINT,mdtM=COMPLETE,mph(A)=COMPLETE,parC_S80I=POINT,parE_E460D=POINT,ptsI_V25I=POINT,sul1=COMPLETE,sul2=COMPLETE,tet(A)=COMPLETE,uhpT_E350Q=POINT",,"amikacin=S,amoxicillin-clavulanic acid=S,ampicillin=R,cefepime=S,cefoxitin=S,ceftazidime=S,ceftriaxone=R,ciprofloxacin=R,ertapenem=S,gentamicin=S,levofloxacin=R,meropenem=S,piperacillin-tazobactam=S,tetracycline=R,tobramycin=S,trimethoprim-sulfamethoxazole=R"
E.coli and Shigella,,"""BWH_1858_E_col"",""SRS20993230""",,PDT002136310.1,2024-04-11T17:50:30Z,USA:Boston,urine,clinical,,,,,SAMN40930660,GCA_038080335.1,"aac(3)-IIe=COMPLETE,acrF=COMPLETE,aph(3'')-Ib=COMPLETE,aph(3')-Ia=COMPLETE,aph(6)-Id=COMPLETE,blaCTX-M-55=COMPLETE,blaEC=MISTRANSLATION,blaTEM-1=COMPLETE,cyaA_S352T=POINT,dfrA14=COMPLETE,gyrA_D87Y=POINT,gyrA_S83L=POINT,mdtM=COMPLETE,parC_S80I=POINT,parE_S458A=POINT,sul2=COMPLETE,tet(A)=COMPLETE,uhpT_E350Q=POINT",,"amikacin=S,amoxicillin-clavulanic acid=S,ampicillin=R,cefazolin=R,cefepime=S,cefoxitin=S,ceftazidime=R,ceftriaxone=R,ciprofloxacin=R,ertapenem=S,fosfomycin=S,gentamicin=R,levofloxacin=R,meropenem=S,nitrofurantoin=S,piperacillin-tazobactam=S,tetracycline=R,tobramycin=I,trimethoprim-sulfamethoxazole=R"
E.coli and Shigella,,"""BWH_1857_E_col"",""SRS20993232""",,PDT002136311.1,2024-04-11T17:50:30Z,USA:Boston,urine,clinical,,PDS000194248.147,26.0,51.0,SAMN40930659,GCA_038080355.1,"aac(3)-IIe=COMPLETE,aac(6')-Ib-cr5=COMPLETE,acrF=COMPLETE,blaCTX-M-15=COMPLETE,blaEC-5=COMPLETE,blaOXA-1=COMPLETE,catB3=PARTIAL,catB3=PARTIAL_END_OF_CONTIG,dfrA17=COMPLETE,gyrA_D87N=POINT,gyrA_S83L=POINT,marR_S3N=POINT,parC_S80I=POINT,parE_L416F=POINT,tet(B)=COMPLETE,uhpT_E350Q=POINT",,"amikacin=S,amoxicillin-clavulanic acid=I,ampicillin=R,cefazolin=R,cefepime=S,cefoxitin=R,ceftazidime=R,ceftriaxone=R,ciprofloxacin=R,ertapenem=S,fosfomycin=S,gentamicin=R,levofloxacin=R,meropenem=S,nitrofurantoin=S,piperacillin-tazobactam=S,tetracycline=R,tobramycin=R,trimethoprim-sulfamethoxazole=R"
E.coli and Shigella,,"""BWH_1854_E_col"",""SRS20993227""",,PDT002136314.1,2024-04-11T17:50:32Z,USA:Boston,urine,clinical,,,,,SAMN40930656,GCA_038080295.1,"aadA5=COMPLETE,acrF=COMPLETE,blaCTX-M-15=COMPLETE,blaEC=COMPLETE,catA1=COMPLETE,cyaA_S352T=POINT,dfrA17=COMPLETE,gyrA_D87N=POINT,gyrA_S83L=POINT,mdtM=COMPLETE,mph(A)=COMPLETE,parC_S80I=POINT,parE_S458A=POINT,sul1=COMPLETE,tet(B)=COMPLETE",,"amikacin=S,amoxicillin-clavulanic acid=I,ampicillin=R,cefazolin=R,cefepime=S,cefoxitin=I,ceftazidime=R,ceftriaxone=R,ciprofloxacin=R,ertapenem=S,fosfomycin=S,gentamicin=S,levofloxacin=R,meropenem=S,nitrofurantoin=S,piperacillin-tazobactam=S,tetracycline=R,tobramycin=S,trimethoprim-sulfamethoxazole=R"
E.coli and Shigella,,"""BWH_1843_E_col"",""SRS20993214""",,PDT002136326.1,2024-04-11T17:50:35Z,USA:Boston,urine,clinical,,,,,SAMN40930645,GCA_038080215.1,"aadA5=COMPLETE,acrF=COMPLETE,aph(3'')-Ib=COMPLETE,aph(6)-Id=COMPLETE,blaCTX-M-27=COMPLETE,blaEC=COMPLETE,dfrA17=COMPLETE,gyrA_D87N=POINT,gyrA_S83L=POINT,mdtM=COMPLETE,mph(A)=COMPLETE,parC_E84V=POINT,parC_S80I=POINT,parE_I529L=POINT,ptsI_V25I=POINT,sul1=COMPLETE,sul2=COMPLETE,tet(A)=COMPLETE,uhpT_E350Q=POINT",,"amikacin=S,amoxicillin-clavulanic acid=S,ampicillin=R,cefazolin=R,cefepime=S,cefoxitin=I,ceftazidime=S,ceftriaxone=R,ciprofloxacin=R,ertapenem=S,fosfomycin=S,gentamicin=S,levofloxacin=R,meropenem=S,nitrofurantoin=S,piperacillin-tazobactam=S,tetracycline=R,tobramycin=S,trimethoprim-sulfamethoxazole=R"
E.coli and Shigella,,"""BWH_1841_E_col"",""SRS20993213""",,PDT002136328.1,2024-04-11T17:50:36Z,USA:Boston,urine,clinical,,,,,SAMN40930643,GCA_038080095.1,"aac(3)-IIe=COMPLETE,aac(6')-Ib-cr5=COMPLETE,acrF=COMPLETE,blaCTX-M-15=COMPLETE,blaEC=COMPLETE,blaOXA-1=COMPLETE,catB3=PARTIAL_END_OF_CONTIG,gyrA_D87N=POINT,gyrA_S83L=POINT,mdtM=COMPLETE,parC_E84V=POINT,parC_S80I=POINT,parE_I529L=POINT,ptsI_V25I=POINT,tet(A)=COMPLETE,uhpT_E350Q=POINT",,"amikacin=S,amoxicillin-clavulanic acid=I,ampicillin=R,cefazolin=R,cefepime=S,cefoxitin=S,ceftazidime=S,ceftriaxone=R,ciprofloxacin=R,ertapenem=S,fosfomycin=S,gentamicin=R,levofloxacin=R,meropenem=S,nitrofurantoin=S,piperacillin-tazobactam=S,tetracycline=R,tobramycin=R,trimethoprim-sulfamethoxazole=S"
E.coli and Shigella,,"""BWH_1910_E_col"",""SRS21133320""",,PDT002147336.1,2024-04-26T18:53:47Z,USA:Boston,urine,clinical,,PDS000181415.1,15.0,,SAMN41091867,GCA_038510625.1,"acrF=COMPLETE,blaCTX-M-27=COMPLETE,blaEC=COMPLETE,gyrA_D87N=POINT,gyrA_S83L=POINT,mdtM=COMPLETE,parC_E84V=POINT,parC_S80I=POINT,parE_I529L=POINT,ptsI_V25I=POINT,tet(B)=COMPLETE,uhpT_E350Q=POINT",,"amikacin=S,amoxicillin-clavulanic acid=S,ampicillin=R,cefazolin=R,cefepime=S,cefoxitin=S,ceftazidime=S,ceftriaxone=R,ciprofloxacin=R,ertapenem=S,fosfomycin=S,gentamicin=S,levofloxacin=R,meropenem=S,nitrofurantoin=S,piperacillin-tazobactam=S,tetracycline=R,tobramycin=S,trimethoprim-sulfamethoxazole=S"
E.coli and Shigella,,"""BWH_1904_E_col"",""SRS21133305""",,PDT002147351.1,2024-04-26T18:53:55Z,USA:Boston,urine,clinical,,,,,SAMN41091872,GCA_038510605.1,"aadA5=COMPLETE,acrF=COMPLETE,aph(3'')-Ib=COMPLETE,aph(6)-Id=COMPLETE,blaCTX-M-55=COMPLETE,blaEC-5=COMPLETE,dfrA17=COMPLETE,gyrA_D87N=POINT,gyrA_S83L=POINT,marR_S3N=POINT,mph(A)=COMPLETE,parC_S80I=POINT,parE_L416F=POINT,sul1=COMPLETE,sul2=COMPLETE,tet(A)=COMPLETE,uhpT_E350Q=POINT",,"amikacin=S,amoxicillin-clavulanic acid=S,ampicillin=R,cefazolin=R,cefepime=S,cefoxitin=S,ceftazidime=R,ceftriaxone=R,ciprofloxacin=R,ertapenem=S,fosfomycin=S,gentamicin=S,levofloxacin=R,meropenem=S,nitrofurantoin=S,piperacillin-tazobactam=S,tetracycline=R,tobramycin=S,trimethoprim-sulfamethoxazole=R"
E.coli and Shigella,,"""BWH_1905_E_col"",""SRS21133303""",,PDT002147352.1,2024-04-26T18:53:56Z,USA:Boston,urine,clinical,,PDS000041690.188,25.0,39.0,SAMN41091871,GCA_038510405.1,"acrF=COMPLETE,aph(3'')-Ib=COMPLETE,aph(6)-Id=COMPLETE,blaCTX-M-27=COMPLETE,blaEC=COMPLETE,gyrA_D87N=POINT,gyrA_S83L=POINT,mdtM=COMPLETE,mph(A)=COMPLETE,parC_S80I=POINT,parE_E460D=POINT,ptsI_V25I=POINT,sul2=COMPLETE,tet(A)=COMPLETE,uhpT_E350Q=POINT",,"amikacin=S,amoxicillin-clavulanic acid=S,ampicillin=R,cefazolin=R,cefepime=S,cefoxitin=S,ceftazidime=S,ceftriaxone=R,ciprofloxacin=R,ertapenem=S,fosfomycin=S,gentamicin=S,levofloxacin=R,meropenem=S,nitrofurantoin=S,piperacillin-tazobactam=S,tetracycline=R,tobramycin=S,trimethoprim-sulfamethoxazole=S"
E.coli and Shigella,E-MBS1468A,"""13-005834-0003"",""E-MBS1468A"",""EC2013AMR1635"",""SRS23016593""",,PDT002431014.1,2024-10-25T22:35:13Z,Canada,Gallus gallus [NCBITaxon:9031]; Meat (whole or parts) [FOODON:03317170]; Carcass [UBERON:0008979]; Food (raw) [FOODON:03311126]; Meat (with bone) [FOODON:02010116]; Meat (with skin) [FOODON:02010111]; Abattoir [ENVO:01000925],environmental/other,Canada,PDS000202734.1,19.0,,SAMN43563057,GCA_044696155.1,"acrF=COMPLETE,aph(3'')-Ib=COMPLETE,aph(6)-Id=COMPLETE,blaEC=COMPLETE,gyrA_S83L=POINT,mdtM=COMPLETE,parC_S80I=POINT,sul2=COMPLETE",,"amoxicillin-clavulanic acid=S,ampicillin=S,azithromycin=S,cefoxitin=S,ceftiofur=S,ceftriaxone=S,chloramphenicol=S,ciprofloxacin=R,gentamicin=S,kanamycin=S,nalidixic acid=R,streptomycin=R,sulfisoxazole=R,tetracycline=S,trimethoprim-sulfamethoxazole=S"
E.coli and Shigella,E-MBS2180A,"""13-013165-0003"",""E-MBS2180A"",""EC2014AMR6507"",""SRS23016843""",,PDT002431357.1,2024-10-25T22:37:38Z,Canada:Alberta,Abattoir [ENVO:01000925]; Carcass [UBERON:0008979]; Gallus gallus [NCBITaxon:9031]; Food (raw) [FOODON:03311126]; Meat (with bone) [FOODON:02010116]; Meat (with skin) [FOODON:02010111]; Meat (whole or parts) [FOODON:03317170],environmental/other,Canada,PDS000202052.3,2.0,,SAMN43563275,GCA_044689285.1,"aac(3)-VIa=COMPLETE,aadA1=COMPLETE,acrF=COMPLETE,blaCMY-2=COMPLETE,blaEC=COMPLETE,cyaA_S352T=POINT,gyrA_S83L=POINT,mdtM=COMPLETE,sul1=COMPLETE,sul2=COMPLETE,uhpT_E350Q=POINT",,"amoxicillin-clavulanic acid=R,ampicillin=R,azithromycin=S,cefoxitin=R,ceftiofur=R,ceftriaxone=R,chloramphenicol=S,ciprofloxacin=R,gentamicin=R,kanamycin=S,nalidixic acid=R,streptomycin=R,sulfisoxazole=R,tetracycline=S,trimethoprim-sulfamethoxazole=S"
E.coli and Shigella,E-MBS4076A,"""13-034770-0001"",""E-MBS4076A"",""EC2014AMR6724"",""SRS23032903""",,PDT002441298.1,2024-10-28T23:48:54Z,Canada,Abattoir [ENVO:01000925]; Meat (whole or parts) [FOODON:03317170]; Gallus gallus [NCBITaxon:9031]; Food (raw) [FOODON:03311126]; Meat (with bone) [FOODON:02010116]; Meat (with skin) [FOODON:02010111]; Carcass [UBERON:0008979],environmental/other,Canada,PDS000202734.1,20.0,,SAMN43563908,GCA_044146205.1,"acrF=COMPLETE,aph(3'')-Ib=COMPLETE,aph(6)-Id=COMPLETE,blaEC=COMPLETE,gyrA_S83L=POINT,mdtM=COMPLETE,parC_S80I=POINT,sul2=COMPLETE",,"amoxicillin-clavulanic acid=S,ampicillin=S,azithromycin=S,cefoxitin=S,ceftiofur=S,ceftriaxone=S,chloramphenicol=S,ciprofloxacin=R,gentamicin=S,kanamycin=S,nalidixic acid=R,streptomycin=R,sulfisoxazole=R,tetracycline=S,trimethoprim-sulfamethoxazole=S"
E.coli and Shigella,03-016-0471,"""03-016-0471"",""CCI80"",""CLI-NG-R-A-CCI80"",""SRS24338364""",,PDT002675120.1,2025-03-17T04:07:30Z,Nigeria,,clinical,,,,,SAMN45204691,GCA_048589305.1,"aac(3)-IIe=COMPLETE,aac(6')-Ib-cr5=COMPLETE,aadA1=COMPLETE,acrF=COMPLETE,aph(3'')-Ib=COMPLETE,aph(6)-Id=COMPLETE,blaCTX-M-15=COMPLETE,blaEC=COMPLETE,blaOXA-1=COMPLETE,blaTEM=PARTIAL_END_OF_CONTIG,catB3=PARTIAL_END_OF_CONTIG,cyaA_S352T=POINT,dfrA1=COMPLETE,gyrA_S83A=POINT,qnrS1=COMPLETE,sat2=COMPLETE,sul2=COMPLETE,tet(D)=COMPLETE",,"amikacin=S,ampicillin=R,cefazolin=R,cefepime=R,cefoxitin=S,ceftazidime=R,ceftriaxone=R,ciprofloxacin=R,ertapenem=S,gentamicin=R,levofloxacin=R,meropenem=S,nitrofurantoin=I,piperacillin=R,tobramycin=R,trimethoprim-sulfamethoxazole=R"
E.coli and Shigella,SENASICA_Ec_BT67,"""BT67"",""SENASICA_Ec_BT67"",""SRS24551988""",,PDT002692989.1,2025-04-01T01:43:51Z,Mexico,Pork (cecal content),environmental/other,Mexico,,,,SAMN47623397,GCA_049209905.1,"acrF=COMPLETE,aph(3'')-Ib=COMPLETE,aph(6)-Id=COMPLETE,blaCTX-M-14=COMPLETE,blaEC=COMPLETE,floR=COMPLETE,fosA3=COMPLETE,mdtM=COMPLETE,parC_A56T=POINT,qnrB19=COMPLETE,tet(A)=COMPLETE",,"amikacin=S,ampicillin=R,azithromycin=S,cefotaxime=R,ceftazidime=S,chloramphenicol=R,ciprofloxacin=R,colistin=S,gentamicin=S,meropenem=S,nalidixic acid=R,sulfamethoxazole=S,tetracycline=R,tigecycline=S,trimethoprim=S"
E.coli and Shigella,SENASICA_Ec_BT66,"""BT66"",""SENASICA_Ec_BT66"",""SRS24551987""",,PDT002692990.1,2025-04-01T01:43:52Z,Mexico,Pork (cecal content),environmental/other,Mexico,,,,SAMN47623396,GCA_049209925.1,"acrF=COMPLETE,aph(3'')-Ib=COMPLETE,aph(6)-Id=COMPLETE,blaCTX-M-14=COMPLETE,blaEC=COMPLETE,floR=COMPLETE,fosA3=COMPLETE,mdtM=COMPLETE,qnrB19=COMPLETE,tet(A)=COMPLETE",,"amikacin=S,ampicillin=R,azithromycin=S,cefotaxime=R,ceftazidime=S,chloramphenicol=R,ciprofloxacin=R,colistin=S,gentamicin=S,meropenem=S,nalidixic acid=R,sulfamethoxazole=S,tetracycline=R,tigecycline=S,trimethoprim=S"
E.coli and Shigella,SENASICA_Ec_BT64,"""BT64"",""SENASICA_Ec_BT64"",""SRS24551982""",,PDT002692992.1,2025-04-01T01:43:53Z,Mexico,Pork (cecal content),environmental/other,Mexico,PDS000245618.1,,,SAMN47623394,GCA_049209865.1,"aac(3)-IVa=COMPLETE,aadA2=COMPLETE,acrF=COMPLETE,aph(3'')-Ib=COMPLETE,aph(4)-Ia=COMPLETE,aph(6)-Id=COMPLETE,blaEC=COMPLETE,blaTEM-1=COMPLETE,dfrA12=COMPLETE,floR=COMPLETE,mdtM=COMPLETE,qnrS1=COMPLETE,sul1=COMPLETE,sul2=COMPLETE,tet(A)=COMPLETE,tet(M)=COMPLETE",,"amikacin=S,ampicillin=R,azithromycin=S,cefotaxime=S,ceftazidime=S,chloramphenicol=R,ciprofloxacin=R,colistin=S,gentamicin=R,meropenem=S,nalidixic acid=S,sulfamethoxazole=R,tetracycline=R,tigecycline=S,trimethoprim=R"
E.coli and Shigella,SENASICA_Ec_BT62,"""BT62"",""SENASICA_Ec_BT62"",""SRS24551981""",,PDT002692994.1,2025-04-01T01:43:54Z,Mexico,Pork (cecal content),environmental/other,Mexico,,,,SAMN47623392,GCA_049209845.1,"acrF=COMPLETE,aph(3'')-Ib=COMPLETE,aph(6)-Id=COMPLETE,blaEC=COMPLETE,blaTEM-1=COMPLETE,floR=COMPLETE,mdtM=COMPLETE,qnrB19=COMPLETE,tet(A)=COMPLETE",,"amikacin=S,ampicillin=R,azithromycin=S,cefotaxime=S,ceftazidime=S,chloramphenicol=R,ciprofloxacin=R,colistin=S,gentamicin=S,meropenem=S,nalidixic acid=R,sulfamethoxazole=S,tetracycline=R,tigecycline=S,trimethoprim=S"
E.coli and Shigella,SENASICA_Ec_BT61,"""BT61"",""SENASICA_Ec_BT61"",""SRS24551984""",,PDT002692995.1,2025-04-01T01:43:54Z,Mexico,Pork (cecal content),environmental/other,Mexico,,,,SAMN47623391,GCA_049209825.1,"acrF=COMPLETE,aph(3'')-Ib=COMPLETE,aph(6)-Id=COMPLETE,blaEC=COMPLETE,blaTEM-1=COMPLETE,floR=COMPLETE,fosA7.5=COMPLETE,mdtM=COMPLETE,qnrS1=COMPLETE,tet(A)=COMPLETE",,"amikacin=S,ampicillin=R,azithromycin=S,cefotaxime=S,ceftazidime=S,chloramphenicol=R,ciprofloxacin=R,colistin=S,gentamicin=S,meropenem=S,nalidixic acid=S,sulfamethoxazole=S,tetracycline=R,tigecycline=S,trimethoprim=S"
E.coli and Shigella,SENASICA_Ec_BT60,"""BT60"",""SENASICA_Ec_BT60"",""SRS24551983""",,PDT002692996.1,2025-04-01T01:43:54Z,Mexico,Pork (cecal content),environmental/other,Mexico,,,,SAMN47623390,GCA_049262805.1,"aadA2=COMPLETE,acrF=COMPLETE,blaEC=COMPLETE,blaTEM-1=COMPLETE,bleO=COMPLETE,dfrA12=COMPLETE,floR=COMPLETE,mdtM=COMPLETE,qnrS1=COMPLETE,sul3=COMPLETE,tet(A)=COMPLETE",,"amikacin=S,ampicillin=S,azithromycin=S,cefotaxime=S,ceftazidime=S,chloramphenicol=R,ciprofloxacin=R,colistin=S,gentamicin=S,meropenem=S,nalidixic acid=S,sulfamethoxazole=R,tetracycline=R,tigecycline=S,trimethoprim=R"
E.coli and Shigella,SENASICA_Ec_BT59,"""BT59"",""SENASICA_Ec_BT59"",""SRS24551980""",,PDT002692997.1,2025-04-01T01:43:55Z,Mexico,Pork (cecal content),environmental/other,Mexico,,,,SAMN47623389,GCA_049262825.1,"acrF=COMPLETE,aph(3'')-Ib=COMPLETE,aph(6)-Id=COMPLETE,blaEC=COMPLETE,blaTEM-1=COMPLETE,floR=COMPLETE,mdtM=COMPLETE,qnrB19=COMPLETE,qnrS1=COMPLETE,sul2=COMPLETE,tet(A)=COMPLETE",,"amikacin=S,ampicillin=R,azithromycin=S,cefotaxime=S,ceftazidime=S,chloramphenicol=R,ciprofloxacin=R,colistin=S,gentamicin=S,meropenem=S,nalidixic acid=R,sulfamethoxazole=R,tetracycline=R,tigecycline=S,trimethoprim=S"
E.coli and Shigella,SENASICA_Ec_BT58,"""BT58"",""SENASICA_Ec_BT58"",""SRS24551978""",,PDT002692998.1,2025-04-01T01:43:55Z,Mexico,Pork (cecal content),environmental/other,Mexico,,,,SAMN47623388,GCA_049262785.1,"acrF=COMPLETE,blaEC=COMPLETE,blaTEM-1=COMPLETE,fosA7.5=COMPLETE,mdtM=COMPLETE,qnrS1=COMPLETE",,"amikacin=S,ampicillin=R,azithromycin=S,cefotaxime=S,ceftazidime=S,chloramphenicol=S,ciprofloxacin=R,colistin=S,gentamicin=S,meropenem=S,nalidixic acid=S,sulfamethoxazole=S,tetracycline=S,tigecycline=S,trimethoprim=S"
E.coli and Shigella,SENASICA_Ec_BS40,"""BS40"",""SENASICA_Ec_BS40"",""SRS24551976""",,PDT002692999.1,2025-04-01T01:43:56Z,Mexico,Pork (cecal content),environmental/other,Mexico,,,,SAMN47623307,GCA_049209795.1,"aac(3)-IId=COMPLETE,aadA2=COMPLETE,aadA2=PARTIAL_END_OF_CONTIG,acrF=COMPLETE,aph(3')-IIa=COMPLETE,blaCARB-2=COMPLETE,blaEC=COMPLETE,blaTEM-1=COMPLETE,ble=PARTIAL,ble=PARTIAL_END_OF_CONTIG,dfrA12=COMPLETE,estX-3=COMPLETE,floR=COMPLETE,fosA7.5=COMPLETE,mdtM=COMPLETE,qnrA1=COMPLETE,sul1=COMPLETE,sul3=COMPLETE,tet(A)=COMPLETE",,"amikacin=S,ampicillin=R,azithromycin=S,cefotaxime=S,ceftazidime=S,chloramphenicol=R,ciprofloxacin=R,colistin=S,gentamicin=R,meropenem=S,nalidixic acid=S,sulfamethoxazole=R,tetracycline=R,tigecycline=S,trimethoprim=R"
E.coli and Shigella,SENASICA_Ec_BT57,"""BT57"",""SENASICA_Ec_BT57"",""SRS24551977""",,PDT002693000.1,2025-04-01T01:43:57Z,Mexico,Pork (cecal content),environmental/other,Mexico,,,,SAMN47623387,GCA_049209755.1,"acrF=COMPLETE,aph(3'')-Ib=COMPLETE,aph(6)-Id=COMPLETE,blaCTX-M-14=COMPLETE,blaEC=COMPLETE,blaTEM-1=COMPLETE,dfrA51=COMPLETE,floR=COMPLETE,fosA3=COMPLETE,mdtM=COMPLETE,qnrS1=COMPLETE,tet(A)=COMPLETE,tet(M)=COMPLETE",,"amikacin=S,ampicillin=R,azithromycin=S,cefotaxime=R,ceftazidime=S,chloramphenicol=R,ciprofloxacin=R,colistin=S,gentamicin=S,meropenem=S,nalidixic acid=S,sulfamethoxazole=S,tetracycline=R,tigecycline=S,trimethoprim=S"
E.coli and Shigella,SENASICA_Ec_BT54,"""BT54"",""SENASICA_Ec_BT54"",""SRS24551973""",,PDT002693003.1,2025-04-01T01:43:58Z,Mexico,Pork (cecal content),environmental/other,Mexico,,,,SAMN47623384,GCA_049209735.1,"aac(3)-IVa=COMPLETE,aadA1=COMPLETE,aadA2=COMPLETE,acrF=COMPLETE,aph(3'')-Ib=COMPLETE,aph(4)-Ia=COMPLETE,aph(6)-Id=PARTIAL_END_OF_CONTIG,blaEC=COMPLETE,blaTEM-1=COMPLETE,blaTEM=PARTIAL_END_OF_CONTIG,cmlA1=COMPLETE,dfrA12=COMPLETE,floR=COMPLETE,fosL2=COMPLETE,gyrA_S83L=POINT,lnu(F)=COMPLETE,mdtM=COMPLETE,mef(B)=COMPLETE,oqxA=COMPLETE,oqxB=COMPLETE,parE_L416F=POINT,qnrS1=COMPLETE,sul2=COMPLETE,sul3=COMPLETE,tet(A)=COMPLETE,tet(M)=COMPLETE",,"amikacin=S,ampicillin=R,azithromycin=S,cefotaxime=S,ceftazidime=S,chloramphenicol=R,ciprofloxacin=R,colistin=S,gentamicin=R,meropenem=S,nalidixic acid=R,sulfamethoxazole=R,tetracycline=R,tigecycline=S,trimethoprim=R"
E.coli and Shigella,SENASICA_Ec_BT52,"""BT52"",""SENASICA_Ec_BT52"",""SRS24551971""",,PDT002693005.1,2025-04-01T01:43:59Z,Mexico,Pork (cecal content),environmental/other,Mexico,,,,SAMN47623382,GCA_049209695.1,"aac(3)-IId=COMPLETE,aadA1=COMPLETE,aadA2=COMPLETE,aadA2=PARTIAL_END_OF_CONTIG,acrF=COMPLETE,aph(3')-Ia=COMPLETE,blaEC=COMPLETE,blaTEM-1=COMPLETE,blaTEM=PARTIAL_END_OF_CONTIG,cmlA1=COMPLETE,dfrA12=COMPLETE,floR=COMPLETE,gyrA_D87N=POINT,gyrA_S83L=POINT,lnu(F)=COMPLETE,mdtM=COMPLETE,parC_S80I=POINT,sul2=COMPLETE,sul3=COMPLETE,tet(A)=COMPLETE,tet(M)=COMPLETE",,"amikacin=S,ampicillin=R,azithromycin=S,cefotaxime=S,ceftazidime=S,chloramphenicol=R,ciprofloxacin=R,colistin=S,gentamicin=R,meropenem=S,nalidixic acid=R,sulfamethoxazole=R,tetracycline=R,tigecycline=S,trimethoprim=R"
E.coli and Shigella,SENASICA_Ec_BT51,"""BT51"",""SENASICA_Ec_BT51"",""SRS24551969""",,PDT002693006.1,2025-04-01T01:43:59Z,Mexico,Pork (cecal content),environmental/other,Mexico,,,,SAMN47623381,GCA_049210605.1,"acrF=COMPLETE,blaEC=COMPLETE,blaTEM-1=COMPLETE,floR=COMPLETE,gyrA_S83L=POINT,mdtM=COMPLETE,tet(A)=COMPLETE",,"amikacin=S,ampicillin=R,azithromycin=S,cefotaxime=S,ceftazidime=S,chloramphenicol=R,ciprofloxacin=R,colistin=S,gentamicin=S,meropenem=S,nalidixic acid=R,sulfamethoxazole=S,tetracycline=R,tigecycline=S,trimethoprim=S"
E.coli and Shigella,SENASICA_Ec_BT50,"""BT50"",""SENASICA_Ec_BT50"",""SRS24551972""",,PDT002693007.1,2025-04-01T01:43:59Z,Mexico,Pork (cecal content),environmental/other,Mexico,,,,SAMN47623380,GCA_049209675.1,"aac(3)-IId=COMPLETE,acrF=COMPLETE,aph(3'')-Ib=COMPLETE,aph(6)-Id=COMPLETE,blaEC=COMPLETE,blaTEM-1=COMPLETE,cyaA_S352T=POINT,dfrA17=COMPLETE,emrD=COMPLETE,gyrA_S83L=POINT,mdtM=COMPLETE,sul2=COMPLETE,tet(A)=COMPLETE",,"amikacin=S,ampicillin=R,azithromycin=S,cefotaxime=S,ceftazidime=S,chloramphenicol=S,ciprofloxacin=R,colistin=S,gentamicin=R,meropenem=S,nalidixic acid=R,sulfamethoxazole=R,tetracycline=R,tigecycline=S,trimethoprim=R"
E.coli and Shigella,SENASICA_Ec_BT48,"""BT48"",""SENASICA_Ec_BT48"",""SRS24551970""",,PDT002693009.1,2025-04-01T01:44:00Z,Mexico,Pork (cecal content),environmental/other,Mexico,,,,SAMN47623378,GCA_049209395.1,"aac(3)-IIe=COMPLETE,aadA2=COMPLETE,acrF=COMPLETE,blaEC=COMPLETE,mdtM=COMPLETE,mph(A)=COMPLETE,sul1=COMPLETE,tet(A)=COMPLETE",,"amikacin=S,ampicillin=R,azithromycin=R,cefotaxime=S,ceftazidime=S,chloramphenicol=R,ciprofloxacin=R,colistin=S,gentamicin=R,meropenem=S,nalidixic acid=S,sulfamethoxazole=R,tetracycline=R,tigecycline=S,trimethoprim=R"
E.coli and Shigella,SENASICA_Ec_BS39,"""BS39"",""SENASICA_Ec_BS39"",""SRS24551966""",,PDT002693010.1,2025-04-01T01:44:01Z,Mexico,Pork (cecal content),environmental/other,Mexico,,,,SAMN47623306,GCA_049209335.1,"acrF=COMPLETE,blaEC=COMPLETE,blaTEM-1=COMPLETE,emrD=COMPLETE,floR=COMPLETE,mdtM=COMPLETE,qnrS1=COMPLETE,sul2=COMPLETE,sul3=COMPLETE,tet(A)=COMPLETE",,"amikacin=S,ampicillin=R,azithromycin=S,cefotaxime=S,ceftazidime=R,chloramphenicol=R,ciprofloxacin=R,colistin=S,gentamicin=S,meropenem=S,nalidixic acid=S,sulfamethoxazole=R,tetracycline=R,tigecycline=S,trimethoprim=S"
E.coli and Shigella,SENASICA_Ec_BT47,"""BT47"",""SENASICA_Ec_BT47"",""SRS24551967""",,PDT002693011.1,2025-04-01T01:44:01Z,Mexico,Pork (cecal content),environmental/other,Mexico,,,,SAMN47623377,GCA_049209295.1,"acrF=COMPLETE,blaEC=COMPLETE,blaTEM-1=COMPLETE,dfrA14=COMPLETE,mdtM=COMPLETE,qnrS1=COMPLETE,sul3=COMPLETE,tet(A)=COMPLETE",,"amikacin=S,ampicillin=R,azithromycin=S,cefotaxime=S,ceftazidime=S,chloramphenicol=S,ciprofloxacin=R,colistin=S,gentamicin=S,meropenem=S,nalidixic acid=S,sulfamethoxazole=R,tetracycline=R,tigecycline=S,trimethoprim=R"
E.coli and Shigella,SENASICA_Ec_BT45,"""BT45"",""SENASICA_Ec_BT45"",""SRS24551962""",,PDT002693013.1,2025-04-01T01:44:02Z,Mexico,Pork (cecal content),environmental/other,Mexico,PDS000224060.1,34.0,,SAMN47623375,GCA_049209275.1,"aadA1=COMPLETE,aadA1=PARTIAL_END_OF_CONTIG,aadA2=COMPLETE,acrF=COMPLETE,aph(3'')-Ib=COMPLETE,aph(6)-Id=COMPLETE,blaCTX-M-55=COMPLETE,blaEC=COMPLETE,blaTEM-1=COMPLETE,blaTEM=PARTIAL_END_OF_CONTIG,cmlA1=COMPLETE,dfrA12=COMPLETE,floR=COMPLETE,floR=PARTIAL_END_OF_CONTIG,fosA3=COMPLETE,mdtM=COMPLETE,mef(C)=COMPLETE,mph(G)=COMPLETE,qnrB19=COMPLETE,sul2=COMPLETE,tet(A)=COMPLETE,tet(M)=COMPLETE,tet(X2)=COMPLETE",,"amikacin=S,ampicillin=R,azithromycin=R,cefotaxime=R,ceftazidime=R,chloramphenicol=R,ciprofloxacin=R,colistin=S,gentamicin=S,meropenem=S,nalidixic acid=S,sulfamethoxazole=R,tetracycline=R,tigecycline=S,trimethoprim=R"
E.coli and Shigella,SENASICA_Ec_BT43,"""BT43"",""SENASICA_Ec_BT43"",""SRS24551961""",,PDT002693015.1,2025-04-01T01:44:03Z,Mexico,Pork (cecal content),environmental/other,Mexico,,,,SAMN47623373,GCA_049209235.1,"aac(3)-IId=COMPLETE,aadA2=COMPLETE,aadA2=PARTIAL_END_OF_CONTIG,acrF=COMPLETE,aph(3')-IIa=COMPLETE,blaCARB-2=COMPLETE,blaEC=COMPLETE,blaTEM-1=COMPLETE,ble=PARTIAL,ble=PARTIAL_END_OF_CONTIG,dfrA12=COMPLETE,estX-3=COMPLETE,floR=COMPLETE,mdtM=COMPLETE,qnrA1=COMPLETE,sul1=COMPLETE,sul3=COMPLETE,tet(A)=COMPLETE",,"amikacin=S,ampicillin=R,azithromycin=S,cefotaxime=S,ceftazidime=S,chloramphenicol=R,ciprofloxacin=R,colistin=S,gentamicin=R,meropenem=S,nalidixic acid=R,sulfamethoxazole=R,tetracycline=R,tigecycline=S,trimethoprim=R"
E.coli and Shigella,SENASICA_Ec_BT42,"""BT42"",""SENASICA_Ec_BT42"",""SRS24551963""",,PDT002693016.1,2025-04-01T01:44:03Z,Mexico,Pork (cecal content),environmental/other,Mexico,,,,SAMN47623372,GCA_049209215.1,"aac(3)-C322=COMPLETE,aadA1=COMPLETE,acrF=COMPLETE,aph(3'')-Ib=COMPLETE,aph(6)-Id=PARTIAL,blaEC=COMPLETE,blaTEM-1=COMPLETE,estX-3=COMPLETE,floR=COMPLETE,mdtM=COMPLETE,qnrS1=COMPLETE",,"amikacin=S,ampicillin=R,azithromycin=S,cefotaxime=S,ceftazidime=S,chloramphenicol=R,ciprofloxacin=R,colistin=S,gentamicin=R,meropenem=S,nalidixic acid=S,sulfamethoxazole=S,tetracycline=S,tigecycline=S,trimethoprim=S"
E.coli and Shigella,SENASICA_Ec_BT39,"""BT39"",""SENASICA_Ec_BT39"",""SRS24551956""",,PDT002693019.1,2025-04-01T01:44:05Z,Mexico,Pork (cecal content),environmental/other,Mexico,,,,SAMN47623369,GCA_049210585.1,"aadA1=COMPLETE,aadA1=PARTIAL_END_OF_CONTIG,aadA2=COMPLETE,acrF=COMPLETE,blaCTX-M-15=COMPLETE,blaEC=COMPLETE,blaTEM-1=COMPLETE,cmlA1=COMPLETE,dfrA12=COMPLETE,estX-3=COMPLETE,floR=COMPLETE,gyrA_D87N=POINT,gyrA_S83L=POINT,mdtM=COMPLETE,parC_S80I=POINT,sul3=COMPLETE,tet(A)=COMPLETE,tet(B)=COMPLETE",,"amikacin=S,ampicillin=R,azithromycin=S,cefotaxime=R,ceftazidime=S,chloramphenicol=R,ciprofloxacin=R,colistin=S,gentamicin=S,meropenem=S,nalidixic acid=R,sulfamethoxazole=R,tetracycline=R,tigecycline=S,trimethoprim=R"
E.coli and Shigella,SENASICA_Ec_BS38,"""BS38"",""SENASICA_Ec_BS38"",""SRS24551958""",,PDT002693021.1,2025-04-01T01:44:06Z,Mexico,Pork (cecal content),environmental/other,Mexico,,,,SAMN47623305,GCA_049209135.1,"aac(6')-Ib-cr5=COMPLETE,aadA5=COMPLETE,acrF=COMPLETE,aph(3'')-Ib=COMPLETE,aph(6)-Id=COMPLETE,arr-3=COMPLETE,blaEC=COMPLETE,blaOXA-1=COMPLETE,catB3=COMPLETE,dfrA17=COMPLETE,floR=COMPLETE,mdtM=COMPLETE,oqxA=COMPLETE,oqxB=COMPLETE,qnrS2=COMPLETE,sul2=COMPLETE,tet(A)=COMPLETE",,"amikacin=S,ampicillin=R,azithromycin=S,cefotaxime=S,ceftazidime=S,chloramphenicol=R,ciprofloxacin=R,colistin=S,gentamicin=S,meropenem=S,nalidixic acid=R,sulfamethoxazole=R,tetracycline=R,tigecycline=S,trimethoprim=R"
E.coli and Shigella,SENASICA_Ec_BT37,"""BT37"",""SENASICA_Ec_BT37"",""SRS24551954""",,PDT002693022.1,2025-04-01T01:44:07Z,Mexico,Pork (cecal content),environmental/other,Mexico,,,,SAMN47623367,GCA_049209095.1,"acrF=COMPLETE,blaCMY-2=COMPLETE,blaEC=COMPLETE,estX=COMPLETE,mdtM=COMPLETE,parC_A56T=POINT,qnrB19=COMPLETE",,"amikacin=S,ampicillin=R,azithromycin=S,cefotaxime=R,ceftazidime=R,chloramphenicol=S,ciprofloxacin=R,colistin=S,gentamicin=S,meropenem=S,nalidixic acid=R,sulfamethoxazole=S,tetracycline=S,tigecycline=S,trimethoprim=S"
E.coli and Shigella,SENASICA_Ec_BT35,"""BT35"",""SENASICA_Ec_BT35"",""SRS24551953""",,PDT002693023.1,2025-04-01T01:44:07Z,Mexico,Pork (cecal content),environmental/other,Mexico,,,,SAMN47623366,GCA_049209115.1,"acrF=COMPLETE,aph(3'')-Ib=COMPLETE,aph(6)-Id=COMPLETE,blaCTX-M-14=COMPLETE,blaEC=COMPLETE,dfrA51=COMPLETE,floR=COMPLETE,fosA3=COMPLETE,mdtM=COMPLETE,qnrB19=COMPLETE,tet(A)=COMPLETE",,"amikacin=S,ampicillin=R,azithromycin=S,cefotaxime=R,ceftazidime=S,chloramphenicol=R,ciprofloxacin=R,colistin=S,gentamicin=S,meropenem=S,nalidixic acid=R,sulfamethoxazole=S,tetracycline=R,tigecycline=S,trimethoprim=S"
E.coli and Shigella,SENASICA_Ec_BT33,"""BT33"",""SENASICA_Ec_BT33"",""SRS24551952""",,PDT002693025.1,2025-04-01T01:44:08Z,Mexico,Pork (cecal content),environmental/other,Mexico,,,,SAMN47623364,GCA_049209055.1,"aadA1=COMPLETE,aadA1=PARTIAL_END_OF_CONTIG,aadA2=COMPLETE,acrF=COMPLETE,aph(3'')-Ib=COMPLETE,aph(6)-Id=COMPLETE,blaEC=COMPLETE,blaTEM-1=COMPLETE,cmlA1=COMPLETE,dfrA12=COMPLETE,floR=COMPLETE,mdtM=COMPLETE,mef(B)=COMPLETE,qnrB19=COMPLETE,sul2=COMPLETE,sul3=COMPLETE,tet(A)=COMPLETE,uhpT_E350Q=POINT",,"amikacin=S,ampicillin=R,azithromycin=S,cefotaxime=S,ceftazidime=S,chloramphenicol=R,ciprofloxacin=R,colistin=S,gentamicin=S,meropenem=S,nalidixic acid=R,sulfamethoxazole=R,tetracycline=R,tigecycline=S,trimethoprim=R"
E.coli and Shigella,SENASICA_Ec_BT31,"""BT31"",""SENASICA_Ec_BT31"",""SRS24551951""",,PDT002693027.1,2025-04-01T01:44:09Z,Mexico,Pork (cecal content),environmental/other,Mexico,PDS000165390.2,18.0,,SAMN47623362,GCA_049209035.1,"acrF=COMPLETE,blaEC=COMPLETE,mdtM=COMPLETE,qnrS1=COMPLETE,tet(A)=COMPLETE",,"amikacin=S,ampicillin=S,azithromycin=S,cefotaxime=S,ceftazidime=S,chloramphenicol=S,ciprofloxacin=R,colistin=S,gentamicin=S,meropenem=S,nalidixic acid=S,sulfamethoxazole=S,tetracycline=R,tigecycline=S,trimethoprim=S"
E.coli and Shigella,SENASICA_Ec_BT30,"""BT30"",""SENASICA_Ec_BT30"",""SRS24551948""",,PDT002693028.1,2025-04-01T01:44:09Z,Mexico,Pork (cecal content),environmental/other,Mexico,,,,SAMN47623361,GCA_049209015.1,"aadA1=COMPLETE,acrF=COMPLETE,blaEC=COMPLETE,dfrA1=COMPLETE,mdtM=COMPLETE,qnrB19=COMPLETE,sat2=COMPLETE",,"amikacin=S,ampicillin=R,azithromycin=S,cefotaxime=S,ceftazidime=S,chloramphenicol=R,ciprofloxacin=R,colistin=S,gentamicin=S,meropenem=S,nalidixic acid=S,sulfamethoxazole=S,tetracycline=R,tigecycline=S,trimethoprim=R"
E.coli and Shigella,SENASICA_Ec_BT29,"""BT29"",""SENASICA_Ec_BT29"",""SRS24551947""",,PDT002693029.1,2025-04-01T01:44:10Z,Mexico,Pork (cecal content),environmental/other,Mexico,,,,SAMN47623360,GCA_049208995.1,"acrF=COMPLETE,aph(3'')-Ib=COMPLETE,aph(6)-Id=COMPLETE,blaEC=COMPLETE,floR=COMPLETE,gyrA_D87N=POINT,gyrA_S83L=POINT,mdtM=COMPLETE,parC_S80I=POINT,sul2=COMPLETE,tet(A)=COMPLETE",,"amikacin=S,ampicillin=S,azithromycin=S,cefotaxime=S,ceftazidime=S,chloramphenicol=R,ciprofloxacin=R,colistin=S,gentamicin=S,meropenem=S,nalidixic acid=R,sulfamethoxazole=R,tetracycline=R,tigecycline=S,trimethoprim=S"
E.coli and Shigella,SENASICA_Ec_BT28,"""BT28"",""SENASICA_Ec_BT28"",""SRS24551950""",,PDT002693030.1,2025-04-01T01:44:11Z,Mexico,Pork (cecal content),environmental/other,Mexico,,,,SAMN47623359,GCA_049208975.1,"aac(3)-IId=COMPLETE,acrF=COMPLETE,blaCTX-M-15=COMPLETE,blaEC=COMPLETE,blaTEM-1=COMPLETE,mdtM=COMPLETE,qnrS1=COMPLETE",,"amikacin=S,ampicillin=R,azithromycin=S,cefotaxime=R,ceftazidime=S,chloramphenicol=S,ciprofloxacin=R,colistin=S,gentamicin=R,meropenem=S,nalidixic acid=S,sulfamethoxazole=S,tetracycline=S,tigecycline=S,trimethoprim=S"
E.coli and Shigella,SENASICA_Ec_BT27,"""BT27"",""SENASICA_Ec_BT27"",""SRS24551946""",,PDT002693031.1,2025-04-01T01:44:11Z,Mexico,Pork (cecal content),environmental/other,Mexico,,,,SAMN47623358,GCA_049208945.1,"aadA1=COMPLETE,acrF=COMPLETE,blaEC=COMPLETE,blaTEM-1=COMPLETE,bleO=PARTIAL_END_OF_CONTIG,dfrA1=COMPLETE,floR=COMPLETE,gyrA_D87N=POINT,gyrA_S83L=POINT,mdtM=COMPLETE,parC_A56T=POINT,parC_S80I=POINT,parE_S458A=POINT,sul1=COMPLETE,sul3=COMPLETE,tet(A)=COMPLETE",,"amikacin=S,ampicillin=R,azithromycin=S,cefotaxime=S,ceftazidime=S,chloramphenicol=R,ciprofloxacin=R,colistin=S,gentamicin=S,meropenem=S,nalidixic acid=R,sulfamethoxazole=R,tetracycline=R,tigecycline=S,trimethoprim=R"
E.coli and Shigella,SENASICA_Ec_BS37,"""BS37"",""SENASICA_Ec_BS37"",""SRS24551944""",,PDT002693032.1,2025-04-01T01:44:11Z,Mexico,Pork (cecal content),environmental/other,Mexico,,,,SAMN47623304,GCA_049208905.1,"aadA2=COMPLETE,acrF=COMPLETE,aph(3'')-Ib=PARTIAL,aph(3'')-Ib=PARTIAL_END_OF_CONTIG,aph(6)-Id=COMPLETE,blaEC=COMPLETE,blaTEM-1=COMPLETE,dfrA14=COMPLETE,lnu(F)=COMPLETE,mdtM=COMPLETE,nfsA_G131D=POINT,qnrS1=COMPLETE,sul2=COMPLETE,tet(A)=COMPLETE",,"amikacin=S,ampicillin=R,azithromycin=S,cefotaxime=S,ceftazidime=S,chloramphenicol=S,ciprofloxacin=R,colistin=S,gentamicin=S,meropenem=S,nalidixic acid=S,sulfamethoxazole=R,tetracycline=R,tigecycline=S,trimethoprim=R"
E.coli and Shigella,SENASICA_Ec_BT26,"""BT26"",""SENASICA_Ec_BT26"",""SRS24551942""",,PDT002693033.1,2025-04-01T01:44:12Z,Mexico,Pork (cecal content),environmental/other,Mexico,,,,SAMN47623357,GCA_049208925.1,"acrF=COMPLETE,aph(3'')-Ib=COMPLETE,aph(6)-Id=COMPLETE,blaCTX-M-14=COMPLETE,blaEC=COMPLETE,blaTEM-1=COMPLETE,floR=COMPLETE,fosA3=COMPLETE,mdtM=COMPLETE,qnrB19=COMPLETE,tet(A)=COMPLETE",,"amikacin=S,ampicillin=R,azithromycin=S,cefotaxime=R,ceftazidime=S,chloramphenicol=R,ciprofloxacin=R,colistin=S,gentamicin=S,meropenem=S,nalidixic acid=R,sulfamethoxazole=S,tetracycline=R,tigecycline=S,trimethoprim=S"
E.coli and Shigella,SENASICA_Ec_BS90,"""BS90"",""SENASICA_Ec_BS90"",""SRS24551940""",,PDT002693035.1,2025-04-01T01:44:13Z,Mexico,Pork (cecal content),environmental/other,Mexico,,,,SAMN47623355,GCA_049208865.1,"aadA2=COMPLETE,acrF=COMPLETE,aph(3'')-Ib=COMPLETE,aph(6)-Id=COMPLETE,blaCARB-2=COMPLETE,blaEC=COMPLETE,cyaA_S352T=POINT,dfrA1=COMPLETE,emrD=COMPLETE,floR=COMPLETE,gyrA_S83L=POINT,mdtM=COMPLETE,mph(A)=COMPLETE,qnrA1=COMPLETE,sul1=COMPLETE,sul2=COMPLETE,tet(A)=COMPLETE",,"amikacin=S,ampicillin=R,azithromycin=R,cefotaxime=S,ceftazidime=S,chloramphenicol=R,ciprofloxacin=R,colistin=S,gentamicin=S,meropenem=S,nalidixic acid=R,sulfamethoxazole=R,tetracycline=R,tigecycline=S,trimethoprim=R"
E.coli and Shigella,SENASICA_Ec_BS89,"""BS89"",""SENASICA_Ec_BS89"",""SRS24551939""",,PDT002693036.1,2025-04-01T01:44:13Z,Mexico,Pork (cecal content),environmental/other,Mexico,,,,SAMN47623354,GCA_049208845.1,"aadA1=COMPLETE,acrF=MISTRANSLATION,blaEC=COMPLETE,erm=HMM,estX-3=COMPLETE,mdtM=COMPLETE,mph(A)=COMPLETE,qnrB19=COMPLETE,tet(A)=COMPLETE",,"amikacin=S,ampicillin=S,azithromycin=R,cefotaxime=S,ceftazidime=S,chloramphenicol=S,ciprofloxacin=R,colistin=S,gentamicin=S,meropenem=S,nalidixic acid=R,sulfamethoxazole=S,tetracycline=R,tigecycline=S,trimethoprim=S"
E.coli and Shigella,SENASICA_Ec_BS87,"""BS87"",""SENASICA_Ec_BS87"",""SRS24551943""",,PDT002693038.1,2025-04-01T01:44:14Z,Mexico,Pork (cecal content),environmental/other,Mexico,,,,SAMN47623352,GCA_049208825.1,"acrF=COMPLETE,aph(3'')-Ib=COMPLETE,aph(6)-Id=COMPLETE,blaCTX-M-1=COMPLETE,blaEC=COMPLETE,blaTEM-1=COMPLETE,dfrA5=COMPLETE,estT=COMPLETE,floR=COMPLETE,gyrA_S83L=POINT,mdtM=COMPLETE,mph(A)=COMPLETE,parC_S80I=POINT,qnrB19=COMPLETE,sul2=COMPLETE,tet(A)=COMPLETE",,"amikacin=S,ampicillin=R,azithromycin=S,cefotaxime=R,ceftazidime=R,chloramphenicol=R,ciprofloxacin=R,colistin=S,gentamicin=S,meropenem=S,nalidixic acid=R,sulfamethoxazole=R,tetracycline=R,tigecycline=S,trimethoprim=R"
E.coli and Shigella,SENASICA_Ec_BS85,"""BS85"",""SENASICA_Ec_BS85"",""SRS24551936""",,PDT002693040.1,2025-04-01T01:44:15Z,Mexico,Pork (cecal content),environmental/other,Mexico,PDS000224060.1,34.0,,SAMN47623350,GCA_049208765.1,"aadA1=COMPLETE,aadA1=PARTIAL_END_OF_CONTIG,aadA2=COMPLETE,acrF=COMPLETE,blaEC=COMPLETE,blaTEM-1=COMPLETE,cmlA1=COMPLETE,dfrA12=COMPLETE,floR=COMPLETE,mdtM=COMPLETE,qnrB19=COMPLETE,tet(A)=COMPLETE,tet(M)=COMPLETE",,"amikacin=S,ampicillin=R,azithromycin=S,cefotaxime=S,ceftazidime=S,chloramphenicol=R,ciprofloxacin=R,colistin=S,gentamicin=S,meropenem=S,nalidixic acid=S,sulfamethoxazole=S,tetracycline=R,tigecycline=S,trimethoprim=R"
E.coli and Shigella,SENASICA_Ec_BS84,"""BS84"",""SENASICA_Ec_BS84"",""SRS24551933""",,PDT002693041.1,2025-04-01T01:44:16Z,Mexico,Pork (cecal content),environmental/other,Mexico,,,,SAMN47623349,GCA_049208745.1,"acrF=COMPLETE,blaEC=COMPLETE,blaTEM-1=COMPLETE,floR=COMPLETE,mdtM=COMPLETE,qnrS1=COMPLETE,tet(A)=COMPLETE",,"amikacin=S,ampicillin=R,azithromycin=S,cefotaxime=S,ceftazidime=S,chloramphenicol=R,ciprofloxacin=R,colistin=S,gentamicin=S,meropenem=S,nalidixic acid=S,sulfamethoxazole=S,tetracycline=R,tigecycline=S,trimethoprim=S"
E.coli and Shigella,SENASICA_Ec_BS83,"""BS83"",""SENASICA_Ec_BS83"",""SRS24551938""",,PDT002693042.1,2025-04-01T01:44:16Z,Mexico,Pork (cecal content),environmental/other,Mexico,,,,SAMN47623348,GCA_049208725.1,"aadA1=COMPLETE,aadA1=PARTIAL_END_OF_CONTIG,aadA2=COMPLETE,acrF=COMPLETE,blaCARB-2=COMPLETE,blaEC=COMPLETE,cmlA1=COMPLETE,dfrA16=COMPLETE,floR=COMPLETE,mdtM=COMPLETE,mef(B)=COMPLETE,qnrB19=COMPLETE,sul3=COMPLETE,tet(A)=COMPLETE",,"amikacin=S,ampicillin=R,azithromycin=S,cefotaxime=S,ceftazidime=S,chloramphenicol=R,ciprofloxacin=R,colistin=S,gentamicin=S,meropenem=S,nalidixic acid=R,sulfamethoxazole=R,tetracycline=R,tigecycline=S,trimethoprim=R"
E.coli and Shigella,SENASICA_Ec_BS36,"""BS36"",""SENASICA_Ec_BS36"",""SRS24551935""",,PDT002693043.1,2025-04-01T01:44:16Z,Mexico,Pork (cecal content),environmental/other,Mexico,,,,SAMN47623303,GCA_049208705.1,"acrF=COMPLETE,aph(3'')-Ib=COMPLETE,aph(6)-Id=COMPLETE,blaEC=COMPLETE,dfrA14=COMPLETE,mdtM=COMPLETE,qnrS1=COMPLETE,sul2=COMPLETE,tet(A)=COMPLETE,tet(A)=PARTIAL_END_OF_CONTIG",,"amikacin=S,ampicillin=S,azithromycin=S,cefotaxime=S,ceftazidime=S,chloramphenicol=S,ciprofloxacin=R,colistin=S,gentamicin=S,meropenem=S,nalidixic acid=S,sulfamethoxazole=R,tetracycline=R,tigecycline=S,trimethoprim=R"
E.coli and Shigella,SENASICA_Ec_BS82,"""BS82"",""SENASICA_Ec_BS82"",""SRS24551934""",,PDT002693044.1,2025-04-01T01:44:16Z,Mexico,Pork (cecal content),environmental/other,Mexico,,,,SAMN47623347,GCA_049208685.1,"aadA1=COMPLETE,acrF=COMPLETE,aph(6)-Id=PARTIAL,aph(6)-Id=PARTIAL_END_OF_CONTIG,blaEC=COMPLETE,blaTEM-1=COMPLETE,dfrA1=COMPLETE,dfrA51=COMPLETE,mdtM=COMPLETE,qnrS1=COMPLETE,sat2=COMPLETE,sul3=COMPLETE,tet(A)=COMPLETE",,"amikacin=S,ampicillin=R,azithromycin=S,cefotaxime=S,ceftazidime=S,chloramphenicol=S,ciprofloxacin=R,colistin=S,gentamicin=S,meropenem=S,nalidixic acid=S,sulfamethoxazole=R,tetracycline=R,tigecycline=S,trimethoprim=R"
E.coli and Shigella,SENASICA_Ec_BS80,"""BS80"",""SENASICA_Ec_BS80"",""SRS24551931""",,PDT002693046.1,2025-04-01T01:44:18Z,Mexico,Pork (cecal content),environmental/other,Mexico,,,,SAMN47623345,GCA_049208645.1,"aadA1=COMPLETE,acrF=COMPLETE,aph(3'')-Ib=COMPLETE,aph(3')-Ia=COMPLETE,aph(6)-Id=COMPLETE,blaEC=COMPLETE,blaTEM-1=COMPLETE,bleO=COMPLETE,catA1=MISTRANSLATION,catA1=PARTIAL_END_OF_CONTIG,dfrA1=COMPLETE,floR=COMPLETE,gyrA_D87N=POINT,gyrA_S83L=POINT,mdtM=COMPLETE,oqxA=COMPLETE,oqxB=COMPLETE,parC_S80I=POINT,parE_S458A=POINT,sat2=COMPLETE,sul2=COMPLETE,sul2=PARTIAL_END_OF_CONTIG,tet(A)=COMPLETE,tet(B)=COMPLETE",,"amikacin=S,ampicillin=R,azithromycin=S,cefotaxime=S,ceftazidime=S,chloramphenicol=R,ciprofloxacin=R,colistin=S,gentamicin=S,meropenem=S,nalidixic acid=R,sulfamethoxazole=R,tetracycline=R,tigecycline=I,trimethoprim=R"
E.coli and Shigella,SENASICA_Ec_BS78,"""BS78"",""SENASICA_Ec_BS78"",""SRS24551930""",,PDT002693048.1,2025-04-01T01:44:19Z,Mexico,Pork (cecal content),environmental/other,Mexico,,,,SAMN47623343,GCA_049208605.1,"aac(3)-IId=COMPLETE,aadA1=COMPLETE,aadA1=PARTIAL_END_OF_CONTIG,aadA2=COMPLETE,acrF=COMPLETE,aph(3')-Ia=COMPLETE,blaEC=COMPLETE,blaTEM-1=COMPLETE,blaTEM=PARTIAL_END_OF_CONTIG,cmlA1=COMPLETE,dfrA12=COMPLETE,floR=COMPLETE,fosA7.5=COMPLETE,gyrA_D87N=POINT,gyrA_S83L=POINT,mdtM=COMPLETE,parC_S80I=POINT,sul2=COMPLETE,sul3=COMPLETE,tet(A)=COMPLETE,tet(M)=COMPLETE",,"amikacin=S,ampicillin=R,azithromycin=S,cefotaxime=S,ceftazidime=S,chloramphenicol=R,ciprofloxacin=R,colistin=S,gentamicin=R,meropenem=S,nalidixic acid=R,sulfamethoxazole=R,tetracycline=R,tigecycline=S,trimethoprim=R"
E.coli and Shigella,SENASICA_Ec_BS76,"""BS76"",""SENASICA_Ec_BS76"",""SRS24551926""",,PDT002693050.1,2025-04-01T01:44:19Z,Mexico,Pork (cecal content),environmental/other,Mexico,PDS000228658.1,,24.0,SAMN47623341,GCA_049208565.1,"aadA1=COMPLETE,aadA1=PARTIAL_END_OF_CONTIG,aadA2=COMPLETE,acrF=COMPLETE,aph(3'')-Ib=COMPLETE,aph(6)-Id=COMPLETE,blaCTX-M-14=COMPLETE,blaEC=COMPLETE,cmlA1=COMPLETE,dfrA12=COMPLETE,floR=COMPLETE,fosA3=COMPLETE,mdtM=COMPLETE,qnrS2=COMPLETE,sul3=COMPLETE,tet(A)=COMPLETE",,"amikacin=S,ampicillin=R,azithromycin=S,cefotaxime=R,ceftazidime=S,chloramphenicol=R,ciprofloxacin=R,colistin=S,gentamicin=S,meropenem=S,nalidixic acid=S,sulfamethoxazole=R,tetracycline=R,tigecycline=S,trimethoprim=R"
E.coli and Shigella,SENASICA_Ec_BS75,"""BS75"",""SENASICA_Ec_BS75"",""SRS24551927""",,PDT002693051.1,2025-04-01T01:44:20Z,Mexico,Pork (cecal content),environmental/other,Mexico,,,,SAMN47623340,GCA_049208545.1,"aadA2=COMPLETE,acrF=COMPLETE,blaEC=COMPLETE,blaTEM-1=COMPLETE,bleO=COMPLETE,dfrA12=COMPLETE,erm=HMM,floR=COMPLETE,mdtM=COMPLETE,mph(A)=COMPLETE,mph(E)=COMPLETE,mph(F)=COMPLETE,msr(E)=COMPLETE,qnrB19=COMPLETE,sul3=COMPLETE,tet(A)=COMPLETE",,"amikacin=S,ampicillin=R,azithromycin=R,cefotaxime=S,ceftazidime=S,chloramphenicol=R,ciprofloxacin=R,colistin=S,gentamicin=S,meropenem=S,nalidixic acid=S,sulfamethoxazole=R,tetracycline=R,tigecycline=S,trimethoprim=R"
E.coli and Shigella,SENASICA_Ec_BS74,"""BS74"",""SENASICA_Ec_BS74"",""SRS24551924""",,PDT002693052.1,2025-04-01T01:44:21Z,Mexico,Pork (cecal content),environmental/other,Mexico,,,,SAMN47623339,GCA_049210565.1,"aac(3)-IId=COMPLETE,aadA25=COMPLETE,aadA2=COMPLETE,acrF=COMPLETE,aph(3')-Ia=COMPLETE,blaEC=COMPLETE,blaTEM-1=COMPLETE,dfrA12=COMPLETE,floR=COMPLETE,lnu(F)=COMPLETE,mdtM=COMPLETE,mef(B)=COMPLETE,qnrS1=COMPLETE,sul2=COMPLETE,sul3=COMPLETE,tet(M)=COMPLETE",,"amikacin=S,ampicillin=R,azithromycin=S,cefotaxime=S,ceftazidime=S,chloramphenicol=R,ciprofloxacin=R,colistin=S,gentamicin=R,meropenem=S,nalidixic acid=S,sulfamethoxazole=R,tetracycline=S,tigecycline=S,trimethoprim=R"
E.coli and Shigella,SENASICA_Ec_BS73,"""BS73"",""SENASICA_Ec_BS73"",""SRS24551925""",,PDT002693053.1,2025-04-01T01:44:21Z,Mexico,Pork (cecal content),environmental/other,Mexico,PDS000224054.1,0.0,,SAMN47623338,GCA_049208485.1,"aadA2=COMPLETE,acrF=COMPLETE,blaEC=COMPLETE,floR=COMPLETE,qnrB19=COMPLETE,tet(A)=COMPLETE",,"amikacin=S,ampicillin=S,azithromycin=S,cefotaxime=S,ceftazidime=S,chloramphenicol=R,ciprofloxacin=R,colistin=S,gentamicin=S,meropenem=S,nalidixic acid=S,sulfamethoxazole=S,tetracycline=R,tigecycline=S,trimethoprim=S"
E.coli and Shigella,SENASICA_Ec_BS35,"""BS35"",""SENASICA_Ec_BS35"",""SRS24551921""",,PDT002693054.1,2025-04-01T01:44:22Z,Mexico,Pork (cecal content),environmental/other,Mexico,,,,SAMN47623302,GCA_049208465.1,"aadA2=COMPLETE,acrF=COMPLETE,blaEC=COMPLETE,blaTEM-1=COMPLETE,blaTEM=PARTIAL_END_OF_CONTIG,bleO=COMPLETE,dfrA12=COMPLETE,floR=COMPLETE,lnu(F)=COMPLETE,mdtM=COMPLETE,qnrS1=COMPLETE,sul3=COMPLETE,tet(A)=COMPLETE,tet(M)=COMPLETE",,"amikacin=S,ampicillin=R,azithromycin=S,cefotaxime=S,ceftazidime=S,chloramphenicol=R,ciprofloxacin=R,colistin=S,gentamicin=S,meropenem=S,nalidixic acid=S,sulfamethoxazole=R,tetracycline=R,tigecycline=S,trimethoprim=R"
E.coli and Shigella,SENASICA_Ec_BS72,"""BS72"",""SENASICA_Ec_BS72"",""SRS24551923""",,PDT002693055.1,2025-04-01T01:44:22Z,Mexico,Pork (cecal content),environmental/other,Mexico,PDS000224061.1,0.0,,SAMN47623337,GCA_049208445.1,"acrF=COMPLETE,blaEC=COMPLETE,gyrA_D87N=POINT,gyrA_S83L=POINT,mdtM=COMPLETE,nfsA_G131D=POINT,parC_S80I=POINT",,"amikacin=S,ampicillin=S,azithromycin=S,cefotaxime=S,ceftazidime=S,chloramphenicol=S,ciprofloxacin=R,colistin=S,gentamicin=S,meropenem=S,nalidixic acid=R,sulfamethoxazole=S,tetracycline=S,tigecycline=S,trimethoprim=S"
E.coli and Shigella,SENASICA_Ec_BS70,"""BS70"",""SENASICA_Ec_BS70"",""SRS24551920""",,PDT002693057.1,2025-04-01T01:44:23Z,Mexico,Pork (cecal content),environmental/other,Mexico,PDS000224054.1,0.0,,SAMN47623335,GCA_049208525.1,"aadA2=COMPLETE,acrF=COMPLETE,blaEC=COMPLETE,floR=COMPLETE,qnrB19=COMPLETE,tet(A)=COMPLETE",,"amikacin=S,ampicillin=S,azithromycin=S,cefotaxime=S,ceftazidime=S,chloramphenicol=R,ciprofloxacin=R,colistin=S,gentamicin=S,meropenem=S,nalidixic acid=S,sulfamethoxazole=S,tetracycline=R,tigecycline=S,trimethoprim=S"
E.coli and Shigella,SENASICA_Ec_BS69,"""BS69"",""SENASICA_Ec_BS69"",""SRS24551919""",,PDT002693058.1,2025-04-01T01:44:23Z,Mexico,Pork (cecal content),environmental/other,Mexico,PDS000224061.1,0.0,,SAMN47623334,GCA_049208365.1,"acrF=COMPLETE,blaEC=COMPLETE,gyrA_D87N=POINT,gyrA_S83L=POINT,mdtM=COMPLETE,nfsA_G131D=POINT,parC_S80I=POINT",,"amikacin=S,ampicillin=S,azithromycin=S,cefotaxime=S,ceftazidime=S,chloramphenicol=S,ciprofloxacin=R,colistin=S,gentamicin=S,meropenem=S,nalidixic acid=R,sulfamethoxazole=S,tetracycline=S,tigecycline=S,trimethoprim=S"
E.coli and Shigella,SENASICA_Ec_BS68,"""BS68"",""SENASICA_Ec_BS68"",""SRS24551916""",,PDT002693059.1,2025-04-01T01:44:24Z,Mexico,Pork (cecal content),environmental/other,Mexico,,,,SAMN47623333,GCA_049208375.1,"aadA1=COMPLETE,aadA5=COMPLETE,acrF=COMPLETE,aph(3'')-Ib=COMPLETE,aph(6)-Id=COMPLETE,blaEC=COMPLETE,blaTEM-1=COMPLETE,dfrA17=PARTIAL,dfrA17=PARTIAL_END_OF_CONTIG,estX-3=COMPLETE,floR=COMPLETE,mdtM=COMPLETE,qnrS1=COMPLETE,sul2=COMPLETE,tet(A)=COMPLETE,tet(M)=COMPLETE",,"amikacin=S,ampicillin=R,azithromycin=S,cefotaxime=S,ceftazidime=S,chloramphenicol=R,ciprofloxacin=R,colistin=S,gentamicin=S,meropenem=S,nalidixic acid=S,sulfamethoxazole=R,tetracycline=R,tigecycline=S,trimethoprim=S"
E.coli and Shigella,SENASICA_Ec_BS67,"""BS67"",""SENASICA_Ec_BS67"",""SRS24551918""",,PDT002693060.1,2025-04-01T01:44:24Z,Mexico,Pork (cecal content),environmental/other,Mexico,,,,SAMN47623332,GCA_049208405.1,"acrF=COMPLETE,aph(3'')-Ib=COMPLETE,aph(6)-Id=COMPLETE,blaEC=COMPLETE,blaTEM-1=COMPLETE,mdtM=COMPLETE,nfsA_R203C=POINT,nfsB_W94Ter=POINT,qnrB19=COMPLETE,tet(B)=COMPLETE",,"amikacin=S,ampicillin=R,azithromycin=S,cefotaxime=S,ceftazidime=S,chloramphenicol=S,ciprofloxacin=R,colistin=S,gentamicin=S,meropenem=S,nalidixic acid=S,sulfamethoxazole=S,tetracycline=R,tigecycline=S,trimethoprim=S"
E.coli and Shigella,SENASICA_Ec_BS65,"""BS65"",""SENASICA_Ec_BS65"",""SRS24551917""",,PDT002693062.1,2025-04-01T01:44:25Z,Mexico,Pork (cecal content),environmental/other,Mexico,,,,SAMN47623330,GCA_049266275.1,"aac(3)-IVa=COMPLETE,aadA1=COMPLETE,aadA1=PARTIAL_END_OF_CONTIG,aadA2=COMPLETE,acrF=COMPLETE,aph(3'')-Ib=COMPLETE,aph(3'')-Ib=PARTIAL_END_OF_CONTIG,aph(4)-Ia=COMPLETE,aph(6)-Id=COMPLETE,aph(6)-Id=PARTIAL_END_OF_CONTIG,blaEC=COMPLETE,blaTEM-1=COMPLETE,blaTEM=PARTIAL_END_OF_CONTIG,cmlA1=COMPLETE,dfrA12=COMPLETE,dfrA14=COMPLETE,dfrA1=COMPLETE,floR=COMPLETE,fosA7.5=COMPLETE,gyrA_S83L=POINT,mdtM=COMPLETE,mef(B)=COMPLETE,sat2=COMPLETE,sul2=COMPLETE,sul3=COMPLETE,tet(B)=COMPLETE",,"amikacin=S,ampicillin=R,azithromycin=S,cefotaxime=S,ceftazidime=S,chloramphenicol=R,ciprofloxacin=R,colistin=S,gentamicin=R,meropenem=S,nalidixic acid=R,sulfamethoxazole=R,tetracycline=R,tigecycline=S,trimethoprim=R"
E.coli and Shigella,SENASICA_Ec_BS62,"""BS62"",""SENASICA_Ec_BS62"",""SRS24551915""",,PDT002693063.1,2025-04-01T01:44:26Z,Mexico,Pork (cecal content),environmental/other,Mexico,,,,SAMN47623329,GCA_049266255.1,"aac(3)-IId=COMPLETE,aadA1=COMPLETE,aadA2=COMPLETE,aadA2=PARTIAL_END_OF_CONTIG,acrF=COMPLETE,aph(3')-Ia=COMPLETE,blaEC=COMPLETE,blaTEM-1=COMPLETE,cmlA1=COMPLETE,dfrA12=COMPLETE,floR=COMPLETE,gyrA_D87N=POINT,gyrA_S83L=POINT,lnu(F)=COMPLETE,mdtM=COMPLETE,parC_S80I=POINT,sul2=COMPLETE,sul3=COMPLETE,tet(A)=COMPLETE,tet(M)=COMPLETE",,"amikacin=S,ampicillin=R,azithromycin=S,cefotaxime=S,ceftazidime=S,chloramphenicol=R,ciprofloxacin=R,colistin=S,gentamicin=R,meropenem=S,nalidixic acid=R,sulfamethoxazole=R,tetracycline=R,tigecycline=S,trimethoprim=R"
E.coli and Shigella,SENASICA_Ec_BS61,"""BS61"",""SENASICA_Ec_BS61"",""SRS24551912""",,PDT002693064.1,2025-04-01T01:44:26Z,Mexico,Pork (cecal content),environmental/other,Mexico,,,,SAMN47623328,GCA_049208305.1,"aadA1=COMPLETE,acrF=COMPLETE,aph(3'')-Ib=COMPLETE,aph(6)-Id=COMPLETE,blaEC=COMPLETE,blaTEM-1=COMPLETE,estX-3=COMPLETE,floR=COMPLETE,mdtM=COMPLETE,qnrB19=COMPLETE,tet(B)=COMPLETE",,"amikacin=S,ampicillin=R,azithromycin=S,cefotaxime=S,ceftazidime=S,chloramphenicol=R,ciprofloxacin=R,colistin=S,gentamicin=S,meropenem=S,nalidixic acid=S,sulfamethoxazole=S,tetracycline=R,tigecycline=S,trimethoprim=S"
E.coli and Shigella,SENASICA_Ec_BS34,"""BS34"",""SENASICA_Ec_BS34"",""SRS24551913""",,PDT002693065.1,2025-04-01T01:44:27Z,Mexico,Pork (cecal content),environmental/other,Mexico,,,,SAMN47623301,GCA_049208285.1,"acrF=COMPLETE,blaEC=COMPLETE,blaTEM-1=COMPLETE,floR=COMPLETE,mdtM=COMPLETE,qnrS1=COMPLETE,tet(A)=COMPLETE",,"amikacin=S,ampicillin=R,azithromycin=S,cefotaxime=S,ceftazidime=S,chloramphenicol=R,ciprofloxacin=R,colistin=S,gentamicin=S,meropenem=S,nalidixic acid=S,sulfamethoxazole=S,tetracycline=R,tigecycline=S,trimethoprim=S"
E.coli and Shigella,SENASICA_Ec_BS60,"""BS60"",""SENASICA_Ec_BS60"",""SRS24551909""",,PDT002693066.1,2025-04-01T01:44:27Z,Mexico,Pork (cecal content),environmental/other,Mexico,,,,SAMN47623327,GCA_049208265.1,"aac(3)-IIe=COMPLETE,acrF=COMPLETE,aph(3')-Ia=COMPLETE,blaCTX-M-55=COMPLETE,blaEC=COMPLETE,floR=COMPLETE,gyrA_D87N=POINT,gyrA_S83L=POINT,mdtM=COMPLETE,parC_S80I=POINT,parE_S458A=POINT,tet(A)=COMPLETE",,"amikacin=S,ampicillin=R,azithromycin=S,cefotaxime=R,ceftazidime=R,chloramphenicol=R,ciprofloxacin=R,colistin=S,gentamicin=R,meropenem=S,nalidixic acid=R,sulfamethoxazole=S,tetracycline=R,tigecycline=S,trimethoprim=S"
E.coli and Shigella,SENASICA_Ec_BS59,"""BS59"",""SENASICA_Ec_BS59"",""SRS24551911""",,PDT002693067.1,2025-04-01T01:44:27Z,Mexico,Pork (cecal content),environmental/other,Mexico,,,,SAMN47623326,GCA_049208245.1,"aadA1=COMPLETE,aadA1=PARTIAL_END_OF_CONTIG,aadA2=COMPLETE,acrF=COMPLETE,blaEC=COMPLETE,blaTEM-1=COMPLETE,cmlA1=COMPLETE,dfrA12=COMPLETE,mdtM=COMPLETE,nfsA_R15C=POINT,qnrS1=COMPLETE,tet(A)=COMPLETE",,"amikacin=S,ampicillin=R,azithromycin=S,cefotaxime=S,ceftazidime=S,chloramphenicol=R,ciprofloxacin=R,colistin=S,gentamicin=S,meropenem=S,nalidixic acid=S,sulfamethoxazole=S,tetracycline=R,tigecycline=S,trimethoprim=R"
E.coli and Shigella,SENASICA_Ec_BS56,"""BS56"",""SENASICA_Ec_BS56"",""SRS24551908""",,PDT002693070.1,2025-04-01T01:44:29Z,Mexico,Pork (cecal content),environmental/other,Mexico,,,,SAMN47623323,GCA_049208185.1,"acrF=COMPLETE,blaEC=COMPLETE,floR=COMPLETE,mdtM=COMPLETE,qnrB19=COMPLETE,tet(A)=COMPLETE",,"amikacin=S,ampicillin=S,azithromycin=S,cefotaxime=S,ceftazidime=S,chloramphenicol=R,ciprofloxacin=R,colistin=S,gentamicin=S,meropenem=S,nalidixic acid=S,sulfamethoxazole=S,tetracycline=R,tigecycline=S,trimethoprim=S"
E.coli and Shigella,SENASICA_Ec_BS55,"""BS55"",""SENASICA_Ec_BS55"",""SRS24551905""",,PDT002693071.1,2025-04-01T01:44:29Z,Mexico,Pork (cecal content),environmental/other,Mexico,,,,SAMN47623322,GCA_049208165.1,"acrF=COMPLETE,blaEC=COMPLETE,dfrA14=COMPLETE,gyrA_S83L=POINT,mdtM=COMPLETE,qnrS1=COMPLETE,tet(A)=COMPLETE",,"amikacin=S,ampicillin=S,azithromycin=R,cefotaxime=S,ceftazidime=S,chloramphenicol=R,ciprofloxacin=R,colistin=S,gentamicin=S,meropenem=S,nalidixic acid=R,sulfamethoxazole=R,tetracycline=R,tigecycline=S,trimethoprim=R"
E.coli and Shigella,SENASICA_Ec_BS53,"""BS53"",""SENASICA_Ec_BS53"",""SRS24551902""",,PDT002693073.1,2025-04-01T01:44:30Z,Mexico,Pork (cecal content),environmental/other,Mexico,,,,SAMN47623320,GCA_049208125.1,"acrF=COMPLETE,blaEC=COMPLETE,blaTEM-1=COMPLETE,floR=COMPLETE,qnrB19=COMPLETE,tet(A)=COMPLETE,tet(B)=COMPLETE",,"amikacin=S,ampicillin=R,azithromycin=S,cefotaxime=S,ceftazidime=S,chloramphenicol=R,ciprofloxacin=R,colistin=S,gentamicin=S,meropenem=S,nalidixic acid=R,sulfamethoxazole=S,tetracycline=R,tigecycline=S,trimethoprim=S"
E.coli and Shigella,SENASICA_Ec_BS52,"""BS52"",""SENASICA_Ec_BS52"",""SRS24551904""",,PDT002693074.1,2025-04-01T01:44:31Z,Mexico,Pork (cecal content),environmental/other,Mexico,,,,SAMN47623319,GCA_049208105.1,"acrF=COMPLETE,blaEC=COMPLETE,blaTEM-1=COMPLETE,floR=COMPLETE,mdtM=COMPLETE,qnrB19=COMPLETE,qnrS1=COMPLETE,tet(A)=COMPLETE,tet(M)=COMPLETE",,"amikacin=S,ampicillin=R,azithromycin=S,cefotaxime=S,ceftazidime=S,chloramphenicol=R,ciprofloxacin=R,colistin=S,gentamicin=S,meropenem=S,nalidixic acid=S,sulfamethoxazole=S,tetracycline=R,tigecycline=S,trimethoprim=S"
E.coli and Shigella,SENASICA_Ec_BS51,"""BS51"",""SENASICA_Ec_BS51"",""SRS24551903""",,PDT002693075.1,2025-04-01T01:44:31Z,Mexico,Pork (cecal content),environmental/other,Mexico,,,,SAMN47623318,GCA_049210545.1,"aadA1=COMPLETE,aadA1=PARTIAL_END_OF_CONTIG,aadA2=COMPLETE,acrF=COMPLETE,aph(3'')-Ib=COMPLETE,aph(6)-Id=COMPLETE,blaCARB-2=COMPLETE,blaEC=COMPLETE,cmlA1=COMPLETE,dfrA16=COMPLETE,floR=COMPLETE,gyrA_S83L=POINT,mdtM=COMPLETE,mef(B)=COMPLETE,parC_S80I=POINT,qnrB19=COMPLETE,sul3=COMPLETE,tet(A)=COMPLETE,tet(D)=COMPLETE",,"amikacin=S,ampicillin=R,azithromycin=S,cefotaxime=S,ceftazidime=S,chloramphenicol=R,ciprofloxacin=R,colistin=S,gentamicin=S,meropenem=S,nalidixic acid=R,sulfamethoxazole=R,tetracycline=R,tigecycline=S,trimethoprim=R"
E.coli and Shigella,SENASICA_Ec_BS33,"""BS33"",""SENASICA_Ec_BS33"",""SRS24551900""",,PDT002693076.1,2025-04-01T01:44:32Z,Mexico,Pork (cecal content),environmental/other,Mexico,,,,SAMN47623300,GCA_049208085.1,"aadA2=COMPLETE,acrF=COMPLETE,blaCARB-2=COMPLETE,blaEC=COMPLETE,cyaA_S352T=POINT,dfrA1=COMPLETE,emrD=COMPLETE,erm(B)=COMPLETE,floR=COMPLETE,gyrA_S83L=POINT,mdtM=COMPLETE,mph(A)=COMPLETE,parC_S80R=POINT,qnrA1=COMPLETE,sul1=COMPLETE,tet(A)=COMPLETE",,"amikacin=S,ampicillin=R,azithromycin=R,cefotaxime=S,ceftazidime=S,chloramphenicol=R,ciprofloxacin=R,colistin=S,gentamicin=S,meropenem=S,nalidixic acid=R,sulfamethoxazole=R,tetracycline=R,tigecycline=S,trimethoprim=R"
E.coli and Shigella,SENASICA_Ec_BS50,"""BS50"",""SENASICA_Ec_BS50"",""SRS24551901""",,PDT002693077.1,2025-04-01T01:44:32Z,Mexico,Pork (cecal content),environmental/other,Mexico,,,,SAMN47623317,GCA_049208065.1,"aadA2=COMPLETE,acrF=COMPLETE,blaEC=COMPLETE,blaTEM-1=COMPLETE,bleO=COMPLETE,dfrA12=COMPLETE,floR=COMPLETE,mdtM=COMPLETE,qnrB19=COMPLETE,sul3=COMPLETE,tet(B)=COMPLETE",,"amikacin=S,ampicillin=R,azithromycin=S,cefotaxime=S,ceftazidime=S,chloramphenicol=R,ciprofloxacin=R,colistin=S,gentamicin=S,meropenem=S,nalidixic acid=S,sulfamethoxazole=R,tetracycline=R,tigecycline=S,trimethoprim=R"
E.coli and Shigella,SENASICA_Ec_BS48,"""BS48"",""SENASICA_Ec_BS48"",""SRS24551899""",,PDT002693079.1,2025-04-01T01:44:33Z,Mexico,Pork (cecal content),environmental/other,Mexico,,,,SAMN47623315,GCA_049208025.1,"aadA2=COMPLETE,acrF=COMPLETE,blaEC=COMPLETE,blaTEM-1=COMPLETE,bleO=COMPLETE,dfrA12=COMPLETE,mdtM=COMPLETE,qnrB19=COMPLETE,sul3=COMPLETE,tet(A)=COMPLETE",,"amikacin=S,ampicillin=S,azithromycin=S,cefotaxime=S,ceftazidime=S,chloramphenicol=S,ciprofloxacin=R,colistin=S,gentamicin=S,meropenem=S,nalidixic acid=S,sulfamethoxazole=R,tetracycline=R,tigecycline=S,trimethoprim=R"
E.coli and Shigella,SENASICA_Ec_BS47,"""BS47"",""SENASICA_Ec_BS47"",""SRS24551898""",,PDT002693080.1,2025-04-01T01:44:34Z,Mexico,Pork (cecal content),environmental/other,Mexico,,,,SAMN47623314,GCA_049208005.1,"aac(3)-IId=COMPLETE,aadA1=COMPLETE,aadA2=COMPLETE,aadA2=PARTIAL_END_OF_CONTIG,acrF=COMPLETE,blaEC=COMPLETE,blaTEM-1=COMPLETE,blaTEM=PARTIAL_END_OF_CONTIG,cmlA1=COMPLETE,dfrA12=COMPLETE,floR=COMPLETE,gyrA_D87N=POINT,gyrA_S83L=POINT,lnu(F)=COMPLETE,mdtM=COMPLETE,parC_S80I=POINT,sul2=COMPLETE,sul3=COMPLETE,tet(A)=COMPLETE,tet(M)=COMPLETE",,"amikacin=S,ampicillin=R,azithromycin=S,cefotaxime=S,ceftazidime=S,chloramphenicol=R,ciprofloxacin=R,colistin=S,gentamicin=R,meropenem=S,nalidixic acid=R,sulfamethoxazole=R,tetracycline=R,tigecycline=S,trimethoprim=R"
E.coli and Shigella,SENASICA_Ec_BS46,"""BS46"",""SENASICA_Ec_BS46"",""SRS24551895""",,PDT002693081.1,2025-04-01T01:44:34Z,Mexico,Pork (cecal content),environmental/other,Mexico,,,,SAMN47623313,GCA_049207985.1,"aadA1=COMPLETE,acrF=MISTRANSLATION,aph(3'')-Ib=COMPLETE,aph(6)-Id=COMPLETE,blaEC=COMPLETE,blaTEM-1=COMPLETE,dfrA1=COMPLETE,floR=COMPLETE,mdtM=COMPLETE,qnrS1=COMPLETE,sat2=COMPLETE,sul1=COMPLETE,sul2=COMPLETE,sul3=COMPLETE,tet(A)=COMPLETE",,"amikacin=S,ampicillin=R,azithromycin=S,cefotaxime=S,ceftazidime=S,chloramphenicol=R,ciprofloxacin=R,colistin=S,gentamicin=S,meropenem=S,nalidixic acid=S,sulfamethoxazole=R,tetracycline=R,tigecycline=S,trimethoprim=R"
E.coli and Shigella,SENASICA_Ec_BS42,"""BS42"",""SENASICA_Ec_BS42"",""SRS24551893""",,PDT002693085.1,2025-04-01T01:44:36Z,Mexico,Pork (cecal content),environmental/other,Mexico,,,,SAMN47623309,GCA_049207905.1,"aadA1=COMPLETE,aadA1=PARTIAL_END_OF_CONTIG,aadA2=COMPLETE,acrF=COMPLETE,blaEC=COMPLETE,cmlA1=COMPLETE,dfrA12=COMPLETE,estX-3=COMPLETE,floR=COMPLETE,gyrA_S83L=POINT,mdtM=COMPLETE,parC_A56T=POINT,sul3=COMPLETE",,"amikacin=S,ampicillin=S,azithromycin=S,cefotaxime=S,ceftazidime=S,chloramphenicol=R,ciprofloxacin=R,colistin=S,gentamicin=S,meropenem=S,nalidixic acid=R,sulfamethoxazole=R,tetracycline=S,tigecycline=S,trimethoprim=R"
E.coli and Shigella,SENASICA_Ec_BS32,"""BS32"",""SENASICA_Ec_BS32"",""SRS24551890""",,PDT002693087.1,2025-04-01T01:44:36Z,Mexico,Pork (cecal content),environmental/other,Mexico,,,,SAMN47623299,GCA_049207865.1,"aadA1=COMPLETE,aadA1=PARTIAL_END_OF_CONTIG,aadA2=COMPLETE,aadA5=COMPLETE,acrF=COMPLETE,blaCTX-M-15=COMPLETE,blaEC=COMPLETE,blaTEM-1=COMPLETE,cmlA1=COMPLETE,dfrA12=COMPLETE,dfrA17=COMPLETE,floR=COMPLETE,gyrA_D87N=POINT,gyrA_S83L=POINT,mdtM=COMPLETE,mph(A)=COMPLETE,parC_S80I=POINT,qnrS1=COMPLETE,sul1=COMPLETE,sul2=COMPLETE,sul3=COMPLETE",,"amikacin=S,ampicillin=R,azithromycin=R,cefotaxime=R,ceftazidime=R,chloramphenicol=R,ciprofloxacin=R,colistin=S,gentamicin=S,meropenem=S,nalidixic acid=R,sulfamethoxazole=R,tetracycline=S,tigecycline=S,trimethoprim=R"
E.coli and Shigella,SENASICA_Ec_BS31,"""BS31"",""SENASICA_Ec_BS31"",""SRS24551889""",,PDT002693088.1,2025-04-01T01:44:37Z,Mexico,Pork (cecal content),environmental/other,Mexico,,,,SAMN47623298,GCA_049207845.1,"blaEC=COMPLETE,blaTEM-1=COMPLETE,dfrA14=COMPLETE,floR=COMPLETE,mdtM=COMPLETE,qnrS1=COMPLETE,tet(A)=COMPLETE",,"amikacin=S,ampicillin=R,azithromycin=S,cefotaxime=S,ceftazidime=S,chloramphenicol=R,ciprofloxacin=R,colistin=S,gentamicin=S,meropenem=S,nalidixic acid=S,sulfamethoxazole=S,tetracycline=R,tigecycline=S,trimethoprim=R"
E.coli and Shigella,ECOCN22,"""ECOCN22""",,PDT002710476.1,2025-04-08T17:44:45Z,Algeria: Batna,dog,clinical,,,,,SAMN47585730,GCA_049354835.1,"acrF=COMPLETE,blaCTX-M-15=COMPLETE,blaEC=COMPLETE,cyaA_S352T=POINT,gyrA_D87N=POINT,gyrA_S83L=POINT,parC_S80I=POINT,parE_S458A=POINT,tet(B)=COMPLETE",,"amikacin=S,amoxicillin-clavulanic acid=I,amoxicillin=R,aztreonam=R,cefazolin=R,cefepime=R,cefotaxime=R,cefoxitin=S,ceftazidime=R,chloramphenicol=S,ciprofloxacin=R,gentamicin=S,imipenem=S,kanamycin=S,levofloxacin=R,nalidixic acid=R,tetracycline=R"
E.coli and Shigella,SENASICA_Ec_BT79,"""BT79"",""SENASICA_Ec_BT79"",""SRS25102695""",,PDT002776213.1,2025-05-21T00:25:10Z,Mexico,Pork (cecal content),environmental/other,Mexico,,,,SAMN48590751,GCA_050502735.1,"aadA2=PARTIAL_END_OF_CONTIG,acrF=COMPLETE,aph(3'')-Ib=COMPLETE,aph(6)-Id=COMPLETE,blaCARB-2=COMPLETE,blaEC=COMPLETE,floR=COMPLETE,mdtM=COMPLETE,nfsA_Q113STOP=POINT,qnrA1=COMPLETE,sul1=COMPLETE,sul2=COMPLETE",,"amikacin=S,ampicillin=R,azithromycin=S,cefotaxime=S,ceftazidime=S,chloramphenicol=R,ciprofloxacin=R,colistin=S,gentamicin=S,meropenem=S,nalidixic acid=S,sulfamethoxazole=R,tetracycline=S,tigecycline=S,trimethoprim=S"
E.coli and Shigella,SENASICA_Ec_BT78,"""BT78"",""SENASICA_Ec_BT78"",""SRS25102694""",,PDT002776214.1,2025-05-21T00:25:10Z,Mexico,Pork (cecal content),environmental/other,Mexico,,,,SAMN48590750,GCA_050502715.1,"aadA1=COMPLETE,aadA2=COMPLETE,acrF=COMPLETE,blaEC=COMPLETE,blaTEM-1=COMPLETE,dfrA1=COMPLETE,floR=COMPLETE,lnu(F)=COMPLETE,qnrS1=COMPLETE,sat2=COMPLETE,sul3=COMPLETE,tet(B)=COMPLETE",,"amikacin=S,ampicillin=R,azithromycin=S,cefotaxime=S,ceftazidime=S,chloramphenicol=R,ciprofloxacin=R,colistin=S,gentamicin=S,meropenem=S,nalidixic acid=S,sulfamethoxazole=R,tetracycline=R,tigecycline=S,trimethoprim=R"
E.coli and Shigella,SENASICA_Ec_BT76,"""BT76"",""SENASICA_Ec_BT76"",""SRS25102692""",,PDT002776216.1,2025-05-21T00:25:12Z,Mexico,Pork (cecal content),environmental/other,Mexico,,,,SAMN48590748,GCA_050502675.1,"aadA2=COMPLETE,acrF=COMPLETE,aph(3'')-Ib=COMPLETE,aph(6)-Id=COMPLETE,blaEC=COMPLETE,blaTEM-1=COMPLETE,floR=COMPLETE,lnu(F)=COMPLETE,mdtM=COMPLETE,qnrB19=COMPLETE,qnrS1=COMPLETE,qnrS=MISTRANSLATION,tet(A)=COMPLETE,tet(B)=COMPLETE,tet(M)=COMPLETE",,"amikacin=S,ampicillin=R,azithromycin=R,cefotaxime=R,ceftazidime=R,chloramphenicol=R,ciprofloxacin=R,colistin=S,gentamicin=S,meropenem=S,nalidixic acid=S,sulfamethoxazole=R,tetracycline=R,tigecycline=S,trimethoprim=S"
E.coli and Shigella,SENASICA_Ec_BT75,"""BT75"",""SENASICA_Ec_BT75"",""SRS25102691""",,PDT002776217.1,2025-05-21T00:25:12Z,Mexico,Pork (cecal content),environmental/other,Mexico,,,,SAMN48590747,GCA_050502655.1,"aac(3)-IId=COMPLETE,aadA5=COMPLETE,acrF=COMPLETE,aph(3'')-Ib=COMPLETE,aph(6)-Id=COMPLETE,blaEC=COMPLETE,blaTEM-1=COMPLETE,bleO=COMPLETE,dfrA17=COMPLETE,floR=COMPLETE,gyrA_S83L=POINT,mdtM=COMPLETE,sul2=COMPLETE,tet(A)=COMPLETE",,"amikacin=S,ampicillin=R,azithromycin=S,cefotaxime=S,ceftazidime=S,chloramphenicol=R,ciprofloxacin=R,colistin=S,gentamicin=R,meropenem=S,nalidixic acid=R,sulfamethoxazole=R,tetracycline=R,tigecycline=S,trimethoprim=R"
E.coli and Shigella,SENASICA_Ec_BT74,"""BT74"",""SENASICA_Ec_BT74"",""SRS25102690""",,PDT002776218.1,2025-05-21T00:25:14Z,Mexico,Pork (cecal content),environmental/other,Mexico,,,,SAMN48590746,GCA_050502635.1,"aadA1=COMPLETE,aadA2=COMPLETE,acrF=COMPLETE,blaEC=COMPLETE,blaTEM-1=COMPLETE,dfrA1=COMPLETE,floR=COMPLETE,gyrA_S83L=POINT,mdtM=COMPLETE,sat2=COMPLETE,sul3=COMPLETE,tet(A)=COMPLETE",,"amikacin=S,ampicillin=R,azithromycin=S,cefotaxime=S,ceftazidime=S,chloramphenicol=R,ciprofloxacin=R,colistin=S,gentamicin=S,meropenem=S,nalidixic acid=R,sulfamethoxazole=R,tetracycline=R,tigecycline=R,trimethoprim=R"
E.coli and Shigella,SENASICA_Ec_BU10,"""BU10"",""SENASICA_Ec_BU10"",""SRS25102689""",,PDT002776219.1,2025-05-21T00:25:16Z,Mexico,Pork (cecal content),environmental/other,Mexico,,,,SAMN48590776,GCA_050502615.1,"aadA2=COMPLETE,acrF=COMPLETE,blaEC=COMPLETE,blaPSE=PARTIAL_END_OF_CONTIG,cyaA_S352T=POINT,dfrA51=COMPLETE,emrD=COMPLETE,floR=COMPLETE,fosA7.5=COMPLETE,mdtM=COMPLETE,qnrB19=COMPLETE,tet(A)=COMPLETE",,"amikacin=S,ampicillin=S,azithromycin=S,cefotaxime=S,ceftazidime=S,chloramphenicol=R,ciprofloxacin=R,colistin=S,gentamicin=S,meropenem=S,nalidixic acid=S,sulfamethoxazole=S,tetracycline=R,tigecycline=S,trimethoprim=S"
E.coli and Shigella,SENASICA_Ec_BU09,"""BU09"",""SENASICA_Ec_BU09"",""SRS25102688""",,PDT002776220.1,2025-05-21T00:25:17Z,Mexico,Pork (cecal content),environmental/other,Mexico,,,,SAMN48590775,GCA_050502595.1,"aadA2=COMPLETE,acrF=COMPLETE,blaEC=COMPLETE,blaTEM-1=COMPLETE,dfrA51=COMPLETE,floR=COMPLETE,lnu(F)=COMPLETE,mdtM=COMPLETE,qnrS1=COMPLETE,tet(M)=COMPLETE",,"amikacin=S,ampicillin=R,azithromycin=S,cefotaxime=S,ceftazidime=S,chloramphenicol=R,ciprofloxacin=R,colistin=S,gentamicin=S,meropenem=S,nalidixic acid=S,sulfamethoxazole=S,tetracycline=R,tigecycline=S,trimethoprim=S"
E.coli and Shigella,SENASICA_Ec_BU08,"""BU08"",""SENASICA_Ec_BU08"",""SRS25102687""",,PDT002776221.1,2025-05-21T00:25:17Z,Mexico,Pork (cecal content),environmental/other,Mexico,,,,SAMN48590774,GCA_050502575.1,"aac(3)-IId=COMPLETE,aadA1=COMPLETE,aadA2=COMPLETE,acrF=COMPLETE,aph(6)-Id=COMPLETE,blaEC=PARTIAL,blaTEM-1=COMPLETE,bleO=COMPLETE,cmlA1=COMPLETE,dfrA12=COMPLETE,floR=COMPLETE,gyrA_D87N=POINT,gyrA_S83L=POINT,lnu(F)=COMPLETE,mdtM=COMPLETE,mef(B)=COMPLETE,parC_A56T=POINT,parC_S80I=POINT,sul3=COMPLETE,tet(A)=COMPLETE",,"amikacin=S,ampicillin=R,azithromycin=S,cefotaxime=S,ceftazidime=S,chloramphenicol=R,ciprofloxacin=R,colistin=S,gentamicin=R,meropenem=S,nalidixic acid=R,sulfamethoxazole=R,tetracycline=R,tigecycline=S,trimethoprim=R"
E.coli and Shigella,SENASICA_Ec_BU07,"""BU07"",""SENASICA_Ec_BU07"",""SRS25102686""",,PDT002776222.1,2025-05-21T00:25:17Z,Mexico,Pork (cecal content),environmental/other,Mexico,,,,SAMN48590773,GCA_050502555.1,"aadA1=COMPLETE,aadA1=PARTIAL_END_OF_CONTIG,aadA2=COMPLETE,acrF=COMPLETE,blaEC=COMPLETE,blaTEM-1=COMPLETE,cmlA1=COMPLETE,dfrA12=COMPLETE,floR=COMPLETE,mdtM=COMPLETE,qnrB19=COMPLETE,sul3=COMPLETE,tet(A)=COMPLETE,tet(A)=PARTIAL_END_OF_CONTIG",,"amikacin=S,ampicillin=R,azithromycin=S,cefotaxime=S,ceftazidime=S,chloramphenicol=R,ciprofloxacin=R,colistin=S,gentamicin=S,meropenem=S,nalidixic acid=S,sulfamethoxazole=R,tetracycline=R,tigecycline=S,trimethoprim=R"
E.coli and Shigella,SENASICA_Ec_BT73,"""BT73"",""SENASICA_Ec_BT73"",""SRS25102684""",,PDT002776224.1,2025-05-21T00:25:22Z,Mexico,Pork (cecal content),environmental/other,Mexico,,,,SAMN48590745,GCA_050502475.1,"acrF=COMPLETE,aph(3'')-Ib=COMPLETE,aph(3')-Ia=COMPLETE,aph(6)-Id=COMPLETE,blaEC=COMPLETE,blaTEM-1=COMPLETE,erm=HMM,floR=COMPLETE,mdtM=COMPLETE,mef(B)=COMPLETE,mph(A)=COMPLETE,qnrB19=COMPLETE,sul2=COMPLETE,tet(B)=COMPLETE",,"amikacin=S,ampicillin=R,azithromycin=R,cefotaxime=S,ceftazidime=S,chloramphenicol=R,ciprofloxacin=R,colistin=S,gentamicin=S,meropenem=S,nalidixic acid=R,sulfamethoxazole=R,tetracycline=R,tigecycline=S,trimethoprim=S"
E.coli and Shigella,SENASICA_Ec_BT98,"""BT98"",""SENASICA_Ec_BT98"",""SRS25102681""",,PDT002776227.1,2025-05-21T00:25:24Z,Mexico,Pork (cecal content),environmental/other,Mexico,,,,SAMN48590769,GCA_050502395.1,"aac(3)-IVa=COMPLETE,aadA1=COMPLETE,acrF=COMPLETE,aph(3'')-Ib=COMPLETE,aph(3')-Ia=COMPLETE,aph(4)-Ia=COMPLETE,aph(6)-Id=COMPLETE,blaCTX-M-15=COMPLETE,blaEC=COMPLETE,blaTEM-1=COMPLETE,floR=COMPLETE,fosA=COMPLETE,gyrA_S83L=POINT,mdtM=COMPLETE,parC_S80R=POINT,sat2=COMPLETE,sul2=COMPLETE,tet(B)=COMPLETE",,"amikacin=S,ampicillin=R,azithromycin=S,cefotaxime=R,ceftazidime=R,chloramphenicol=R,ciprofloxacin=R,colistin=S,gentamicin=R,meropenem=S,nalidixic acid=R,sulfamethoxazole=R,tetracycline=R,tigecycline=S,trimethoprim=S"
E.coli and Shigella,SENASICA_Ec_BT96,"""BT96"",""SENASICA_Ec_BT96"",""SRS25102678""",,PDT002776229.1,2025-05-21T00:25:25Z,Mexico,Pork (cecal content),environmental/other,Mexico,,,,SAMN48590767,GCA_050502375.1,"aadA2=COMPLETE,acrF=COMPLETE,blaEC=COMPLETE,blaTEM-1=COMPLETE,floR=COMPLETE,fosA=COMPLETE,mdtM=COMPLETE,qnrB19=COMPLETE,sul3=COMPLETE,tet(B)=COMPLETE",,"amikacin=S,ampicillin=R,azithromycin=S,cefotaxime=S,ceftazidime=S,chloramphenicol=R,ciprofloxacin=R,colistin=S,gentamicin=R,meropenem=S,nalidixic acid=R,sulfamethoxazole=R,tetracycline=R,tigecycline=S,trimethoprim=R"
E.coli and Shigella,SENASICA_Ec_BT93,"""BT93"",""SENASICA_Ec_BT93"",""SRS25102677""",,PDT002776232.1,2025-05-21T00:25:29Z,Mexico,Pork (cecal content),environmental/other,Mexico,,,,SAMN48590764,GCA_050502295.1,"acrF=COMPLETE,blaEC=COMPLETE,bleO=COMPLETE,gyrA_S83L=POINT,mdtM=COMPLETE,qnrB19=COMPLETE,tet(A)=COMPLETE",,"amikacin=S,ampicillin=S,azithromycin=S,cefotaxime=S,ceftazidime=S,chloramphenicol=S,ciprofloxacin=R,colistin=S,gentamicin=S,meropenem=S,nalidixic acid=R,sulfamethoxazole=S,tetracycline=R,tigecycline=S,trimethoprim=S"
E.coli and Shigella,SENASICA_Ec_BT92,"""BT92"",""SENASICA_Ec_BT92"",""SRS25102675""",,PDT002776233.1,2025-05-21T00:25:30Z,Mexico,Pork (cecal content),environmental/other,Mexico,,,,SAMN48590763,GCA_050502275.1,"acrF=COMPLETE,blaEC=COMPLETE,blaTEM-1=COMPLETE,floR=COMPLETE,mdtM=COMPLETE,qnrB19=COMPLETE,tet(A)=COMPLETE",,"amikacin=S,ampicillin=R,azithromycin=S,cefotaxime=S,ceftazidime=S,chloramphenicol=R,ciprofloxacin=R,colistin=S,gentamicin=S,meropenem=S,nalidixic acid=S,sulfamethoxazole=S,tetracycline=R,tigecycline=S,trimethoprim=S"
E.coli and Shigella,SENASICA_Ec_BT91,"""BT91"",""SENASICA_Ec_BT91"",""SRS25102674""",,PDT002776234.1,2025-05-21T00:25:32Z,Mexico,Pork (cecal content),environmental/other,Mexico,,,,SAMN48590762,GCA_050502255.1,"aadA1=COMPLETE,aadA1=PARTIAL_END_OF_CONTIG,aadA2=COMPLETE,acrF=COMPLETE,blaCARB-2=COMPLETE,blaEC=COMPLETE,cmlA1=COMPLETE,dfrA16=COMPLETE,erm(B)=COMPLETE,floR=COMPLETE,mdtM=COMPLETE,mef(B)=COMPLETE,mph(A)=COMPLETE,qnrB19=COMPLETE,sul3=COMPLETE,tet(A)=COMPLETE",,"amikacin=S,ampicillin=R,azithromycin=R,cefotaxime=S,ceftazidime=S,chloramphenicol=R,ciprofloxacin=R,colistin=S,gentamicin=S,meropenem=S,nalidixic acid=R,sulfamethoxazole=R,tetracycline=R,tigecycline=S,trimethoprim=R"
E.coli and Shigella,SENASICA_Ec_BT89,"""BT89"",""SENASICA_Ec_BT89"",""SRS25102672""",,PDT002776237.1,2025-05-21T00:25:35Z,Mexico,Pork (cecal content),environmental/other,Mexico,,,,SAMN48590760,GCA_050502195.1,"aadA1=COMPLETE,aadA2=COMPLETE,aadA2=PARTIAL_END_OF_CONTIG,acrF=MISTRANSLATION,blaEC=COMPLETE,blaTEM-1=COMPLETE,bleO=COMPLETE,cmlA1=COMPLETE,dfrA12=COMPLETE,floR=COMPLETE,lnu(F)=COMPLETE,mdtM=COMPLETE,qnrS1=COMPLETE,sul3=COMPLETE,tet(A)=COMPLETE,tet(M)=COMPLETE,tet(M)=PARTIAL_END_OF_CONTIG",,"amikacin=S,ampicillin=R,azithromycin=S,cefotaxime=S,ceftazidime=S,chloramphenicol=R,ciprofloxacin=R,colistin=S,gentamicin=S,meropenem=S,nalidixic acid=R,sulfamethoxazole=R,tetracycline=R,tigecycline=S,trimethoprim=R"
E.coli and Shigella,SENASICA_Ec_BT86,"""BT86"",""SENASICA_Ec_BT86"",""SRS25102669""",,PDT002776239.1,2025-05-21T00:25:37Z,Mexico,Pork (cecal content),environmental/other,Mexico,,,,SAMN48590758,GCA_050502155.1,"acrF=COMPLETE,aph(3')-Ia=COMPLETE,blaCTX-M-55=COMPLETE,blaEC=COMPLETE,gyrA_D87N=POINT,gyrA_S83L=POINT,mdtM=COMPLETE,parC_S80I=POINT,parE_S458A=POINT,tet(A)=COMPLETE",,"amikacin=S,ampicillin=R,azithromycin=S,cefotaxime=R,ceftazidime=R,chloramphenicol=S,ciprofloxacin=R,colistin=S,gentamicin=S,meropenem=S,nalidixic acid=R,sulfamethoxazole=S,tetracycline=R,tigecycline=S,trimethoprim=S"
E.coli and Shigella,SENASICA_Ec_BT85,"""BT85"",""SENASICA_Ec_BT85"",""SRS25102668""",,PDT002776240.1,2025-05-21T00:25:38Z,Mexico,Pork (cecal content),environmental/other,Mexico,,,,SAMN48590757,GCA_050502135.1,"aadA2=COMPLETE,acrF=COMPLETE,blaEC=COMPLETE,blaTEM-1=COMPLETE,bleO=COMPLETE,dfrA12=COMPLETE,erm=HMM,floR=COMPLETE,mdtM=COMPLETE,mph(A)=COMPLETE,qnrB19=COMPLETE,sul1=COMPLETE,sul3=COMPLETE,tet(A)=COMPLETE",,"amikacin=S,ampicillin=S,azithromycin=R,cefotaxime=S,ceftazidime=S,chloramphenicol=R,ciprofloxacin=R,colistin=S,gentamicin=S,meropenem=S,nalidixic acid=S,sulfamethoxazole=R,tetracycline=R,tigecycline=S,trimethoprim=R"
E.coli and Shigella,SENASICA_Ec_BT70,"""BT70"",""SENASICA_Ec_BT70"",""SRS25102661""",,PDT002776247.1,2025-05-21T00:25:46Z,Mexico,Pork (cecal content),environmental/other,Mexico,,,,SAMN48590742,GCA_050501995.1,"aadA1=COMPLETE,aadA1=PARTIAL_END_OF_CONTIG,aadA2=COMPLETE,acrF=COMPLETE,blaEC=COMPLETE,cmlA1=COMPLETE,dfrA12=COMPLETE,mdtM=COMPLETE,qnrS2=COMPLETE,sul3=COMPLETE,tet(A)=COMPLETE",,"amikacin=S,ampicillin=S,azithromycin=S,cefotaxime=S,ceftazidime=S,chloramphenicol=R,ciprofloxacin=R,colistin=S,gentamicin=S,meropenem=S,nalidixic acid=S,sulfamethoxazole=R,tetracycline=R,tigecycline=S,trimethoprim=R"
E.coli and Shigella,SENASICA_Ec_BU21,"""BU21"",""SENASICA_Ec_BU21"",""SRS25360889""",,PDT002804520.1,2025-06-13T02:12:16Z,Mexico,Pork (cecal content),environmental/other,,,,,SAMN48992305,GCA_050914355.1,"acrF=COMPLETE,blaEC=COMPLETE,mdtM=COMPLETE,qnrB19=COMPLETE",,"amikacin=S,ampicillin=R,azithromycin=S,cefotaxime=S,ceftazidime=S,chloramphenicol=R,ciprofloxacin=R,colistin=S,gentamicin=R,meropenem=S,nalidixic acid=S,sulfamethoxazole=R,tetracycline=R,tigecycline=S,trimethoprim=R"
E.coli and Shigella,SENASICA_Ec_BU16,"""BU16"",""SENASICA_Ec_BU16"",""SRS25360885""",,PDT002804524.1,2025-06-13T02:12:18Z,Mexico,Pork (cecal content),environmental/other,,,,,SAMN48992300,GCA_050914175.1,"aadA1=COMPLETE,aadA1=PARTIAL_END_OF_CONTIG,acrF=COMPLETE,blaEC=COMPLETE,blaTEM-1=COMPLETE,floR=COMPLETE,lnu(F)=COMPLETE,mdtM=COMPLETE,qnrS1=COMPLETE,tet(A)=COMPLETE,tet(M)=COMPLETE",,"amikacin=S,ampicillin=R,azithromycin=S,cefotaxime=S,ceftazidime=S,chloramphenicol=R,ciprofloxacin=R,colistin=S,gentamicin=S,meropenem=S,nalidixic acid=S,sulfamethoxazole=S,tetracycline=R,tigecycline=S,trimethoprim=S"
E.coli and Shigella,SENASICA_Ec_BU15,"""BU15"",""SENASICA_Ec_BU15"",""SRS25360884""",,PDT002804525.1,2025-06-13T02:12:19Z,Mexico,Pork (cecal content),environmental/other,,,,,SAMN48992299,GCA_050914155.1,"acrF=COMPLETE,aph(3'')-Ib=COMPLETE,aph(6)-Id=COMPLETE,blaCMY-2=COMPLETE,blaEC=COMPLETE,blaTEM-1=COMPLETE,floR=COMPLETE,mdtM=COMPLETE,qnrB19=COMPLETE,sul2=COMPLETE,tet(B)=COMPLETE",,"amikacin=S,ampicillin=R,azithromycin=S,cefotaxime=R,ceftazidime=R,chloramphenicol=R,ciprofloxacin=R,colistin=S,gentamicin=S,meropenem=S,nalidixic acid=S,sulfamethoxazole=R,tetracycline=R,tigecycline=S,trimethoprim=S"
E.coli and Shigella,SENASICA_Ec_BU14,"""BU14"",""SENASICA_Ec_BU14"",""SRS25360881""",,PDT002804528.1,2025-06-13T02:12:22Z,Mexico,Pork (cecal content),environmental/other,,,,,SAMN48992298,GCA_050914095.1,"aadA1=COMPLETE,acrF=COMPLETE,aph(3'')-Ib=COMPLETE,aph(6)-Id=COMPLETE,blaEC=COMPLETE,blaTEM-1=COMPLETE,floR=COMPLETE,fosL2=COMPLETE,mdtM=COMPLETE,qnrB19=COMPLETE,sat2=COMPLETE,sul2=COMPLETE,tet(A)=COMPLETE",,"amikacin=S,ampicillin=R,azithromycin=S,cefotaxime=S,ceftazidime=S,chloramphenicol=R,ciprofloxacin=R,colistin=S,gentamicin=S,meropenem=S,nalidixic acid=S,sulfamethoxazole=R,tetracycline=R,tigecycline=S,trimethoprim=S"
E.coli and Shigella,SENASICA_Ec_BU43,"""BU43"",""SENASICA_Ec_BU43"",""SRS25360878""",,PDT002804531.1,2025-06-13T02:12:23Z,Mexico,Pork (cecal content),environmental/other,,,,,SAMN48992327,GCA_050915715.1,"acrF=COMPLETE,aph(3'')-Ib=COMPLETE,aph(6)-Id=COMPLETE,blaCTX-M-15=COMPLETE,blaEC=COMPLETE,blaTEM-1=COMPLETE,floR=COMPLETE,mdtM=COMPLETE,tet(A)=COMPLETE,tet(B)=COMPLETE",,"amikacin=S,ampicillin=R,azithromycin=R,cefotaxime=S,ceftazidime=S,chloramphenicol=R,ciprofloxacin=R,colistin=S,gentamicin=R,meropenem=S,nalidixic acid=R,sulfamethoxazole=R,tetracycline=R,tigecycline=S,trimethoprim=R"
E.coli and Shigella,SENASICA_Ec_BU42,"""BU42"",""SENASICA_Ec_BU42"",""SRS25360877""",,PDT002804532.1,2025-06-13T02:12:26Z,Mexico,Pork (cecal content),environmental/other,,PDS000233618.1,0.0,,SAMN48992326,GCA_050914075.1,"acrF=PARTIAL,aph(3'')-Ib=COMPLETE,aph(6)-Id=COMPLETE,blaCTX-M-15=COMPLETE,blaEC=COMPLETE,blaTEM-1=COMPLETE,dfrA14=COMPLETE,floR=COMPLETE,mdtM=COMPLETE,qnrS1=COMPLETE,sul2=COMPLETE,tet(A)=COMPLETE",,"amikacin=S,ampicillin=R,azithromycin=S,cefotaxime=S,ceftazidime=S,chloramphenicol=R,ciprofloxacin=R,colistin=S,gentamicin=S,meropenem=S,nalidixic acid=S,sulfamethoxazole=R,tetracycline=R,tigecycline=S,trimethoprim=R"
E.coli and Shigella,SENASICA_Ec_BU40,"""BU40"",""SENASICA_Ec_BU40"",""SRS25360875""",,PDT002804534.1,2025-06-13T02:12:27Z,Mexico,Pork (cecal content),environmental/other,,PDS000233618.1,0.0,,SAMN48992324,GCA_050914055.1,"acrF=PARTIAL,aph(3'')-Ib=COMPLETE,aph(6)-Id=COMPLETE,blaCTX-M-15=COMPLETE,blaEC=COMPLETE,blaTEM-1=COMPLETE,dfrA14=COMPLETE,floR=COMPLETE,mdtM=COMPLETE,qnrS1=COMPLETE,sul2=COMPLETE,tet(A)=COMPLETE,tet(A)=PARTIAL_END_OF_CONTIG",,"amikacin=S,ampicillin=R,azithromycin=S,cefotaxime=S,ceftazidime=S,chloramphenicol=R,ciprofloxacin=R,colistin=S,gentamicin=S,meropenem=S,nalidixic acid=R,sulfamethoxazole=S,tetracycline=R,tigecycline=S,trimethoprim=S"
E.coli and Shigella,SENASICA_Ec_BU39,"""BU39"",""SENASICA_Ec_BU39"",""SRS25360874""",,PDT002804535.1,2025-06-13T02:12:28Z,Mexico,Pork (cecal content),environmental/other,,,,,SAMN48992323,GCA_050914035.1,"aadA2=COMPLETE,acrF=COMPLETE,blaEC=COMPLETE,blaTEM-1=COMPLETE,dfrA12=COMPLETE,dfrA51=COMPLETE,floR=COMPLETE,gyrA_S83L=POINT,mdtM=COMPLETE,sul3=COMPLETE,tet(A)=COMPLETE",,"amikacin=S,ampicillin=R,azithromycin=S,cefotaxime=S,ceftazidime=S,chloramphenicol=R,ciprofloxacin=R,colistin=S,gentamicin=S,meropenem=S,nalidixic acid=S,sulfamethoxazole=R,tetracycline=R,tigecycline=S,trimethoprim=R"
E.coli and Shigella,SENASICA_Ec_BU37,"""BU37"",""SENASICA_Ec_BU37"",""SRS25360872""",,PDT002804537.1,2025-06-13T02:12:30Z,Mexico,Pork (cecal content),environmental/other,,,,,SAMN48992321,GCA_050915235.1,"acrF=PARTIAL_END_OF_CONTIG,aph(3'')-Ib=COMPLETE,aph(6)-Id=COMPLETE,blaEC=COMPLETE,blaTEM-1=COMPLETE,mdtM=COMPLETE,qnrB19=COMPLETE,tet(B)=COMPLETE",,"amikacin=S,ampicillin=R,azithromycin=S,cefotaxime=S,ceftazidime=S,chloramphenicol=S,ciprofloxacin=R,colistin=S,gentamicin=S,meropenem=S,nalidixic acid=R,sulfamethoxazole=S,tetracycline=R,tigecycline=S,trimethoprim=S"
E.coli and Shigella,SENASICA_Ec_BU36,"""BU36"",""SENASICA_Ec_BU36"",""SRS25360871""",,PDT002804538.1,2025-06-13T02:12:32Z,Mexico,Pork (cecal content),environmental/other,,,,,SAMN48992320,GCA_050913955.1,"acrF=COMPLETE,aph(3'')-Ib=COMPLETE,aph(6)-Id=COMPLETE,blaEC=COMPLETE,floR=COMPLETE,mdtM=COMPLETE,qnrB19=COMPLETE,sul2=COMPLETE,tet(A)=COMPLETE",,"amikacin=S,ampicillin=S,azithromycin=S,cefotaxime=S,ceftazidime=S,chloramphenicol=R,ciprofloxacin=R,colistin=S,gentamicin=S,meropenem=S,nalidixic acid=S,sulfamethoxazole=R,tetracycline=R,tigecycline=S,trimethoprim=S"
E.coli and Shigella,SENASICA_Ec_BU13,"""BU13"",""SENASICA_Ec_BU13"",""SRS25360870""",,PDT002804539.1,2025-06-13T02:12:33Z,Mexico,Pork (cecal content),environmental/other,,,,,SAMN48992297,GCA_050991775.1,"aac(3)-IVa=COMPLETE,aadA1=COMPLETE,acrF=COMPLETE,aph(3'')-Ib=COMPLETE,aph(4)-Ia=COMPLETE,aph(6)-Id=COMPLETE,blaCTX-M-15=COMPLETE,blaEC=COMPLETE,blaTEM-1=COMPLETE,floR=COMPLETE,mdtM=COMPLETE,qnrB19=COMPLETE,sul2=COMPLETE",,"amikacin=S,ampicillin=R,azithromycin=S,cefotaxime=R,ceftazidime=R,chloramphenicol=R,ciprofloxacin=R,colistin=S,gentamicin=R,meropenem=S,nalidixic acid=S,sulfamethoxazole=R,tetracycline=S,tigecycline=S,trimethoprim=S"
E.coli and Shigella,SENASICA_Ec_BU35,"""BU35"",""SENASICA_Ec_BU35"",""SRS25360869""",,PDT002804540.1,2025-06-13T02:12:34Z,Mexico,Pork (cecal content),environmental/other,,,,,SAMN48992319,GCA_050913995.1,"acrF=COMPLETE,blaEC=COMPLETE,dfrA51=COMPLETE,mdtM=COMPLETE,qnrB19=COMPLETE,tet(B)=COMPLETE",,"amikacin=S,ampicillin=S,azithromycin=S,cefotaxime=S,ceftazidime=S,chloramphenicol=S,ciprofloxacin=R,colistin=S,gentamicin=S,meropenem=S,nalidixic acid=R,sulfamethoxazole=S,tetracycline=R,tigecycline=S,trimethoprim=S"
E.coli and Shigella,SENASICA_Ec_BU34,"""BU34"",""SENASICA_Ec_BU34"",""SRS25360868""",,PDT002804541.1,2025-06-13T02:12:34Z,Mexico,Pork (cecal content),environmental/other,,PDS000233629.1,0.0,,SAMN48992318,GCA_050913975.1,"aadA2=COMPLETE,acrF=COMPLETE,blaEC=COMPLETE,blaTEM-1=COMPLETE,floR=COMPLETE,lnu(F)=COMPLETE,mdtM=COMPLETE,qnrS1=COMPLETE,tet(A)=COMPLETE,tet(M)=COMPLETE",,"amikacin=S,ampicillin=R,azithromycin=S,cefotaxime=S,ceftazidime=S,chloramphenicol=R,ciprofloxacin=R,colistin=S,gentamicin=S,meropenem=S,nalidixic acid=R,sulfamethoxazole=S,tetracycline=R,tigecycline=S,trimethoprim=S"
E.coli and Shigella,SENASICA_Ec_BU33,"""BU33"",""SENASICA_Ec_BU33"",""SRS25360867""",,PDT002804542.1,2025-06-13T02:12:34Z,Mexico,Pork (cecal content),environmental/other,,,,,SAMN48992317,GCA_050915915.1,"aadA1=COMPLETE,aadA2=COMPLETE,aadA2=PARTIAL_END_OF_CONTIG,acrF=COMPLETE,aph(3')-Ia=COMPLETE,blaEC=COMPLETE,blaTEM-1=COMPLETE,cmlA1=COMPLETE,dfrA12=COMPLETE,floR=COMPLETE,gyrA_D87N=POINT,gyrA_S83L=POINT,lnu(F)=COMPLETE,mdtM=COMPLETE,parC_S80I=POINT,parE_S458A=POINT,sul2=COMPLETE,sul3=COMPLETE,tet(M)=COMPLETE",,"amikacin=S,ampicillin=R,azithromycin=S,cefotaxime=S,ceftazidime=S,chloramphenicol=R,ciprofloxacin=R,colistin=S,gentamicin=S,meropenem=S,nalidixic acid=R,sulfamethoxazole=R,tetracycline=S,tigecycline=S,trimethoprim=R"
E.coli and Shigella,SENASICA_Ec_BU32,"""BU32"",""SENASICA_Ec_BU32"",""SRS25360866""",,PDT002804543.1,2025-06-13T02:12:35Z,Mexico,Pork (cecal content),environmental/other,,,,,SAMN48992316,GCA_050913935.1,"aac(3)-IId=COMPLETE,aadA2=COMPLETE,acrF=COMPLETE,blaEC=COMPLETE,blaTEM-1=COMPLETE,blaTEM=PARTIAL_END_OF_CONTIG,dfrA12=COMPLETE,erm(B)=COMPLETE,floR=COMPLETE,gyrA_D87N=POINT,gyrA_S83L=POINT,mdtM=COMPLETE,parC_A108T=POINT,parC_S80I=POINT,sul3=COMPLETE,tet(B)=COMPLETE",,"amikacin=S,ampicillin=R,azithromycin=R,cefotaxime=S,ceftazidime=S,chloramphenicol=R,ciprofloxacin=R,colistin=S,gentamicin=R,meropenem=S,nalidixic acid=R,sulfamethoxazole=R,tetracycline=R,tigecycline=S,trimethoprim=R"
E.coli and Shigella,SENASICA_Ec_BU31,"""BU31"",""SENASICA_Ec_BU31"",""SRS25360865""",,PDT002804544.1,2025-06-13T02:12:36Z,Mexico,Pork (cecal content),environmental/other,,,,,SAMN48992315,GCA_050913915.1,"aadA22=COMPLETE,acrF=COMPLETE,blaCARB-2=COMPLETE,blaEC=COMPLETE,dfrA16=COMPLETE,estT=COMPLETE,floR=COMPLETE,mdtM=COMPLETE,mef(B)=COMPLETE,qnrB19=COMPLETE,sul3=COMPLETE,tet(A)=COMPLETE",,"amikacin=S,ampicillin=R,azithromycin=S,cefotaxime=S,ceftazidime=S,chloramphenicol=R,ciprofloxacin=R,colistin=S,gentamicin=S,meropenem=S,nalidixic acid=S,sulfamethoxazole=R,tetracycline=R,tigecycline=S,trimethoprim=R"
E.coli and Shigella,SENASICA_Ec_BU30,"""BU30"",""SENASICA_Ec_BU30"",""SRS25360864""",,PDT002804545.1,2025-06-13T02:12:37Z,Mexico,Pork (cecal content),environmental/other,,,,,SAMN48992314,GCA_050913895.1,"aadA2=COMPLETE,blaEC=COMPLETE,blaTEM-1=COMPLETE,bleO=COMPLETE,dfrA12=COMPLETE,erm=HMM,floR=COMPLETE,mdtM=COMPLETE,mph(A)=COMPLETE,parC_A56T=POINT,qnrB19=COMPLETE,sul3=COMPLETE,tet(A)=COMPLETE",,"amikacin=S,ampicillin=R,azithromycin=R,cefotaxime=S,ceftazidime=S,chloramphenicol=R,ciprofloxacin=R,colistin=S,gentamicin=S,meropenem=S,nalidixic acid=S,sulfamethoxazole=R,tetracycline=R,tigecycline=S,trimethoprim=R"
E.coli and Shigella,SENASICA_Ec_BU28,"""BU28"",""SENASICA_Ec_BU28"",""SRS25360863""",,PDT002804546.1,2025-06-13T02:12:37Z,Mexico,Pork (cecal content),environmental/other,,,,,SAMN48992312,GCA_050913855.1,"aadA2=COMPLETE,acrF=COMPLETE,blaEC=COMPLETE,blaTEM-1=COMPLETE,bleO=COMPLETE,dfrA12=COMPLETE,floR=COMPLETE,mdtM=COMPLETE,qnrS1=COMPLETE,sul3=COMPLETE,tet(A)=COMPLETE",,"amikacin=S,ampicillin=R,azithromycin=S,cefotaxime=S,ceftazidime=S,chloramphenicol=R,ciprofloxacin=R,colistin=S,gentamicin=S,meropenem=S,nalidixic acid=S,sulfamethoxazole=R,tetracycline=R,tigecycline=S,trimethoprim=R"
E.coli and Shigella,SENASICA_Ec_BU22,"""BU22"",""SENASICA_Ec_BU22"",""SRS25360860""",,PDT002804549.1,2025-06-13T02:12:39Z,Mexico,Pork (cecal content),environmental/other,,,,,SAMN48992306,GCA_050915615.1,"acrF=COMPLETE,aph(3'')-Ib=COMPLETE,aph(6)-Id=COMPLETE,blaEC=COMPLETE,blaTEM-1=COMPLETE,dfrA14=COMPLETE,floR=COMPLETE,mdtM=COMPLETE,qnrS1=COMPLETE,sul2=COMPLETE,tet(A)=COMPLETE",,"amikacin=S,ampicillin=R,azithromycin=S,cefotaxime=S,ceftazidime=S,chloramphenicol=R,ciprofloxacin=R,colistin=S,gentamicin=S,meropenem=S,nalidixic acid=S,sulfamethoxazole=R,tetracycline=R,tigecycline=S,trimethoprim=R"
E.coli and Shigella,SENASICA_Ec_BU12,"""BU12"",""SENASICA_Ec_BU12"",""SRS25360859""",,PDT002804550.1,2025-06-13T02:12:39Z,Mexico,Pork (cecal content),environmental/other,,PDS000174131.2,,,SAMN48992296,GCA_050913815.1,"aadA1=COMPLETE,aadA1=PARTIAL_END_OF_CONTIG,aadA2=COMPLETE,aadA2=PARTIAL_END_OF_CONTIG,acrF=COMPLETE,blaEC=COMPLETE,blaTEM-1=COMPLETE,cmlA1=COMPLETE,dfrA12=COMPLETE,dfrA12=PARTIAL_END_OF_CONTIG,floR=COMPLETE,gyrA_S83L=POINT,mdtM=COMPLETE,sul2=COMPLETE,sul3=COMPLETE,tet(A)=COMPLETE,tet(M)=COMPLETE",,"amikacin=S,ampicillin=R,azithromycin=S,cefotaxime=S,ceftazidime=S,chloramphenicol=R,ciprofloxacin=R,colistin=S,gentamicin=S,meropenem=S,nalidixic acid=R,sulfamethoxazole=R,tetracycline=R,tigecycline=S,trimethoprim=R"
E.coli and Shigella,SENASICA_Ec_BU11,"""BU11"",""SENASICA_Ec_BU11"",""SRS25360858""",,PDT002804551.1,2025-06-13T02:12:40Z,Mexico,Pork (cecal content),environmental/other,,,,,SAMN48992295,GCA_050991755.1,"aadA2=COMPLETE,acrF=COMPLETE,blaEC=COMPLETE,blaTEM-1=COMPLETE,dfrA12=COMPLETE,mdtM=COMPLETE,mdtM=PARTIAL_END_OF_CONTIG,qnrB19=COMPLETE,sul1=COMPLETE,sul3=COMPLETE,tet(A)=COMPLETE",,"amikacin=S,ampicillin=R,azithromycin=S,cefotaxime=S,ceftazidime=S,chloramphenicol=S,ciprofloxacin=R,colistin=S,gentamicin=S,meropenem=S,nalidixic acid=S,sulfamethoxazole=R,tetracycline=R,tigecycline=S,trimethoprim=R"
E.coli and Shigella,PNCE004197,"""PNCE004197"",""SRS25699755""",,PDT002823309.1,2025-07-02T14:23:22Z,Canada: Quebec,stool,clinical,,PDS000235015.1,2.0,,SAMN49441676,GCA_051175635.1,"acrF=COMPLETE,blaEC=COMPLETE,emrD=COMPLETE,gyrA_D87N=POINT,gyrA_S83L=POINT,mdtM=COMPLETE,nfsA_R203C=POINT,parC_S80I=POINT,tet(B)=COMPLETE",,"amikacin=ND,ampicillin-sulbactam=S,ampicillin=S,aztreonam=S,cefazolin=S,cefepime=ND,ceftazidime=S,ceftriaxone=S,ciprofloxacin=R,doripenem=ND,ertapenem=S,gentamicin=S,imipenem=S,levofloxacin=R,meropenem=S,minocycline=ND,nitrofurantoin=ND,piperacillin-tazobactam=ND,piperacillin=ND,tetracycline=S,ticarcillin-clavulanic acid=ND,tigecycline=S,tobramycin=S,trimethoprim-sulfamethoxazole=S"
E.coli and Shigella,PNCE004196,"""PNCE004196"",""SRS25699754""",,PDT002824243.1,2025-07-03T12:05:31Z,Canada: Quebec,stool,clinical,,PDS000235015.1,2.0,,SAMN49441675,GCA_051200755.1,"aac(3)-IId=COMPLETE,aadA1=COMPLETE,aadA2=COMPLETE,aadA2=PARTIAL,acrF=COMPLETE,aph(3')-Ia=COMPLETE,blaEC=COMPLETE,blaTEM-1=COMPLETE,bleO=COMPLETE,cmlA1=COMPLETE,dfrA12=COMPLETE,emrD=COMPLETE,floR=COMPLETE,gyrA_D87N=POINT,gyrA_S83L=POINT,lnu(F)=COMPLETE,mdtM=COMPLETE,nfsA_R203C=POINT,parC_S80I=POINT,sul3=COMPLETE,tet(A)=COMPLETE,tet(B)=COMPLETE,tet(M)=COMPLETE",,"amikacin=ND,ampicillin-sulbactam=S,ampicillin=R,aztreonam=S,cefazolin=S,cefepime=ND,ceftazidime=S,ceftriaxone=S,ciprofloxacin=R,doripenem=ND,ertapenem=S,gentamicin=R,imipenem=S,levofloxacin=R,meropenem=S,minocycline=ND,nitrofurantoin=ND,piperacillin-tazobactam=ND,piperacillin=ND,tetracycline=R,ticarcillin-clavulanic acid=ND,tigecycline=S,tobramycin=S,trimethoprim-sulfamethoxazole=R"
E.coli and Shigella,,"""26"",""SRS25253195"",""dzd-uci-6998""",,PDT002991224.1,2025-11-20T22:49:24Z,USA: California,ABSCESS,clinical,,PDS000247459.1,3.0,,SAMN48878041,GCA_053676975.1,"aac(3)-IId=COMPLETE,acrF=COMPLETE,blaCTX-M-15=COMPLETE,blaEC=COMPLETE,blaTEM-17=COMPLETE,catA1=COMPLETE,cyaA_S352T=POINT,gyrA_D87N=POINT,gyrA_S83L=POINT,mdtM=COMPLETE,parC_S57T=POINT,parC_S80I=POINT,parE_L416F=POINT,uhpT_E350Q=POINT",,"ampicillin-sulbactam=R,ampicillin=R,cefepime=R,ciprofloxacin=R,imipenem=S,levofloxacin=R,meropenem=S,tobramycin=R,trimethoprim-sulfamethoxazole=S"
E.coli and Shigella,,"""257"",""SRS25253192"",""dzd-uci-7381""",,PDT002991227.1,2025-11-20T22:49:25Z,USA: California,"URINE, CLEAN VOID",clinical,,PDS000225708.26,29.0,38.0,SAMN48878272,GCA_053649995.1,"aac(6')-Ib-cr5=COMPLETE,aadA5=COMPLETE,acrF=COMPLETE,blaCTX-M-15=COMPLETE,blaEC=COMPLETE,blaOXA-1=COMPLETE,catB3=PARTIAL_END_OF_CONTIG,dfrA17=COMPLETE,gyrA_D87N=POINT,gyrA_S83L=POINT,mdtM=COMPLETE,mph(A)=COMPLETE,parC_E84V=POINT,parC_S80I=POINT,parE_I529L=POINT,ptsI_V25I=POINT,sul1=COMPLETE,tet(A)=COMPLETE,uhpT_E350Q=POINT",,"ampicillin-sulbactam=R,ampicillin=R,cefepime=R,ciprofloxacin=R,ertapenem=S,imipenem=S,levofloxacin=R,tobramycin=R,trimethoprim-sulfamethoxazole=R"
E.coli and Shigella,,"""254"",""SRS25253189"",""dzd-uci-7376""",,PDT002991230.1,2025-11-20T22:49:25Z,USA: California,"URINE, CLEAN VOID",clinical,,PDS000052522.117,8.0,48.0,SAMN48878269,GCA_053676915.1,"aac(3)-IIe=COMPLETE,aac(6')-Ib-cr5=COMPLETE,aadA5=COMPLETE,acrF=COMPLETE,aph(3'')-Ib=COMPLETE,aph(6)-Id=COMPLETE,blaCTX-M-15=COMPLETE,blaEC=COMPLETE,blaOXA-1=COMPLETE,blaTEM-1=COMPLETE,catB3=PARTIAL_END_OF_CONTIG,dfrA17=COMPLETE,gyrA_D87N=POINT,gyrA_S83L=POINT,mdtM=COMPLETE,mph(A)=COMPLETE,parC_E84V=POINT,parC_S80I=POINT,parE_I529L=POINT,ptsI_V25I=POINT,sul1=COMPLETE,sul2=COMPLETE,tet(A)=COMPLETE,uhpT_E350Q=POINT",,"ampicillin-sulbactam=R,ampicillin=R,cefepime=R,ciprofloxacin=R,ertapenem=S,imipenem=S,levofloxacin=R,tobramycin=R,trimethoprim-sulfamethoxazole=R"
E.coli and Shigella,,"""191"",""SRS25253167"",""dzd-uci-7259""",,PDT002991251.1,2025-11-20T22:49:30Z,USA: California,"URINE, CLEAN VOID",clinical,,PDS000101153.30,22.0,41.0,SAMN48878206,GCA_053676655.1,"aadA5=COMPLETE,acrF=COMPLETE,aph(3'')-Ib=COMPLETE,aph(6)-Id=COMPLETE,blaCTX-M-27=COMPLETE,blaEC=COMPLETE,dfrA17=COMPLETE,gyrA_D87N=POINT,gyrA_S83L=POINT,mdtM=COMPLETE,mph(A)=COMPLETE,parC_E84V=POINT,parC_S80I=POINT,parE_I529L=POINT,ptsI_V25I=POINT,sul1=COMPLETE,sul2=COMPLETE,tet(A)=COMPLETE,uhpT_E350Q=POINT",,"ampicillin-sulbactam=I,ampicillin=R,cefepime=I,ciprofloxacin=R,ertapenem=S,imipenem=S,levofloxacin=R,tobramycin=S,trimethoprim-sulfamethoxazole=R"
E.coli and Shigella,,"""899"",""SRS25253160"",""dzd-uci-8390""",,PDT002991257.1,2025-11-20T22:49:31Z,USA: California,"URINE, CLEAN VOID",clinical,,,,,SAMN48878914,GCA_053676595.1,"aac(3)-IId=COMPLETE,acrF=COMPLETE,blaEC=COMPLETE,blaTEM-1=COMPLETE,gyrA_D87N=POINT,gyrA_S83L=POINT,mdtM=COMPLETE,parC_E84V=POINT,parC_S80I=POINT,parE_I529L=POINT,ptsI_V25I=POINT,uhpT_E350Q=POINT",,"ampicillin-sulbactam=I,ampicillin=R,cefepime=S,ciprofloxacin=R,ertapenem=S,imipenem=S,levofloxacin=R,tobramycin=I,trimethoprim-sulfamethoxazole=S"
E.coli and Shigella,,"""897"",""SRS25253158"",""dzd-uci-8387""",,PDT002991259.1,2025-11-20T22:49:31Z,USA: California,"URINE, CLEAN VOID",clinical,,,,,SAMN48878912,GCA_053676535.1,"acrF=COMPLETE,aph(3'')-Ib=COMPLETE,aph(6)-Id=COMPLETE,blaEC-5=COMPLETE,blaTEM-1=COMPLETE,gyrA_D87N=POINT,gyrA_S83L=POINT,marR_S3N=POINT,parC_S80I=POINT,parE_L416F=POINT,sul2=COMPLETE,uhpT_E350Q=POINT",,"ampicillin-sulbactam=I,ampicillin=R,cefepime=S,ciprofloxacin=R,ertapenem=S,imipenem=S,levofloxacin=R,tobramycin=S,trimethoprim-sulfamethoxazole=S"
E.coli and Shigella,,"""896"",""SRS25253157"",""dzd-uci-8384""",,PDT002991260.1,2025-11-20T22:49:31Z,USA: California,"URINE, CLEAN VOID",clinical,,PDS000247581.1,,,SAMN48878911,GCA_053653615.1,"aadA5=COMPLETE,acrF=COMPLETE,aph(3'')-Ib=COMPLETE,aph(6)-Id=COMPLETE,blaCTX-M-27=COMPLETE,blaEC-5=COMPLETE,dfrA17=COMPLETE,gyrA_D87N=POINT,gyrA_S83L=POINT,marR_S3N=POINT,mph(A)=COMPLETE,parC_S80I=POINT,parE_L416F=POINT,sul1=COMPLETE,sul2=COMPLETE,tet(A)=COMPLETE,uhpT_E350Q=POINT",,"ampicillin-sulbactam=S,ampicillin=R,cefepime=R,ciprofloxacin=R,ertapenem=S,imipenem=S,levofloxacin=R,tobramycin=S,trimethoprim-sulfamethoxazole=R"
E.coli and Shigella,,"""890"",""SRS25253151"",""dzd-uci-8375""",,PDT002991264.1,2025-11-20T22:49:32Z,USA: California,"URINE, CLEAN VOID",clinical,,PDS000194248.147,26.0,60.0,SAMN48878905,GCA_053676455.1,"acrF=COMPLETE,aph(3'')-Ib=COMPLETE,aph(6)-Id=COMPLETE,blaEC-5=COMPLETE,blaTEM-1=COMPLETE,dfrA17=COMPLETE,gyrA_D87N=POINT,gyrA_S83L=POINT,marR_S3N=POINT,mph(A)=COMPLETE,parC_S80I=POINT,parE_L416F=POINT,sul2=COMPLETE,tet(B)=COMPLETE,uhpT_E350Q=POINT",,"ampicillin-sulbactam=I,ampicillin=R,cefepime=S,ciprofloxacin=R,ertapenem=S,imipenem=S,levofloxacin=R,tobramycin=S,trimethoprim-sulfamethoxazole=R"
E.coli and Shigella,,"""812"",""SRS25253137"",""dzd-uci-8248""",,PDT002991277.1,2025-11-20T22:49:35Z,USA: California,blood,clinical,,,,,SAMN48878827,GCA_053676295.1,"acrF=COMPLETE,blaEC=COMPLETE,cyaA_S352T=POINT,gyrA_S83L=POINT,mdtM=COMPLETE",,"ampicillin-sulbactam=S,cefepime=S,ciprofloxacin=R,ertapenem=S,imipenem=S,levofloxacin=I,meropenem=S,tobramycin=S,trimethoprim-sulfamethoxazole=S"
E.coli and Shigella,,"""809"",""SRS25253133"",""dzd-uci-8245""",,PDT002991281.1,2025-11-20T22:49:36Z,USA: California,"URINE, CLEAN VOID",clinical,,PDS000071814.74,29.0,33.0,SAMN48878824,GCA_053676195.1,"aac(3)-IId=COMPLETE,aadA5=COMPLETE,acrF=COMPLETE,aph(3'')-Ib=COMPLETE,aph(6)-Id=COMPLETE,blaEC-5=COMPLETE,blaTEM-1=COMPLETE,dfrA17=COMPLETE,gyrA_D87N=POINT,gyrA_S83L=POINT,marR_S3N=POINT,mph(A)=COMPLETE,parC_S80I=POINT,parE_L416F=POINT,sul1=COMPLETE,sul2=COMPLETE,tet(A)=COMPLETE,uhpT_E350Q=POINT",,"ampicillin-sulbactam=I,ampicillin=R,cefepime=S,ciprofloxacin=R,ertapenem=S,imipenem=S,levofloxacin=R,tobramycin=R,trimethoprim-sulfamethoxazole=R"
E.coli and Shigella,,"""808"",""SRS25253132"",""dzd-uci-8243""",,PDT002991282.1,2025-11-20T22:49:36Z,USA: California,"URINE, CLEAN VOID",clinical,,,,,SAMN48878823,GCA_053676215.1,"acrF=COMPLETE,blaEC-5=COMPLETE,gyrA_D87N=POINT,gyrA_S83L=POINT,marR_S3N=POINT,parC_S80I=POINT,parE_L416F=POINT,uhpT_E350Q=POINT",,"ampicillin-sulbactam=S,ampicillin=S,cefepime=S,ciprofloxacin=R,ertapenem=S,imipenem=S,levofloxacin=R,tobramycin=S,trimethoprim-sulfamethoxazole=S"
E.coli and Shigella,,"""801"",""SRS25253125"",""dzd-uci-8232""",,PDT002991289.1,2025-11-20T22:49:37Z,USA: California,blood,clinical,,PDS000119073.118,12.0,34.0,SAMN48878816,GCA_053676095.1,"acrF=COMPLETE,aph(3'')-Ib=COMPLETE,aph(6)-Id=COMPLETE,blaEC=COMPLETE,blaOXA-244=COMPLETE,blaTEM-1=COMPLETE,cyaA_S352T=POINT,dfrA14=COMPLETE,gyrA_S83L=POINT,parC_S80I=POINT,qnrS1=COMPLETE,sul2=COMPLETE,tet(A)=COMPLETE",,"ampicillin-sulbactam=R,ampicillin=R,cefepime=S,ciprofloxacin=R,imipenem=S,levofloxacin=R,meropenem=S,tobramycin=S,trimethoprim-sulfamethoxazole=R"
E.coli and Shigella,,"""795"",""SRS25253117"",""dzd-uci-8217""",,PDT002991297.1,2025-11-20T22:49:39Z,USA: California,abdominal fluid,clinical,,,,,SAMN48878810,GCA_053675955.1,"acrF=COMPLETE,blaCTX-M-15=COMPLETE,blaEC=COMPLETE,gyrA_D87N=POINT,gyrA_S83L=POINT,mdtM=COMPLETE,parC_E84V=POINT,parC_S80I=POINT,parE_I529L=POINT,ptsI_V25I=POINT,uhpT_E350Q=POINT",,"ampicillin-sulbactam=S,ampicillin=R,cefepime=R,ciprofloxacin=R,ertapenem=S,imipenem=S,levofloxacin=R,meropenem=S,tobramycin=S,trimethoprim-sulfamethoxazole=S"
E.coli and Shigella,,"""724"",""SRS25253111"",""dzd-uci-8098""",,PDT002991303.1,2025-11-20T22:49:40Z,USA: California,"URINE, CLEAN VOID",clinical,,PDS000194248.147,25.0,40.0,SAMN48878739,GCA_053675895.1,"acrF=COMPLETE,aph(3'')-Ib=COMPLETE,aph(6)-Id=COMPLETE,blaEC-5=COMPLETE,gyrA_D87N=POINT,gyrA_S83L=POINT,marR_S3N=POINT,parC_S80I=POINT,parE_L416F=POINT,sul2=COMPLETE,uhpT_E350Q=POINT",,"ampicillin-sulbactam=S,ampicillin=S,cefepime=S,ciprofloxacin=R,ertapenem=S,imipenem=S,levofloxacin=R,tobramycin=S,trimethoprim-sulfamethoxazole=S"
E.coli and Shigella,,"""721"",""SRS25253108"",""dzd-uci-8094""",,PDT002991306.1,2025-11-20T22:49:41Z,USA: California,"URINE, CLEAN VOID",clinical,,PDS000247582.1,0.0,,SAMN48878736,GCA_053675875.1,"aadA5=COMPLETE,acrF=COMPLETE,blaCTX-M-14=COMPLETE,blaEC=COMPLETE,catA1=COMPLETE,dfrA17=COMPLETE,gyrA_D87N=POINT,gyrA_S83L=POINT,mdtM=COMPLETE,parC_S80I=POINT,parE_L416F=POINT,tet(B)=COMPLETE",,"ampicillin-sulbactam=R,ampicillin=R,cefepime=I,ciprofloxacin=R,ertapenem=S,imipenem=S,levofloxacin=R,tobramycin=S,trimethoprim-sulfamethoxazole=R"
E.coli and Shigella,,"""627"",""SRS25253075"",""dzd-uci-7966""",,PDT002991337.1,2025-11-20T22:49:48Z,USA: California,ABSCESS,clinical,,PDS000052522.117,29.0,38.0,SAMN48878642,GCA_053675515.1,"aac(3)-IIe=COMPLETE,aac(6')-Ib-cr5=COMPLETE,acrF=COMPLETE,blaCTX-M-15=COMPLETE,blaEC=COMPLETE,blaOXA-1=COMPLETE,catB3=PARTIAL_END_OF_CONTIG,gyrA_D87N=POINT,gyrA_S83L=POINT,mdtM=COMPLETE,parC_E84V=POINT,parC_S80I=POINT,parE_I529L=POINT,ptsI_V25I=POINT,tet(A)=COMPLETE,uhpT_E350Q=POINT",,"ampicillin-sulbactam=R,ampicillin=R,cefepime=I,ciprofloxacin=R,ertapenem=S,imipenem=S,levofloxacin=R,meropenem=S,tobramycin=R,trimethoprim-sulfamethoxazole=S"
E.coli and Shigella,,"""620"",""SRS25253068"",""dzd-uci-7959""",,PDT002991344.1,2025-11-20T22:49:50Z,USA: California,"URINE, CATH INDWELLING",clinical,,PDS000040652.5,17.0,42.0,SAMN48878635,GCA_053675415.1,"aac(6')-Ib-cr5=COMPLETE,aadA5=COMPLETE,acrF=COMPLETE,blaCTX-M-15=COMPLETE,blaEC=COMPLETE,blaOXA-1=COMPLETE,catB3=PARTIAL_END_OF_CONTIG,cyaA_S352T=POINT,dfrA17=COMPLETE,gyrA_D87N=POINT,gyrA_S83L=POINT,mph(A)=COMPLETE,parC_S80I=POINT,parE_S458A=POINT,sul1=COMPLETE,tet(B)=COMPLETE",,"ampicillin-sulbactam=R,ampicillin=R,cefepime=R,ciprofloxacin=R,imipenem=S,levofloxacin=R,tobramycin=R,trimethoprim-sulfamethoxazole=R"
E.coli and Shigella,,"""394"",""SRS25253008"",""dzd-uci-7598""",,PDT002991400.1,2025-11-20T22:50:00Z,USA: California,blood,clinical,,PDS000071814.74,3.0,33.0,SAMN48878409,GCA_053650555.1,"aac(3)-IId=COMPLETE,acrF=COMPLETE,blaEC-5=COMPLETE,blaTEM-1=COMPLETE,gyrA_D87N=POINT,gyrA_S83L=POINT,marR_S3N=POINT,parC_S80I=POINT,parE_L416F=POINT,uhpT_E350Q=POINT",,"ampicillin-sulbactam=S,ampicillin=R,cefepime=S,ciprofloxacin=R,ertapenem=S,imipenem=S,levofloxacin=R,meropenem=S,tobramycin=R,trimethoprim-sulfamethoxazole=S"
E.coli and Shigella,,"""391"",""SRS25253005"",""dzd-uci-7590""",,PDT002991403.1,2025-11-20T22:50:00Z,USA: California,"URINE, CLEAN VOID",clinical,,,,,SAMN48878406,GCA_053726735.1,"aadA5=COMPLETE,acrF=COMPLETE,aph(3'')-Ib=COMPLETE,aph(6)-Id=COMPLETE,blaCTX-M-15=COMPLETE,blaEC-5=COMPLETE,blaTEM-1=COMPLETE,dfrA17=COMPLETE,gyrA_D87N=POINT,gyrA_S83L=POINT,marR_S3N=POINT,mph(A)=COMPLETE,parC_S80I=POINT,parE_L416F=POINT,sul1=COMPLETE,sul2=COMPLETE,tet(A)=COMPLETE,uhpT_E350Q=POINT",,"ampicillin-sulbactam=R,ampicillin=R,cefepime=R,ciprofloxacin=R,ertapenem=S,imipenem=S,levofloxacin=R,tobramycin=S,trimethoprim-sulfamethoxazole=R"
E.coli and Shigella,,"""390"",""SRS25253003"",""dzd-uci-7589""",,PDT002991404.1,2025-11-20T22:50:00Z,USA: California,"URINE, CLEAN VOID",clinical,,PDS000117107.116,0.0,56.0,SAMN48878405,GCA_053674635.1,"acrF=COMPLETE,blaEC=COMPLETE,blaTEM-1=COMPLETE,gyrA_D87N=POINT,gyrA_S83L=POINT,mdtM=COMPLETE,parC_E84V=POINT,parC_S80I=POINT,parE_I529L=POINT,ptsI_V25I=POINT,uhpT_E350Q=POINT",,"ampicillin-sulbactam=R,ampicillin=R,cefepime=S,ciprofloxacin=R,ertapenem=S,imipenem=S,levofloxacin=R,tobramycin=S,trimethoprim-sulfamethoxazole=S"
E.coli and Shigella,,"""386"",""SRS25252999"",""dzd-uci-7583""",,PDT002991409.1,2025-11-20T22:50:01Z,USA: California,"URINE, CLEAN VOID",clinical,,,,,SAMN48878401,GCA_053674595.1,"aadA2=COMPLETE,acrF=COMPLETE,blaCTX-M-55=COMPLETE,blaEC=COMPLETE,blaTEM-1=COMPLETE,blaTEM=PARTIAL,blaTEM=PARTIAL_END_OF_CONTIG,dfrA12=COMPLETE,fosA3=COMPLETE,gyrA_D87N=POINT,gyrA_S83L=POINT,mdtM=COMPLETE,parC_E84G=POINT,parC_S80I=POINT,qepA4=COMPLETE,soxS_A12S=POINT,sul1=COMPLETE,tet(A)=COMPLETE",,"ampicillin-sulbactam=R,ampicillin=R,cefepime=I,ciprofloxacin=R,ertapenem=S,imipenem=S,levofloxacin=R,tobramycin=S,trimethoprim-sulfamethoxazole=R"
E.coli and Shigella,,"""321"",""SRS25252976"",""dzd-uci-7483""",,PDT002991430.1,2025-11-20T22:50:05Z,USA: California,"URINE, CLEAN VOID",clinical,,,,,SAMN48878336,GCA_053674395.1,"aadA5=COMPLETE,acrF=COMPLETE,aph(3'')-Ib=COMPLETE,aph(6)-Id=COMPLETE,blaCTX-M-27=COMPLETE,blaEC=COMPLETE,dfrA17=COMPLETE,gyrA_D87N=POINT,gyrA_S83L=POINT,mdtM=COMPLETE,mph(A)=COMPLETE,parC_E84V=POINT,parC_S80I=POINT,parE_I529L=POINT,ptsI_V25I=POINT,sul1=COMPLETE,sul2=COMPLETE,tet(A)=COMPLETE,uhpT_E350Q=POINT",,"ampicillin-sulbactam=S,ampicillin=R,cefepime=I,ciprofloxacin=R,ertapenem=S,imipenem=S,levofloxacin=R,tobramycin=S,trimethoprim-sulfamethoxazole=R"
E.coli and Shigella,,"""142"",""SRS25252968"",""dzd-uci-7185""",,PDT002991437.1,2025-11-20T22:50:06Z,USA: California,blood,clinical,,PDS000071814.74,3.0,33.0,SAMN48878157,GCA_053674295.1,"aac(3)-IId=COMPLETE,acrF=COMPLETE,blaEC-5=COMPLETE,blaTEM-1=COMPLETE,gyrA_D87N=POINT,gyrA_S83L=POINT,marR_S3N=POINT,parC_S80I=POINT,parE_L416F=POINT,uhpT_E350Q=POINT",,"ampicillin-sulbactam=S,ampicillin=R,cefepime=S,ciprofloxacin=R,ertapenem=S,imipenem=S,levofloxacin=R,meropenem=S,tobramycin=R,trimethoprim-sulfamethoxazole=S"
E.coli and Shigella,,"""131"",""SRS25252957"",""dzd-uci-7166""",,PDT002991448.1,2025-11-20T22:50:09Z,USA: California,"URINE, CLEAN VOID",clinical,,PDS000119332.5,22.0,,SAMN48878146,GCA_053674195.1,"acrF=COMPLETE,aph(3'')-Ib=COMPLETE,aph(6)-Id=COMPLETE,blaCTX-M-15=COMPLETE,blaCTX-M-27=COMPLETE,blaDHA-1=COMPLETE,blaEC=COMPLETE,blaTEM-1=COMPLETE,gyrA_D87N=POINT,gyrA_S83L=POINT,mdtM=COMPLETE,mph(A)=COMPLETE,parC_E84V=POINT,parC_S80I=POINT,parE_I529L=POINT,ptsI_V25I=POINT,qnrB4=COMPLETE,sul1=COMPLETE,sul2=COMPLETE,tet(A)=COMPLETE,uhpT_E350Q=POINT",,"ampicillin-sulbactam=R,ampicillin=R,cefepime=R,ciprofloxacin=R,ertapenem=S,imipenem=S,levofloxacin=R,tobramycin=S,trimethoprim-sulfamethoxazole=S"
E.coli and Shigella,,"""942"",""SRS25253455"",""dzd-uci-8475""",,PDT002991460.1,2025-11-20T22:50:11Z,USA: California,"URINE, CLEAN VOID",clinical,,,,,SAMN48878957,GCA_053673995.1,"acrF=COMPLETE,aph(3'')-Ib=COMPLETE,aph(6)-Id=COMPLETE,blaEC=COMPLETE,blaTEM-1=COMPLETE,cyaA_S352T=POINT,dfrA14=COMPLETE,gyrA_D87H=POINT,gyrA_S83L=POINT,mph(A)=COMPLETE,parC_S80I=POINT,sul2=COMPLETE",,"ampicillin-sulbactam=S,ampicillin=R,cefepime=S,ciprofloxacin=R,ertapenem=S,imipenem=S,levofloxacin=R,tobramycin=S,trimethoprim-sulfamethoxazole=R"
E.coli and Shigella,,"""931"",""SRS25253443"",""dzd-uci-8460""",,PDT002991472.1,2025-11-20T22:50:14Z,USA: California,"URINE, CATH INDWELLING",clinical,,PDS000052522.117,18.0,36.0,SAMN48878946,GCA_053673795.1,"aac(3)-IIe=COMPLETE,aac(6')-Ib-cr5=COMPLETE,acrF=COMPLETE,blaCTX-M-15=COMPLETE,blaEC=COMPLETE,blaOXA-1=COMPLETE,catB3=PARTIAL_END_OF_CONTIG,gyrA_D87N=POINT,gyrA_S83L=POINT,mdtM=COMPLETE,parC_E84V=POINT,parC_S80I=POINT,parE_I529L=POINT,ptsI_V25I=POINT,tet(A)=COMPLETE,uhpT_E350Q=POINT",,"ampicillin-sulbactam=R,ampicillin=R,cefepime=R,ciprofloxacin=R,ertapenem=S,imipenem=S,levofloxacin=R,tobramycin=R,trimethoprim-sulfamethoxazole=S"
E.coli and Shigella,,"""922"",""SRS25253434"",""dzd-uci-8439""",,PDT002991481.1,2025-11-20T22:50:16Z,USA: California,"URINE, CATH INDWELLING",clinical,,PDS000052522.117,26.0,51.0,SAMN48878937,GCA_053651815.1,"aac(3)-IIe=COMPLETE,aac(6')-Ib-cr5=COMPLETE,aadA5=COMPLETE,acrF=COMPLETE,aph(3'')-Ib=COMPLETE,aph(6)-Id=COMPLETE,blaCTX-M-15=COMPLETE,blaEC=COMPLETE,blaOXA-1=COMPLETE,catB3=PARTIAL_END_OF_CONTIG,dfrA17=COMPLETE,fosA7.5=COMPLETE,gyrA_D87N=POINT,gyrA_S83L=POINT,mdtM=COMPLETE,mph(A)=COMPLETE,parC_E84V=POINT,parC_S80I=POINT,parE_I529L=POINT,ptsI_V25I=POINT,sul1=COMPLETE,sul2=COMPLETE,tet(A)=COMPLETE,uhpT_E350Q=POINT",,"ampicillin-sulbactam=R,ampicillin=R,cefepime=R,ciprofloxacin=R,ertapenem=S,imipenem=S,levofloxacin=R,tobramycin=R,trimethoprim-sulfamethoxazole=R"
E.coli and Shigella,,"""847"",""SRS25253419"",""dzd-uci-8304""",,PDT002991492.1,2025-11-20T22:50:18Z,USA: California,"URINE, CLEAN VOID",clinical,,,,,SAMN48878862,GCA_053657765.1,"aac(3)-IIe=COMPLETE,aadA1=COMPLETE,acrF=COMPLETE,aph(3')-Ia=COMPLETE,blaCTX-M-55=COMPLETE,blaEC=COMPLETE,dfrA14=COMPLETE,floR=COMPLETE,gyrA_D87N=POINT,gyrA_S83L=POINT,mdtM=PARTIAL_END_OF_CONTIG,parC_A56T=POINT,parC_S80I=POINT,sul3=COMPLETE,tet(A)=COMPLETE,tet(B)=COMPLETE",,"ampicillin-sulbactam=S,ampicillin=R,cefepime=I,ciprofloxacin=R,ertapenem=S,imipenem=S,levofloxacin=R,tobramycin=R,trimethoprim-sulfamethoxazole=R"
E.coli and Shigella,,"""842"",""SRS25253416"",""dzd-uci-8297""",,PDT002991497.1,2025-11-20T22:50:20Z,USA: California,"URINE, STRAIGHT CATH",clinical,,,,,SAMN48878857,GCA_053673555.1,"aac(3)-IId=COMPLETE,acrF=COMPLETE,blaCTX-M-55=COMPLETE,blaEC-5=COMPLETE,blaTEM-1=COMPLETE,gyrA_D87N=POINT,gyrA_S83L=POINT,marR_S3N=POINT,parC_S80I=POINT,parE_L416F=POINT,uhpT_E350Q=POINT",,"ampicillin-sulbactam=R,ampicillin=R,cefepime=R,ciprofloxacin=R,ertapenem=S,imipenem=S,levofloxacin=R,tobramycin=R,trimethoprim-sulfamethoxazole=S"
E.coli and Shigella,,"""841"",""SRS25253415"",""dzd-uci-8295""",,PDT002991498.1,2025-11-20T22:50:20Z,USA: California,"URINE, CLEAN VOID",clinical,,PDS000143400.65,17.0,65.0,SAMN48878856,GCA_053673535.1,"acrF=COMPLETE,bla=HMM,blaCTX-M-14=COMPLETE,blaEC=COMPLETE,blaTEM=PARTIAL_END_OF_CONTIG,gyrA_D87N=POINT,gyrA_S83L=POINT,mdtM=COMPLETE,parC_E84V=POINT,parC_S80I=POINT,parE_I529L=POINT,ptsI_V25I=POINT,uhpT_E350Q=POINT",,"ampicillin-sulbactam=I,ampicillin=R,ciprofloxacin=R,ertapenem=S,imipenem=S,levofloxacin=R,tobramycin=S,trimethoprim-sulfamethoxazole=S"
E.coli and Shigella,,"""838"",""SRS25253411"",""dzd-uci-8290""",,PDT002991501.1,2025-11-20T22:50:20Z,USA: California,ABSCESS,clinical,,,,,SAMN48878853,GCA_053657595.1,"aac(3)-IVa=COMPLETE,aadA1=COMPLETE,aadA1=PARTIAL_END_OF_CONTIG,aadA2=COMPLETE,acrF=COMPLETE,aph(4)-Ia=COMPLETE,blaCTX-M-14=COMPLETE,blaEC=COMPLETE,cfr=COMPLETE,cmlA1=COMPLETE,floR=COMPLETE,floR=PARTIAL_END_OF_CONTIG,fosA3=COMPLETE,fosA7.5=COMPLETE,gyrA_D87N=POINT,gyrA_S83L=POINT,mcr-1.1=COMPLETE,mdtM=COMPLETE,mph(A)=COMPLETE,parC_S80I=POINT,parE_S458A=POINT,sul2=COMPLETE,sul3=COMPLETE,tet(A)=COMPLETE",,"ampicillin-sulbactam=I,ampicillin=R,cefepime=S,ciprofloxacin=R,ertapenem=S,imipenem=S,levofloxacin=R,meropenem=S,tobramycin=R,trimethoprim-sulfamethoxazole=S"
E.coli and Shigella,,"""77"",""SRS25253407"",""dzd-uci-7067""",,PDT002991505.1,2025-11-20T22:50:21Z,USA: California,blood,clinical,,,,,SAMN48878092,GCA_053673415.1,"acrF=COMPLETE,blaEC=COMPLETE,gyrA_D87N=POINT,gyrA_S83L=POINT,mdtM=COMPLETE,nfsB_F84S=POINT,parC_E84V=POINT,parC_S80I=POINT,parE_I529L=POINT,ptsI_V25I=POINT,uhpT_E350Q=POINT",,"ampicillin-sulbactam=S,ampicillin=S,cefepime=S,ciprofloxacin=R,ertapenem=S,imipenem=S,levofloxacin=R,meropenem=S,tobramycin=S,trimethoprim-sulfamethoxazole=S"
E.coli and Shigella,,"""769"",""SRS25253406"",""dzd-uci-8172""",,PDT002991506.1,2025-11-20T22:50:21Z,USA: California,"URINE, CLEAN VOID",clinical,,PDS000061455.83,19.0,42.0,SAMN48878784,GCA_053657555.1,"aac(3)-IIe=COMPLETE,aac(6')-Ib-cr5=COMPLETE,acrF=COMPLETE,blaCTX-M-15=COMPLETE,blaEC=COMPLETE,blaOXA-1=COMPLETE,catB3=PARTIAL_END_OF_CONTIG,gyrA_D87N=POINT,gyrA_S83L=POINT,mdtM=COMPLETE,nfsA_H11Y=POINT,parC_E84V=POINT,parC_S80I=POINT,parE_I529L=POINT,ptsI_V25I=POINT,tet(A)=COMPLETE,uhpT_E350Q=POINT",,"ampicillin-sulbactam=R,ampicillin=R,cefepime=R,ciprofloxacin=R,ertapenem=S,imipenem=S,levofloxacin=R,tobramycin=R,trimethoprim-sulfamethoxazole=S"
E.coli and Shigella,,"""766"",""SRS25253403"",""dzd-uci-8169""",,PDT002991509.1,2025-11-20T22:50:22Z,USA: California,"URINE, CATHETER",clinical,,PDS000249353.1,,29.0,SAMN48878781,GCA_053673455.1,"aac(3)-IIe=COMPLETE,aadA1=COMPLETE,acrF=COMPLETE,aph(3')-Ia=COMPLETE,blaCTX-M-55=COMPLETE,blaEC=COMPLETE,blaTEM-1=COMPLETE,dfrA7=COMPLETE,gyrA_D87N=POINT,gyrA_S83L=POINT,mdtM=COMPLETE,parC_S57T=POINT,parC_S80I=POINT,parE_S458A=POINT,sul1=COMPLETE,sul3=COMPLETE,tet(A)=COMPLETE,uhpT_E350Q=POINT",,"ampicillin-sulbactam=R,ampicillin=R,cefepime=R,ciprofloxacin=R,ertapenem=S,imipenem=S,levofloxacin=R,tobramycin=R,trimethoprim-sulfamethoxazole=R"
E.coli and Shigella,,"""684"",""SRS25253384"",""dzd-uci-8046""",,PDT002991528.1,2025-11-20T22:50:26Z,USA: California,blood,clinical,,,,,SAMN48878699,GCA_053673235.1,"aac(3)-IIe=COMPLETE,aac(6')-Ib-cr5=COMPLETE,acrF=COMPLETE,blaCTX-M-15=COMPLETE,blaEC=COMPLETE,blaOXA-1=COMPLETE,catB3=PARTIAL_END_OF_CONTIG,gyrA_D87N=POINT,gyrA_S83L=POINT,mdtM=COMPLETE,parC_E84V=POINT,parC_S80I=POINT,parE_I529L=POINT,ptsI_V25I=POINT,uhpT_E350Q=POINT",,"ampicillin-sulbactam=R,ampicillin=R,cefepime=R,ciprofloxacin=R,ertapenem=S,imipenem=S,levofloxacin=R,meropenem=S,tobramycin=R,trimethoprim-sulfamethoxazole=S"
E.coli and Shigella,,"""675"",""SRS25253374"",""dzd-uci-8032""",,PDT002991538.1,2025-11-20T22:50:28Z,USA: California,"URINE, NEPHROSTOMY LEFT",clinical,,PDS000052522.117,28.0,42.0,SAMN48878690,GCA_053673175.1,"acrB_R717L=POINT,acrF=COMPLETE,blaEC=COMPLETE,gyrA_D87N=POINT,gyrA_S83L=POINT,mdtM=COMPLETE,parC_E84V=POINT,parC_S80I=POINT,parE_I529L=POINT,ptsI_V25I=POINT,tet(A)=COMPLETE,uhpT_E350Q=POINT",,"ampicillin-sulbactam=S,ampicillin=S,cefepime=S,ciprofloxacin=R,ertapenem=S,imipenem=S,levofloxacin=R,tobramycin=S,trimethoprim-sulfamethoxazole=S"
E.coli and Shigella,,"""664"",""SRS25253362"",""dzd-uci-8017""",,PDT002991548.1,2025-11-20T22:50:31Z,USA: California,blood,clinical,,PDS000061454.42,2.0,40.0,SAMN48878679,GCA_053673095.1,"aac(6')-Ib-cr5=COMPLETE,aadA5=PARTIAL_END_OF_CONTIG,acrF=COMPLETE,aph(3'')-Ib=COMPLETE,aph(6)-Id=COMPLETE,blaCTX-M-15=COMPLETE,blaEC=COMPLETE,blaOXA-1=COMPLETE,catB3=PARTIAL_END_OF_CONTIG,gyrA_D87N=POINT,gyrA_S83L=POINT,mdtM=COMPLETE,mph(A)=COMPLETE,parC_E84V=POINT,parC_S80I=POINT,parE_I529L=POINT,ptsI_V25I=POINT,sul1=COMPLETE,sul2=COMPLETE,tet(A)=COMPLETE,uhpT_E350Q=POINT",,"ampicillin-sulbactam=R,ampicillin=R,cefepime=R,ciprofloxacin=R,ertapenem=S,imipenem=S,levofloxacin=R,meropenem=S,tobramycin=R,trimethoprim-sulfamethoxazole=S"
E.coli and Shigella,,"""586"",""SRS25253347"",""dzd-uci-7907""",,PDT002991563.1,2025-11-20T22:50:34Z,USA: California,"URINE, CLEAN VOID",clinical,,,,,SAMN48878601,GCA_053672925.1,"aac(3)-IId=COMPLETE,acrF=COMPLETE,aph(3'')-Ib=COMPLETE,aph(6)-Id=COMPLETE,blaEC=COMPLETE,blaTEM-1=COMPLETE,dfrA14=COMPLETE,floR=COMPLETE,gyrA_D87N=POINT,gyrA_S83L=POINT,mdtM=COMPLETE,parC_S80I=POINT,sul2=COMPLETE,tet(A)=COMPLETE",,"ampicillin-sulbactam=S,ampicillin=R,cefepime=S,ciprofloxacin=R,ertapenem=S,imipenem=S,levofloxacin=R,tobramycin=I,trimethoprim-sulfamethoxazole=R"
E.coli and Shigella,,"""580"",""SRS25253341"",""dzd-uci-7896""",,PDT002991569.1,2025-11-20T22:50:35Z,USA: California,"URINE, CATH INDWELLING",clinical,,PDS000200052.5,23.0,,SAMN48878595,GCA_053672895.1,"aac(3)-IIe=COMPLETE,aac(6')-Ib-cr5=COMPLETE,aadA5=COMPLETE,acrF=COMPLETE,aph(3'')-Ib=COMPLETE,aph(6)-Id=COMPLETE,blaCTX-M-15=COMPLETE,blaEC=COMPLETE,blaOXA-1=COMPLETE,catB3=PARTIAL_END_OF_CONTIG,cyaA_S352T=POINT,dfrA17=COMPLETE,gyrA_D87N=POINT,gyrA_S83L=POINT,mph(A)=COMPLETE,parC_S80I=POINT,parE_S458A=POINT,sul1=COMPLETE,sul2=COMPLETE,sul2=PARTIAL,tet(A)=COMPLETE",,"ampicillin-sulbactam=R,ampicillin=R,cefepime=R,ciprofloxacin=R,imipenem=S,levofloxacin=R,tobramycin=R,trimethoprim-sulfamethoxazole=R"
E.coli and Shigella,,"""579"",""SRS25253339"",""dzd-uci-7895""",,PDT002991571.1,2025-11-20T22:50:35Z,USA: California,"URINE, CATH INDWELLING",clinical,,PDS000200052.5,23.0,,SAMN48878594,GCA_053657235.1,"aadA5=COMPLETE,acrF=COMPLETE,blaEC=COMPLETE,cyaA_S352T=POINT,dfrA17=COMPLETE,gyrA_D87N=POINT,gyrA_S83L=POINT,mph(A)=COMPLETE,parC_S80I=POINT,parE_S458A=POINT,sul1=COMPLETE",,"ampicillin-sulbactam=S,ampicillin=S,cefepime=S,ciprofloxacin=R,ertapenem=S,imipenem=S,levofloxacin=R,tobramycin=S,trimethoprim-sulfamethoxazole=R"
E.coli and Shigella,,"""491"",""SRS25253314"",""dzd-uci-7755""",,PDT002991596.1,2025-11-20T22:50:40Z,USA: California,blood,clinical,,,,,SAMN48878506,GCA_053672675.1,"acrF=COMPLETE,blaEC-5=COMPLETE,gyrA_D87N=POINT,gyrA_S83L=POINT,marR_S3N=POINT,parC_S80I=POINT,parE_L416F=POINT,uhpT_E350Q=POINT",,"ampicillin-sulbactam=S,ampicillin=S,cefepime=S,ciprofloxacin=R,ertapenem=S,imipenem=S,levofloxacin=R,meropenem=S,tobramycin=S,trimethoprim-sulfamethoxazole=S"
E.coli and Shigella,,"""296"",""SRS25253289"",""dzd-uci-7449""",,PDT002991621.1,2025-11-20T22:50:45Z,USA: California,aspirate,clinical,,PDS000061455.83,0.0,32.0,SAMN48878311,GCA_053672335.1,"aac(3)-IIe=COMPLETE,aac(6')-Ib-cr5=COMPLETE,acrF=COMPLETE,blaCTX-M-15=COMPLETE,blaEC=COMPLETE,blaOXA-1=COMPLETE,catB3=PARTIAL_END_OF_CONTIG,gyrA_D87N=POINT,gyrA_S83L=POINT,mdtM=COMPLETE,nfsA_H11Y=POINT,parC_E84V=POINT,parC_S80I=POINT,parE_I529L=POINT,ptsI_V25I=POINT,tet(A)=COMPLETE,uhpT_E350Q=POINT",,"ampicillin-sulbactam=R,ampicillin=R,cefepime=R,ciprofloxacin=R,imipenem=S,levofloxacin=R,meropenem=S,tobramycin=R,trimethoprim-sulfamethoxazole=S"
E.coli and Shigella,,"""248"",""SRS25253285"",""dzd-uci-7364""",,PDT002991626.1,2025-11-20T22:50:46Z,USA: California,"URINE, CLEAN VOID",clinical,,,,,SAMN48878263,GCA_053672255.1,"acrB_R717L=POINT,acrF=COMPLETE,aph(3'')-Ib=COMPLETE,aph(6)-Id=COMPLETE,blaCTX-M-27=COMPLETE,blaEC-5=COMPLETE,gyrA_D87N=POINT,gyrA_S83L=POINT,parC_S80I=POINT,parE_L416F=POINT,sul2=COMPLETE,tet(A)=COMPLETE,uhpT_E350Q=POINT",,"ampicillin-sulbactam=S,ampicillin=R,cefepime=S,ciprofloxacin=R,ertapenem=S,imipenem=S,levofloxacin=R,tobramycin=S,trimethoprim-sulfamethoxazole=S"
E.coli and Shigella,,"""247"",""SRS25253283"",""dzd-uci-7362""",,PDT002991627.1,2025-11-20T22:50:46Z,USA: California,"URINE, CLEAN VOID",clinical,,PDS000194248.147,28.0,58.0,SAMN48878262,GCA_053672265.1,"acrF=COMPLETE,aph(3'')-Ib=COMPLETE,aph(6)-Id=COMPLETE,blaEC-5=COMPLETE,blaTEM-1=COMPLETE,dfrA17=COMPLETE,gyrA_D87N=POINT,gyrA_S83L=POINT,marR_S3N=POINT,parC_S80I=POINT,parE_L416F=POINT,sul2=COMPLETE,tet(B)=COMPLETE,uhpT_E350Q=POINT",,"ampicillin-sulbactam=I,ampicillin=R,cefepime=S,ciprofloxacin=R,ertapenem=S,imipenem=S,levofloxacin=R,tobramycin=S,trimethoprim-sulfamethoxazole=R"
E.coli and Shigella,,"""183"",""SRS25253260"",""dzd-uci-7245""",,PDT002991649.1,2025-11-20T22:50:50Z,USA: California,"URINE, CLEAN VOID",clinical,,PDS000061454.42,10.0,41.0,SAMN48878198,GCA_053671995.1,"aac(6')-Ib-cr5=COMPLETE,aadA5=PARTIAL_END_OF_CONTIG,acrF=COMPLETE,aph(3'')-Ib=COMPLETE,aph(6)-Id=COMPLETE,blaCTX-M-15=COMPLETE,blaEC=COMPLETE,blaOXA-1=COMPLETE,catB3=PARTIAL_END_OF_CONTIG,gyrA_D87N=POINT,gyrA_S83L=POINT,mdtM=COMPLETE,mph(A)=COMPLETE,parC_E84V=POINT,parC_S80I=POINT,parE_I529L=POINT,ptsI_V25I=POINT,sul1=COMPLETE,sul2=COMPLETE,tet(A)=COMPLETE,uhpT_E350Q=POINT",,"ampicillin-sulbactam=R,ampicillin=R,cefepime=R,ciprofloxacin=R,ertapenem=S,imipenem=S,levofloxacin=R,tobramycin=R,trimethoprim-sulfamethoxazole=S"
E.coli and Shigella,,"""173"",""SRS25253250"",""dzd-uci-7233""",,PDT002991660.1,2025-11-20T22:50:52Z,USA: California,"URINE, CLEAN VOID",clinical,,,,,SAMN48878188,GCA_053649695.1,"acrF=COMPLETE,blaEC=COMPLETE,gyrA_D87N=POINT,gyrA_S83L=POINT,mdtM=COMPLETE,parC_E84V=POINT,parC_S80I=POINT,parE_I529L=POINT,ptsI_V25I=POINT,uhpT_E350Q=POINT",,"ampicillin-sulbactam=S,ampicillin=S,cefepime=S,ciprofloxacin=R,ertapenem=S,imipenem=S,levofloxacin=R,tobramycin=S,trimethoprim-sulfamethoxazole=S"
E.coli and Shigella,,"""171"",""SRS25253247"",""dzd-uci-7228""",,PDT002991662.1,2025-11-20T22:50:52Z,USA: California,"URINE, CLEAN VOID",clinical,,,,,SAMN48878186,GCA_053671915.1,"acrF=COMPLETE,blaCTX-M-15=COMPLETE,blaEC=COMPLETE,dfrA5=COMPLETE,mdtM=COMPLETE,mph(A)=COMPLETE,parE_I355T=POINT,qnrS1=COMPLETE,sul1=COMPLETE",,"ampicillin-sulbactam=R,ampicillin=R,cefepime=R,ciprofloxacin=R,ertapenem=S,imipenem=S,levofloxacin=R,tobramycin=S,trimethoprim-sulfamethoxazole=R"
E.coli and Shigella,,"""166"",""SRS25253241"",""dzd-uci-7219""",,PDT002991668.1,2025-11-20T22:50:54Z,USA: California,blood,clinical,,,,,SAMN48878181,GCA_053671855.1,"aadA5=COMPLETE,acrF=COMPLETE,aph(3'')-Ib=COMPLETE,aph(3')-Ia=COMPLETE,aph(6)-Id=COMPLETE,blaEC=COMPLETE,blaTEM-1=COMPLETE,catA1=COMPLETE,dfrA17=COMPLETE,erm(B)=COMPLETE,gyrA_D87N=POINT,gyrA_S83L=POINT,mdtM=COMPLETE,mph(A)=COMPLETE,parC_A56T=POINT,parC_S80I=POINT,sul1=COMPLETE,sul2=COMPLETE,tet(B)=COMPLETE",,"ampicillin-sulbactam=S,ampicillin=R,cefepime=S,ciprofloxacin=R,ertapenem=S,imipenem=S,levofloxacin=R,meropenem=S,tobramycin=S,trimethoprim-sulfamethoxazole=R"
E.coli and Shigella,,"""116"",""SRS25253234"",""dzd-uci-7140""",,PDT002991675.1,2025-11-20T22:50:55Z,USA: California,blood,clinical,,PDS000149720.9,0.0,,SAMN48878131,GCA_053651595.1,"aac(3)-IIe=COMPLETE,aac(6')-Ib-cr5=COMPLETE,acrF=COMPLETE,blaCMY=PARTIAL,blaCTX-M-15=COMPLETE,blaEC=COMPLETE,blaOXA-1=COMPLETE,catB3=PARTIAL_END_OF_CONTIG,gyrA_D87N=POINT,gyrA_S83L=POINT,mdtM=COMPLETE,parC_E84V=POINT,parC_S80I=POINT,parE_I529L=POINT,ptsI_V25I=POINT,tet(A)=COMPLETE,uhpT_E350Q=POINT",,"ampicillin-sulbactam=R,ampicillin=R,cefepime=R,ciprofloxacin=R,ertapenem=S,imipenem=S,levofloxacin=R,meropenem=S,tobramycin=R,trimethoprim-sulfamethoxazole=S"
E.coli and Shigella,,"""112"",""SRS25253230"",""dzd-uci-7135""",,PDT002991679.1,2025-11-20T22:50:56Z,USA: California,"URINE, CLEAN VOID",clinical,,PDS000002968.261,28.0,42.0,SAMN48878127,GCA_053671735.1,"acrF=COMPLETE,blaEC-5=COMPLETE,gyrA_D87N=POINT,gyrA_S83L=POINT,marR_S3N=POINT,parC_S80I=POINT,parE_L416F=POINT,uhpT_E350Q=POINT",,"ampicillin-sulbactam=S,ampicillin=S,cefepime=S,ciprofloxacin=R,ertapenem=S,imipenem=S,levofloxacin=R,tobramycin=S,trimethoprim-sulfamethoxazole=S"
E.coli and Shigella,,"""100"",""SRS25253217"",""dzd-uci-7111""",,PDT002991690.1,2025-11-20T22:50:58Z,USA: California,"URINE, CLEAN VOID",clinical,,PDS000247443.1,6.0,,SAMN48878115,GCA_053651435.1,"aac(3)-IId=COMPLETE,aadA5=COMPLETE,acrF=COMPLETE,aph(3'')-Ib=COMPLETE,aph(6)-Id=COMPLETE,blaCTX-M-15=COMPLETE,blaEC-5=COMPLETE,blaTEM-1=COMPLETE,dfrA17=COMPLETE,gyrA_D87N=POINT,gyrA_S83L=POINT,marR_S3N=POINT,mph(A)=COMPLETE,parC_S80I=POINT,parE_L416F=POINT,sul1=COMPLETE,sul2=COMPLETE,tet(A)=COMPLETE,uhpT_E350Q=POINT",,"ampicillin-sulbactam=I,ampicillin=R,cefepime=R,ciprofloxacin=R,ertapenem=S,imipenem=S,levofloxacin=R,tobramycin=R,trimethoprim-sulfamethoxazole=R"
E.coli and Shigella,,"""911"",""SRS25253206"",""dzd-uci-8422""",,PDT002991702.1,2025-11-20T22:51:00Z,USA: California,"URINE, CLEAN VOID",clinical,,PDS000073072.20,23.0,21.0,SAMN48878926,GCA_053651355.1,"acrF=COMPLETE,aph(3'')-Ib=COMPLETE,aph(6)-Id=COMPLETE,blaCTX-M-65=COMPLETE,blaEC=COMPLETE,blaTEM-1=COMPLETE,dfrA14=COMPLETE,gyrA_S83L=POINT,mdtM=COMPLETE,mph(A)=COMPLETE,parC_S80I=POINT,qnrS2=COMPLETE,sul2=COMPLETE,tet(A)=COMPLETE",,"ampicillin-sulbactam=I,ampicillin=R,cefepime=S,ciprofloxacin=R,ertapenem=S,imipenem=S,levofloxacin=R,tobramycin=S,trimethoprim-sulfamethoxazole=R"
E.coli and Shigella,,"""833"",""SRS25253700"",""dzd-uci-8283""",,PDT002991717.1,2025-11-20T22:51:03Z,USA: California,"URINE, CLEAN VOID",clinical,,PDS000247582.1,0.0,,SAMN48878848,GCA_053671455.1,"aadA5=COMPLETE,acrF=COMPLETE,blaCTX-M-14=COMPLETE,blaEC=COMPLETE,catA1=COMPLETE,dfrA17=COMPLETE,gyrA_D87N=POINT,gyrA_S83L=POINT,mdtM=COMPLETE,parC_S80I=POINT,parE_L416F=POINT,tet(B)=COMPLETE",,"ampicillin-sulbactam=R,ampicillin=R,cefepime=I,ciprofloxacin=R,ertapenem=S,imipenem=S,levofloxacin=R,tobramycin=S,trimethoprim-sulfamethoxazole=S"
E.coli and Shigella,,"""832"",""SRS25253699"",""dzd-uci-8281""",,PDT002991718.1,2025-11-20T22:51:03Z,USA: California,"URINE, CLEAN VOID",clinical,,PDS000117091.382,12.0,16.0,SAMN48878847,GCA_053656835.1,"aadA5=COMPLETE,acrF=COMPLETE,aph(3'')-Ib=COMPLETE,aph(6)-Id=COMPLETE,blaCTX-M-27=COMPLETE,blaEC=COMPLETE,dfrA17=COMPLETE,gyrA_D87N=POINT,gyrA_S83L=POINT,mdtM=COMPLETE,mph(A)=COMPLETE,parC_E84V=POINT,parC_S80I=POINT,parE_I529L=POINT,ptsI_V25I=POINT,sul1=COMPLETE,sul2=COMPLETE,tet(A)=COMPLETE,uhpT_E350Q=POINT",,"ampicillin-sulbactam=S,ampicillin=R,cefepime=R,ciprofloxacin=R,ertapenem=S,imipenem=S,levofloxacin=R,tobramycin=S,trimethoprim-sulfamethoxazole=R"
E.coli and Shigella,,"""821"",""SRS25253687"",""dzd-uci-8265""",,PDT002991729.1,2025-11-20T22:51:05Z,USA: California,"URINE, CLEAN VOID",clinical,,,,,SAMN48878836,GCA_053671315.1,"aadA1=COMPLETE,aadA2=COMPLETE,acrF=COMPLETE,aph(3'')-Ib=COMPLETE,aph(6)-Id=COMPLETE,blaEC-5=COMPLETE,blaTEM-1=COMPLETE,blaTEMp_C32T=POINT,dfrA12=COMPLETE,gyrA_S83L=POINT,mph(A)=COMPLETE,pmrB_V161G=POINT,sul1=COMPLETE,sul2=COMPLETE,tet(B)=COMPLETE,tet(D)=COMPLETE",,"ampicillin-sulbactam=R,ampicillin=R,cefepime=S,ciprofloxacin=R,ertapenem=S,imipenem=S,levofloxacin=I,tobramycin=S,trimethoprim-sulfamethoxazole=R"
E.coli and Shigella,,"""744"",""SRS25253671"",""dzd-uci-8134""",,PDT002991743.1,2025-11-20T22:51:08Z,USA: California,"URINE,TYPE NOT SPECIFIED",clinical,,PDS000225708.26,0.0,35.0,SAMN48878759,GCA_053656575.1,"aac(6')-Ib-cr5=COMPLETE,acrF=COMPLETE,blaCTX-M-15=COMPLETE,blaEC=COMPLETE,blaOXA-1=COMPLETE,catB3=PARTIAL_END_OF_CONTIG,gyrA_D87N=POINT,gyrA_S83L=POINT,mdtM=COMPLETE,parC_E84V=POINT,parC_S80I=POINT,parE_I529L=POINT,ptsI_V25I=POINT,tet(A)=COMPLETE,uhpT_E350Q=POINT",,"ampicillin-sulbactam=R,ampicillin=R,cefepime=R,ciprofloxacin=R,ertapenem=S,imipenem=S,levofloxacin=R,tobramycin=R,trimethoprim-sulfamethoxazole=S"
E.coli and Shigella,,"""732"",""SRS25253660"",""dzd-uci-8110""",,PDT002991756.1,2025-11-20T22:51:11Z,USA: California,blood,clinical,,PDS000063195.33,30.0,37.0,SAMN48878747,GCA_053668275.1,"acrF=COMPLETE,blaCTX-M-55=COMPLETE,blaEC=COMPLETE,floR=COMPLETE,gyrA_D87N=POINT,gyrA_S83L=POINT,mdtM=COMPLETE,parC_S80I=POINT,parE_S458A=POINT,tet(B)=COMPLETE,uhpT_E350Q=POINT",,"ampicillin-sulbactam=I,ampicillin=R,cefepime=R,ciprofloxacin=R,ertapenem=S,imipenem=S,levofloxacin=R,meropenem=S,tobramycin=S,trimethoprim-sulfamethoxazole=S"
E.coli and Shigella,,"""729"",""SRS25253656"",""dzd-uci-8105""",,PDT002991760.1,2025-11-20T22:51:12Z,USA: California,"URINE, CLEAN VOID",clinical,,PDS000120026.5,1.0,,SAMN48878744,GCA_053655375.1,"aac(3)-IIe=COMPLETE,aac(6')-Ib-cr5=COMPLETE,acrF=COMPLETE,blaCTX-M-15=COMPLETE,blaEC=COMPLETE,blaOXA-1=COMPLETE,catB3=PARTIAL_END_OF_CONTIG,gyrA_D87N=POINT,gyrA_S83L=POINT,mdtM=COMPLETE,parC_E84V=POINT,parC_S80I=POINT,parE_I529L=POINT,ptsI_V25I=POINT,tet(A)=COMPLETE",,"ampicillin-sulbactam=R,ampicillin=R,cefepime=R,ciprofloxacin=R,ertapenem=S,imipenem=S,levofloxacin=R,tobramycin=R,trimethoprim-sulfamethoxazole=S"
E.coli and Shigella,,"""648"",""SRS25253639"",""dzd-uci-7991""",,PDT002991777.1,2025-11-20T22:51:15Z,USA: California,"URINE, CLEAN VOID",clinical,,,,,SAMN48878663,GCA_053667895.1,"aac(2')-IIa=COMPLETE,aadA22=COMPLETE,aadA5=COMPLETE,acrF=COMPLETE,blaEC=COMPLETE,blaTEM-1=COMPLETE,dfrA17=COMPLETE,floR=COMPLETE,fosA4=COMPLETE,lnu(F)=COMPLETE,mdtM=COMPLETE,mph(A)=COMPLETE,qnrS=COMPLETE,tet(A)=COMPLETE",,"ampicillin-sulbactam=R,ampicillin=R,cefepime=S,ciprofloxacin=R,ertapenem=S,imipenem=S,levofloxacin=I,tobramycin=S,trimethoprim-sulfamethoxazole=S"
E.coli and Shigella,,"""642"",""SRS25253631"",""dzd-uci-7985""",,PDT002991783.1,2025-11-20T22:51:16Z,USA: California,"URINE, CLEAN VOID",clinical,,PDS000247427.1,0.0,,SAMN48878657,GCA_053667825.1,"aadA1=COMPLETE,acrF=COMPLETE,blaCTX-M-15=COMPLETE,blaEC=COMPLETE,blaTEM=PARTIAL,blaTEM=PARTIAL_END_OF_CONTIG,dfrA1=COMPLETE,mdtM=COMPLETE,qnrS1=COMPLETE,sul2=COMPLETE",,"ampicillin-sulbactam=R,ampicillin=R,cefepime=R,ciprofloxacin=R,ertapenem=S,imipenem=S,levofloxacin=R,tobramycin=S,trimethoprim-sulfamethoxazole=R"
E.coli and Shigella,,"""576"",""SRS25253630"",""dzd-uci-7889""",,PDT002991785.1,2025-11-20T22:51:17Z,USA: California,"URINE, CLEAN VOID",clinical,,PDS000247578.1,19.0,,SAMN48878591,GCA_053667795.1,"acrF=COMPLETE,blaEC-5=COMPLETE,gyrA_D87N=POINT,gyrA_S83L=POINT,marR_S3N=POINT,parC_S80I=POINT,parE_L416F=POINT,uhpT_E350Q=POINT",,"ampicillin-sulbactam=S,ampicillin=S,cefepime=S,ciprofloxacin=R,ertapenem=S,imipenem=S,levofloxacin=R,tobramycin=S,trimethoprim-sulfamethoxazole=S"
E.coli and Shigella,,"""561"",""SRS25253616"",""dzd-uci-7869""",,PDT002991799.1,2025-11-20T22:51:20Z,USA: California,"URINE, CLEAN VOID",clinical,,,,,SAMN48878576,GCA_053652645.1,"acrF=PARTIAL,blaEC=COMPLETE,blaTEM-1=COMPLETE,gyrA_D87N=POINT,gyrA_S83L=POINT,mdtM=COMPLETE,parC_E84V=POINT,parC_S80I=POINT,parE_I529L=POINT,ptsI_V25I=POINT,uhpT_E350Q=POINT",,"ampicillin-sulbactam=R,ampicillin=R,cefepime=S,ciprofloxacin=R,ertapenem=S,imipenem=S,levofloxacin=R,tobramycin=S,trimethoprim-sulfamethoxazole=R"
E.coli and Shigella,,"""477"",""SRS25253592"",""dzd-uci-7732""",,PDT002991820.1,2025-11-20T22:51:24Z,USA: California,"URINE,TYPE NOT SPECIFIED",clinical,,,,,SAMN48878492,GCA_053656455.1,"acrF=COMPLETE,aph(3'')-Ib=COMPLETE,aph(6)-Id=COMPLETE,blaEC-5=COMPLETE,blaTEM-1=COMPLETE,gyrA_D87N=POINT,gyrA_S83L=POINT,marR_S3N=POINT,parC_S80I=POINT,parE_L416F=POINT,sul2=COMPLETE,uhpT_E350Q=POINT",,"ampicillin-sulbactam=I,ampicillin=R,cefepime=S,ciprofloxacin=R,ertapenem=S,imipenem=S,levofloxacin=R,tobramycin=S,trimethoprim-sulfamethoxazole=S"
E.coli and Shigella,,"""47"",""SRS25253584"",""dzd-uci-7024""",,PDT002991828.1,2025-11-20T22:51:25Z,USA: California,"URINE, CLEAN VOID",clinical,,,,,SAMN48878062,GCA_053671195.1,"acrF=COMPLETE,blaEC=COMPLETE,blaTEM-1=COMPLETE,cyaA_S352T=POINT,gyrA_D87N=POINT,gyrA_S83L=POINT,mdtM=COMPLETE,parC_S80I=POINT",,"ampicillin-sulbactam=I,ampicillin=R,cefepime=S,ciprofloxacin=R,ertapenem=S,imipenem=S,levofloxacin=R,tobramycin=S,trimethoprim-sulfamethoxazole=S"
E.coli and Shigella,,"""424"",""SRS25253582"",""dzd-uci-7642""",,PDT002991830.1,2025-11-20T22:51:26Z,USA: California,DRAINAGE,clinical,,,,,SAMN48878439,GCA_053666115.1,"aac(3)-IIe=PARTIAL_END_OF_CONTIG,aac(6')-Ib-cr5=COMPLETE,aadA5=COMPLETE,acrF=COMPLETE,aph(3'')-Ib=COMPLETE,aph(6)-Id=COMPLETE,blaCTX-M-15=COMPLETE,blaEC=COMPLETE,blaOXA-1=COMPLETE,blaTEM=MISTRANSLATION,blaTEM=PARTIAL_END_OF_CONTIG,catB3=PARTIAL_END_OF_CONTIG,dfrA17=COMPLETE,gyrA_D87N=POINT,gyrA_S83L=POINT,mdtM=COMPLETE,mph(A)=COMPLETE,parC_E84V=POINT,parC_S80I=POINT,parE_I529L=POINT,ptsI_V25I=POINT,sul1=COMPLETE,sul2=COMPLETE,tet(A)=COMPLETE,uhpT_E350Q=POINT",,"ampicillin-sulbactam=R,ampicillin=R,cefepime=R,ciprofloxacin=R,imipenem=S,levofloxacin=R,meropenem=S,tobramycin=R,trimethoprim-sulfamethoxazole=R"
E.coli and Shigella,,"""423"",""SRS25253581"",""dzd-uci-7639""",,PDT002991831.1,2025-11-20T22:51:26Z,USA: California,wound,clinical,,PDS000061455.83,0.0,32.0,SAMN48878438,GCA_053671175.1,"aac(3)-IIe=COMPLETE,aac(6')-Ib-cr5=COMPLETE,acrF=COMPLETE,blaCTX-M-15=COMPLETE,blaEC=COMPLETE,blaOXA-1=COMPLETE,catB3=PARTIAL_END_OF_CONTIG,gyrA_D87N=POINT,gyrA_S83L=POINT,mdtM=COMPLETE,nfsA_H11Y=POINT,parC_E84V=POINT,parC_S80I=POINT,parE_I529L=POINT,ptsI_V25I=POINT,tet(A)=COMPLETE,uhpT_E350Q=POINT",,"ampicillin-sulbactam=R,ampicillin=R,cefepime=R,ciprofloxacin=R,imipenem=S,levofloxacin=R,meropenem=S,tobramycin=R,trimethoprim-sulfamethoxazole=S"
E.coli and Shigella,,"""410"",""SRS25253567"",""dzd-uci-7624""",,PDT002991844.1,2025-11-20T22:51:28Z,USA: California,blood,clinical,,PDS000247427.1,0.0,,SAMN48878425,GCA_053665875.1,"aadA1=COMPLETE,acrF=COMPLETE,blaCTX-M-15=COMPLETE,blaEC=COMPLETE,blaTEM=PARTIAL,dfrA1=COMPLETE,mdtM=COMPLETE,qnrS1=COMPLETE,sul2=COMPLETE",,"ampicillin-sulbactam=R,ampicillin=R,ciprofloxacin=R,ertapenem=R,imipenem=S,levofloxacin=R,meropenem=S,tobramycin=S,trimethoprim-sulfamethoxazole=R"
E.coli and Shigella,,"""403"",""SRS25253556"",""dzd-uci-7608""",,PDT002991851.1,2025-11-20T22:51:30Z,USA: California,"FOOT,RIGHT",clinical,,PDS000002968.261,22.0,47.0,SAMN48878418,GCA_053665735.1,"aac(3)-IId=COMPLETE,aadA5=COMPLETE,acrF=COMPLETE,aph(3'')-Ib=COMPLETE,aph(6)-Id=COMPLETE,blaEC-5=COMPLETE,blaTEM-1=COMPLETE,dfrA17=COMPLETE,gyrA_D87N=POINT,gyrA_S83L=POINT,marR_S3N=POINT,mph(A)=COMPLETE,parC_S80I=POINT,parE_L416F=POINT,sul1=COMPLETE,sul2=COMPLETE,tet(A)=COMPLETE,uhpT_E350Q=POINT",,"ampicillin-sulbactam=R,ampicillin=R,cefepime=S,ciprofloxacin=R,ertapenem=S,imipenem=S,levofloxacin=R,meropenem=S,tobramycin=R,trimethoprim-sulfamethoxazole=R"
E.coli and Shigella,,"""355"",""SRS25253555"",""dzd-uci-7533""",,PDT002991857.1,2025-11-20T22:51:31Z,USA: California,"URINE, CLEAN VOID",clinical,,,,,SAMN48878370,GCA_053667215.1,"acrF=COMPLETE,blaCTX-M-15=COMPLETE,blaEC=COMPLETE,gyrA_D87N=POINT,gyrA_S83L=POINT,mdtM=COMPLETE,parC_E84V=POINT,parC_S80I=POINT,parE_I529L=POINT,ptsI_V25I=POINT,uhpT_E350Q=POINT",,"ampicillin-sulbactam=S,ampicillin=R,cefepime=S,ciprofloxacin=R,ertapenem=S,imipenem=S,levofloxacin=R,tobramycin=S,trimethoprim-sulfamethoxazole=S"
E.coli and Shigella,,"""353"",""SRS25253551"",""dzd-uci-7530""",,PDT002991859.1,2025-11-20T22:51:31Z,USA: California,blood,clinical,,PDS000247435.1,1.0,,SAMN48878368,GCA_053665495.1,"aac(3)-IIe=COMPLETE,aac(6')-Ib-cr5=COMPLETE,acrF=COMPLETE,blaCTX-M-15=COMPLETE,blaEC=COMPLETE,blaOXA-1=COMPLETE,catB3=PARTIAL_END_OF_CONTIG,gyrA_D87N=POINT,gyrA_S83L=POINT,mdtM=COMPLETE,parC_E84V=POINT,parC_S80I=POINT,parE_I529L=POINT,ptsI_V25I=POINT,uhpT_E350Q=POINT",,"ampicillin-sulbactam=R,ampicillin=R,cefepime=R,ciprofloxacin=R,ertapenem=S,imipenem=S,levofloxacin=R,meropenem=S,tobramycin=R,trimethoprim-sulfamethoxazole=S"
E.coli and Shigella,,"""352"",""SRS25253549"",""dzd-uci-7529""",,PDT002991860.1,2025-11-20T22:51:32Z,USA: California,BACK,clinical,,PDS000061455.83,1.0,33.0,SAMN48878367,GCA_053665415.1,"aac(3)-IIe=COMPLETE,aac(6')-Ib-cr5=COMPLETE,acrF=COMPLETE,blaCTX-M-15=COMPLETE,blaEC=COMPLETE,blaOXA-1=COMPLETE,catB3=PARTIAL_END_OF_CONTIG,gyrA_D87N=POINT,gyrA_S83L=POINT,mdtM=COMPLETE,nfsA_H11Y=POINT,parC_E84V=POINT,parC_S80I=POINT,parE_I529L=POINT,ptsI_V25I=POINT,tet(A)=COMPLETE,uhpT_E350Q=POINT",,"ampicillin-sulbactam=R,ampicillin=R,cefepime=R,ciprofloxacin=R,ertapenem=S,imipenem=S,levofloxacin=R,meropenem=S,tobramycin=R,trimethoprim-sulfamethoxazole=S"
E.coli and Shigella,,"""351"",""SRS25253550"",""dzd-uci-7527""",,PDT002991861.1,2025-11-20T22:51:32Z,USA: California,"URINE, CLEAN VOID",clinical,,PDS000247435.1,1.0,,SAMN48878366,GCA_053662115.1,"aac(3)-IIe=COMPLETE,aac(6')-Ib-cr5=COMPLETE,acrF=COMPLETE,blaCTX-M-15=COMPLETE,blaEC=COMPLETE,blaOXA-1=COMPLETE,catB3=PARTIAL_END_OF_CONTIG,gyrA_D87N=POINT,gyrA_S83L=POINT,mdtM=COMPLETE,parC_E84V=POINT,parC_S80I=POINT,parE_I529L=POINT,ptsI_V25I=POINT,uhpT_E350Q=POINT",,"ampicillin-sulbactam=R,ampicillin=R,ciprofloxacin=R,ertapenem=S,imipenem=S,levofloxacin=R,tobramycin=R,trimethoprim-sulfamethoxazole=S"
E.coli and Shigella,,"""339"",""SRS25253534"",""dzd-uci-7511""",,PDT002991875.1,2025-11-20T22:51:35Z,USA: California,"URINE, CLEAN VOID",clinical,,PDS000016929.95,32.0,39.0,SAMN48878354,GCA_053661915.1,"aadA5=COMPLETE,acrF=COMPLETE,aph(3'')-Ib=COMPLETE,aph(6)-Id=COMPLETE,blaEC=COMPLETE,blaTEM-1=COMPLETE,dfrA17=COMPLETE,gyrA_D87N=POINT,gyrA_S83L=POINT,mdtM=COMPLETE,mph(A)=COMPLETE,parC_E84V=POINT,parC_S80I=POINT,parE_I529L=POINT,ptsI_V25I=POINT,sul1=COMPLETE,sul2=COMPLETE,tet(A)=COMPLETE,uhpT_E350Q=POINT",,"ampicillin-sulbactam=I,ampicillin=R,cefepime=S,ciprofloxacin=R,ertapenem=S,imipenem=S,levofloxacin=R,tobramycin=S,trimethoprim-sulfamethoxazole=R"
E.coli and Shigella,,"""28"",""SRS25253517"",""dzd-uci-7001""",,PDT002991893.1,2025-11-20T22:51:38Z,USA: California,"URINE, CLEAN VOID",clinical,,,,,SAMN48878043,GCA_053654945.1,"acrF=COMPLETE,aph(3'')-Ib=COMPLETE,aph(6)-Id=COMPLETE,blaEC-5=COMPLETE,blaTEM-1=COMPLETE,dfrA17=COMPLETE,gyrA_D87N=POINT,gyrA_S83L=POINT,marR_S3N=POINT,mph(A)=COMPLETE,parC_S80I=POINT,parE_L416F=POINT,sul2=COMPLETE,tet(B)=COMPLETE,uhpT_E350Q=POINT",,"ampicillin-sulbactam=I,ampicillin=R,cefepime=S,ciprofloxacin=R,ertapenem=S,imipenem=S,levofloxacin=R,tobramycin=S,trimethoprim-sulfamethoxazole=R"
E.coli and Shigella,,"""274"",""SRS25253511"",""dzd-uci-7412""",,PDT002991899.1,2025-11-20T22:51:40Z,USA: California,"URINE, CLEAN VOID",clinical,,PDS000033989.165,26.0,36.0,SAMN48878289,GCA_053648535.1,"aadA5=COMPLETE,acrF=COMPLETE,blaCTX-M-15=COMPLETE,blaEC=COMPLETE,dfrA17=COMPLETE,erm(B)=COMPLETE,gyrA_D87Y=POINT,gyrA_S83L=POINT,mdtM=COMPLETE,mph(A)=COMPLETE,parC_E84V=POINT,parC_S80I=POINT,parE_I529L=POINT,ptsI_V25I=POINT,sul1=COMPLETE,uhpT_E350Q=POINT",,"ampicillin-sulbactam=S,ampicillin=R,cefepime=R,ciprofloxacin=R,ertapenem=S,imipenem=S,levofloxacin=R,tobramycin=S,trimethoprim-sulfamethoxazole=R"
E.coli and Shigella,,"""217"",""SRS25253496"",""dzd-uci-7311""",,PDT002991914.1,2025-11-20T22:51:43Z,USA: California,"URINE, CLEAN VOID",clinical,,PDS000247578.1,19.0,,SAMN48878232,GCA_053670995.1,"acrF=COMPLETE,blaEC-5=COMPLETE,gyrA_D87N=POINT,gyrA_S83L=POINT,marR_S3N=POINT,parC_S80I=POINT,parE_L416F=POINT,uhpT_E350Q=POINT",,"ampicillin-sulbactam=S,ampicillin=S,cefepime=S,ciprofloxacin=R,ertapenem=S,imipenem=S,levofloxacin=R,tobramycin=S,trimethoprim-sulfamethoxazole=S"
E.coli and Shigella,,"""215"",""SRS25253494"",""dzd-uci-7309""",,PDT002991916.1,2025-11-20T22:51:43Z,USA: California,blood,clinical,,PDS000061455.83,0.0,32.0,SAMN48878230,GCA_053670975.1,"aac(3)-IIe=COMPLETE,aac(6')-Ib-cr5=COMPLETE,acrF=COMPLETE,blaCTX-M-15=COMPLETE,blaEC=COMPLETE,blaOXA-1=COMPLETE,catB3=PARTIAL_END_OF_CONTIG,gyrA_D87N=POINT,gyrA_S83L=POINT,mdtM=COMPLETE,nfsA_H11Y=POINT,parC_E84V=POINT,parC_S80I=POINT,parE_I529L=POINT,ptsI_V25I=POINT,tet(A)=COMPLETE,uhpT_E350Q=POINT",,"ampicillin-sulbactam=R,ampicillin=R,cefepime=R,ciprofloxacin=R,ertapenem=S,imipenem=S,levofloxacin=R,meropenem=S,tobramycin=R,trimethoprim-sulfamethoxazole=S"
E.coli and Shigella,,"""212"",""SRS25253491"",""dzd-uci-7306""",,PDT002991917.1,2025-11-20T22:51:43Z,USA: California,blood,clinical,,,,,SAMN48878227,GCA_053667015.1,"acrF=COMPLETE,blaEC=COMPLETE,blaTEM-1=COMPLETE,gyrA_D87N=POINT,gyrA_S83L=POINT,mdtM=COMPLETE,parC_E84V=POINT,parC_S80I=POINT,parE_I529L=POINT,ptsI_V25I=POINT,uhpT_E350Q=POINT",,"ampicillin-sulbactam=S,ampicillin=R,cefepime=S,ciprofloxacin=R,ertapenem=S,imipenem=S,levofloxacin=R,meropenem=S,tobramycin=S,trimethoprim-sulfamethoxazole=S"
E.coli and Shigella,,"""160"",""SRS25253480"",""dzd-uci-7213""",,PDT002991927.1,2025-11-20T22:51:45Z,USA: California,"URINE, STRAIGHT CATH",clinical,,PDS000247443.1,6.0,,SAMN48878175,GCA_053666975.1,"aac(3)-IId=COMPLETE,aadA5=COMPLETE,acrF=COMPLETE,aph(3'')-Ib=COMPLETE,aph(6)-Id=COMPLETE,blaCTX-M-15=COMPLETE,blaEC-5=COMPLETE,blaTEM-1=COMPLETE,dfrA17=COMPLETE,gyrA_D87N=POINT,gyrA_S83L=POINT,marR_S3N=POINT,mph(A)=COMPLETE,parC_S80I=POINT,parE_L416F=POINT,sul1=COMPLETE,sul2=COMPLETE,tet(A)=COMPLETE,uhpT_E350Q=POINT",,"ampicillin-sulbactam=R,ampicillin=R,cefepime=R,ciprofloxacin=R,ertapenem=S,imipenem=S,levofloxacin=R,tobramycin=R,trimethoprim-sulfamethoxazole=R"
E.coli and Shigella,,"""99"",""SRS25253905"",""dzd-uci-7110""",,PDT002991949.1,2025-11-20T22:51:50Z,USA: California,"URINE, CLEAN VOID",clinical,,PDS000149720.9,0.0,,SAMN48878114,GCA_053649345.1,"aac(3)-IIe=COMPLETE,aac(6')-Ib-cr5=COMPLETE,acrF=COMPLETE,blaCMY=PARTIAL,blaCTX-M-15=COMPLETE,blaEC=COMPLETE,blaOXA-1=COMPLETE,catB3=PARTIAL_END_OF_CONTIG,gyrA_D87N=POINT,gyrA_S83L=POINT,mdtM=COMPLETE,parC_E84V=POINT,parC_S80I=POINT,parE_I529L=POINT,ptsI_V25I=POINT,tet(A)=COMPLETE,uhpT_E350Q=POINT",,"ampicillin-sulbactam=R,ampicillin=R,cefepime=R,ciprofloxacin=R,ertapenem=S,imipenem=S,levofloxacin=R,tobramycin=R,trimethoprim-sulfamethoxazole=S"
E.coli and Shigella,,"""953"",""SRS25253899"",""dzd-uci-8490""",,PDT002991955.1,2025-11-20T22:51:51Z,USA: California,"URINE, CLEAN VOID",clinical,,,,,SAMN48878968,GCA_053663995.1,"aac(3)-IId=COMPLETE,acrF=COMPLETE,aph(3'')-Ib=COMPLETE,aph(6)-Id=COMPLETE,blaEC=COMPLETE,blaTEM-1=COMPLETE,catA1=COMPLETE,dfrA17=COMPLETE,gyrA_D87N=POINT,gyrA_S83L=POINT,mdtM=COMPLETE,parC_E84G=POINT,parC_S80I=POINT,rpoB_Q513L=POINT,sul2=COMPLETE,tet(A)=COMPLETE",,"ampicillin-sulbactam=R,ampicillin=R,cefepime=S,ciprofloxacin=R,ertapenem=S,imipenem=S,levofloxacin=R,tobramycin=R,trimethoprim-sulfamethoxazole=R"
E.coli and Shigella,,"""782"",""SRS25253853"",""dzd-uci-8194""",,PDT002991999.1,2025-11-20T22:52:00Z,USA: California,"URINE, NEPHROSTOMY RIGHT",clinical,,,,,SAMN48878797,GCA_053656335.1,"acrF=COMPLETE,blaEC=COMPLETE,mdtM=COMPLETE,qnrB19=COMPLETE",,"ampicillin-sulbactam=S,ampicillin=I,cefepime=S,ciprofloxacin=R,ertapenem=S,imipenem=S,levofloxacin=R,tobramycin=S,trimethoprim-sulfamethoxazole=S"
E.coli and Shigella,,"""773"",""SRS25253844"",""dzd-uci-8179""",,PDT002992009.1,2025-11-20T22:52:02Z,USA: California,"URINE, CLEAN VOID",clinical,,,,,SAMN48878788,GCA_053656155.1,"acrF=COMPLETE,aph(3')-Ia=PARTIAL_END_OF_CONTIG,blaCTX-M-55=COMPLETE,blaEC=MISTRANSLATION,cyaA_S352T=POINT,dfrA14=COMPLETE,gyrA_D87Y=POINT,gyrA_S83L=POINT,mdtM=COMPLETE,parC_S80I=POINT,parE_S458A=POINT,tet(A)=COMPLETE,uhpT_E350Q=POINT",,"ampicillin-sulbactam=I,ampicillin=R,cefepime=R,ciprofloxacin=R,ertapenem=S,imipenem=S,levofloxacin=R,tobramycin=S,trimethoprim-sulfamethoxazole=R"
E.coli and Shigella,,"""692"",""SRS25253825"",""dzd-uci-8057""",,PDT002992026.1,2025-11-20T22:52:06Z,USA: California,"URINE, CLEAN VOID",clinical,,PDS000062492.37,24.0,37.0,SAMN48878707,GCA_053663375.1,"aac(3)-IIe=COMPLETE,aac(6')-Ib-cr5=COMPLETE,aadA1=COMPLETE,acrF=COMPLETE,ant(2'')-Ia=COMPLETE,blaCTX-M-15=COMPLETE,blaEC=COMPLETE,blaOXA-1=COMPLETE,catB3=PARTIAL_END_OF_CONTIG,cmlA6=COMPLETE,gyrA_D87N=POINT,gyrA_S83L=POINT,mdtM=COMPLETE,mph(A)=COMPLETE,parC_E84V=POINT,parC_S80I=POINT,parE_I529L=POINT,ptsI_V25I=POINT,sul1=COMPLETE,tet(A)=COMPLETE,uhpT_E350Q=POINT",,"ampicillin-sulbactam=R,ampicillin=R,cefepime=R,ciprofloxacin=R,imipenem=S,levofloxacin=R,tobramycin=R,trimethoprim-sulfamethoxazole=S"
E.coli and Shigella,,"""619"",""SRS25253815"",""dzd-uci-7958""",,PDT002992034.1,2025-11-20T22:52:08Z,USA: California,"URINE, CATH INDWELLING",clinical,,PDS000120026.5,4.0,,SAMN48878634,GCA_053661095.1,"aac(3)-IIe=COMPLETE,aac(6')-Ib-cr5=COMPLETE,acrF=COMPLETE,blaCTX-M-15=COMPLETE,blaEC=COMPLETE,blaOXA-1=COMPLETE,catB3=PARTIAL_END_OF_CONTIG,gyrA_D87N=POINT,gyrA_S83L=POINT,mdtM=COMPLETE,parC_E84V=POINT,parC_S80I=POINT,parE_I529L=POINT,ptsI_V25I=POINT,tet(A)=COMPLETE,uhpT_E350Q=POINT",,"ampicillin-sulbactam=R,ampicillin=R,cefepime=R,ciprofloxacin=R,ertapenem=S,imipenem=S,levofloxacin=R,tobramycin=R,trimethoprim-sulfamethoxazole=S"
E.coli and Shigella,,"""618"",""SRS25253814"",""dzd-uci-7957""",,PDT002992035.1,2025-11-20T22:52:08Z,USA: California,"URINE, CATH INDWELLING",clinical,,PDS000040652.5,17.0,33.0,SAMN48878633,GCA_053663295.1,"aac(6')-Ib-cr5=COMPLETE,aadA5=COMPLETE,acrF=COMPLETE,blaCTX-M-15=COMPLETE,blaEC=COMPLETE,blaOXA-1=COMPLETE,catB3=PARTIAL_END_OF_CONTIG,cyaA_S352T=POINT,dfrA17=COMPLETE,gyrA_D87N=POINT,gyrA_S83L=POINT,mph(A)=COMPLETE,parC_S80I=POINT,parE_S458A=POINT,sul1=COMPLETE,tet(B)=PARTIAL,tet(B)=PARTIAL_END_OF_CONTIG",,"ampicillin-sulbactam=R,ampicillin=R,cefepime=R,ciprofloxacin=R,imipenem=S,levofloxacin=R,tobramycin=R,trimethoprim-sulfamethoxazole=R"
E.coli and Shigella,,"""617"",""SRS25253816"",""dzd-uci-7956""",,PDT002992036.1,2025-11-20T22:52:08Z,USA: California,"URINE, CATH INDWELLING",clinical,,PDS000247580.1,0.0,,SAMN48878632,GCA_053663225.1,"acrF=COMPLETE,aph(3')-Ia=COMPLETE,blaCTX-M-15=COMPLETE,blaEC=COMPLETE,blaTEM-1=COMPLETE,floR=COMPLETE,gyrA_D87N=POINT,gyrA_S83L=POINT,mdtM=COMPLETE,parC_E84V=POINT,parC_S80I=POINT,parE_I529L=POINT,ptsI_V25I=POINT,sul2=COMPLETE,uhpT_E350Q=POINT",,"ampicillin-sulbactam=R,ampicillin=R,cefepime=R,ciprofloxacin=R,ertapenem=S,imipenem=S,levofloxacin=R,tobramycin=S,trimethoprim-sulfamethoxazole=S"
E.coli and Shigella,,"""613"",""SRS25253811"",""dzd-uci-7948""",,PDT002992040.1,2025-11-20T22:52:09Z,USA: California,blood,clinical,,PDS000071814.74,2.0,32.0,SAMN48878628,GCA_053654465.1,"aac(3)-IId=COMPLETE,acrF=COMPLETE,blaEC-5=COMPLETE,blaTEM-1=COMPLETE,gyrA_D87N=POINT,gyrA_S83L=POINT,marR_S3N=POINT,parC_S80I=POINT,parE_L416F=POINT,uhpT_E350Q=POINT",,"ampicillin-sulbactam=S,ampicillin=R,cefepime=S,ciprofloxacin=R,ertapenem=S,imipenem=S,levofloxacin=R,meropenem=S,tobramycin=R,trimethoprim-sulfamethoxazole=S"
E.coli and Shigella,,"""612"",""SRS25253808"",""dzd-uci-7947""",,PDT002992041.1,2025-11-20T22:52:09Z,USA: California,blood,clinical,,PDS000071814.74,2.0,32.0,SAMN48878627,GCA_053663175.1,"aac(3)-IId=COMPLETE,acrF=COMPLETE,blaEC-5=COMPLETE,blaTEM-1=COMPLETE,gyrA_D87N=POINT,gyrA_S83L=POINT,marR_S3N=POINT,parC_S80I=POINT,parE_L416F=POINT,uhpT_E350Q=POINT",,"ampicillin-sulbactam=I,ampicillin=R,cefepime=S,ciprofloxacin=R,ertapenem=S,imipenem=S,levofloxacin=R,meropenem=S,tobramycin=R,trimethoprim-sulfamethoxazole=S"
E.coli and Shigella,,"""611"",""SRS25253809"",""dzd-uci-7945""",,PDT002992042.1,2025-11-20T22:52:09Z,USA: California,"URINE, CLEAN VOID",clinical,,,,,SAMN48878626,GCA_053650135.1,"aac(3)-IIe=COMPLETE,aac(6')-Ib-cr5=COMPLETE,aadA5=COMPLETE,acrF=COMPLETE,aph(3'')-Ib=COMPLETE,aph(6)-Id=COMPLETE,blaCTX-M-15=COMPLETE,blaEC=COMPLETE,blaOXA-1=COMPLETE,catB3=PARTIAL_END_OF_CONTIG,dfrA17=COMPLETE,gyrA_D87N=POINT,gyrA_S83L=POINT,mdtM=COMPLETE,mph(A)=COMPLETE,parC_E84V=POINT,parC_S80I=POINT,parE_I529L=POINT,ptsI_V25I=POINT,sul1=COMPLETE,sul2=COMPLETE,tet(A)=COMPLETE,uhpT_E350Q=POINT",,"ampicillin-sulbactam=R,ampicillin=R,cefepime=R,ciprofloxacin=R,ertapenem=S,imipenem=S,levofloxacin=R,tobramycin=R,trimethoprim-sulfamethoxazole=R"
E.coli and Shigella,,"""605"",""SRS25253803"",""dzd-uci-7937""",,PDT002992049.1,2025-11-20T22:52:11Z,USA: California,"URINE, CATH INDWELLING",clinical,,,,,SAMN48878620,GCA_053656115.1,"acrF=COMPLETE,blaEC=COMPLETE,blaTEM-1=COMPLETE,gyrA_D87N=POINT,gyrA_S83L=POINT,mdtM=COMPLETE,parC_E84V=POINT,parC_S80I=POINT,parE_I529L=POINT,ptsI_V25I=POINT,uhpT_E350Q=POINT",,"ampicillin-sulbactam=I,ampicillin=R,cefepime=S,ciprofloxacin=R,ertapenem=S,imipenem=S,levofloxacin=R,tobramycin=S,trimethoprim-sulfamethoxazole=S"
E.coli and Shigella,,"""6"",""SRS25253793"",""dzd-uci-6964""",,PDT002992056.1,2025-11-20T22:52:12Z,USA: California,sputum,clinical,,PDS000071814.74,33.0,37.0,SAMN48878021,GCA_053654385.1,"aac(3)-IId=COMPLETE,aadA5=COMPLETE,acrF=COMPLETE,aph(3'')-Ib=COMPLETE,aph(6)-Id=COMPLETE,blaEC-5=COMPLETE,blaTEM-1=COMPLETE,gyrA_D87N=POINT,gyrA_S83L=POINT,marR_S3N=POINT,mph(A)=COMPLETE,parC_S80I=POINT,parE_L416F=POINT,sul1=COMPLETE,sul2=COMPLETE,tet(A)=COMPLETE,uhpT_E350Q=POINT",,"ampicillin-sulbactam=I,ampicillin=R,cefepime=S,ciprofloxacin=R,ertapenem=S,imipenem=S,levofloxacin=R,meropenem=S,tobramycin=R,trimethoprim-sulfamethoxazole=S"
E.coli and Shigella,,"""53"",""SRS25253790"",""dzd-uci-7030""",,PDT002992061.1,2025-11-20T22:52:13Z,USA: California,"URINE, CLEAN VOID",clinical,,,,,SAMN48878068,GCA_053666685.1,"acrF=COMPLETE,blaCTX-M-15=COMPLETE,blaEC=COMPLETE,gyrA_D87N=POINT,gyrA_S83L=POINT,mdtM=COMPLETE,parC_E84V=POINT,parC_S80I=POINT,parE_I529L=POINT,ptsI_V25I=POINT,uhpT_E350Q=POINT",,"ampicillin-sulbactam=S,ampicillin=R,cefepime=S,ciprofloxacin=R,ertapenem=S,imipenem=S,levofloxacin=R,tobramycin=S,trimethoprim-sulfamethoxazole=S"
E.coli and Shigella,,"""527"",""SRS25253786"",""dzd-uci-7816""",,PDT002992064.1,2025-11-20T22:52:14Z,USA: California,"URINE, CATH INDWELLING",clinical,,,,,SAMN48878542,GCA_053656075.1,"aac(3)-IIe=COMPLETE,aadA1=COMPLETE,acrF=COMPLETE,aph(3'')-Ib=COMPLETE,aph(3')-Ia=COMPLETE,aph(6)-Id=COMPLETE,blaCTX-M-55=COMPLETE,blaEC=COMPLETE,blaTEM-1=COMPLETE,dfrA14=COMPLETE,floR=COMPLETE,gyrA_D87N=POINT,gyrA_S83L=POINT,mdtM=COMPLETE,parC_S80I=POINT,parE_S458A=POINT,sul2=COMPLETE,sul3=COMPLETE,tet(A)=COMPLETE",,"ampicillin-sulbactam=R,ampicillin=R,cefepime=I,ciprofloxacin=R,ertapenem=S,imipenem=S,levofloxacin=R,tobramycin=R,trimethoprim-sulfamethoxazole=R"
E.coli and Shigella,,"""526"",""SRS25253785"",""dzd-uci-7815""",,PDT002992065.1,2025-11-20T22:52:14Z,USA: California,"URINE, CLEAN VOID",clinical,,PDS000117107.116,0.0,56.0,SAMN48878541,GCA_053656035.1,"acrF=COMPLETE,blaEC=COMPLETE,blaTEM-1=COMPLETE,gyrA_D87N=POINT,gyrA_S83L=POINT,mdtM=COMPLETE,parC_E84V=POINT,parC_S80I=POINT,parE_I529L=POINT,ptsI_V25I=POINT,uhpT_E350Q=POINT",,"ampicillin-sulbactam=R,ampicillin=R,cefepime=S,ciprofloxacin=R,ertapenem=S,imipenem=S,levofloxacin=R,tobramycin=S,trimethoprim-sulfamethoxazole=S"
E.coli and Shigella,,"""516"",""SRS25253774"",""dzd-uci-7801""",,PDT002992076.1,2025-11-20T22:52:16Z,USA: California,"URINE, CLEAN VOID",clinical,,PDS000247433.2,31.0,,SAMN48878531,GCA_053659535.1,"aac(3)-IIe=COMPLETE,aac(6')-Ib-cr5=COMPLETE,aadA5=COMPLETE,acrF=COMPLETE,blaCTX-M-15=COMPLETE,blaEC=COMPLETE,blaOXA-1=COMPLETE,catB3=PARTIAL_END_OF_CONTIG,dfrA17=COMPLETE,gyrA_D87N=POINT,gyrA_S83L=POINT,mdtM=COMPLETE,mph(A)=COMPLETE,nfsB_F84S=POINT,parC_E84V=POINT,parC_S80I=POINT,parE_I529L=POINT,ptsI_V25I=POINT,sul1=COMPLETE,uhpT_E350Q=POINT",,"ampicillin-sulbactam=R,ampicillin=R,cefepime=R,ciprofloxacin=R,ertapenem=S,imipenem=S,levofloxacin=R,tobramycin=R,trimethoprim-sulfamethoxazole=R"
E.coli and Shigella,,"""512"",""SRS25253769"",""dzd-uci-7796""",,PDT002992080.1,2025-11-20T22:52:17Z,USA: California,"URINE, CATH INDWELLING",clinical,,,,,SAMN48878527,GCA_053659565.1,"aac(3)-IId=COMPLETE,aadA5=COMPLETE,acrF=COMPLETE,aph(3'')-Ib=COMPLETE,aph(6)-Id=COMPLETE,blaCTX-M-27=COMPLETE,blaEC=COMPLETE,blaTEM-1=COMPLETE,dfrA17=COMPLETE,erm(42)=COMPLETE,gyrA_D87N=POINT,gyrA_S83L=POINT,mdtM=COMPLETE,mef(C)=COMPLETE,mph(A)=COMPLETE,mph(G)=COMPLETE,parC_S80I=POINT,parE_E460D=POINT,ptsI_V25I=POINT,sul1=COMPLETE,sul2=COMPLETE,tet(A)=COMPLETE,uhpT_E350Q=POINT",,"ampicillin-sulbactam=R,ampicillin=R,cefepime=S,ciprofloxacin=R,ertapenem=S,imipenem=S,levofloxacin=R,tobramycin=R,trimethoprim-sulfamethoxazole=R"
E.coli and Shigella,,"""440"",""SRS25253764"",""dzd-uci-7666""",,PDT002992088.1,2025-11-20T22:52:19Z,USA: California,"URINE, CLEAN VOID",clinical,,,,,SAMN48878455,GCA_053650075.1,"aac(6')-Ib-cr5=COMPLETE,aadA2=COMPLETE,aadA5=COMPLETE,acrF=COMPLETE,aph(3')-Ia=COMPLETE,arr=PARTIAL_END_OF_CONTIG,blaEC=COMPLETE,blaOXA-1=COMPLETE,catB3=COMPLETE,cyaA_S352T=POINT,dfrA12=COMPLETE,dfrA17=COMPLETE,gyrA_D87N=POINT,gyrA_S83L=POINT,mdtM=COMPLETE,mph(A)=COMPLETE,parC_S80I=POINT,parE_S458A=POINT,sul1=COMPLETE,tet(A)=COMPLETE",,"ampicillin-sulbactam=R,ampicillin=R,cefepime=S,ciprofloxacin=R,ertapenem=S,imipenem=S,levofloxacin=R,tobramycin=R,trimethoprim-sulfamethoxazole=R"
E.coli and Shigella,,"""427"",""SRS25253747"",""dzd-uci-7645""",,PDT002992101.1,2025-11-20T22:52:21Z,USA: California,"URINE, CLEAN VOID",clinical,,,,,SAMN48878442,GCA_053659395.1,"aac(3)-IIe=COMPLETE,aac(6')-Ib-cr5=COMPLETE,aadA5=COMPLETE,acrF=COMPLETE,aph(3'')-Ib=COMPLETE,aph(6)-Id=COMPLETE,aph(6)-Id=PARTIAL_END_OF_CONTIG,blaCTX-M-15=COMPLETE,blaEC-5=COMPLETE,blaOXA-1=COMPLETE,blaTEM-1=COMPLETE,catB3=PARTIAL_END_OF_CONTIG,dfrA14=COMPLETE,dfrA17=COMPLETE,gyrA_D87N=POINT,gyrA_S83L=POINT,marR_S3N=POINT,mph(A)=COMPLETE,parC_S80I=POINT,parE_L416F=POINT,qnrB1=COMPLETE,sul1=COMPLETE,sul2=COMPLETE,tet(A)=COMPLETE,uhpT_E350Q=POINT",,"ampicillin-sulbactam=R,ampicillin=R,cefepime=R,ciprofloxacin=R,ertapenem=S,imipenem=S,levofloxacin=R,tobramycin=R,trimethoprim-sulfamethoxazole=R"
E.coli and Shigella,,"""375"",""SRS25253736"",""dzd-uci-7568""",,PDT002992111.1,2025-11-20T22:52:23Z,USA: California,blood,clinical,,,,,SAMN48878390,GCA_053659275.1,"acrF=COMPLETE,blaEC=COMPLETE,blaTEM-1=COMPLETE,gyrA_D87N=POINT,gyrA_S83L=POINT,mdtM=COMPLETE,parC_E84V=POINT,parC_S80I=POINT,parE_I529L=POINT,ptsI_V25I=POINT,uhpT_E350Q=POINT",,"ampicillin-sulbactam=R,ampicillin=R,cefepime=S,ciprofloxacin=R,ertapenem=S,imipenem=S,levofloxacin=R,meropenem=S,tobramycin=S,trimethoprim-sulfamethoxazole=S"
E.coli and Shigella,,"""369"",""SRS25253729"",""dzd-uci-7561""",,PDT002992116.1,2025-11-20T22:52:24Z,USA: California,"URINE, CLEAN VOID",clinical,,,,,SAMN48878384,GCA_053659305.1,"aac(3)-IId=COMPLETE,aadA5=COMPLETE,acrF=COMPLETE,aph(3'')-Ib=COMPLETE,aph(6)-Id=COMPLETE,blaCTX-M-65=COMPLETE,blaEC=COMPLETE,blaTEM-1=COMPLETE,dfrA17=COMPLETE,fosA3=COMPLETE,gyrA_D87N=POINT,gyrA_S83L=POINT,mdtM=COMPLETE,mph(A)=COMPLETE,parC_S80I=POINT,qnrS1=COMPLETE,sul1=COMPLETE,sul2=COMPLETE,tet(A)=COMPLETE",,"ampicillin-sulbactam=R,ampicillin=R,cefepime=S,ciprofloxacin=R,ertapenem=S,imipenem=S,levofloxacin=R,tobramycin=R,trimethoprim-sulfamethoxazole=R"
E.coli and Shigella,,"""368"",""SRS25253728"",""dzd-uci-7559""",,PDT002992117.1,2025-11-20T22:52:24Z,USA: California,"URINE, CLEAN VOID",clinical,,PDS000117107.116,1.0,57.0,SAMN48878383,GCA_053664375.1,"acrF=COMPLETE,blaEC=COMPLETE,blaTEM-1=COMPLETE,gyrA_D87N=POINT,gyrA_S83L=POINT,mdtM=COMPLETE,parC_E84V=POINT,parC_S80I=POINT,parE_I529L=POINT,ptsI_V25I=POINT,uhpT_E350Q=POINT",,"ampicillin-sulbactam=R,ampicillin=R,cefepime=S,ciprofloxacin=R,ertapenem=S,imipenem=S,levofloxacin=R,tobramycin=S,trimethoprim-sulfamethoxazole=S"
E.coli and Shigella,,"""361"",""SRS25253721"",""dzd-uci-7545""",,PDT002992124.1,2025-11-20T22:52:26Z,USA: California,sputum,clinical,,,,,SAMN48878376,GCA_053666535.1,"aadA1=COMPLETE,acrF=COMPLETE,aph(3'')-Ib=COMPLETE,aph(6)-Id=COMPLETE,blaEC=COMPLETE,dfrA1=COMPLETE,gyrA_D87N=POINT,gyrA_S83L=POINT,mdtM=COMPLETE,mph(B)=COMPLETE,parC_E84G=POINT,parC_S80I=POINT,sul1=COMPLETE,sul2=COMPLETE,sul2=PARTIAL_END_OF_CONTIG",,"ampicillin-sulbactam=S,ampicillin=S,cefepime=S,ciprofloxacin=R,ertapenem=S,imipenem=S,levofloxacin=R,meropenem=S,tobramycin=S,trimethoprim-sulfamethoxazole=R"
E.coli and Shigella,,"""273"",""SRS25253720"",""dzd-uci-7410""",,PDT002992126.1,2025-11-20T22:52:26Z,USA: California,"URINE, CLEAN VOID",clinical,,,,,SAMN48878288,GCA_053666545.1,"acrF=COMPLETE,blaCTX-M-15=COMPLETE,blaEC=COMPLETE,gyrA_D87N=POINT,gyrA_S83L=POINT,mdtM=COMPLETE,parC_E84V=POINT,parC_S80I=POINT,parE_I529L=POINT,ptsI_V25I=POINT,uhpT_E350Q=POINT",,"ampicillin-sulbactam=S,ampicillin=R,cefepime=R,ciprofloxacin=R,ertapenem=S,imipenem=S,levofloxacin=R,tobramycin=S,trimethoprim-sulfamethoxazole=S"
E.coli and Shigella,,"""271"",""SRS25253717"",""dzd-uci-7408""",,PDT002992128.1,2025-11-20T22:52:27Z,USA: California,"URINE, NEPHROSTOMY LEFT",clinical,,,,,SAMN48878286,GCA_053648335.1,"aadA2=COMPLETE,acrF=COMPLETE,aph(3'')-Ib=COMPLETE,aph(6)-Id=COMPLETE,blaEC=COMPLETE,blaTEM-1=COMPLETE,dfrA12=COMPLETE,gyrA_D87N=POINT,gyrA_S83L=POINT,mdtM=COMPLETE,mph(A)=COMPLETE,parC_S80I=POINT,parE_S458A=POINT,qepA4=COMPLETE,sul1=COMPLETE,sul2=COMPLETE,tet(A)=COMPLETE",,"ampicillin-sulbactam=I,ampicillin=R,cefepime=S,ciprofloxacin=R,ertapenem=S,imipenem=S,levofloxacin=R,tobramycin=S,trimethoprim-sulfamethoxazole=R"
E.coli and Shigella,,"""HBH_654H_18"",""SRS27016153""",,PDT003059286.1,2026-01-20T16:39:04Z,Tunisia: Sfax,wound,clinical,,,,,SAMN53123345,GCA_054553885.1,"aac(3)-IId=COMPLETE,aadA2=COMPLETE,acrF=COMPLETE,aph(3'')-Ib=COMPLETE,aph(6)-Id=COMPLETE,blaEC=COMPLETE,blaOXA-48=COMPLETE,blaTEM-1=COMPLETE,dfrA12=COMPLETE,emrD=COMPLETE,gyrA_D87N=POINT,gyrA_S83L=POINT,mcr-1.1=COMPLETE,mdtM=COMPLETE,parC_S80I=POINT,sul2=COMPLETE,tet(A)=COMPLETE",,"amikacin=S,amoxicillin=R,cefotaxime=I,ceftazidime=S,ciprofloxacin=R,colistin=R,gentamicin=R,imipenem=I,meropenem=R,nitrofurantoin=S,trimethoprim-sulfamethoxazole=R"
E.coli and Shigella,,"""19M09250A"",""BCW_12619"",""SRS28053334""",,PDT003089534.1,2026-02-11T00:48:01Z,not collected,animal infection,clinical,,,,,SAMN55283946,GCA_055029415.1,"acrF=COMPLETE,aph(3'')-Ib=COMPLETE,aph(6)-Id=COMPLETE,blaEC=COMPLETE,blaSFO-1=COMPLETE,blaTEM-1=COMPLETE,dfrA14=COMPLETE,fosA3=COMPLETE,gyrA_D87N=POINT,gyrA_S83L=POINT,mdtM=COMPLETE,mph(A)=COMPLETE,mrx(A)=COMPLETE,parC_E84G=POINT,parC_S80I=POINT,sul2=COMPLETE",,"amikacin=S,amoxicillin-clavulanic acid=R,ampicillin=R,cefazolin=R,cefepime=S,cefotaxime-clavulanic acid=ND,cefovecin=ND,cefoxitin=S,cefpodoxime=R,ceftazidime-clavulanic acid=ND,cephalexin=R,cephalothin=R,ciprofloxacin=R,doxycycline=S,enrofloxacin=R,gentamicin=S,imipenem=S,marbofloxacin=R,meropenem=S,orbifloxacin=R,piperacillin-tazobactam=S,pradofloxacin=ND,trimethoprim-sulfamethoxazole=R"
E.coli and Shigella,,"""19M09229B"",""BCW_12618"",""SRS28053333""",,PDT003089535.1,2026-02-11T00:48:02Z,not collected,animal infection,clinical,,PDS000254750.1,28.0,,SAMN55283945,GCA_055029395.1,"aac(3)-IId=COMPLETE,aadA1=COMPLETE,aadA2=COMPLETE,aadA2=PARTIAL_END_OF_CONTIG,acrF=COMPLETE,blaCTX-M-14=COMPLETE,blaEC=COMPLETE,blaTEM-1=COMPLETE,cmlA1=COMPLETE,dfrA12=COMPLETE,estX-3=COMPLETE,gyrA_D87N=POINT,gyrA_S83L=POINT,mdtM=COMPLETE,mph(A)=COMPLETE,mrx(A)=COMPLETE,parC_S80I=POINT,parE_L416F=POINT,sul1=COMPLETE,sul3=COMPLETE,tet(B)=COMPLETE",,"amikacin=S,amoxicillin-clavulanic acid=S,ampicillin=R,cefazolin=R,cefepime=S,cefotaxime-clavulanic acid=ND,cefotaxime=R,cefovecin=ND,cefoxitin=S,cefpodoxime=R,ceftazidime-clavulanic acid=ND,ceftazidime=S,ceftriaxone=R,cephalexin=R,cephalothin=R,chloramphenicol=I,ciprofloxacin=R,doxycycline=R,enrofloxacin=R,gentamicin=I,imipenem=S,marbofloxacin=R,meropenem=S,orbifloxacin=R,piperacillin-tazobactam=S,pradofloxacin=ND,tetracycline=R,trimethoprim-sulfamethoxazole=R"
E.coli and Shigella,,"""19M07781A"",""BCW_12617"",""SRS28053332""",,PDT003089536.1,2026-02-11T00:48:02Z,not collected,animal infection,clinical,,PDS000002968.261,17.0,30.0,SAMN55283944,GCA_055029355.1,"aadA5=COMPLETE,acrF=COMPLETE,aph(3'')-Ib=COMPLETE,aph(6)-Id=COMPLETE,blaCTX-M-27=COMPLETE,blaEC-5=COMPLETE,dfrA17=COMPLETE,gyrA_D87N=POINT,gyrA_S83L=POINT,marR_S3N=POINT,mph(A)=COMPLETE,mrx(A)=COMPLETE,parC_S80I=POINT,parE_L416F=POINT,sul1=COMPLETE,sul2=COMPLETE,tet(A)=COMPLETE,uhpT_E350Q=POINT",,"amikacin=S,amoxicillin-clavulanic acid=S,ampicillin=R,cefazolin=R,cefepime=R,cefotaxime-clavulanic acid=ND,cefovecin=ND,cefoxitin=S,ceftazidime-clavulanic acid=ND,cephalexin=R,cephalothin=R,chloramphenicol=S,ciprofloxacin=R,doxycycline=S,enrofloxacin=R,gentamicin=S,imipenem=S,marbofloxacin=R,meropenem=S,orbifloxacin=R,piperacillin-tazobactam=S,pradofloxacin=ND,tetracycline=R,trimethoprim-sulfamethoxazole=R"
E.coli and Shigella,,"""19M07177A"",""BCW_12616"",""SRS28053331""",,PDT003089537.1,2026-02-11T00:48:02Z,not collected,animal infection,clinical,,PDS000059987.9,33.0,33.0,SAMN55283943,GCA_055029375.1,"aac(3)-IId=COMPLETE,aadA1=COMPLETE,aadA2=COMPLETE,aadA2=PARTIAL_END_OF_CONTIG,acrF=COMPLETE,aph(3')-Ia=COMPLETE,blaCTX-M-15=COMPLETE,blaEC=COMPLETE,blaTEM-1=COMPLETE,cmlA1=COMPLETE,dfrA12=COMPLETE,floR=COMPLETE,gyrA_D87N=POINT,gyrA_S83L=POINT,lnu(F)=COMPLETE,mdtM=COMPLETE,parC_S80I=POINT,parE_S458A=POINT,sul2=COMPLETE,sul3=COMPLETE,tet(A)=COMPLETE,tet(M)=COMPLETE",,"amikacin=S,amoxicillin-clavulanic acid=S,ampicillin=R,cefazolin=R,cefepime=S,cefotaxime-clavulanic acid=ND,cefovecin=ND,cefoxitin=S,cefpodoxime=R,ceftazidime-clavulanic acid=ND,ceftazidime=I,cephalexin=R,cephalothin=R,chloramphenicol=R,ciprofloxacin=R,doxycycline=R,enrofloxacin=R,gentamicin=R,imipenem=S,marbofloxacin=R,meropenem=S,orbifloxacin=R,piperacillin-tazobactam=S,pradofloxacin=ND,tetracycline=R,trimethoprim-sulfamethoxazole=R"
E.coli and Shigella,,"""17M01618B"",""BCW_12615"",""SRS28053330""",,PDT003089538.1,2026-02-11T00:48:02Z,not collected,animal infection,clinical,,,,,SAMN55283942,GCA_055029335.1,"aadA1=COMPLETE,aadA2=COMPLETE,aadA2=PARTIAL_END_OF_CONTIG,acrF=COMPLETE,blaCTX-M-14=COMPLETE,blaEC=COMPLETE,blaTEM-1=COMPLETE,blaTEM=COMPLETE,blaTEM=PARTIAL_END_OF_CONTIG,catA1=COMPLETE,cmlA1=COMPLETE,estX-3=COMPLETE,gyrA_D87N=POINT,gyrA_S83L=POINT,mdtM=COMPLETE,parC_S80I=POINT,parE_L416F=POINT,sul3=COMPLETE,tet(B)=COMPLETE,tet(B)=PARTIAL_END_OF_CONTIG",,"amikacin=S,amoxicillin-clavulanic acid=S,ampicillin=R,cefazolin=R,cefepime=S,cefotaxime-clavulanic acid=ND,cefovecin=ND,cefoxitin=I,ceftazidime-clavulanic acid=ND,cephalexin=R,cephalothin=R,chloramphenicol=S,ciprofloxacin=R,doxycycline=S,enrofloxacin=R,gentamicin=S,imipenem=S,marbofloxacin=R,meropenem=S,orbifloxacin=R,piperacillin-tazobactam=S,pradofloxacin=ND,tetracycline=S,trimethoprim-sulfamethoxazole=S"
E.coli and Shigella,,"""13M10489A"",""BCW_12614"",""SRS28053329""",,PDT003089539.1,2026-02-11T00:48:02Z,not collected,animal infection,clinical,,PDS000254715.1,16.0,,SAMN55283941,GCA_055029295.1,"aac(3)-IIe=COMPLETE,aac(6')-Ib-cr5=COMPLETE,acrF=COMPLETE,aph(3'')-Ib=COMPLETE,aph(6)-Id=COMPLETE,armA=COMPLETE,blaCTX-M-15=COMPLETE,blaEC=COMPLETE,blaOXA-1=COMPLETE,blaSFO-1=COMPLETE,blaTEM-1=COMPLETE,catB3=PARTIAL_END_OF_CONTIG,dfrA12=COMPLETE,fosA3=COMPLETE,gyrA_D87N=POINT,gyrA_S83L=POINT,mdtM=COMPLETE,mph(A)=COMPLETE,mph(A)=PARTIAL_END_OF_CONTIG,mph(E)=COMPLETE,mrx(A)=COMPLETE,msr(E)=COMPLETE,parC_S80I=POINT,parE_S458A=POINT,sul1=COMPLETE,tet(A)=COMPLETE",,"amikacin=R,amoxicillin-clavulanic acid=I,ampicillin-sulbactam=R,ampicillin=R,cefazolin=R,cefepime=R,cefotaxime-clavulanic acid=ND,cefovecin=ND,cefoxitin=S,cefpodoxime=R,cefuroxime=R,cephalothin=R,chloramphenicol=S,ciprofloxacin=R,doxycycline=R,enrofloxacin=R,gentamicin=R,imipenem=S,marbofloxacin=S,meropenem=S,piperacillin-tazobactam=S,piperacillin=R,ticarcillin-clavulanic acid=R,trimethoprim-sulfamethoxazole=R"
E.coli and Shigella,,"""13M08935B"",""BCW_12613"",""SRS28053326""",,PDT003089541.1,2026-02-11T00:48:03Z,not collected,animal infection,clinical,,PDS000012409.18,22.0,,SAMN55283940,GCA_055029275.1,"aac(6')-Ib-cr5=COMPLETE,aac(6')-Ib-cr=PARTIAL_END_OF_CONTIG,aadA5=COMPLETE,acrF=COMPLETE,aph(3'')-Ib=COMPLETE,aph(6)-Id=COMPLETE,armA=COMPLETE,arr-3=COMPLETE,blaCTX-M-15=COMPLETE,blaDHA-1=COMPLETE,blaEC=COMPLETE,blaOXA-1=COMPLETE,blaSFO-1=COMPLETE,catB3=COMPLETE,catB3=PARTIAL_END_OF_CONTIG,dfrA17=COMPLETE,fosA3=COMPLETE,gyrA_D87N=POINT,gyrA_S83L=POINT,mdtM=COMPLETE,mph(A)=COMPLETE,mph(A)=PARTIAL_END_OF_CONTIG,mph(E)=COMPLETE,mrx(A)=COMPLETE,msr(E)=COMPLETE,parC_S80I=POINT,parE_S458T=POINT,qnrB4=COMPLETE,sul1=COMPLETE,sul2=COMPLETE,tet(B)=COMPLETE",,"amikacin=R,amoxicillin-clavulanic acid=R,ampicillin=R,cefazolin=R,cefepime=S,cefotaxime-clavulanic acid=ND,cefovecin=ND,cefoxitin=R,cefpodoxime=R,ceftazidime-clavulanic acid=ND,cephalothin=R,chloramphenicol=I,ciprofloxacin=R,doxycycline=R,enrofloxacin=R,gentamicin=R,imipenem=S,marbofloxacin=R,meropenem=S,piperacillin-tazobactam=I,ticarcillin-clavulanic acid=R,trimethoprim-sulfamethoxazole=R"
E.coli and Shigella,,"""21M00473A"",""BCW_12625"",""SRS28053311""",,PDT003089557.1,2026-02-11T00:48:06Z,not collected,animal infection,clinical,,PDS000034887.37,0.0,22.0,SAMN55283952,GCA_055028015.1,"aac(3)-IId=COMPLETE,acrF=COMPLETE,aph(3'')-Ib=COMPLETE,aph(3')-Ia=COMPLETE,aph(6)-Id=COMPLETE,blaCTX-M-1=COMPLETE,blaEC=COMPLETE,dfrA7=COMPLETE,gyrA_D87N=POINT,gyrA_S83L=POINT,mdtM=COMPLETE,mph(A)=COMPLETE,mrx(A)=COMPLETE,mrx(A)=PARTIAL_END_OF_CONTIG,parC_S80I=POINT,parE_S458A=POINT,sul1=COMPLETE,sul2=COMPLETE,tet(A)=COMPLETE,uhpT_E350Q=POINT",,"amikacin=S,amoxicillin-clavulanic acid=S,ampicillin=R,cefazolin=R,cefepime=S,cefotaxime-clavulanic acid=ND,cefovecin=ND,cefoxitin=S,cefpodoxime=R,ceftazidime-clavulanic acid=ND,ceftazidime=S,cephalexin=R,cephalothin=R,chloramphenicol=S,ciprofloxacin=R,doxycycline=R,enrofloxacin=R,gentamicin=R,imipenem=S,marbofloxacin=R,meropenem=S,orbifloxacin=R,piperacillin-tazobactam=S,pradofloxacin=ND,tetracycline=R,trimethoprim-sulfamethoxazole=R"
E.coli and Shigella,,"""21M03654A"",""BCW_12624"",""SRS28053310""",,PDT003089558.1,2026-02-11T00:48:07Z,not collected,animal infection,clinical,,,,,SAMN55283951,GCA_055029075.1,"aac(3)-IId=COMPLETE,aac(6')-Ib-cr5=COMPLETE,aac(6')-Ib-cr=PARTIAL_END_OF_CONTIG,aadA5=COMPLETE,acrF=COMPLETE,aph(3'')-Ib=COMPLETE,aph(6)-Id=COMPLETE,blaCTX-M-15=COMPLETE,blaEC=COMPLETE,blaOXA-1=COMPLETE,catA1=COMPLETE,catB3=PARTIAL_END_OF_CONTIG,dfrA17=COMPLETE,gyrA_D87N=POINT,gyrA_S83L=POINT,mdtM=COMPLETE,nfsA_Q113Ter=POINT,parC_S80I=POINT,parE_S458A=POINT,sul1=COMPLETE,sul2=COMPLETE,tet(B)=COMPLETE,uhpT_E350Q=POINT",,"amikacin=S,amoxicillin-clavulanic acid=R,ampicillin-sulbactam=R,ampicillin=R,cefazolin=R,cefepime=R,cefotaxime-clavulanic acid=ND,cefotetan=S,cefovecin=ND,cefoxitin=S,cefpodoxime=R,ceftazidime-clavulanic acid=ND,cefuroxime=R,cephalexin=R,cephalothin=R,chloramphenicol=R,ciprofloxacin=R,doxycycline=R,enrofloxacin=R,gatifloxacin=R,gentamicin=R,imipenem=S,marbofloxacin=R,meropenem=S,nitrofurantoin=I,orbifloxacin=R,piperacillin-tazobactam=S,piperacillin=R,pradofloxacin=ND,tetracycline=R,ticarcillin-clavulanic acid=I,tobramycin=R,trimethoprim-sulfamethoxazole=R"
E.coli and Shigella,,"""21M00114A"",""BCW_12623"",""SRS28053309""",,PDT003089559.1,2026-02-11T00:48:07Z,not collected,animal infection,clinical,,,,,SAMN55283950,GCA_055027995.1,"aac(3)-IId=COMPLETE,aac(6')-Ib-cr5=COMPLETE,aadA16=COMPLETE,acrF=COMPLETE,aph(3'')-Ib=COMPLETE,aph(3')-Ia=COMPLETE,aph(6)-Id=COMPLETE,arr-3=COMPLETE,blaCMY-2=COMPLETE,blaCTX-M-15=COMPLETE,blaEC=COMPLETE,blaTEM-1=COMPLETE,blaTEMp_C32T=POINT,catA2=COMPLETE,dfrA27=COMPLETE,gyrA_D87N=POINT,gyrA_S83L=POINT,mdtM=COMPLETE,mph(A)=COMPLETE,mrx(A)=COMPLETE,parC_S80I=POINT,parE_S458A=POINT,qnrB6=COMPLETE,sul1=COMPLETE,sul2=COMPLETE,tet(A)=COMPLETE",,"amikacin=S,amoxicillin-clavulanic acid=R,ampicillin=R,cefazolin=R,cefepime=S,cefotaxime-clavulanic acid=ND,cefovecin=ND,cefoxitin=R,cefpodoxime=R,ceftazidime-clavulanic acid=ND,cephalexin=R,cephalothin=R,chloramphenicol=R,ciprofloxacin=R,doxycycline=R,enrofloxacin=R,gentamicin=R,imipenem=S,marbofloxacin=R,meropenem=S,orbifloxacin=R,piperacillin-tazobactam=S,pradofloxacin=ND,tetracycline=R,trimethoprim-sulfamethoxazole=R"
E.coli and Shigella,,"""20M01342A"",""BCW_12620"",""SRS28053306""",,PDT003089562.1,2026-02-11T00:48:08Z,not collected,animal infection,clinical,,PDS000254750.1,28.0,,SAMN55283947,GCA_055028975.1,"aadA5=COMPLETE,acrF=COMPLETE,aph(3'')-Ib=COMPLETE,aph(6)-Id=COMPLETE,aph(6)-Id=PARTIAL_END_OF_CONTIG,blaCTX-M-14=COMPLETE,blaEC=COMPLETE,blaTEM-1=COMPLETE,catA1=COMPLETE,dfrA17=COMPLETE,gyrA_D87N=POINT,gyrA_S83L=POINT,mdtM=COMPLETE,parC_S80I=POINT,parE_L416F=POINT,sul2=COMPLETE,sul2=PARTIAL_END_OF_CONTIG,tet(B)=COMPLETE",,"amikacin=S,amoxicillin-clavulanic acid=S,ampicillin=R,cefazolin=R,cefepime=S,cefotaxime-clavulanic acid=ND,cefovecin=ND,cefoxitin=S,ceftazidime-clavulanic acid=ND,cephalexin=R,cephalothin=R,chloramphenicol=R,ciprofloxacin=R,doxycycline=R,enrofloxacin=R,gentamicin=S,imipenem=S,marbofloxacin=R,meropenem=S,orbifloxacin=R,piperacillin-tazobactam=S,pradofloxacin=ND,tetracycline=R,trimethoprim-sulfamethoxazole=R"
E.coli and Shigella,,"""13M00541A"",""BCW_12611"",""SRS28053305""",,PDT003089563.1,2026-02-11T00:48:08Z,not collected,animal infection,clinical,,PDS000254715.1,1.0,,SAMN55283938,GCA_055028995.1,"aac(3)-IIe=COMPLETE,aac(6')-Ib-cr5=COMPLETE,acrF=COMPLETE,blaCTX-M-15=COMPLETE,blaEC=COMPLETE,blaOXA-1=COMPLETE,catB3=PARTIAL_END_OF_CONTIG,gyrA_D87N=POINT,gyrA_S83L=POINT,mdtM=COMPLETE,mph(A)=COMPLETE,mrx(A)=COMPLETE,parC_S80I=POINT,parE_S458A=POINT,tet(A)=COMPLETE",,"amikacin=S,amoxicillin-clavulanic acid=I,ampicillin=R,cefazolin=R,cefepime=S,cefotaxime-clavulanic acid=ND,cefovecin=ND,cefoxitin=S,cefpodoxime=R,ceftazidime-clavulanic acid=ND,cephalothin=R,chloramphenicol=S,ciprofloxacin=R,doxycycline=R,enrofloxacin=R,gentamicin=R,imipenem=S,marbofloxacin=R,meropenem=S,piperacillin-tazobactam=S,ticarcillin-clavulanic acid=I,trimethoprim-sulfamethoxazole=S"
E.coli and Shigella,,"""12M04301A"",""BCW_12610"",""SRS28053304""",,PDT003089564.1,2026-02-11T00:48:08Z,not collected,animal infection,clinical,,,,,SAMN55283937,GCA_055027975.1,"aac(6')-Ib-cr5=COMPLETE,acrF=COMPLETE,blaCTX-M-15=COMPLETE,blaEC=COMPLETE,blaOXA-1=COMPLETE,catB3=PARTIAL_END_OF_CONTIG,gyrA_D87N=POINT,gyrA_S83L=POINT,mdtM=COMPLETE,mph(A)=COMPLETE,mrx(A)=COMPLETE,parC_S80I=POINT,parE_S458A=POINT,tet(A)=COMPLETE",,"amikacin=S,amoxicillin-clavulanic acid=I,ampicillin=R,cefazolin=R,cefepime=R,cefotaxime-clavulanic acid=ND,cefovecin=ND,cefoxitin=S,cefpodoxime=R,ceftazidime-clavulanic acid=ND,cephalothin=R,chloramphenicol=S,ciprofloxacin=R,doxycycline=R,enrofloxacin=R,gentamicin=S,imipenem=S,marbofloxacin=R,meropenem=S,piperacillin-tazobactam=S,ticarcillin-clavulanic acid=R,trimethoprim-sulfamethoxazole=S"
