#Organism group,Strain,Isolate identifiers,Serovar,Isolate,Create date,Location,Isolation source,Isolation type,Food origin,SNP cluster,Min-same,Min-diff,BioSample,Assembly,AMR genotypes,Computed types,AST phenotypes
Staphylococcus aureus,LAC,"""LAC"",""MRSN499985""",,PDT000284751.2,2018-01-31T06:00:18Z,USA:California,skin and soft tissue,clinical,,PDS000231984.8,1.0,29.0,SAMN08391108,GCA_002909325.1,"ant(6)-Ia=MISTRANSLATION,aph(3')-IIIa=COMPLETE,blaI=COMPLETE,blaR1=COMPLETE,blaZ=COMPLETE,fosB=COMPLETE,gyrA_S84L=POINT,mecA=COMPLETE,mecR1=PARTIAL,mepA=COMPLETE,mph(C)=COMPLETE,msr(A)=COMPLETE,murA_G257D=POINT,parC_S80Y=POINT,sat4=COMPLETE,tet(38)=COMPLETE",,"amoxicillin-clavulanic acid=R,ampicillin-sulbactam=R,ampicillin=R,cefazolin=R,ceftriaxone=R,ciprofloxacin=R,clindamycin=S,daptomycin=S,erythromycin=R,gentamicin=S,linezolid=S,minocycline=S,nitrofurantoin=S,oxacillin=R,penicillin=R,rifampin=S,tetracycline=S,tigecycline=S,trimethoprim-sulfamethoxazole=S,vancomycin=S"
Staphylococcus aureus,AR465,"""AR465"",""AR_0465"",""SRS3159764""",,PDT000313595.2,2018-04-30T12:55:08Z,,,clinical,,PDS000068844.2,1.0,,SAMN07291558,GCA_003073655.1,"aadD1=COMPLETE,ant(9)-Ia=COMPLETE,blaI=COMPLETE,blaR1=PARTIAL,blaZ=COMPLETE,bleO=COMPLETE,erm(A)=COMPLETE,fosB=COMPLETE,gyrA_S84L=POINT,mecA=COMPLETE,mecI=COMPLETE,mecR1=COMPLETE,mepA=COMPLETE,parC_E84K=POINT,parC_S80F=POINT,tet(38)=COMPLETE",,"cefoxitin=R,ceftaroline=S,clindamycin=R,daptomycin=NS,doxycycline=S,erythromycin=R,gentamicin=S,levofloxacin=R,linezolid=S,mupirocin=ND,oxacillin=S,penicillin=R,rifampin=S,tetracycline=S,trimethoprim-sulfamethoxazole=S,vancomycin=I"
Staphylococcus aureus,AR461,"""AR461"",""AR_0461"",""SRS3159763""",,PDT000313596.2,2018-04-30T13:01:08Z,,,clinical,,PDS000068843.1,1.0,,SAMN07291554,GCA_003073715.1,"aadD1=COMPLETE,ant(9)-Ia=COMPLETE,bleO=COMPLETE,erm(A)=COMPLETE,fosB=COMPLETE,gyrA_S84L=POINT,mecA=COMPLETE,mecI=COMPLETE,mecR1=COMPLETE,mepA=COMPLETE,parC_S80F=POINT,tet(38)=COMPLETE",,"cefoxitin=R,ceftaroline=S,clindamycin=R,daptomycin=S,doxycycline=S,erythromycin=R,gentamicin=S,levofloxacin=R,linezolid=S,mupirocin=ND,oxacillin=S,penicillin=S,rifampin=S,tetracycline=S,trimethoprim-sulfamethoxazole=S,vancomycin=S"
Staphylococcus aureus,AR_0472,"""AR_0472"",""SRS3159770""",,PDT000326661.2,2018-06-06T11:53:06Z,,,clinical,,PDS000068766.1,6.0,,SAMN07291565,GCA_003193665.1,"blaI=COMPLETE,blaR1=HMM,blaZ=COMPLETE,erm(C)=COMPLETE,fosB=COMPLETE,mecA=COMPLETE,mepA=COMPLETE,tet(38)=COMPLETE",,"cefoxitin=R,ceftaroline=S,clindamycin=R,daptomycin=S,doxycycline=S,erythromycin=R,gentamicin=S,levofloxacin=S,linezolid=S,mupirocin=ND,oxacillin=R,penicillin=R,rifampin=S,tetracycline=S,trimethoprim-sulfamethoxazole=S,vancomycin=S"
Staphylococcus aureus,AR_0219,"""AR_0219"",""FDA-CDC-AR_0219"",""SRS1739415""",,PDT000326663.2,2018-06-06T11:56:05Z,,,clinical,,PDS000069238.8,11.0,,SAMN04901609,GCA_003193705.1,"aac(6')-Ie/aph(2'')-Ia=COMPLETE,aadD1=COMPLETE,ant(9)-Ia=COMPLETE,bleO=COMPLETE,erm(A)=COMPLETE,erm(A)=MISTRANSLATION,fosB=COMPLETE,glpT_W355STOP=POINT,gyrA_S84L=POINT,mecA=COMPLETE,mecI=COMPLETE,mecR1=COMPLETE,mepA=COMPLETE,parC_S80F=POINT,rpoB_H481Y=POINT,tet(38)=COMPLETE,tet(M)=COMPLETE",,"cefoxitin=R,ceftaroline=S,clindamycin=R,daptomycin=NS,doxycycline=I,erythromycin=R,gentamicin=R,levofloxacin=R,linezolid=S,mupirocin=ND,oxacillin=R,penicillin=R,rifampin=R,tetracycline=R,trimethoprim-sulfamethoxazole=S"
Staphylococcus aureus,AR_0216,"""AR_0216"",""FDA-CDC-AR_0216"",""SRS1739408""",,PDT000326664.2,2018-06-06T11:57:06Z,,,clinical,,PDS000231984.8,19.0,63.0,SAMN04901606,GCA_003193725.1,"ant(6)-Ia=MISTRANSLATION,aph(3')-IIIa=COMPLETE,blaI=COMPLETE,blaR1=COMPLETE,blaZ=PARTIAL,fosB=COMPLETE,gyrA_S84L=POINT,mecA=COMPLETE,mecR1=PARTIAL,mepA=COMPLETE,mph(C)=COMPLETE,msr(A)=COMPLETE,murA_G257D=POINT,parC_S80Y=POINT,sat4=COMPLETE,tet(38)=COMPLETE",,"cefoxitin=R,ceftaroline=S,clindamycin=S,daptomycin=NS,doxycycline=S,erythromycin=R,gentamicin=S,levofloxacin=R,linezolid=S,mupirocin=ND,oxacillin=R,penicillin=R,rifampin=S,tetracycline=S,trimethoprim-sulfamethoxazole=S"
Staphylococcus aureus,AR_0470,"""AR_0470"",""SRS3159777""",,PDT000326665.2,2018-06-06T11:59:06Z,,,clinical,,,,,SAMN07291563,GCA_003193745.1,"ant(9)-Ia=COMPLETE,blaI=COMPLETE,blaR1=HMM,blaZ=COMPLETE,erm(A)=COMPLETE,fosB=COMPLETE,glpT_A100V=POINT,glpT_V213I=POINT,mecA=COMPLETE,mepA=COMPLETE,murA_D278E=POINT,murA_E291D=POINT,tet(38)=COMPLETE,tet(L)=COMPLETE,tet(M)=COMPLETE",,"cefoxitin=R,ceftaroline=S,clindamycin=R,daptomycin=S,doxycycline=R,erythromycin=R,gentamicin=S,levofloxacin=S,linezolid=S,mupirocin=ND,oxacillin=S,penicillin=R,rifampin=S,tetracycline=R,trimethoprim-sulfamethoxazole=S,vancomycin=S"
Staphylococcus aureus,AR_0467,"""AR_0467"",""SRS3159766""",,PDT000326668.2,2018-06-06T12:06:08Z,,,clinical,,,,,SAMN07291560,GCA_003193885.1,"aadD1=COMPLETE,ant(9)-Ia=COMPLETE,ant(9)-Ia=PARTIAL,blaI=COMPLETE,blaR1=MISTRANSLATION,blaZ=COMPLETE,bleO=COMPLETE,erm(A)=COMPLETE,fosB=COMPLETE,gyrA_S84L=POINT,mecA=COMPLETE,mecI=COMPLETE,mecR1=COMPLETE,mepA=COMPLETE,parC_E84K=POINT,parC_S80F=POINT,tet(38)=COMPLETE",,"cefoxitin=R,ceftaroline=S,clindamycin=R,daptomycin=NS,doxycycline=S,erythromycin=R,gentamicin=S,levofloxacin=R,linezolid=S,mupirocin=ND,oxacillin=S,penicillin=R,rifampin=S,tetracycline=S,trimethoprim-sulfamethoxazole=S,vancomycin=I"
Staphylococcus aureus,AR_0225,"""AR_0225"",""FDA-CDC-AR_0225"",""SRS1739409""",,PDT000326669.2,2018-06-06T12:08:48Z,,,clinical,,,,,SAMN04901615,GCA_003193965.1,"ant(6)-Ia=MISTRANSLATION,aph(3')-IIIa=COMPLETE,blaI=COMPLETE,blaR1=COMPLETE,blaZ=COMPLETE,fosB=COMPLETE,gyrA_S84L=POINT,mecA=COMPLETE,mecR1=PARTIAL,mepA=COMPLETE,mph(C)=COMPLETE,msr(A)=COMPLETE,murA_G257D=POINT,parC_S80Y=POINT,sat4=COMPLETE,tet(38)=COMPLETE",,"cefoxitin=R,ceftaroline=S,clindamycin=S,daptomycin=NS,doxycycline=S,erythromycin=R,gentamicin=S,levofloxacin=R,linezolid=S,mupirocin=ND,oxacillin=R,penicillin=R,rifampin=S,tetracycline=S,trimethoprim-sulfamethoxazole=S"
Staphylococcus aureus,AR_0469,"""AR_0469"",""SRS3159768""",,PDT000326670.2,2018-06-06T12:10:25Z,,,clinical,,,,,SAMN07291562,GCA_003194005.1,"aadD1=COMPLETE,ant(9)-Ia=COMPLETE,blaI=COMPLETE,blaR1=COMPLETE,blaZ=COMPLETE,bleO=COMPLETE,erm(A)=COMPLETE,fosB=COMPLETE,gyrA_S84L=POINT,mecA=COMPLETE,mecI=COMPLETE,mecR1=COMPLETE,mepA=COMPLETE,parC_E84G=POINT,parC_S80Y=POINT,tet(38)=COMPLETE",,"cefoxitin=R,ceftaroline=S,clindamycin=R,daptomycin=S,doxycycline=S,erythromycin=R,gentamicin=S,levofloxacin=R,linezolid=S,mupirocin=ND,oxacillin=S,penicillin=R,rifampin=S,tetracycline=S,trimethoprim-sulfamethoxazole=S,vancomycin=S"
Staphylococcus aureus,AR_0215,"""AR_0215"",""FDA-CDC-AR_0215"",""SRS1739407""",,PDT000326671.2,2018-06-06T12:12:08Z,,,clinical,,,,,SAMN04901605,GCA_003194025.1,"aadD1=COMPLETE,ant(9)-Ia=COMPLETE,blaI=COMPLETE,blaR1=COMPLETE,blaZ=COMPLETE,bleO=COMPLETE,erm(A)=COMPLETE,fosB=COMPLETE,gyrA_E88K=POINT,gyrA_S84L=POINT,mecA=COMPLETE,mecI=COMPLETE,mecR1=COMPLETE,mepA=COMPLETE,parC_E84G=POINT,parC_S80Y=POINT,tet(38)=COMPLETE,walK_S221P=POINT",,"cefoxitin=R,ceftaroline=S,clindamycin=R,daptomycin=NS,doxycycline=S,erythromycin=R,gentamicin=S,levofloxacin=R,linezolid=S,mupirocin=ND,oxacillin=R,penicillin=R,rifampin=S,tetracycline=S,trimethoprim-sulfamethoxazole=S"
Staphylococcus aureus,AR_0226,"""AR_0226"",""FDA-CDC-AR_0226"",""SRS1739410""",,PDT000331086.2,2018-06-08T19:53:07Z,,,clinical,,,,,SAMN04901616,GCA_003203595.1,"ant(6)-Ia=MISTRANSLATION,aph(3')-IIIa=COMPLETE,blaI=COMPLETE,blaR1=COMPLETE,blaZ=COMPLETE,fosB=COMPLETE,mecA=COMPLETE,mecR1=PARTIAL,mepA=COMPLETE,mph(C)=COMPLETE,msr(A)=COMPLETE,murA_G257D=POINT,rpoB_H481Y=POINT,tet(38)=COMPLETE",,"cefoxitin=R,ceftaroline=S,clindamycin=S,daptomycin=NS,doxycycline=S,erythromycin=R,gentamicin=S,levofloxacin=S,linezolid=S,mupirocin=ND,oxacillin=R,penicillin=R,rifampin=R,tetracycline=S,trimethoprim-sulfamethoxazole=S"
Staphylococcus aureus,AR_0468,"""AR_0468"",""SRS3159767""",,PDT000331087.2,2018-06-08T19:54:07Z,,,clinical,,PDS000068844.2,1.0,,SAMN07291561,GCA_003203615.1,"aadD1=COMPLETE,ant(9)-Ia=COMPLETE,blaI=COMPLETE,blaR1=COMPLETE,blaZ=COMPLETE,bleO=COMPLETE,erm(A)=COMPLETE,fosB=COMPLETE,gyrA_S84L=POINT,mecA=COMPLETE,mecI=COMPLETE,mecR1=COMPLETE,mepA=COMPLETE,parC_E84K=POINT,parC_S80F=POINT,tet(38)=COMPLETE",,"cefoxitin=R,ceftaroline=S,clindamycin=R,daptomycin=NS,doxycycline=S,erythromycin=R,gentamicin=S,levofloxacin=R,linezolid=S,mupirocin=ND,oxacillin=S,penicillin=R,rifampin=S,tetracycline=S,trimethoprim-sulfamethoxazole=S,vancomycin=I"
Staphylococcus aureus,AR_0228,"""AR_0228"",""FDA-CDC-AR_0228"",""SRS1739412""",,PDT000331088.2,2018-06-08T19:56:07Z,,,clinical,,,,,SAMN04901618,GCA_003203635.1,"aadD1=COMPLETE,aadD1=PARTIAL,ant(9)-Ia=COMPLETE,blaI=COMPLETE,blaR1=COMPLETE,blaZ=COMPLETE,bleO=COMPLETE,bleO=PARTIAL,erm(A)=COMPLETE,erm(A)=PARTIAL,fosB=COMPLETE,gyrA_E88K=POINT,gyrA_S84L=POINT,mecA=COMPLETE,mecI=COMPLETE,mecR1=COMPLETE,mepA=COMPLETE,mupA=COMPLETE,parC_E84G=POINT,parC_S80Y=POINT,tet(38)=COMPLETE",,"cefoxitin=R,ceftaroline=S,clindamycin=R,daptomycin=NS,doxycycline=S,erythromycin=R,gentamicin=S,levofloxacin=R,linezolid=S,mupirocin=R,oxacillin=R,penicillin=R,rifampin=S,tetracycline=S,trimethoprim-sulfamethoxazole=S"
Staphylococcus aureus,AR_0220,"""AR_0220"",""FDA-CDC-AR_0220"",""SRS1739416""",,PDT000331090.2,2018-06-08T19:59:06Z,,,clinical,,,,,SAMN04901610,GCA_003203675.1,"aadD1=COMPLETE,ant(9)-Ia=COMPLETE,ant(9)-Ia=PARTIAL,blaI=COMPLETE,blaR1=COMPLETE,blaZ=COMPLETE,bleO=COMPLETE,erm(A)=COMPLETE,fosB=COMPLETE,gyrA_S84L=POINT,mecA=COMPLETE,mecI=COMPLETE,mecR1=COMPLETE,mepA=COMPLETE,parC_S80F=POINT,parE_D432N=POINT,tet(38)=COMPLETE",,"cefoxitin=R,ceftaroline=S,clindamycin=R,daptomycin=NS,doxycycline=S,erythromycin=R,gentamicin=S,levofloxacin=R,linezolid=S,mupirocin=ND,oxacillin=R,penicillin=R,rifampin=S,tetracycline=S,trimethoprim-sulfamethoxazole=S"
Staphylococcus aureus,AR_0227,"""AR_0227"",""FDA-CDC-AR_0227"",""SRS1739411""",,PDT000339865.2,2018-06-22T21:03:57Z,,,clinical,,,,,SAMN04901617,GCA_003260465.1,"aadD1=COMPLETE,ant(9)-Ia=COMPLETE,blaI=COMPLETE,blaR1=COMPLETE,blaZ=COMPLETE,bleO=COMPLETE,erm(A)=COMPLETE,fosB=COMPLETE,gyrA_S84L=POINT,mecA=COMPLETE,mecI=COMPLETE,mecR1=COMPLETE,mepA=COMPLETE,parC_S80F=POINT,parE_P585S=POINT,tet(38)=COMPLETE",,"cefoxitin=R,ceftaroline=S,clindamycin=R,daptomycin=NS,doxycycline=S,erythromycin=R,gentamicin=S,levofloxacin=R,linezolid=S,mupirocin=ND,oxacillin=R,penicillin=R,rifampin=S,tetracycline=S,trimethoprim-sulfamethoxazole=S"
Staphylococcus aureus,AR_0218,"""AR_0218"",""FDA-CDC-AR_0218"",""SRS1739414""",,PDT000339866.2,2018-06-22T21:04:03Z,,,clinical,,,,,SAMN04901608,GCA_003260535.1,"ant(9)-Ia=COMPLETE,aph(3')-IIIa=COMPLETE,blaI=COMPLETE,blaR1=COMPLETE,blaZ=COMPLETE,blaZ=PARTIAL,erm(A)=COMPLETE,fosB=COMPLETE,gyrA_S84L=POINT,mecA=COMPLETE,mecI=COMPLETE,mecR1=COMPLETE,mepA=COMPLETE,mprF_S295L=POINT,mupA=COMPLETE,parC_S80F=POINT,tet(38)=COMPLETE,tet(K)=COMPLETE",,"cefoxitin=R,ceftaroline=S,clindamycin=R,daptomycin=NS,doxycycline=S,erythromycin=R,gentamicin=S,levofloxacin=R,linezolid=S,mupirocin=R,oxacillin=R,penicillin=R,rifampin=S,tetracycline=S,trimethoprim-sulfamethoxazole=S"
Staphylococcus aureus,AR_475,"""AR_0475"",""AR_475"",""SRS3163164""",,PDT000343388.2,2018-07-05T11:52:14Z,,,clinical,,,,,SAMN07291568,GCA_003288395.1,"ant(6)-Ia=PARTIAL,aph(3')-IIIa=COMPLETE,blaI=COMPLETE,blaR1=COMPLETE,blaZ=COMPLETE,glpT_A100V=POINT,mecA=COMPLETE,mecR1=PARTIAL,mepA=COMPLETE,mph(C)=COMPLETE,msr(A)=COMPLETE,murA_E291D=POINT,murA_T396N=POINT,sat4=COMPLETE,tet(38)=COMPLETE",,"cefoxitin=R,ceftaroline=S,clindamycin=S,daptomycin=S,doxycycline=S,erythromycin=R,gentamicin=S,levofloxacin=S,linezolid=S,mupirocin=ND,oxacillin=R,penicillin=R,rifampin=S,tetracycline=S,trimethoprim-sulfamethoxazole=S,vancomycin=S"
Staphylococcus aureus,AR_0476,"""AR_0476"",""SRS3159772""",,PDT000353060.2,2018-07-16T13:07:09Z,,,clinical,,PDS000068766.1,3.0,,SAMN07291569,GCA_003324235.1,"blaI=COMPLETE,blaR1=HMM,blaZ=COMPLETE,erm(C)=COMPLETE,fosB=COMPLETE,mecA=COMPLETE,mepA=COMPLETE,tet(38)=COMPLETE",,"cefoxitin=R,ceftaroline=S,clindamycin=R,daptomycin=S,doxycycline=S,erythromycin=R,gentamicin=S,levofloxacin=S,linezolid=S,mupirocin=ND,oxacillin=R,penicillin=R,rifampin=S,tetracycline=S,trimethoprim-sulfamethoxazole=S,vancomycin=S"
Staphylococcus aureus,AR_474,"""AR_0474"",""AR_474"",""SRS3159771""",,PDT000355167.2,2018-07-20T11:58:06Z,,,clinical,,PDS000069669.3,,,SAMN07291567,GCA_003330905.1,"aac(6')-Ie/aph(2'')-Ia=COMPLETE,ant(9)-Ia=COMPLETE,blaI=COMPLETE,blaR1=COMPLETE,blaZ=COMPLETE,erm(A)=COMPLETE,fosB=COMPLETE,gyrA_S84L=POINT,mecA=COMPLETE,mecI=COMPLETE,mecR1=COMPLETE,mepA=COMPLETE,parC_E84G=POINT,parC_S80Y=POINT,rplC_G152D=POINT,rpoB_D471Y=POINT,tet(38)=COMPLETE",,"cefoxitin=R,ceftaroline=S,clindamycin=R,daptomycin=NS,doxycycline=S,erythromycin=R,gentamicin=R,levofloxacin=R,linezolid=S,mupirocin=ND,oxacillin=R,penicillin=R,rifampin=R,tetracycline=S,trimethoprim-sulfamethoxazole=S,vancomycin=I"
Staphylococcus aureus,BSN9S,"""BSN9S""",,PDT000567728.2,2019-08-11T11:56:06Z,USA: Detroit,"Tricuspid valve, anterior leaflet",clinical,,PDS000068693.2,1.0,,SAMN12476135,GCA_007954445.1,"fosB=COMPLETE,gyrA_S84L=POINT,mecA=COMPLETE,mecR1=PARTIAL,mepA=COMPLETE,murA_G257D=POINT,parC_S80Y=POINT,tet(38)=COMPLETE",,"clindamycin=S,daptomycin=S,erythromycin=R,gentamicin=S,linezolid=S,minocycline=S,oxacillin=R,rifampin=S,tetracycline=S,trimethoprim-sulfamethoxazole=S,vancomycin=S"
Staphylococcus aureus,BSN9R,"""BSN9R""",,PDT000567729.2,2019-08-11T11:56:11Z,USA: Detroit,"Tricuspid valve, septal leaflet",clinical,,PDS000068693.2,2.0,,SAMN12476193,GCA_007954465.1,"fosB=COMPLETE,gyrA_S84L=POINT,mecA=COMPLETE,mecR1=PARTIAL,mepA=COMPLETE,mprF_T472K=POINT,murA_G257D=POINT,parC_S80Y=POINT,tet(38)=COMPLETE",,"clindamycin=S,daptomycin=R,erythromycin=R,gentamicin=S,linezolid=S,minocycline=S,oxacillin=R,rifampin=S,tetracycline=S,trimethoprim-sulfamethoxazole=S,vancomycin=S"
Staphylococcus aureus,KZ_190,"""190staph"",""KZ_190"",""SRS11989996""",,PDT001262777.1,2022-03-09T04:04:15Z,Russia: Kazan,breast milk,clinical,,,,,SAMN25894905,GCA_022524365.1,"blaI=COMPLETE,blaR1=COMPLETE,blaZ=COMPLETE,mepA=COMPLETE,tet(38)=COMPLETE",,"amoxicillin=R,benzylpenicillin=R,cefoxitin=R,erythromycin=R,trimethoprim=R"
Staphylococcus aureus,,"""250"",""BWH_250_S_aur"",""SRS13579684""",,PDT001343030.1,2022-06-25T02:38:47Z,USA:Boston,swab,clinical,,PDS000112058.12,0.0,,SAMN29334804,GCA_023986535.1,"ant(9)-Ia=COMPLETE,blaI=COMPLETE,blaPC1=COMPLETE,blaR1=COMPLETE,erm(A)=COMPLETE,fosB=COMPLETE,glpT_A100V=POINT,glpT_V213I=POINT,mepA=COMPLETE,murA_D278E=POINT,murA_E291D=POINT,tet(38)=COMPLETE",,"ceftaroline=S,ciprofloxacin=S,clindamycin=R,erythromycin=R,gentamicin=S,levofloxacin=S,linezolid=S,minocycline=S,moxifloxacin=S,oxacillin=S,rifampin=S,tetracycline=S,tigecycline=S,trimethoprim-sulfamethoxazole=S,vancomycin=S"
Staphylococcus aureus,,"""230"",""BWH_230_S_aur"",""SRS13579683""",,PDT001343031.1,2022-06-25T02:38:47Z,USA:Boston,blood,clinical,,,,,SAMN29334803,GCA_023986495.1,"ant(9)-Ia=COMPLETE,blaI=COMPLETE,blaPC1=COMPLETE,blaR1=COMPLETE,erm(A)=COMPLETE,fosB=COMPLETE,glpT_A100V=POINT,glpT_V213I=POINT,mepA=COMPLETE,murA_D278E=POINT,murA_E291D=POINT,tet(38)=COMPLETE",,"ceftaroline=S,ciprofloxacin=S,clindamycin=R,daptomycin=S,erythromycin=R,gentamicin=S,levofloxacin=S,linezolid=S,minocycline=S,moxifloxacin=S,oxacillin=S,penicillin=R,rifampin=S,tetracycline=S,tigecycline=S,trimethoprim-sulfamethoxazole=S,vancomycin=S"
Staphylococcus aureus,,"""227"",""BWH_227_S_aur"",""SRS13579682""",,PDT001343032.1,2022-06-25T02:38:48Z,USA:Boston,swab,clinical,,PDS000112058.12,1.0,,SAMN29334802,GCA_023986455.1,"ant(9)-Ia=COMPLETE,blaI=COMPLETE,blaPC1=COMPLETE,blaR1=COMPLETE,erm(A)=COMPLETE,fosB=COMPLETE,glpT_A100V=POINT,glpT_V213I=POINT,mepA=COMPLETE,murA_D278E=POINT,murA_E291D=POINT,tet(38)=COMPLETE",,"ceftaroline=S,ciprofloxacin=S,clindamycin=R,daptomycin=S,erythromycin=R,gentamicin=S,levofloxacin=S,linezolid=S,minocycline=S,moxifloxacin=S,oxacillin=S,rifampin=S,tetracycline=S,tigecycline=S,trimethoprim-sulfamethoxazole=S,vancomycin=S"
Staphylococcus aureus,,"""226"",""BWH_226_S_aur"",""SRS13579681""",,PDT001343033.1,2022-06-25T02:38:48Z,USA:Boston,swab,clinical,,PDS000112058.12,1.0,,SAMN29334801,GCA_023986475.1,"ant(9)-Ia=COMPLETE,blaI=COMPLETE,blaPC1=COMPLETE,blaR1=COMPLETE,erm(A)=COMPLETE,fosB=COMPLETE,glpT_A100V=POINT,glpT_V213I=POINT,mepA=COMPLETE,murA_D278E=POINT,murA_E291D=POINT,tet(38)=COMPLETE",,"ceftaroline=S,ciprofloxacin=S,clindamycin=R,daptomycin=S,erythromycin=R,gentamicin=S,levofloxacin=S,linezolid=S,minocycline=S,moxifloxacin=S,oxacillin=S,rifampin=S,tetracycline=S,tigecycline=S,trimethoprim-sulfamethoxazole=S,vancomycin=S"
Staphylococcus aureus,,"""225"",""BWH_225_S_aur"",""SRS13579680""",,PDT001343034.1,2022-06-25T02:38:48Z,USA:Boston,swab,clinical,,PDS000112059.3,0.0,,SAMN29334800,GCA_023986435.1,"ant(9)-Ia=COMPLETE,blaI=COMPLETE,blaPC1=COMPLETE,blaR1=COMPLETE,erm(A)=COMPLETE,fosB=COMPLETE,glpT_A100V=POINT,glpT_V213I=POINT,mepA=COMPLETE,murA_D278E=POINT,murA_E291D=POINT,tet(38)=COMPLETE",,"ceftaroline=S,ciprofloxacin=S,clindamycin=R,daptomycin=S,erythromycin=R,gentamicin=S,levofloxacin=S,linezolid=S,minocycline=S,moxifloxacin=S,oxacillin=S,rifampin=S,tetracycline=S,tigecycline=S,trimethoprim-sulfamethoxazole=S,vancomycin=S"
Staphylococcus aureus,,"""224"",""BWH_224_S_aur"",""SRS13579679""",,PDT001343035.1,2022-06-25T02:38:48Z,USA:Boston,swab,clinical,,PDS000112059.3,0.0,,SAMN29334799,GCA_023986415.1,"ant(9)-Ia=COMPLETE,blaI=COMPLETE,blaPC1=COMPLETE,blaR1=COMPLETE,erm(A)=COMPLETE,fosB=COMPLETE,glpT_A100V=POINT,glpT_V213I=POINT,mepA=COMPLETE,murA_D278E=POINT,murA_E291D=POINT,tet(38)=COMPLETE",,"ceftaroline=S,ciprofloxacin=S,clindamycin=R,daptomycin=S,erythromycin=R,gentamicin=S,levofloxacin=S,linezolid=S,minocycline=S,moxifloxacin=S,oxacillin=S,rifampin=S,tetracycline=S,tigecycline=S,trimethoprim-sulfamethoxazole=S,vancomycin=S"
Staphylococcus aureus,,"""223"",""BWH_223_S_aur"",""SRS13579678""",,PDT001343036.1,2022-06-25T02:38:49Z,USA:Boston,swab,clinical,,PDS000112058.12,4.0,,SAMN29334798,GCA_023986375.1,"ant(9)-Ia=COMPLETE,blaI=COMPLETE,blaPC1=COMPLETE,blaR1=COMPLETE,erm(A)=COMPLETE,fosB=COMPLETE,glpT_A100V=POINT,glpT_V213I=POINT,mepA=COMPLETE,murA_D278E=POINT,murA_E291D=POINT,rpoB_A477T=POINT,tet(38)=COMPLETE",,"ceftaroline=S,ciprofloxacin=S,clindamycin=R,daptomycin=S,erythromycin=R,gentamicin=S,levofloxacin=S,linezolid=S,minocycline=S,moxifloxacin=S,oxacillin=S,rifampin=S,tetracycline=S,tigecycline=S,trimethoprim-sulfamethoxazole=S,vancomycin=S"
Staphylococcus aureus,,"""222"",""BWH_222_S_aur"",""SRS13579677""",,PDT001343037.1,2022-06-25T02:38:49Z,USA:Boston,swab,clinical,,PDS000112058.12,0.0,,SAMN29334797,GCA_023986315.1,"ant(9)-Ia=COMPLETE,blaI=COMPLETE,blaPC1=COMPLETE,blaR1=COMPLETE,erm(A)=COMPLETE,fosB=COMPLETE,glpT_A100V=POINT,glpT_V213I=POINT,mepA=COMPLETE,murA_D278E=POINT,murA_E291D=POINT,tet(38)=COMPLETE",,"ceftaroline=S,ciprofloxacin=S,clindamycin=R,daptomycin=S,erythromycin=R,gentamicin=S,levofloxacin=S,linezolid=S,minocycline=S,moxifloxacin=S,oxacillin=S,rifampin=S,tetracycline=S,tigecycline=S,trimethoprim-sulfamethoxazole=S,vancomycin=S"
Staphylococcus aureus,,"""360"",""BWH_360_S_aur"",""SRS13579676""",,PDT001343038.1,2022-06-25T02:38:49Z,USA:Boston,swab,clinical,,,,,SAMN29334809,GCA_023986395.1,"ant(9)-Ia=COMPLETE,blaI=COMPLETE,blaI=PARTIAL_END_OF_CONTIG,blaPC1=COMPLETE,blaR1=COMPLETE,erm(A)=COMPLETE,fosB=COMPLETE,glpT_A100V=POINT,glpT_V213I=POINT,mepA=COMPLETE,murA_D278E=POINT,murA_E291D=POINT,tet(38)=COMPLETE",,"ceftaroline=S,ciprofloxacin=S,clindamycin=R,daptomycin=S,erythromycin=R,gentamicin=S,levofloxacin=S,linezolid=S,minocycline=S,moxifloxacin=S,oxacillin=S,rifampin=S,tetracycline=S,tigecycline=S,trimethoprim-sulfamethoxazole=S,vancomycin=S"
Staphylococcus aureus,,"""326"",""BWH_326_S_aur"",""SRS13579675""",,PDT001343039.1,2022-06-25T02:38:50Z,USA:Boston,swab,clinical,,PDS000112058.12,0.0,,SAMN29334808,GCA_023986335.1,"ant(9)-Ia=COMPLETE,blaI=COMPLETE,blaPC1=COMPLETE,blaR1=COMPLETE,erm(A)=COMPLETE,fosB=COMPLETE,glpT_A100V=POINT,glpT_V213I=POINT,mepA=COMPLETE,murA_D278E=POINT,murA_E291D=POINT,tet(38)=COMPLETE",,"ceftaroline=S,ciprofloxacin=S,clindamycin=R,daptomycin=S,erythromycin=R,gentamicin=S,levofloxacin=S,linezolid=S,minocycline=S,moxifloxacin=S,oxacillin=S,rifampin=S,tetracycline=S,tigecycline=S,trimethoprim-sulfamethoxazole=S,vancomycin=S"
Staphylococcus aureus,,"""325"",""BWH_325_S_aur"",""SRS13579674""",,PDT001343040.1,2022-06-25T02:38:50Z,USA:Boston,swab,clinical,,PDS000112058.12,0.0,,SAMN29334807,GCA_023986355.1,"ant(9)-Ia=COMPLETE,blaI=COMPLETE,blaPC1=COMPLETE,blaR1=COMPLETE,erm(A)=COMPLETE,fosB=COMPLETE,glpT_A100V=POINT,glpT_V213I=POINT,mepA=COMPLETE,murA_D278E=POINT,murA_E291D=POINT,tet(38)=COMPLETE",,"ceftaroline=S,ciprofloxacin=S,clindamycin=R,daptomycin=S,erythromycin=R,gentamicin=S,levofloxacin=S,linezolid=S,minocycline=S,moxifloxacin=S,oxacillin=S,rifampin=S,tetracycline=S,tigecycline=S,trimethoprim-sulfamethoxazole=S,vancomycin=S"
Staphylococcus aureus,,"""324"",""BWH_324_S_aur"",""SRS13579673""",,PDT001343041.1,2022-06-25T02:38:50Z,USA:Boston,swab,clinical,,PDS000112058.12,2.0,,SAMN29334806,GCA_023986295.1,"ant(9)-Ia=COMPLETE,blaI=COMPLETE,blaPC1=COMPLETE,blaR1=COMPLETE,erm(A)=COMPLETE,fosB=COMPLETE,glpT_A100V=POINT,glpT_V213I=POINT,mepA=COMPLETE,murA_D278E=POINT,murA_E291D=POINT,tet(38)=COMPLETE",,"ceftaroline=S,ciprofloxacin=S,clindamycin=R,daptomycin=S,erythromycin=R,gentamicin=S,levofloxacin=S,linezolid=S,minocycline=S,moxifloxacin=S,oxacillin=S,rifampin=S,tetracycline=S,tigecycline=S,trimethoprim-sulfamethoxazole=S,vancomycin=S"
Staphylococcus aureus,,"""323"",""BWH_323_S_aur"",""SRS13579671""",,PDT001343042.1,2022-06-25T02:38:50Z,USA:Boston,swab,clinical,,PDS000112058.12,1.0,,SAMN29334805,GCA_023986275.1,"ant(9)-Ia=COMPLETE,blaI=COMPLETE,blaPC1=COMPLETE,blaR1=COMPLETE,erm(A)=COMPLETE,fosB=COMPLETE,glpT_A100V=POINT,glpT_V213I=POINT,mepA=COMPLETE,murA_D278E=POINT,murA_E291D=POINT,tet(38)=COMPLETE",,"ceftaroline=S,ciprofloxacin=S,clindamycin=R,daptomycin=S,erythromycin=R,gentamicin=S,levofloxacin=S,linezolid=S,minocycline=S,moxifloxacin=S,oxacillin=S,rifampin=S,tetracycline=S,tigecycline=S,trimethoprim-sulfamethoxazole=S,vancomycin=S"
Staphylococcus aureus,,"""177"",""BWH_177_S_aur"",""SRS13579672""",,PDT001343043.1,2022-06-25T02:38:51Z,USA:Boston,blood,clinical,,,,,SAMN29334796,GCA_023986255.1,"ant(9)-Ia=COMPLETE,blaI=COMPLETE,blaPC1=COMPLETE,blaR1=COMPLETE,erm(A)=COMPLETE,fosB=COMPLETE,glpT_A100V=POINT,glpT_V213I=POINT,mepA=COMPLETE,murA_D278E=POINT,murA_E291D=POINT,tet(38)=COMPLETE",,"ceftaroline=S,ciprofloxacin=S,clindamycin=R,daptomycin=S,erythromycin=R,gentamicin=S,levofloxacin=S,linezolid=S,minocycline=S,moxifloxacin=S,oxacillin=S,penicillin=R,rifampin=S,tetracycline=S,tigecycline=S,trimethoprim-sulfamethoxazole=S,vancomycin=S"
Staphylococcus aureus,SCAID OTT1-2022 (150),"""SCAID OTT1-2022 (150)"",""SRS14671498"",""Staphylococcus aureus SCAID OTT1-2022 (150)""",,PDT001398906.1,2022-08-24T13:56:18Z,Kazakhstan: Almaty,ear discharge,clinical,,,,,SAMN30333622,GCA_024734775.1,"ant(9)-Ia=COMPLETE,erm(A)=COMPLETE,mepA=COMPLETE,tet(38)=COMPLETE",,"amikacin=S,amoxicillin=R,ampicillin=R,azithromycin=I,carbenicillin=I,cefazolin=R,cefepime=R,ceftriaxone=R,clindamycin=R,erythromycin=R,gentamicin=S,levofloxacin=R,meropenem=S,oxacillin=R,tobramycin=S"
Staphylococcus aureus,,"""BWH_564_S_aur"",""SRS15307137""",,PDT001440624.2,2024-02-19T17:04:17Z,USA:Boston,Nasal-perirectal swab,clinical,,,,,SAMN31137375,GCA_025539815.2,"ant(9)-Ia=COMPLETE,blaI=COMPLETE,blaPC1=COMPLETE,blaR1=COMPLETE,erm(A)=COMPLETE,fosB=COMPLETE,glpT_A100V=POINT,glpT_V213I=POINT,mepA=COMPLETE,murA_D278E=POINT,murA_E291D=POINT,tet(38)=COMPLETE",,"ceftaroline=S,chloramphenicol=I,daptomycin=S,erythromycin=R,gentamicin=S,levofloxacin=S,linezolid=S,oxacillin=S,rifampin=S,tetracycline=S,trimethoprim-sulfamethoxazole=S,vancomycin=S"
Staphylococcus aureus,BSN25-2,"""BSN25-2"",""SRS6713359"",""Staphylococcus aureus str BSN25-2""",,PDT001508690.1,2022-12-02T15:48:49Z,"USA: Detroit, MI",blood,clinical,,PDS000174373.2,2.0,,SAMN15016684,GCA_026593655.1,"aadD1=COMPLETE,ant(9)-Ia=COMPLETE,blaI=COMPLETE,blaR1=COMPLETE,blaZ=COMPLETE,bleO=COMPLETE,erm(A)=COMPLETE,fosB=COMPLETE,gyrA_S84L=POINT,mecA=COMPLETE,mecI=COMPLETE,mecR1=COMPLETE,mepA=COMPLETE,mph(C)=COMPLETE,msr(A)=COMPLETE,parC_S80F=POINT,parE_P585S=POINT,tet(38)=COMPLETE",,"clindamycin=R,daptomycin=S,erythromycin=R,gentamicin=S,linezolid=S,oxacillin=R,rifampin=S,trimethoprim-sulfamethoxazole=S,vancomycin=S"
Staphylococcus aureus,,"""PC0030"",""PC0030c-S0249"",""SRS11792355""",,PDT001516118.1,2022-12-07T22:43:24Z,Australia: Queensland,Swab (Sputum),clinical,,PDS000127167.1,4.0,,SAMN25295697,GCA_026745935.1,"ant(9)-Ia=PARTIAL,blaI=COMPLETE,blaR1=HMM,blaZ=COMPLETE,erm(A)=COMPLETE,fosB=COMPLETE,mepA=COMPLETE,tet(38)=COMPLETE",,"ciprofloxacin=S,clindamycin=R,daptomycin=S,erythromycin=R,fusidic acid=S,gentamicin=S,linezolid=S,mupirocin=S,nitrofurantoin=S,oxacillin=S,penicillin=R,rifampin=S,teicoplanin=S,tetracycline=S,vancomycin=S"
Staphylococcus aureus,,"""PC0030"",""PC0030b-S0149"",""SRS11792354""",,PDT001516119.1,2022-12-07T22:43:24Z,Australia: Queensland,Swab (Sputum),clinical,,,,,SAMN25295696,GCA_026745915.1,"ant(9)-Ia=PARTIAL,blaI=COMPLETE,blaZ=COMPLETE,erm(A)=COMPLETE,fosB=COMPLETE,mepA=COMPLETE,tet(38)=COMPLETE",,"ciprofloxacin=S,clindamycin=R,daptomycin=S,erythromycin=R,fusidic acid=S,gentamicin=S,linezolid=S,mupirocin=S,nitrofurantoin=S,oxacillin=S,penicillin=R,rifampin=S,teicoplanin=S,tetracycline=S,vancomycin=S"
Staphylococcus aureus,,"""PC0030"",""PC0030a-S0030"",""SRS11792353""",,PDT001516120.1,2022-12-07T22:43:25Z,Australia: Queensland,sputum,clinical,,PDS000127167.1,4.0,,SAMN25295695,GCA_026745895.1,"ant(9)-Ia=PARTIAL,blaI=COMPLETE,blaR1=HMM,blaZ=COMPLETE,blaZ=PARTIAL_END_OF_CONTIG,erm(A)=COMPLETE,fosB=COMPLETE,mepA=COMPLETE,tet(38)=COMPLETE",,"ciprofloxacin=S,clindamycin=R,daptomycin=S,erythromycin=R,fusidic acid=S,gentamicin=S,linezolid=S,mupirocin=S,nitrofurantoin=S,oxacillin=S,penicillin=R,rifampin=S,teicoplanin=S,tetracycline=S,vancomycin=S"
Staphylococcus aureus,,"""PC0003"",""PC0003b-S0067"",""SRS11792351""",,PDT001516122.1,2022-12-07T22:43:25Z,Australia: Queensland,sputum,clinical,,PDS000127177.1,7.0,,SAMN25295640,GCA_026745855.1,"erm(T)=COMPLETE,glpT_A100V=POINT,glpT_F3I=POINT,mepA=COMPLETE,murA_D278E=POINT,murA_E291D=POINT,tet(38)=COMPLETE",,"ciprofloxacin=S,clindamycin=R,daptomycin=S,erythromycin=R,fusidic acid=S,gentamicin=S,linezolid=S,mupirocin=S,nitrofurantoin=S,oxacillin=S,penicillin=R,rifampin=S,teicoplanin=S,tetracycline=S,vancomycin=S"
Staphylococcus aureus,,"""PC0003"",""PC0003a-S0003"",""SRS11792340""",,PDT001516133.1,2022-12-07T22:43:27Z,Australia: Queensland,sputum,clinical,,PDS000127177.1,7.0,,SAMN25295639,GCA_026745245.1,"erm(T)=COMPLETE,erm(T)=PARTIAL_END_OF_CONTIG,glpT_A100V=POINT,glpT_F3I=POINT,mepA=COMPLETE,murA_D278E=POINT,murA_E291D=POINT,tet(38)=COMPLETE",,"ciprofloxacin=S,clindamycin=R,daptomycin=S,erythromycin=R,fusidic acid=S,gentamicin=S,linezolid=S,mupirocin=S,nitrofurantoin=S,oxacillin=S,penicillin=R,rifampin=S,teicoplanin=S,tetracycline=S,vancomycin=S"
Staphylococcus aureus,,"""PC0024"",""PC0024-S0024"",""SRS11792337""",,PDT001516136.1,2022-12-07T22:43:28Z,Australia: Queensland,sputum,clinical,,,,,SAMN25295681,GCA_026745225.1,"ant(9)-Ia=COMPLETE,blaI=COMPLETE,blaR1=PARTIAL_END_OF_CONTIG,blaZ=PARTIAL,erm(A)=COMPLETE,fosB=COMPLETE,glpT_A100V=POINT,glpT_V213I=POINT,mepA=COMPLETE,murA_D278E=POINT,murA_E291D=POINT,tet(38)=COMPLETE",,"ciprofloxacin=S,clindamycin=R,daptomycin=S,erythromycin=R,fusidic acid=S,gentamicin=S,linezolid=S,mupirocin=S,nitrofurantoin=S,oxacillin=S,penicillin=S,rifampin=S,teicoplanin=S,tetracycline=S,vancomycin=S"
Staphylococcus aureus,,"""PC0018"",""PC0018c-S0163"",""SRS11792324""",,PDT001516149.1,2022-12-07T22:43:30Z,Australia: Queensland,sputum,clinical,,PDS000127172.1,7.0,,SAMN25295666,GCA_026745015.1,"blaZ=COMPLETE,fosB=COMPLETE,mepA=COMPLETE,tet(38)=COMPLETE",,"ciprofloxacin=S,clindamycin=R,daptomycin=S,erythromycin=R,fusidic acid=S,gentamicin=S,linezolid=S,mupirocin=R,nitrofurantoin=S,oxacillin=S,penicillin=R,rifampin=S,teicoplanin=S,tetracycline=S,vancomycin=S"
Staphylococcus aureus,,"""PC0267"",""PC0267aii-S0268"",""SRS11792316""",,PDT001516157.1,2022-12-07T22:43:31Z,Australia: Queensland,sputum,clinical,,PDS000127146.1,4.0,,SAMN25295946,GCA_026744905.1,"aadD1=COMPLETE,blaI=COMPLETE,blaR1=COMPLETE,blaR1=PARTIAL_END_OF_CONTIG,blaZ=COMPLETE,erm(C)=COMPLETE,lnu(A)=COMPLETE,mepA=COMPLETE,tet(38)=COMPLETE,tet(K)=COMPLETE",,"ciprofloxacin=S,clindamycin=R,daptomycin=S,erythromycin=R,fusidic acid=S,gentamicin=S,linezolid=S,mupirocin=S,nitrofurantoin=S,oxacillin=S,penicillin=R,rifampin=S,teicoplanin=S,tetracycline=R,vancomycin=S"
Staphylococcus aureus,,"""PC0256"",""PC0256-S0256"",""SRS11792310""",,PDT001516163.1,2022-12-07T22:43:32Z,Australia: Queensland,sputum,clinical,,,,,SAMN25295941,GCA_026744805.1,"ant(9)-Ia=COMPLETE,blaI=COMPLETE,blaZ=COMPLETE,erm(A)=COMPLETE,fosB=COMPLETE,glpT_A100V=POINT,glpT_L27F=POINT,ileS_V588F=POINT,mepA=COMPLETE,murA_E291D=POINT,murA_T396N=POINT,tet(38)=COMPLETE",,"ciprofloxacin=S,clindamycin=R,daptomycin=S,erythromycin=R,fusidic acid=S,gentamicin=S,linezolid=S,mupirocin=R,nitrofurantoin=S,oxacillin=S,penicillin=R,rifampin=S,teicoplanin=S,tetracycline=S,vancomycin=S"
Staphylococcus aureus,,"""PC0250"",""PC0250-S0389"",""SRS11792309""",,PDT001516164.1,2022-12-07T22:43:32Z,Australia: Queensland,sputum,clinical,,PDS000127141.1,7.0,,SAMN25295940,GCA_026744785.1,"aac(6')-Ie/aph(2'')-Ia=COMPLETE,aadD1=COMPLETE,blaI=COMPLETE,blaR1=COMPLETE,blaZ=COMPLETE,blaZ=PARTIAL_END_OF_CONTIG,fosB=COMPLETE,mepA=COMPLETE,mupA=COMPLETE,parC_E84G=POINT,tet(38)=COMPLETE",,"ciprofloxacin=S,clindamycin=S,daptomycin=S,erythromycin=R,fusidic acid=S,gentamicin=R,linezolid=S,mupirocin=R,nitrofurantoin=S,oxacillin=S,penicillin=R,rifampin=S,teicoplanin=S,tetracycline=S,vancomycin=S"
Staphylococcus aureus,,"""PC0249"",""PC0249-S0388"",""SRS11792308""",,PDT001516165.1,2022-12-07T22:43:32Z,Australia: Queensland,sputum,clinical,,,,,SAMN25295939,GCA_026744745.1,"aac(6')-Ie/aph(2'')-Ia=COMPLETE,aadD1=COMPLETE,blaI=COMPLETE,blaI=PARTIAL_END_OF_CONTIG,blaR1=COMPLETE,blaR1=HMM,blaZ=COMPLETE,bleO=COMPLETE,dfrG=COMPLETE,fosB=COMPLETE,mepA=COMPLETE,msr(A)=COMPLETE,murA_G257D=POINT,tet(38)=COMPLETE",,"ciprofloxacin=S,clindamycin=S,daptomycin=S,erythromycin=R,fusidic acid=S,gentamicin=R,linezolid=S,mupirocin=S,nitrofurantoin=S,oxacillin=S,penicillin=R,rifampin=S,teicoplanin=S,tetracycline=S,vancomycin=S"
Staphylococcus aureus,,"""PN0252"",""PN0252-S0395"",""SRS11792267""",,PDT001516206.1,2022-12-07T22:43:39Z,Australia: Queensland,Swab skin lesion Eczema,clinical,,,,,SAMN25296029,GCA_026744135.1,"erm(C)=COMPLETE,fosB=COMPLETE,mepA=COMPLETE,tet(38)=COMPLETE",,"ciprofloxacin=S,clindamycin=R,daptomycin=S,erythromycin=R,fusidic acid=S,gentamicin=S,linezolid=S,mupirocin=S,nitrofurantoin=S,oxacillin=S,penicillin=S,rifampin=S,teicoplanin=S,tetracycline=S,vancomycin=S"
Staphylococcus aureus,,"""PN0251"",""PN0251-S0394"",""SRS11792266""",,PDT001516207.1,2022-12-07T22:43:39Z,Australia: Queensland,Sputum CF,clinical,,PDS000127141.1,7.0,,SAMN25296028,GCA_026744115.1,"aac(6')-Ie/aph(2'')-Ia=COMPLETE,aadD1=COMPLETE,blaI=COMPLETE,blaR1=COMPLETE,blaZ=COMPLETE,blaZ=PARTIAL_END_OF_CONTIG,fosB=COMPLETE,mepA=COMPLETE,mupA=COMPLETE,parC_E84G=POINT,tet(38)=COMPLETE",,"ciprofloxacin=S,clindamycin=S,daptomycin=S,erythromycin=R,fusidic acid=S,gentamicin=R,linezolid=S,mupirocin=R,nitrofurantoin=S,oxacillin=S,penicillin=R,rifampin=S,teicoplanin=S,tetracycline=S,vancomycin=S"
Staphylococcus aureus,,"""PN0244"",""PN0244-S0384"",""SRS11792262""",,PDT001516211.1,2022-12-07T22:43:40Z,Australia: Queensland,Swab ulcer left leg,clinical,,,,,SAMN25296024,GCA_026744075.1,"ant(9)-Ia=COMPLETE,blaI=COMPLETE,blaR1=HMM,blaZ=COMPLETE,erm(A)=COMPLETE,fosB=COMPLETE,glpT_A100V=POINT,glpT_L27F=POINT,ileS_V588F=POINT,mepA=COMPLETE,murA_E291D=POINT,murA_T396N=POINT,tet(38)=COMPLETE",,"ciprofloxacin=S,clindamycin=R,daptomycin=S,erythromycin=R,fusidic acid=S,gentamicin=S,linezolid=S,mupirocin=R,nitrofurantoin=S,oxacillin=S,penicillin=R,rifampin=S,teicoplanin=S,tetracycline=S,vancomycin=S"
Staphylococcus aureus,,"""PN0236"",""PN0236-S0377"",""SRS11792255""",,PDT001516218.1,2022-12-07T22:43:41Z,Australia: Queensland,"Bone marrow femur left, distal",clinical,,,,,SAMN25296018,GCA_026743925.1,"erm(T)=COMPLETE,glpT_A100V=POINT,glpT_F3I=POINT,mepA=COMPLETE,murA_D278E=POINT,murA_E291D=POINT,tet(38)=COMPLETE",,"ciprofloxacin=S,clindamycin=R,daptomycin=S,erythromycin=R,fusidic acid=S,gentamicin=S,linezolid=S,mupirocin=S,nitrofurantoin=S,oxacillin=S,penicillin=S,rifampin=S,teicoplanin=S,tetracycline=S,vancomycin=S"
Staphylococcus aureus,,"""PC0187"",""PC0187b-S0290"",""SRS11792622""",,PDT001516251.1,2022-12-07T22:43:47Z,Australia: Queensland,sputum,clinical,,PDS000127143.1,17.0,,SAMN25295912,GCA_026743735.1,"ant(9)-Ia=COMPLETE,blaI=COMPLETE,blaR1=HMM,blaZ=COMPLETE,erm(A)=COMPLETE,fosB=COMPLETE,glpT_A100V=POINT,glpT_V213I=POINT,mepA=COMPLETE,murA_D278E=POINT,murA_E291D=POINT,tet(38)=COMPLETE",,"ciprofloxacin=S,clindamycin=R,daptomycin=S,erythromycin=R,fusidic acid=S,gentamicin=S,linezolid=S,mupirocin=S,nitrofurantoin=S,oxacillin=S,penicillin=R,rifampin=S,teicoplanin=S,tetracycline=S,vancomycin=S"
Staphylococcus aureus,,"""PC0103"",""PC0103a-S0103"",""SRS11792613""",,PDT001516260.1,2022-12-07T22:43:49Z,Australia: Queensland,Swab (Sputum),clinical,,,,,SAMN25295828,GCA_026743715.1,"aac(6')-Ie/aph(2'')-Ia=COMPLETE,aac(6')-Ie=HMM,blaI=COMPLETE,blaI=PARTIAL_END_OF_CONTIG,blaR1=COMPLETE,blaR1=PARTIAL_END_OF_CONTIG,blaZ=COMPLETE,blaZ=PARTIAL_END_OF_CONTIG,dfrE=COMPLETE,erm(B)=COMPLETE,gyrA_S84L=POINT,mepA=COMPLETE,parC_S80F=POINT,tet(38)=COMPLETE",,"ciprofloxacin=R,clindamycin=R,daptomycin=S,erythromycin=R,fusidic acid=S,gentamicin=R,linezolid=S,mupirocin=S,nitrofurantoin=S,oxacillin=S,penicillin=R,rifampin=S,teicoplanin=S,tetracycline=S,vancomycin=S"
Staphylococcus aureus,,"""PC0010"",""PC0010-S0010"",""SRS11792609""",,PDT001516265.1,2022-12-07T22:43:49Z,Australia: Queensland,sputum,clinical,,,,,SAMN25295653,GCA_026743675.1,"blaI=COMPLETE,blaR1=COMPLETE,blaZ=COMPLETE,fusC=PARTIAL_END_OF_CONTIG,mepA=COMPLETE,tet(38)=COMPLETE",,"ciprofloxacin=S,clindamycin=S,daptomycin=S,erythromycin=R,fusidic acid=R,gentamicin=S,linezolid=S,mupirocin=S,nitrofurantoin=S,oxacillin=S,penicillin=R,rifampin=S,teicoplanin=S,tetracycline=S,vancomycin=S"
Staphylococcus aureus,,"""PC0098"",""PC0098-S0098"",""SRS11792607""",,PDT001516266.1,2022-12-07T22:43:50Z,Australia: Queensland,sputum,clinical,,,,,SAMN25295823,GCA_026743635.1,"ant(9)-Ia=COMPLETE,blaI=COMPLETE,blaZ=COMPLETE,erm(A)=COMPLETE,fosB=COMPLETE,glpT_A100V=POINT,glpT_L27F=POINT,ileS_V588F=POINT,mepA=COMPLETE,murA_E291D=POINT,murA_T396N=POINT,tet(38)=COMPLETE",,"ciprofloxacin=S,clindamycin=R,daptomycin=S,erythromycin=R,fusidic acid=S,gentamicin=S,linezolid=S,mupirocin=R,nitrofurantoin=S,oxacillin=S,penicillin=R,rifampin=S,teicoplanin=S,tetracycline=S,vancomycin=S"
Staphylococcus aureus,,"""PC0094"",""PC0094-S0094"",""SRS11792599""",,PDT001516274.1,2022-12-07T22:43:51Z,Australia: Queensland,sputum,clinical,,PDS000127148.1,10.0,,SAMN25295815,GCA_026740915.1,"aac(6')-Ie/aph(2'')-Ia=COMPLETE,blaI=COMPLETE,blaR1=COMPLETE,blaR1=PARTIAL_END_OF_CONTIG,blaZ=COMPLETE,fosB=COMPLETE,mepA=COMPLETE,tet(38)=COMPLETE",,"ciprofloxacin=S,clindamycin=R,daptomycin=S,erythromycin=R,fusidic acid=S,gentamicin=S,linezolid=S,mupirocin=S,nitrofurantoin=S,oxacillin=S,penicillin=R,rifampin=S,teicoplanin=S,tetracycline=S,vancomycin=S"
Staphylococcus aureus,,"""PC0093"",""PC0093-S0093"",""SRS11792598""",,PDT001516275.1,2022-12-07T22:43:51Z,Australia: Queensland,sputum,clinical,,,,,SAMN25295814,GCA_026743575.1,"ant(9)-Ia=COMPLETE,blaI=COMPLETE,blaPC1=COMPLETE,erm(A)=COMPLETE,fosB=COMPLETE,glpT_A100V=POINT,glpT_V213I=POINT,mepA=COMPLETE,murA_D278E=POINT,murA_E291D=POINT,tet(38)=COMPLETE",,"ciprofloxacin=S,clindamycin=R,daptomycin=S,erythromycin=R,fusidic acid=S,gentamicin=S,linezolid=S,mupirocin=S,nitrofurantoin=S,oxacillin=S,penicillin=R,rifampin=S,teicoplanin=S,tetracycline=S,vancomycin=S"
Staphylococcus aureus,,"""PC0009"",""PC0009b-S0171"",""SRS11792597""",,PDT001516276.1,2022-12-07T22:43:51Z,Australia: Queensland,sputum,clinical,,PDS000127174.1,22.0,,SAMN25295652,GCA_026743555.1,"ant(9)-Ia=PARTIAL,blaI=PARTIAL_END_OF_CONTIG,blaZ=COMPLETE,erm(A)=COMPLETE,fosB=COMPLETE,mepA=COMPLETE,tet(38)=COMPLETE",,"ciprofloxacin=S,clindamycin=R,daptomycin=S,erythromycin=R,fusidic acid=S,gentamicin=S,linezolid=S,mupirocin=S,nitrofurantoin=S,oxacillin=S,penicillin=R,rifampin=S,teicoplanin=S,tetracycline=S,vancomycin=S"
Staphylococcus aureus,,"""PC0092"",""PC0092c-S0252"",""SRS11792596""",,PDT001516277.1,2022-12-07T22:43:52Z,Australia: Queensland,sputum,clinical,,PDS000127148.1,2.0,,SAMN25295813,GCA_026743535.1,"blaI=COMPLETE,blaZ=COMPLETE,fosB=COMPLETE,mepA=COMPLETE,tet(38)=COMPLETE",,"ciprofloxacin=S,clindamycin=R,daptomycin=S,erythromycin=R,fusidic acid=S,gentamicin=S,linezolid=S,mupirocin=S,nitrofurantoin=S,oxacillin=S,penicillin=R,rifampin=S,teicoplanin=S,tetracycline=S,vancomycin=S"
Staphylococcus aureus,,"""PC0092"",""PC0092a-S0092"",""SRS11792594""",,PDT001516279.1,2022-12-07T22:43:52Z,Australia: Queensland,sputum,clinical,,PDS000127148.1,2.0,,SAMN25295811,GCA_026743495.1,"blaI=COMPLETE,blaR1=HMM,blaZ=COMPLETE,fosB=COMPLETE,fosB=PARTIAL,mepA=COMPLETE,tet(38)=COMPLETE",,"ciprofloxacin=S,clindamycin=R,daptomycin=S,erythromycin=R,fusidic acid=S,gentamicin=S,linezolid=S,mupirocin=S,nitrofurantoin=S,oxacillin=S,penicillin=R,rifampin=S,teicoplanin=S,tetracycline=S,vancomycin=S"
Staphylococcus aureus,,"""PC0043"",""PC0043a-S0043"",""SRS11792585""",,PDT001516288.1,2022-12-07T22:43:53Z,Australia: Queensland,sputum,clinical,,PDS000127163.1,4.0,,SAMN25295728,GCA_026743445.1,"ant(9)-Ia=COMPLETE,blaI=COMPLETE,blaI=PARTIAL_END_OF_CONTIG,blaZ=COMPLETE,erm(A)=COMPLETE,fosB=COMPLETE,glpT_A100V=POINT,glpT_L27F=POINT,ileS_V588F=POINT,mepA=COMPLETE,murA_E291D=POINT,murA_T396N=POINT,tet(38)=COMPLETE",,"ciprofloxacin=S,clindamycin=R,daptomycin=S,erythromycin=R,fusidic acid=S,gentamicin=S,linezolid=S,mupirocin=R,nitrofurantoin=S,oxacillin=S,penicillin=R,rifampin=S,teicoplanin=S,tetracycline=S,vancomycin=S"
Staphylococcus aureus,,"""PN0213"",""PN0213b-S0359"",""SRS11792572""",,PDT001516301.1,2022-12-07T22:43:55Z,Australia: Queensland,Swab oral,clinical,,PDS000127137.1,2.0,,SAMN25296001,GCA_026740795.1,"ant(9)-Ia=COMPLETE,blaI=COMPLETE,blaZ=COMPLETE,erm(A)=COMPLETE,fosB=COMPLETE,glpT_A100V=POINT,glpT_L27F=POINT,ileS_V588F=POINT,mepA=COMPLETE,murA_E291D=POINT,murA_T396N=POINT,tet(38)=COMPLETE",,"ciprofloxacin=S,clindamycin=R,daptomycin=S,erythromycin=R,fusidic acid=S,gentamicin=S,linezolid=S,mupirocin=R,nitrofurantoin=S,oxacillin=S,penicillin=R,rifampin=S,teicoplanin=S,tetracycline=S,vancomycin=S"
Staphylococcus aureus,,"""PN0213"",""PN0213a-S0358"",""SRS11792571""",,PDT001516302.1,2022-12-07T22:43:56Z,Australia: Queensland,"Swab eye left, eye",clinical,,PDS000127137.1,2.0,,SAMN25296000,GCA_026743175.1,"ant(9)-Ia=COMPLETE,blaI=COMPLETE,blaR1=HMM,blaZ=COMPLETE,erm(A)=COMPLETE,fosB=COMPLETE,glpT_A100V=POINT,glpT_L27F=POINT,ileS_V588F=POINT,mepA=COMPLETE,murA_E291D=POINT,murA_T396N=POINT,tet(38)=COMPLETE",,"ciprofloxacin=S,clindamycin=R,daptomycin=S,erythromycin=R,fusidic acid=S,gentamicin=S,linezolid=S,mupirocin=R,nitrofurantoin=S,oxacillin=S,penicillin=R,rifampin=S,teicoplanin=S,tetracycline=S,vancomycin=S"
Staphylococcus aureus,,"""PN0191"",""PN0191-S0347"",""SRS11792557""",,PDT001516316.1,2022-12-07T22:43:58Z,Australia: Queensland,Swab left lear,clinical,,,,,SAMN25295987,GCA_026740755.1,"blaI=COMPLETE,blaZ=COMPLETE,fosB=COMPLETE,mepA=COMPLETE,tet(38)=COMPLETE",,"ciprofloxacin=S,clindamycin=R,daptomycin=S,erythromycin=R,fusidic acid=S,gentamicin=S,linezolid=S,mupirocin=S,nitrofurantoin=S,oxacillin=S,penicillin=R,rifampin=S,teicoplanin=S,tetracycline=S,vancomycin=S"
Staphylococcus aureus,,"""PC0009"",""PC0009a-S0009"",""SRS11792521""",,PDT001516352.1,2022-12-07T22:44:04Z,Australia: Queensland,sputum,clinical,,PDS000127174.1,22.0,,SAMN25295651,GCA_026752255.1,"ant(9)-Ia=PARTIAL,blaI=COMPLETE,blaZ=COMPLETE,erm(A)=COMPLETE,fosB=COMPLETE,mepA=COMPLETE,tet(38)=COMPLETE",,"ciprofloxacin=S,clindamycin=R,daptomycin=S,erythromycin=R,fusidic acid=S,gentamicin=S,linezolid=S,mupirocin=S,nitrofurantoin=S,oxacillin=S,penicillin=R,rifampin=S,teicoplanin=S,tetracycline=S,vancomycin=S"
Staphylococcus aureus,,"""PC0086"",""PC0086b-S0390"",""SRS11792519""",,PDT001516354.1,2022-12-07T22:44:04Z,Australia: Queensland,sputum,clinical,,PDS000127151.1,41.0,,SAMN25295802,GCA_026742795.1,"fosB=COMPLETE,mepA=COMPLETE,tet(38)=COMPLETE",,"ciprofloxacin=S,clindamycin=R,daptomycin=S,erythromycin=R,fusidic acid=S,gentamicin=S,linezolid=S,mupirocin=S,nitrofurantoin=S,oxacillin=S,penicillin=S,rifampin=S,teicoplanin=S,tetracycline=S,vancomycin=S"
Staphylococcus aureus,,"""PC0086"",""PC0086a-S0086"",""SRS11792518""",,PDT001516355.1,2022-12-07T22:44:05Z,Australia: Queensland,sputum,clinical,,PDS000127151.1,41.0,,SAMN25295801,GCA_026743295.1,"blaI=COMPLETE,blaR1=COMPLETE,blaZ=COMPLETE,fosB=COMPLETE,mepA=COMPLETE,tet(38)=COMPLETE",,"ciprofloxacin=S,clindamycin=R,daptomycin=S,erythromycin=R,fusidic acid=S,gentamicin=S,linezolid=S,mupirocin=S,nitrofurantoin=S,oxacillin=S,penicillin=R,rifampin=S,teicoplanin=S,tetracycline=S,vancomycin=S"
Staphylococcus aureus,,"""PC0083"",""PC0083-S0292"",""SRS11792515""",,PDT001516358.1,2022-12-07T22:44:05Z,Australia: Queensland,Swab (Sputum),clinical,,,,,SAMN25295798,GCA_026742755.1,"ant(9)-Ia=PARTIAL,blaI=COMPLETE,blaR1=HMM,blaZ=COMPLETE,erm(A)=COMPLETE,fosB=COMPLETE,mepA=COMPLETE,tet(38)=COMPLETE",,"ciprofloxacin=S,clindamycin=R,daptomycin=S,erythromycin=R,fusidic acid=S,gentamicin=S,linezolid=S,mupirocin=S,nitrofurantoin=S,oxacillin=S,penicillin=R,rifampin=S,teicoplanin=S,tetracycline=S,vancomycin=S"
Staphylococcus aureus,,"""PC0075"",""PC0075-S0288"",""SRS11792505""",,PDT001516368.1,2022-12-07T22:44:07Z,Australia: Queensland,sputum,clinical,,PDS000127152.1,21.0,,SAMN25295789,GCA_026741955.1,"blaI=COMPLETE,blaR1=PARTIAL_END_OF_CONTIG,blaZ=COMPLETE,erm(C)=COMPLETE,fosB=COMPLETE,mecA=COMPLETE,mecR1=PARTIAL,mepA=COMPLETE,tet(38)=COMPLETE",,"ciprofloxacin=S,clindamycin=R,daptomycin=S,erythromycin=R,fusidic acid=S,gentamicin=S,linezolid=S,mupirocin=S,nitrofurantoin=S,oxacillin=R,penicillin=R,rifampin=S,teicoplanin=S,tetracycline=S,vancomycin=S"
Staphylococcus aureus,,"""PC0038"",""PC0038a-S0038"",""SRS11792490""",,PDT001516383.1,2022-12-07T22:44:09Z,Australia: Queensland,sputum,clinical,,PDS000127143.1,17.0,,SAMN25295718,GCA_026740595.1,"ant(9)-Ia=COMPLETE,blaI=COMPLETE,blaR1=HMM,blaZ=COMPLETE,erm(A)=COMPLETE,fosB=COMPLETE,glpT_A100V=POINT,glpT_V213I=POINT,mepA=COMPLETE,murA_D278E=POINT,murA_E291D=POINT,tet(38)=COMPLETE",,"ciprofloxacin=S,clindamycin=R,daptomycin=S,erythromycin=R,fusidic acid=S,gentamicin=S,linezolid=S,mupirocin=S,nitrofurantoin=S,oxacillin=S,penicillin=R,rifampin=S,teicoplanin=S,tetracycline=S,vancomycin=S"
Staphylococcus aureus,,"""PN0167"",""PN0167-S0334"",""SRS11792460""",,PDT001516413.1,2022-12-07T22:44:14Z,Australia: Queensland,Swab Finger,clinical,,,,,SAMN25295975,GCA_026744485.1,"blaI=COMPLETE,blaR1=COMPLETE,blaZ=COMPLETE,erm(C)=COMPLETE,glpT_A100V=POINT,gyrA_S84L=POINT,mecA=COMPLETE,mecR1=PARTIAL,mepA=COMPLETE,parC_S80F=POINT,tet(38)=COMPLETE",,"ciprofloxacin=R,clindamycin=R,daptomycin=S,erythromycin=R,fusidic acid=S,gentamicin=S,linezolid=S,mupirocin=S,nitrofurantoin=S,oxacillin=R,penicillin=R,rifampin=S,teicoplanin=S,tetracycline=S,vancomycin=S"
Staphylococcus aureus,,"""PN0163"",""PN0163-S0330"",""SRS11792454""",,PDT001516419.1,2022-12-07T22:44:16Z,Australia: Queensland,Swab vesicle left knee,clinical,,,,,SAMN25295970,GCA_026742415.1,"ant(9)-Ia=COMPLETE,blaI=COMPLETE,blaZ=COMPLETE,erm(A)=COMPLETE,fosB=COMPLETE,glpT_A100V=POINT,glpT_L27F=POINT,ileS_V588F=POINT,mepA=COMPLETE,murA_E291D=POINT,murA_T396N=POINT,tet(38)=COMPLETE",,"ciprofloxacin=S,clindamycin=R,daptomycin=S,erythromycin=R,fusidic acid=S,gentamicin=S,linezolid=S,mupirocin=S,nitrofurantoin=S,oxacillin=S,penicillin=R,rifampin=S,teicoplanin=S,tetracycline=S,vancomycin=S"
Staphylococcus aureus,,"""PN0158"",""PN0158-S0329"",""SRS11792453""",,PDT001516420.1,2022-12-07T22:44:16Z,Australia: Queensland,Swab eye right,clinical,,,,,SAMN25295969,GCA_026741695.1,"fosB=COMPLETE,mepA=COMPLETE,tet(38)=COMPLETE",,"ciprofloxacin=S,clindamycin=S,erythromycin=R,fusidic acid=S,gentamicin=S,linezolid=S,mupirocin=S,nitrofurantoin=S,oxacillin=S,penicillin=R,rifampin=S,teicoplanin=S,tetracycline=S,vancomycin=S"
Staphylococcus aureus,,"""PN0131"",""PN0131-S0320"",""SRS11792444""",,PDT001516429.1,2022-12-07T22:44:17Z,Australia: Queensland,Swab foot left,clinical,,,,,SAMN25295961,GCA_026742455.1,"ant(9)-Ia=COMPLETE,blaI=COMPLETE,blaR1=HMM,blaZ=COMPLETE,erm(A)=COMPLETE,fosB=COMPLETE,glpT_A100V=POINT,glpT_L27F=POINT,ileS_V588F=POINT,mepA=COMPLETE,murA_E291D=POINT,murA_T396N=POINT,tet(38)=COMPLETE",,"ciprofloxacin=S,clindamycin=R,daptomycin=S,erythromycin=R,fusidic acid=S,gentamicin=S,linezolid=S,mupirocin=R,nitrofurantoin=S,oxacillin=S,penicillin=R,rifampin=S,teicoplanin=S,tetracycline=S,vancomycin=S"
Staphylococcus aureus,,"""PC0154"",""PC0154b-S0263"",""SRS11792440""",,PDT001516433.1,2022-12-07T22:44:18Z,Australia: Queensland,sputum,clinical,,,,,SAMN25295882,GCA_026741595.1,"ant(9)-Ia=COMPLETE,blaI=COMPLETE,blaZ=COMPLETE,erm(A)=COMPLETE,fosB=COMPLETE,glpT_A100V=POINT,glpT_L27F=POINT,ileS_V588F=POINT,mepA=COMPLETE,murA_E291D=POINT,murA_T396N=POINT,tet(38)=COMPLETE",,"ciprofloxacin=S,clindamycin=R,daptomycin=S,erythromycin=R,fusidic acid=S,gentamicin=S,linezolid=S,mupirocin=R,nitrofurantoin=S,oxacillin=S,penicillin=R,rifampin=S,teicoplanin=S,tetracycline=S,vancomycin=S"
Staphylococcus aureus,,"""PC0133"",""PC0133b-S0250"",""SRS11792421""",,PDT001516452.1,2022-12-07T22:44:22Z,Australia: Queensland,Swab (Sputum),clinical,,PDS000127146.1,4.0,,SAMN25295864,GCA_026742395.1,"aadD1=COMPLETE,blaI=COMPLETE,blaR1=COMPLETE,blaZ=COMPLETE,erm(C)=COMPLETE,lnu(A)=COMPLETE,mepA=COMPLETE,tet(38)=COMPLETE,tet(K)=COMPLETE",,"ciprofloxacin=S,clindamycin=R,daptomycin=S,erythromycin=R,fusidic acid=S,gentamicin=S,linezolid=S,mupirocin=S,nitrofurantoin=S,oxacillin=S,penicillin=R,rifampin=S,teicoplanin=S,tetracycline=R,vancomycin=S"
Staphylococcus aureus,,"""PC0068"",""PC0068g-S0391"",""SRS11792408""",,PDT001516465.1,2022-12-07T22:44:24Z,Australia: Queensland,sputum,clinical,,PDS000127157.1,4.0,,SAMN25295777,GCA_026742235.1,"ant(9)-Ia=COMPLETE,blaI=COMPLETE,blaPC1=COMPLETE,blaR1=COMPLETE,erm(A)=COMPLETE,fosB=COMPLETE,glpT_A100V=POINT,glpT_V213I=POINT,mepA=COMPLETE,murA_D278E=POINT,murA_E291D=POINT,tet(38)=COMPLETE",,"ciprofloxacin=S,clindamycin=R,daptomycin=S,erythromycin=R,fusidic acid=S,gentamicin=S,linezolid=S,mupirocin=S,nitrofurantoin=S,oxacillin=S,penicillin=R,rifampin=S,teicoplanin=S,tetracycline=S,vancomycin=S"
Staphylococcus aureus,,"""PC0068"",""PC0068f-S0242"",""SRS11792407""",,PDT001516466.1,2022-12-07T22:44:24Z,Australia: Queensland,sputum,clinical,,PDS000127157.1,8.0,,SAMN25295776,GCA_026741515.1,"ant(9)-Ia=COMPLETE,blaI=COMPLETE,blaPC1=COMPLETE,blaR1=COMPLETE,erm(A)=COMPLETE,fosB=COMPLETE,glpT_A100V=POINT,glpT_V213I=POINT,mepA=COMPLETE,murA_D278E=POINT,murA_E291D=POINT,tet(38)=COMPLETE",,"ciprofloxacin=S,clindamycin=R,daptomycin=S,erythromycin=R,fusidic acid=S,gentamicin=S,linezolid=S,mupirocin=S,nitrofurantoin=S,oxacillin=S,penicillin=R,rifampin=S,teicoplanin=S,tetracycline=S,vancomycin=S"
Staphylococcus aureus,,"""PC0068"",""PC0068b-S0085"",""SRS11792402""",,PDT001516471.1,2022-12-07T22:44:25Z,Australia: Queensland,sputum,clinical,,PDS000127157.1,4.0,,SAMN25295772,GCA_026741435.1,"ant(9)-Ia=COMPLETE,blaI=COMPLETE,blaPC1=COMPLETE,blaR1=COMPLETE,blaR1=PARTIAL_END_OF_CONTIG,erm(A)=COMPLETE,fosB=COMPLETE,glpT_A100V=POINT,glpT_V213I=POINT,mepA=COMPLETE,murA_D278E=POINT,murA_E291D=POINT,tet(38)=COMPLETE",,"ciprofloxacin=S,clindamycin=R,daptomycin=S,erythromycin=R,fusidic acid=S,gentamicin=S,linezolid=S,mupirocin=S,nitrofurantoin=S,oxacillin=S,penicillin=R,rifampin=S,teicoplanin=S,tetracycline=S,vancomycin=S"
Staphylococcus aureus,,"""PC0068"",""PC0068a-S0068"",""SRS11792401""",,PDT001516472.1,2022-12-07T22:44:25Z,Australia: Queensland,sputum,clinical,,PDS000127157.1,5.0,,SAMN25295771,GCA_026742255.1,"ant(9)-Ia=COMPLETE,blaI=COMPLETE,blaR1=COMPLETE,blaZ=COMPLETE,erm(A)=COMPLETE,fosB=COMPLETE,glpT_A100V=POINT,glpT_V213I=POINT,mepA=COMPLETE,murA_D278E=POINT,murA_E291D=POINT,tet(38)=COMPLETE",,"ciprofloxacin=S,clindamycin=R,daptomycin=S,erythromycin=R,fusidic acid=S,gentamicin=S,linezolid=S,mupirocin=S,nitrofurantoin=S,oxacillin=S,penicillin=R,rifampin=S,teicoplanin=S,tetracycline=S,vancomycin=S"
Staphylococcus aureus,,"""PC0060"",""PC0060b-S0276"",""SRS11792392""",,PDT001516481.1,2022-12-07T22:44:27Z,Australia: Queensland,sputum,clinical,,,,,SAMN25295763,GCA_026742315.1,"blaI=COMPLETE,blaPC1=COMPLETE,blaR1=COMPLETE,fosB=COMPLETE,glpT_A100V=POINT,glpT_V213I=POINT,mepA=COMPLETE,murA_D278E=POINT,murA_E291D=POINT,parC_E84K=POINT,tet(38)=COMPLETE",,"ciprofloxacin=S,clindamycin=R,erythromycin=R,gentamicin=R,oxacillin=S,penicillin=R,vancomycin=S"
Staphylococcus aureus,,"""PC0060"",""PC0060a-S0060"",""SRS11792391""",,PDT001516482.1,2022-12-07T22:44:27Z,Australia: Queensland,sputum,clinical,,,,,SAMN25295762,GCA_026740275.1,"blaI=COMPLETE,blaR1=PARTIAL_END_OF_CONTIG,blaZ=COMPLETE,folP_S18L=POINT,fosB=COMPLETE,glpT_A100V=POINT,glpT_V213I=POINT,mepA=COMPLETE,murA_D278E=POINT,murA_E291D=POINT,tet(38)=COMPLETE",,"ciprofloxacin=S,clindamycin=S,erythromycin=R,fusidic acid=S,gentamicin=R,oxacillin=S,penicillin=R,rifampin=S,tetracycline=S,vancomycin=S"
Staphylococcus aureus,,"""PC0059"",""PC0059d-S0261"",""SRS11792390""",,PDT001516483.1,2022-12-07T22:44:27Z,Australia: Queensland,sputum,clinical,,PDS000127158.1,7.0,,SAMN25295761,GCA_026741335.1,"ant(9)-Ia=COMPLETE,blaI=COMPLETE,blaPC1=COMPLETE,blaR1=PARTIAL_END_OF_CONTIG,blaZ=COMPLETE,erm(A)=COMPLETE,fosB=COMPLETE,glpT_A100V=POINT,glpT_V213I=POINT,mepA=COMPLETE,murA_D278E=POINT,murA_E291D=POINT,tet(38)=COMPLETE",,"ciprofloxacin=S,clindamycin=R,daptomycin=S,erythromycin=R,fusidic acid=S,gentamicin=S,linezolid=S,mupirocin=S,nitrofurantoin=S,oxacillin=S,penicillin=R,rifampin=S,teicoplanin=S,tetracycline=S,vancomycin=S"
Staphylococcus aureus,,"""PC0059"",""PC0059c-S0089"",""SRS11792389""",,PDT001516484.1,2022-12-07T22:44:27Z,Australia: Queensland,sputum,clinical,,PDS000127158.1,7.0,,SAMN25295760,GCA_026741355.1,"ant(9)-Ia=COMPLETE,blaI=COMPLETE,blaPC1=COMPLETE,erm(A)=COMPLETE,fosB=COMPLETE,glpT_A100V=POINT,glpT_V213I=POINT,mepA=COMPLETE,murA_D278E=POINT,murA_E291D=POINT,tet(38)=COMPLETE",,"ciprofloxacin=S,clindamycin=R,daptomycin=S,erythromycin=R,fusidic acid=S,gentamicin=S,linezolid=S,mupirocin=S,nitrofurantoin=S,oxacillin=S,penicillin=R,rifampin=S,teicoplanin=S,tetracycline=S,vancomycin=S"
Staphylococcus aureus,,"""PC0059"",""PC0059b-S0078"",""SRS11792388""",,PDT001516485.1,2022-12-07T22:44:28Z,Australia: Queensland,sputum,clinical,,PDS000127159.1,19.0,,SAMN25295759,GCA_026740235.1,"ant(9)-Ia=COMPLETE,blaI=COMPLETE,blaR1=HMM,blaZ=COMPLETE,erm(A)=COMPLETE,fosB=COMPLETE,mepA=COMPLETE,tet(38)=COMPLETE",,"ciprofloxacin=S,clindamycin=R,daptomycin=S,erythromycin=R,fusidic acid=S,gentamicin=S,linezolid=S,mupirocin=S,nitrofurantoin=S,oxacillin=S,penicillin=R,rifampin=S,teicoplanin=S,tetracycline=S,vancomycin=S"
Staphylococcus aureus,,"""PC0059"",""PC0059a-S0059"",""SRS11792387""",,PDT001516486.1,2022-12-07T22:44:28Z,Australia: Queensland,sputum,clinical,,PDS000127159.1,19.0,,SAMN25295758,GCA_026740195.1,"ant(9)-Ia=COMPLETE,blaI=COMPLETE,blaI=PARTIAL_END_OF_CONTIG,blaZ=COMPLETE,erm(A)=COMPLETE,fosB=COMPLETE,mepA=COMPLETE,tet(38)=COMPLETE",,"ciprofloxacin=S,clindamycin=S,erythromycin=R,gentamicin=S,nitrofurantoin=S,oxacillin=S,penicillin=R,rifampin=S,tetracycline=S,vancomycin=S"
Staphylococcus aureus,,"""PC0054"",""PC0054-S0054"",""SRS11792373""",,PDT001516500.1,2022-12-07T22:44:30Z,Australia: Queensland,Swab (Sputum),clinical,,,,,SAMN25295745,GCA_026740215.1,"ant(9)-Ia=PARTIAL,blaI=COMPLETE,blaR1=HMM,blaZ=COMPLETE,erm(A)=COMPLETE,fosB=COMPLETE,mepA=COMPLETE,tet(38)=COMPLETE",,"ciprofloxacin=S,clindamycin=R,daptomycin=S,erythromycin=R,fusidic acid=S,gentamicin=S,linezolid=S,mupirocin=S,nitrofurantoin=S,oxacillin=S,penicillin=R,rifampin=S,teicoplanin=S,tetracycline=S,vancomycin=S"
Staphylococcus aureus,,"""PC0001"",""PC0001a-S0001"",""SRS11792358""",,PDT001516603.1,2022-12-07T23:49:22Z,Australia: Queensland,sputum,clinical,,,,,SAMN25295634,GCA_026737235.1,"ant(9)-Ia=COMPLETE,blaI=COMPLETE,blaR1=COMPLETE,blaZ=COMPLETE,erm(A)=COMPLETE,mepA=COMPLETE,tet(38)=COMPLETE",,"ciprofloxacin=S,clindamycin=R,daptomycin=S,erythromycin=R,fusidic acid=S,gentamicin=S,linezolid=S,mupirocin=S,nitrofurantoin=S,oxacillin=S,penicillin=R,rifampin=S,teicoplanin=S,tetracycline=S,vancomycin=S"
Staphylococcus aureus,BSN07S,"""BSN07S"",""Staphylococcus aureus str BSN07S""",,PDT001785231.1,2023-06-21T03:06:19Z,"USA: Detroit, MI",blood,clinical,,PDS000126540.16,0.0,,SAMN35723872,GCA_030297755.1,"ant(6)-Ia=MISTRANSLATION,aph(3')-IIIa=COMPLETE,blaI=COMPLETE,blaR1=COMPLETE,blaZ=COMPLETE,erm(C)=COMPLETE,fosB=COMPLETE,gyrA_S84L=POINT,mecA=COMPLETE,mecR1=PARTIAL,mepA=COMPLETE,mph(C)=COMPLETE,msr(A)=COMPLETE,murA_G257D=POINT,parC_S80Y=POINT,sat4=COMPLETE,tet(38)=COMPLETE",,"clindamycin=R,daptomycin=S,erythromycin=R,gentamicin=S,linezolid=S,oxacillin=R,rifampin=S,trimethoprim-sulfamethoxazole=S,vancomycin=S"
Staphylococcus aureus,BSN07R,"""BSN07R"",""Staphylococcus aureus str BSN07R""",,PDT001785232.1,2023-06-21T03:22:57Z,"USA: Detroit, MI",blood,clinical,,PDS000126540.16,5.0,,SAMN35723871,GCA_030299555.1,"erm(C)=COMPLETE,fosB=COMPLETE,gyrA_S84L=POINT,mecA=COMPLETE,mecR1=PARTIAL,mepA=COMPLETE,mprF_S295L=POINT,murA_G257D=POINT,parC_S80Y=POINT,tet(38)=COMPLETE",,"ceftaroline=S,clindamycin=R,daptomycin=R,erythromycin=R,gentamicin=S,linezolid=S,oxacillin=R,rifampin=S,trimethoprim-sulfamethoxazole=S,vancomycin=S"
Staphylococcus aureus,BSN03,"""BSN03"",""Staphylococcus aureus str BSN03""",,PDT001791591.2,2024-09-24T03:45:58Z,"USA: Detroit, MI",blood,clinical,,,,,SAMN35751342,GCA_030342395.2,"ant(6)-Ia=MISTRANSLATION,aph(3')-IIIa=COMPLETE,blaI=COMPLETE,blaR1=COMPLETE,blaZ=COMPLETE,fosB=COMPLETE,mepA=COMPLETE,mph(C)=COMPLETE,msr(A)=COMPLETE,murA_G257D=POINT,sat4=COMPLETE,tet(38)=COMPLETE",,"clindamycin=S,erythromycin=R,gentamicin=S,oxacillin=S,penicillin=R,rifampin=S,trimethoprim-sulfamethoxazole=S,vancomycin=S"
Staphylococcus aureus,BSN01,"""BSN01"",""Staphylococcus aureus str BSN01""",,PDT001791593.2,2024-09-16T22:41:13Z,"USA: Detroit, MI",blood,clinical,,,,,SAMN35751024,GCA_030342405.2,"ant(9)-Ia=COMPLETE,blaI=COMPLETE,blaR1=COMPLETE,blaZ=COMPLETE,erm(A)=COMPLETE,glpT_A100V=POINT,mepA=COMPLETE,murA_E291D=POINT,murA_T396N=POINT,tet(38)=COMPLETE",,"clindamycin=R,erythromycin=R,gentamicin=S,oxacillin=S,penicillin=R,rifampin=S,trimethoprim-sulfamethoxazole=S,vancomycin=S"
Staphylococcus aureus,BSN04,"""BSN04"",""Staphylococcus aureus str BSN04""",,PDT001791594.2,2024-09-16T22:56:54Z,"USA: Detroit, MI",blood,clinical,,PDS000177765.2,22.0,,SAMN35751746,GCA_030342445.2,"aadD1=COMPLETE,ant(9)-Ia=COMPLETE,blaI=COMPLETE,blaR1=COMPLETE,blaZ=COMPLETE,bleO=COMPLETE,erm(A)=COMPLETE,fosB=COMPLETE,gyrA_S84L=POINT,mecA=COMPLETE,mecI=COMPLETE,mecR1=COMPLETE,mepA=COMPLETE,parC_S80F=POINT,tet(38)=COMPLETE",,"clindamycin=R,daptomycin=S,erythromycin=R,gentamicin=S,linezolid=S,oxacillin=R,rifampin=S,trimethoprim-sulfamethoxazole=S,vancomycin=S"
Staphylococcus aureus,BSN05,"""BSN05"",""Staphylococcus aureus str BSN05""",,PDT001791596.2,2024-09-24T04:01:47Z,"USA: Detroit, MI",blood,clinical,,PDS000126540.16,4.0,,SAMN35758936,GCA_030342475.2,"ant(6)-Ia=MISTRANSLATION,aph(3')-IIIa=COMPLETE,blaI=COMPLETE,blaR1=COMPLETE,blaZ=COMPLETE,erm(C)=COMPLETE,erm(C)=PARTIAL_END_OF_CONTIG,fosB=COMPLETE,gyrA_S84L=POINT,mecA=COMPLETE,mecR1=PARTIAL,mepA=COMPLETE,mph(C)=COMPLETE,msr(A)=COMPLETE,murA_G257D=POINT,parC_S80Y=POINT,sat4=COMPLETE,tet(38)=COMPLETE",,"clindamycin=R,daptomycin=S,erythromycin=R,gentamicin=S,linezolid=S,oxacillin=R,rifampin=S,trimethoprim-sulfamethoxazole=S,vancomycin=S"
Staphylococcus aureus,BSN12,"""BSN12"",""Staphylococcus aureus str BSN12""",,PDT001807324.2,2024-09-16T21:38:37Z,"USA: Detroit, MI",blood,clinical,,,,,SAMN35839792,GCA_030382025.2,"blaI=COMPLETE,blaR1=COMPLETE,blaZ=COMPLETE,erm(C)=COMPLETE,fexA=COMPLETE,fexA_A37V=POINT,fexA_G33A=POINT,fosB=COMPLETE,mecA=COMPLETE,mecR1=PARTIAL,mepA=COMPLETE,tet(38)=COMPLETE,tet(M)=COMPLETE",,"clindamycin=R,daptomycin=S,erythromycin=R,gentamicin=S,linezolid=S,oxacillin=R,rifampin=S,trimethoprim-sulfamethoxazole=S,vancomycin=S"
Staphylococcus aureus,BSN10,"""BSN10"",""Staphylococcus aureus str BSN10""",,PDT001807325.2,2024-09-16T21:23:01Z,"USA: Detroit, MI",blood,clinical,,,,,SAMN35839449,GCA_030382045.2,"ant(9)-Ia=COMPLETE,blaI=COMPLETE,blaR1=COMPLETE,blaZ=COMPLETE,erm(A)=COMPLETE,glpT_A100V=POINT,mepA=COMPLETE,murA_E291D=POINT,murA_T396N=POINT,tet(38)=COMPLETE",,"clindamycin=R,erythromycin=R,gentamicin=S,oxacillin=S,penicillin=R,rifampin=S,trimethoprim-sulfamethoxazole=S,vancomycin=S"
Staphylococcus aureus,,"""BWH_1216_S_aur"",""SRS18432389""",,PDT001830422.2,2024-02-18T00:57:28Z,USA:Boston,Nasal perirectal swab,clinical,,PDS000126315.6,3.0,,SAMN36726475,GCA_032338515.2,"blaI=COMPLETE,blaR1=HMM,blaZ=COMPLETE,erm(T)=COMPLETE,glpT_A100V=POINT,glpT_F3I=POINT,mepA=COMPLETE,murA_D278E=POINT,murA_E291D=POINT,tet(38)=COMPLETE",,"ceftaroline=S,ciprofloxacin=S,clindamycin=R,daptomycin=S,erythromycin=R,gentamicin=S,levofloxacin=S,linezolid=S,minocycline=S,moxifloxacin=S,oxacillin=S,rifampin=S,tetracycline=S,tigecycline=S,trimethoprim-sulfamethoxazole=S,vancomycin=S"
Staphylococcus aureus,,"""BWH_1340_S_aur"",""SRS18432371""",,PDT001830438.2,2024-02-07T13:06:35Z,USA:Boston,Nasal perirectal swab,clinical,,PDS000174062.2,7.0,,SAMN36726433,GCA_032338335.2,"blaI=COMPLETE,blaR1=HMM,blaZ=COMPLETE,erm(T)=COMPLETE,glpT_A100V=POINT,glpT_F3I=POINT,mepA=COMPLETE,murA_D278E=POINT,murA_E291D=POINT,tet(38)=COMPLETE",,"ceftaroline=S,ciprofloxacin=S,clindamycin=R,daptomycin=S,erythromycin=R,gentamicin=S,levofloxacin=S,linezolid=S,minocycline=S,moxifloxacin=S,oxacillin=S,rifampin=S,tetracycline=S,tigecycline=S,trimethoprim-sulfamethoxazole=S,vancomycin=S"
Staphylococcus aureus,,"""BWH_1006_S_aur"",""SRS18432323""",,PDT001830484.2,2024-02-21T03:17:23Z,USA:Boston,Nasal perirectal swab,clinical,,PDS000154298.5,2.0,,SAMN36726440,GCA_032337695.2,"aac(6')-Ie/aph(2'')-Ia=COMPLETE,blaI=COMPLETE,blaR1=HMM,blaZ=COMPLETE,erm(T)=COMPLETE,glpT_A100V=POINT,glpT_F3I=POINT,mepA=COMPLETE,murA_D278E=POINT,murA_E291D=POINT,tet(38)=COMPLETE",,"ceftaroline=S,ciprofloxacin=S,clindamycin=R,daptomycin=S,erythromycin=R,gentamicin=S,levofloxacin=S,linezolid=S,minocycline=S,moxifloxacin=S,oxacillin=S,rifampin=S,tetracycline=S,tigecycline=S,trimethoprim-sulfamethoxazole=S,vancomycin=S"
Staphylococcus aureus,,"""BWH_1217_S_aur"",""SRS18432525""",,PDT001830500.3,2024-02-17T23:06:28Z,USA:Boston,Nasal perirectal swab,clinical,,PDS000126315.6,4.0,,SAMN36726699,GCA_031776615.2,"blaI=COMPLETE,blaR1=HMM,blaZ=COMPLETE,erm(T)=COMPLETE,glpT_A100V=POINT,glpT_F3I=POINT,mepA=COMPLETE,murA_D278E=POINT,murA_E291D=POINT,tet(38)=COMPLETE",,"ceftaroline=S,ciprofloxacin=S,clindamycin=R,daptomycin=S,erythromycin=R,gentamicin=S,levofloxacin=S,linezolid=S,minocycline=S,moxifloxacin=S,oxacillin=S,rifampin=S,tetracycline=S,tigecycline=S,trimethoprim-sulfamethoxazole=S,vancomycin=S"
Staphylococcus aureus,,"""BWH_1344_S_aur"",""SRS18432517""",,PDT001830508.2,2024-02-18T08:07:26Z,USA:Boston,Nasal perirectal swab,clinical,,,,,SAMN36726692,GCA_032336825.2,"erm(T)=COMPLETE,glpT_A100V=POINT,glpT_F3I=POINT,ileS_V588F=POINT,mepA=COMPLETE,murA_D278E=POINT,murA_E291D=POINT,tet(38)=COMPLETE",,"ceftaroline=S,ciprofloxacin=S,clindamycin=R,daptomycin=S,erythromycin=R,gentamicin=S,levofloxacin=S,linezolid=S,minocycline=S,moxifloxacin=S,oxacillin=S,rifampin=S,tetracycline=S,tigecycline=S,trimethoprim-sulfamethoxazole=S,vancomycin=S"
Staphylococcus aureus,,"""BWH_1100_S_aur"",""SRS18432511""",,PDT001830514.2,2024-02-17T21:02:36Z,USA:Boston,Nasal perirectal swab,clinical,,,,,SAMN36726686,GCA_032336645.2,"blaI=COMPLETE,blaR1=HMM,blaZ=COMPLETE,erm(T)=COMPLETE,glpT_A100V=POINT,glpT_F3I=POINT,mepA=COMPLETE,murA_D278E=POINT,murA_E291D=POINT,tet(38)=COMPLETE",,"ceftaroline=S,ciprofloxacin=S,clindamycin=R,daptomycin=S,erythromycin=R,gentamicin=S,levofloxacin=S,linezolid=S,minocycline=S,moxifloxacin=S,oxacillin=S,rifampin=S,tetracycline=S,tigecycline=S,trimethoprim-sulfamethoxazole=S,vancomycin=S"
Staphylococcus aureus,,"""BWH_774_S_aur"",""SRS18432479""",,PDT001830542.3,2024-02-18T08:07:27Z,USA:Boston,Nasal perirectal swab,clinical,,PDS000115304.7,3.0,,SAMN36726632,GCA_031776575.2,"ant(9)-Ia=MISTRANSLATION,blaI=COMPLETE,blaR1=HMM,blaZ=COMPLETE,erm(A)=COMPLETE,fosB=COMPLETE,mepA=COMPLETE,tet(38)=COMPLETE",,"ceftaroline=S,ciprofloxacin=S,clindamycin=R,daptomycin=S,erythromycin=R,gentamicin=S,levofloxacin=S,linezolid=S,minocycline=S,moxifloxacin=S,oxacillin=S,rifampin=S,tetracycline=S,tigecycline=S,trimethoprim-sulfamethoxazole=S,vancomycin=S"
Staphylococcus aureus,,"""BWH_1099_S_aur"",""SRS18432664""",,PDT001830633.2,2024-02-21T03:17:24Z,USA:Boston,Nasal perirectal swab,clinical,,,,,SAMN36727313,GCA_032333935.2,"ant(6)-Ia=PARTIAL,aph(3')-IIIa=COMPLETE,fosB=COMPLETE,mepA=COMPLETE,mph(C)=COMPLETE,msr(A)=COMPLETE,sat4=COMPLETE,tet(38)=COMPLETE",,"ceftaroline=S,ciprofloxacin=S,clindamycin=S,daptomycin=S,erythromycin=R,gentamicin=S,levofloxacin=S,linezolid=S,minocycline=S,moxifloxacin=S,oxacillin=S,rifampin=S,tetracycline=S,tigecycline=S,trimethoprim-sulfamethoxazole=S,vancomycin=S"
Staphylococcus aureus,,"""BWH_1166_S_aur"",""SRS18432655""",,PDT001830642.2,2024-02-18T00:57:28Z,USA:Boston,Nasal perirectal swab,clinical,,,,,SAMN36727305,GCA_032333875.2,"ant(9)-Ia=COMPLETE,blaI=COMPLETE,blaR1=HMM,blaZ=COMPLETE,erm(A)=COMPLETE,fosB=COMPLETE,glpT_A100V=POINT,glpT_V213I=POINT,mepA=COMPLETE,murA_D278E=POINT,murA_E291D=POINT,tet(38)=COMPLETE",,"ceftaroline=S,ciprofloxacin=S,clindamycin=R,daptomycin=S,erythromycin=R,gentamicin=S,levofloxacin=S,linezolid=S,minocycline=S,moxifloxacin=S,oxacillin=S,rifampin=S,tetracycline=S,tigecycline=S,trimethoprim-sulfamethoxazole=S,vancomycin=S"
Staphylococcus aureus,,"""BWH_1098_S_aur"",""SRS18432652""",,PDT001830645.2,2024-02-17T03:18:39Z,USA:Boston,Nasal perirectal swab,clinical,,,,,SAMN36727274,GCA_032333775.2,"ant(6)-Ia=PARTIAL,aph(3')-IIIa=COMPLETE,blaI=COMPLETE,blaR1=COMPLETE,blaZ=COMPLETE,glpT_A100V=POINT,mepA=COMPLETE,mph(C)=COMPLETE,msr(A)=COMPLETE,murA_E291D=POINT,murA_T396N=POINT,sat4=COMPLETE,tet(38)=COMPLETE",,"ceftaroline=S,ciprofloxacin=S,clindamycin=S,daptomycin=S,erythromycin=R,gentamicin=S,levofloxacin=S,linezolid=S,minocycline=S,moxifloxacin=S,oxacillin=S,rifampin=S,tetracycline=S,tigecycline=S,trimethoprim-sulfamethoxazole=S,vancomycin=S"
Staphylococcus aureus,,"""BWH_867_S_aur"",""SRS18432641""",,PDT001830656.2,2024-02-07T07:09:44Z,USA:Boston,Nasal perirectal swab,clinical,,,,,SAMN36727332,GCA_032333655.2,"ant(9)-Ia=PARTIAL,blaI=COMPLETE,blaR1=HMM,blaZ=COMPLETE,erm(A)=COMPLETE,fosB=COMPLETE,mepA=COMPLETE,tet(38)=COMPLETE",,"ceftaroline=S,ciprofloxacin=S,clindamycin=R,daptomycin=S,erythromycin=R,gentamicin=S,levofloxacin=S,linezolid=S,minocycline=S,moxifloxacin=S,oxacillin=S,rifampin=S,tetracycline=S,tigecycline=S,trimethoprim-sulfamethoxazole=S,vancomycin=S"
Staphylococcus aureus,,"""BWH_1004_S_aur"",""SRS18432631""",,PDT001830666.1,2023-07-27T17:50:11Z,USA:Boston,Nasal perirectal swab,clinical,,PDS000154298.5,2.0,,SAMN36727297,GCA_032333475.1,"aac(6')-Ie/aph(2'')-Ia=COMPLETE,blaI=COMPLETE,blaR1=HMM,blaZ=COMPLETE,erm(T)=COMPLETE,glpT_A100V=POINT,glpT_F3I=POINT,mepA=COMPLETE,murA_D278E=POINT,murA_E291D=POINT,tet(38)=COMPLETE",,"ceftaroline=S,ciprofloxacin=S,clindamycin=R,daptomycin=S,erythromycin=R,gentamicin=S,levofloxacin=S,linezolid=S,minocycline=S,moxifloxacin=S,oxacillin=S,rifampin=S,tetracycline=S,tigecycline=S,trimethoprim-sulfamethoxazole=S,vancomycin=S"
Staphylococcus aureus,,"""BWH_865_S_aur"",""SRS18432624""",,PDT001830673.2,2024-02-07T14:57:30Z,USA:Boston,Nasal perirectal swab,clinical,,,,,SAMN36727291,GCA_032333435.2,"ant(9)-Ia=COMPLETE,blaI=COMPLETE,blaPC1=COMPLETE,blaR1=COMPLETE,erm(A)=COMPLETE,fosB=COMPLETE,glpT_A100V=POINT,glpT_V213I=POINT,mepA=COMPLETE,murA_D278E=POINT,murA_E291D=POINT,tet(38)=COMPLETE",,"ceftaroline=S,ciprofloxacin=S,clindamycin=R,daptomycin=S,erythromycin=R,gentamicin=S,levofloxacin=S,linezolid=S,minocycline=S,moxifloxacin=S,oxacillin=S,rifampin=S,tetracycline=S,tigecycline=S,trimethoprim-sulfamethoxazole=S,vancomycin=S"
Staphylococcus aureus,,"""BWH_1005_S_aur"",""SRS18432614""",,PDT001830682.2,2024-02-19T17:04:23Z,USA:Boston,Nasal perirectal swab,clinical,,,,,SAMN36727282,GCA_032333275.2,"blaI=COMPLETE,blaR1=HMM,blaZ=COMPLETE,erm(T)=COMPLETE,glpT_A100V=POINT,glpT_F3I=POINT,mepA=COMPLETE,murA_D278E=POINT,murA_E291D=POINT,tet(38)=COMPLETE",,"ceftaroline=S,ciprofloxacin=S,clindamycin=R,daptomycin=S,erythromycin=R,gentamicin=S,levofloxacin=S,linezolid=S,minocycline=S,moxifloxacin=S,oxacillin=S,rifampin=S,tetracycline=S,tigecycline=S,trimethoprim-sulfamethoxazole=S,vancomycin=S"
Staphylococcus aureus,,"""BWH_1003_S_aur"",""SRS18432613""",,PDT001830683.1,2023-07-27T17:50:14Z,USA:Boston,Nasal perirectal swab,clinical,,,,,SAMN36727281,GCA_032333235.1,"ant(6)-Ia=MISTRANSLATION,aph(3')-IIIa=COMPLETE,blaI=COMPLETE,blaR1=MISTRANSLATION,blaZ=COMPLETE,fosB=COMPLETE,mecA=COMPLETE,mecR1=PARTIAL,mepA=COMPLETE,mph(C)=COMPLETE,msr(A)=COMPLETE,murA_G257D=POINT,sat4=COMPLETE,tet(38)=COMPLETE",,"ceftaroline=S,ciprofloxacin=S,clindamycin=S,daptomycin=S,erythromycin=R,gentamicin=S,levofloxacin=S,linezolid=S,minocycline=S,moxifloxacin=S,oxacillin=R,rifampin=S,tetracycline=S,tigecycline=S,trimethoprim-sulfamethoxazole=S,vancomycin=S"
Staphylococcus aureus,,"""BWH_842_S_aur"",""SRS18433912""",,PDT001830755.1,2023-07-27T18:47:37Z,USA:Boston,Nasal perirectal swab,clinical,,PDS000154296.2,0.0,,SAMN36729167,GCA_032332435.1,"blaI=COMPLETE,blaR1=HMM,blaZ=COMPLETE,erm(T)=COMPLETE,glpT_A100V=POINT,glpT_F3I=POINT,mepA=COMPLETE,murA_D278E=POINT,murA_E291D=POINT,tet(38)=COMPLETE",,"ceftaroline=S,ciprofloxacin=S,clindamycin=R,daptomycin=S,erythromycin=R,gentamicin=S,levofloxacin=S,linezolid=S,minocycline=S,moxifloxacin=S,oxacillin=S,rifampin=S,tetracycline=S,tigecycline=S,trimethoprim-sulfamethoxazole=S,vancomycin=S"
Staphylococcus aureus,,"""BWH_914_S_aur"",""SRS18433907""",,PDT001830760.2,2024-02-19T04:57:00Z,USA:Boston,Nasal perirectal swab,clinical,,,,,SAMN36729161,GCA_032332315.2,"blaI=COMPLETE,blaR1=COMPLETE,blaZ=COMPLETE,blaZ=PARTIAL_END_OF_CONTIG,mepA=COMPLETE,msr(A)=COMPLETE,tet(38)=COMPLETE",,"ceftaroline=S,ciprofloxacin=S,clindamycin=S,daptomycin=S,erythromycin=R,gentamicin=S,levofloxacin=S,linezolid=S,minocycline=S,moxifloxacin=S,oxacillin=S,rifampin=S,tetracycline=S,tigecycline=S,trimethoprim-sulfamethoxazole=S,vancomycin=S"
Staphylococcus aureus,,"""BWH_801_S_aur"",""SRS18433903""",,PDT001830761.1,2023-07-27T18:47:39Z,USA:Boston,Nasal perirectal swab,clinical,,,,,SAMN36728917,GCA_032332335.1,"blaI=COMPLETE,blaR1=HMM,blaZ=COMPLETE,erm(T)=COMPLETE,glpT_A100V=POINT,glpT_F3I=POINT,mepA=COMPLETE,murA_D278E=POINT,murA_E291D=POINT,tet(38)=COMPLETE",,"ceftaroline=S,ciprofloxacin=S,clindamycin=R,daptomycin=S,erythromycin=R,gentamicin=S,levofloxacin=S,linezolid=S,minocycline=S,moxifloxacin=S,oxacillin=S,rifampin=S,tetracycline=S,tigecycline=S,trimethoprim-sulfamethoxazole=S,vancomycin=S"
Staphylococcus aureus,,"""BWH_1050_S_aur"",""SRS18433887""",,PDT001830776.2,2024-02-17T07:04:50Z,USA:Boston,blood,clinical,,,,,SAMN36729144,GCA_032332035.2,"ant(9)-Ia=COMPLETE,blaI=COMPLETE,blaPC1=COMPLETE,blaR1=COMPLETE,erm(A)=COMPLETE,gyrA_S84L=POINT,mepA=COMPLETE,parC_S80F=POINT,tet(38)=COMPLETE,tet(M)=COMPLETE",,"ceftaroline=S,ciprofloxacin=R,clindamycin=R,daptomycin=S,erythromycin=R,gentamicin=S,levofloxacin=R,linezolid=S,minocycline=S,moxifloxacin=R,oxacillin=S,penicillin=R,rifampin=S,tetracycline=R,tigecycline=S,trimethoprim-sulfamethoxazole=S,vancomycin=S"
Staphylococcus aureus,,"""BWH_776_S_aur"",""SRS18433886""",,PDT001830777.2,2024-02-21T19:07:39Z,USA:Boston,Nasal perirectal swab,clinical,,PDS000154294.3,1.0,,SAMN36729143,GCA_032332015.2,"aadD1=COMPLETE,ant(6)-Ia=PARTIAL,aph(3')-IIIa=COMPLETE,blaI=COMPLETE,blaR1=HMM,blaZ=COMPLETE,bleO=COMPLETE,dfrS1=COMPLETE,fosB=COMPLETE,gyrA_S84L=POINT,mecA=COMPLETE,mecR1=PARTIAL,mepA=COMPLETE,mph(C)=COMPLETE,msr(A)=COMPLETE,parC_S80F=POINT,sat4=COMPLETE,tet(38)=COMPLETE,tet(K)=COMPLETE",,"ceftaroline=S,ciprofloxacin=R,clindamycin=S,daptomycin=S,erythromycin=R,gentamicin=S,levofloxacin=R,linezolid=S,minocycline=S,moxifloxacin=R,oxacillin=R,rifampin=S,tetracycline=R,tigecycline=S,trimethoprim-sulfamethoxazole=S,vancomycin=S"
Staphylococcus aureus,,"""BWH_1262_S_aur"",""SRS18433855""",,PDT001830806.2,2024-02-07T17:09:24Z,USA:Boston,Nasal perirectal swab,clinical,,,,,SAMN36728936,GCA_032331695.2,"aadD1=COMPLETE,ant(6)-Ia=PARTIAL,aph(3')-IIIa=COMPLETE,blaI=COMPLETE,blaR1=HMM,blaZ=COMPLETE,bleO=COMPLETE,fosB=COMPLETE,mecA=COMPLETE,mecR1=PARTIAL,mepA=COMPLETE,mph(C)=COMPLETE,msr(A)=COMPLETE,sat4=COMPLETE,tet(38)=COMPLETE,tet(K)=COMPLETE",,"ceftaroline=S,ciprofloxacin=S,clindamycin=S,daptomycin=S,erythromycin=R,gentamicin=S,levofloxacin=S,linezolid=S,minocycline=S,moxifloxacin=S,oxacillin=R,rifampin=S,tetracycline=R,tigecycline=S,trimethoprim-sulfamethoxazole=S,vancomycin=S"
Staphylococcus aureus,,"""BWH_1131_S_aur"",""SRS18433830""",,PDT001830829.1,2023-07-27T18:47:52Z,USA:Boston,Nasal perirectal swab,clinical,,PDS000154298.5,2.0,,SAMN36729179,GCA_032331415.1,"aac(6')-Ie/aph(2'')-Ia=COMPLETE,blaI=COMPLETE,blaR1=HMM,blaZ=COMPLETE,erm(T)=COMPLETE,glpT_A100V=POINT,glpT_F3I=POINT,mepA=COMPLETE,murA_D278E=POINT,murA_E291D=POINT,tet(38)=COMPLETE",,"ceftaroline=S,ciprofloxacin=S,clindamycin=R,daptomycin=S,erythromycin=R,gentamicin=S,levofloxacin=S,linezolid=S,minocycline=S,moxifloxacin=S,oxacillin=S,rifampin=S,tetracycline=S,tigecycline=S,trimethoprim-sulfamethoxazole=S,vancomycin=S"
Staphylococcus aureus,,"""BWH_1338_S_aur"",""SRS18433819""",,PDT001830839.1,2023-07-27T18:47:54Z,USA:Boston,Nasal perirectal swab,clinical,,PDS000115304.7,3.0,,SAMN36728918,GCA_032331295.1,"ant(9)-Ia=MISTRANSLATION,blaI=COMPLETE,blaR1=HMM,blaZ=COMPLETE,erm(A)=COMPLETE,fosB=COMPLETE,mepA=COMPLETE,tet(38)=COMPLETE",,"ceftaroline=S,ciprofloxacin=S,clindamycin=R,daptomycin=S,erythromycin=R,gentamicin=S,levofloxacin=S,linezolid=S,minocycline=S,moxifloxacin=S,oxacillin=S,rifampin=S,tetracycline=S,tigecycline=S,trimethoprim-sulfamethoxazole=S,vancomycin=S"
Staphylococcus aureus,,"""BWH_1335_S_aur"",""SRS18433811""",,PDT001830847.2,2024-02-19T17:04:24Z,USA:Boston,Nasal perirectal swab,clinical,,,,,SAMN36729111,GCA_032331175.2,"aadD1=COMPLETE,ant(6)-Ia=PARTIAL,aph(3')-IIIa=COMPLETE,blaI=COMPLETE,blaR1=HMM,blaZ=COMPLETE,bleO=COMPLETE,fosB=COMPLETE,mecA=COMPLETE,mecR1=PARTIAL,mepA=COMPLETE,mph(C)=COMPLETE,msr(A)=COMPLETE,sat4=COMPLETE,tet(38)=COMPLETE,tet(K)=COMPLETE",,"ceftaroline=S,ciprofloxacin=S,clindamycin=R,daptomycin=S,erythromycin=R,gentamicin=S,levofloxacin=S,linezolid=S,minocycline=S,moxifloxacin=S,oxacillin=R,rifampin=S,tetracycline=R,tigecycline=S,trimethoprim-sulfamethoxazole=S,vancomycin=S"
Staphylococcus aureus,,"""BWH_802_S_aur"",""SRS18433796""",,PDT001830862.3,2024-02-17T17:10:18Z,USA:Boston,Nasal perirectal swab,clinical,,,,,SAMN36729097,GCA_031776225.2,"erm(T)=COMPLETE,glpT_A100V=POINT,glpT_F3I=POINT,mepA=COMPLETE,murA_D278E=POINT,murA_E291D=POINT,tet(38)=COMPLETE",,"ceftaroline=S,ciprofloxacin=S,clindamycin=R,daptomycin=S,erythromycin=R,gentamicin=S,levofloxacin=S,linezolid=S,minocycline=S,moxifloxacin=S,oxacillin=S,rifampin=S,tetracycline=S,tigecycline=S,trimethoprim-sulfamethoxazole=S,vancomycin=S"
Staphylococcus aureus,,"""BWH_1343_S_aur"",""SRS18433788""",,PDT001830869.2,2024-02-19T21:56:30Z,USA:Boston,Nasal perirectal swab,clinical,,PDS000120115.8,9.0,,SAMN36729066,GCA_032330855.2,"ant(9)-Ia=COMPLETE,blaI=COMPLETE,blaPC1=COMPLETE,blaR1=COMPLETE,erm(A)=COMPLETE,fosB=COMPLETE,glpT_A100V=POINT,glpT_V213I=POINT,mepA=COMPLETE,murA_D278E=POINT,murA_E291D=POINT,tet(38)=COMPLETE",,"ceftaroline=S,ciprofloxacin=S,clindamycin=R,daptomycin=S,erythromycin=R,gentamicin=S,levofloxacin=S,minocycline=S,moxifloxacin=S,oxacillin=S,rifampin=S,tetracycline=S,tigecycline=S,trimethoprim-sulfamethoxazole=S,vancomycin=S"
Staphylococcus aureus,,"""BWH_1143_S_aur"",""SRS18433701""",,PDT001830951.2,2024-02-21T19:07:41Z,USA:Boston,Nasal perirectal swab,clinical,,,,,SAMN36729038,GCA_032329775.2,"ant(6)-Ia=MISTRANSLATION,aph(3')-IIIa=COMPLETE,blaI=COMPLETE,blaR1=COMPLETE,blaZ=COMPLETE,fosB=COMPLETE,gyrA_S84A=POINT,mecA=COMPLETE,mecR1=PARTIAL,mepA=COMPLETE,mph(C)=COMPLETE,msr(A)=COMPLETE,murA_G257D=POINT,parC_S80Y=POINT,sat4=COMPLETE,tet(38)=COMPLETE",,"ceftaroline=S,ciprofloxacin=R,clindamycin=S,daptomycin=S,erythromycin=R,gentamicin=S,levofloxacin=R,linezolid=S,minocycline=S,moxifloxacin=I,oxacillin=R,rifampin=S,tetracycline=S,tigecycline=S,trimethoprim-sulfamethoxazole=S,vancomycin=S"
Staphylococcus aureus,,"""BWH_797_S_aur"",""SRS18433667""",,PDT001830981.1,2023-07-27T18:48:23Z,USA:Boston,Nasal perirectal swab,clinical,,PDS000181460.1,24.0,,SAMN36729133,GCA_032329305.1,"erm(T)=COMPLETE,glpT_A100V=POINT,glpT_F3I=POINT,mepA=COMPLETE,murA_D278E=POINT,murA_E291D=POINT,tet(38)=COMPLETE",,"ceftaroline=S,ciprofloxacin=S,clindamycin=R,daptomycin=S,erythromycin=R,gentamicin=S,levofloxacin=S,linezolid=S,minocycline=S,moxifloxacin=S,oxacillin=S,rifampin=S,tetracycline=S,tigecycline=S,trimethoprim-sulfamethoxazole=S,vancomycin=S"
Staphylococcus aureus,,"""BWH_821_S_aur"",""SRS18433645""",,PDT001831000.2,2024-02-19T04:57:02Z,USA:Boston,Nasal specimen,clinical,,,,,SAMN36729012,GCA_032329075.2,"ant(9)-Ia=COMPLETE,blaI=COMPLETE,blaPC1=COMPLETE,blaR1=COMPLETE,erm(A)=COMPLETE,fosB=COMPLETE,glpT_A100V=POINT,glpT_V213I=POINT,mepA=COMPLETE,murA_D278E=POINT,murA_E291D=POINT,tet(38)=COMPLETE",,"ceftaroline=S,ciprofloxacin=S,clindamycin=R,daptomycin=S,erythromycin=R,gentamicin=S,levofloxacin=S,linezolid=S,minocycline=S,moxifloxacin=S,oxacillin=S,rifampin=S,tetracycline=S,tigecycline=S,trimethoprim-sulfamethoxazole=S,vancomycin=S"
Staphylococcus aureus,,"""BWH_913_S_aur"",""SRS18433637""",,PDT001831008.2,2024-02-18T00:57:30Z,USA:Boston,Nasal perirectal swab,clinical,,PDS000120115.8,2.0,,SAMN36729005,GCA_032328955.2,"ant(9)-Ia=COMPLETE,blaI=COMPLETE,blaPC1=COMPLETE,blaR1=COMPLETE,erm(A)=COMPLETE,fosB=COMPLETE,glpT_A100V=POINT,glpT_V213I=POINT,mepA=COMPLETE,murA_D278E=POINT,murA_E291D=POINT,tet(38)=COMPLETE",,"ceftaroline=S,ciprofloxacin=S,daptomycin=S,erythromycin=R,gentamicin=S,levofloxacin=S,minocycline=S,moxifloxacin=S,oxacillin=S,rifampin=S,tetracycline=S,tigecycline=S,trimethoprim-sulfamethoxazole=S,vancomycin=S"
Staphylococcus aureus,,"""BWH_1339_S_aur"",""SRS18433683""",,PDT001831062.2,2024-02-03T02:44:48Z,USA:Boston,Nasal perirectal swab,clinical,,PDS000155342.6,1.0,,SAMN36729020,GCA_032328215.2,"erm(C)=COMPLETE,fosB=COMPLETE,mepA=COMPLETE,tet(38)=COMPLETE",,"ceftaroline=S,ciprofloxacin=S,clindamycin=R,daptomycin=S,erythromycin=R,gentamicin=S,levofloxacin=S,linezolid=S,minocycline=S,moxifloxacin=S,oxacillin=S,rifampin=S,tetracycline=S,tigecycline=S,trimethoprim-sulfamethoxazole=S,vancomycin=S"
Staphylococcus aureus,BSN49-3,"""BSN49-3"",""Staphylococcus aureus str BSN49-3""",,PDT001842128.1,2023-08-06T03:48:15Z,"USA: Detroit, MI",blood,clinical,,PDS000154993.3,4.0,,SAMN36733048,GCA_030649535.1,"aadD1=COMPLETE,ant(9)-Ia=COMPLETE,blaI=COMPLETE,blaR1=COMPLETE,blaZ=COMPLETE,bleO=COMPLETE,erm(A)=COMPLETE,erm(C)=COMPLETE,fosB=COMPLETE,gyrA_S84L=POINT,mecA=COMPLETE,mecI=COMPLETE,mecR1=COMPLETE,mepA=COMPLETE,mph(C)=COMPLETE,msr(A)=COMPLETE,parC_S80F=POINT,parE_P585S=POINT,tet(38)=COMPLETE",,"ceftaroline=S,clindamycin=R,daptomycin=S,erythromycin=R,gentamicin=S,linezolid=S,oxacillin=R,rifampin=S,trimethoprim-sulfamethoxazole=S,vancomycin=S"
Staphylococcus aureus,BSN49-6,"""BSN49-6"",""Staphylococcus aureus str BSN49-6""",,PDT001842129.1,2023-08-06T03:48:23Z,"USA: Detroit, MI",wound,clinical,,PDS000154993.3,3.0,,SAMN36733051,GCA_030649545.1,"aadD1=COMPLETE,ant(9)-Ia=COMPLETE,blaI=COMPLETE,blaR1=COMPLETE,blaZ=COMPLETE,bleO=COMPLETE,erm(A)=COMPLETE,erm(C)=COMPLETE,fosB=COMPLETE,gyrA_S84L=POINT,mecA=COMPLETE,mecI=COMPLETE,mecR1=COMPLETE,mepA=COMPLETE,mph(C)=COMPLETE,msr(A)=COMPLETE,parC_S80F=POINT,parE_P585S=POINT,tet(38)=COMPLETE",,"clindamycin=R,daptomycin=S,erythromycin=R,gentamicin=S,linezolid=S,oxacillin=R,rifampin=S,trimethoprim-sulfamethoxazole=R,vancomycin=S"
Staphylococcus aureus,BSN49-2,"""BSN49-2"",""Staphylococcus aureus str BSN49-2""",,PDT001842130.1,2023-08-06T03:48:29Z,"USA: Detroit, MI",blood,clinical,,PDS000154993.3,3.0,,SAMN36733047,GCA_030649555.1,"aadD1=COMPLETE,ant(9)-Ia=COMPLETE,blaI=COMPLETE,blaR1=COMPLETE,blaZ=COMPLETE,bleO=COMPLETE,erm(A)=COMPLETE,erm(C)=COMPLETE,fosB=COMPLETE,gyrA_S84L=POINT,mecA=COMPLETE,mecI=COMPLETE,mecR1=COMPLETE,mepA=COMPLETE,mph(C)=COMPLETE,msr(A)=COMPLETE,parC_S80F=POINT,parE_P585S=POINT,tet(38)=COMPLETE",,"clindamycin=R,daptomycin=S,erythromycin=R,gentamicin=S,linezolid=S,oxacillin=R,rifampin=S,trimethoprim-sulfamethoxazole=S,vancomycin=S"
Staphylococcus aureus,BSN49,"""BSN49"",""Staphylococcus aureus str BSN49""",,PDT001842131.1,2023-08-06T03:48:47Z,"USA: Detroit, MI",blood,clinical,,PDS000154993.3,0.0,,SAMN36733046,GCA_030649615.1,"aadD1=COMPLETE,ant(9)-Ia=COMPLETE,blaI=COMPLETE,blaR1=COMPLETE,blaZ=COMPLETE,bleO=COMPLETE,erm(A)=COMPLETE,erm(C)=COMPLETE,fosB=COMPLETE,gyrA_S84L=POINT,mecA=COMPLETE,mecI=COMPLETE,mecR1=COMPLETE,mepA=COMPLETE,mph(C)=COMPLETE,msr(A)=COMPLETE,parC_S80F=POINT,parE_P585S=POINT,tet(38)=COMPLETE",,"clindamycin=R,daptomycin=S,erythromycin=R,gentamicin=S,linezolid=S,oxacillin=R,rifampin=S,trimethoprim-sulfamethoxazole=S,vancomycin=S"
Staphylococcus aureus,BSN49-4,"""BSN49-4"",""Staphylococcus aureus str BSN49-4""",,PDT001842132.1,2023-08-06T04:09:10Z,"USA: Detroit, MI",bone biopsy,clinical,,PDS000154993.3,3.0,,SAMN36733049,GCA_030651555.1,"aadD1=COMPLETE,ant(9)-Ia=COMPLETE,blaI=COMPLETE,blaR1=COMPLETE,blaZ=COMPLETE,bleO=COMPLETE,erm(A)=COMPLETE,erm(C)=COMPLETE,fosB=COMPLETE,gyrA_S84L=POINT,mecA=COMPLETE,mecI=COMPLETE,mecR1=COMPLETE,mepA=COMPLETE,mph(C)=COMPLETE,msr(A)=COMPLETE,parC_S80F=POINT,parE_P585S=POINT,tet(38)=COMPLETE",,"ceftaroline=S,clindamycin=R,daptomycin=S,erythromycin=R,gentamicin=S,linezolid=S,oxacillin=R,rifampin=S,trimethoprim-sulfamethoxazole=S,vancomycin=S"
Staphylococcus aureus,,"""BWH_1432_S_aur"",""SRS18550533""",,PDT001845601.3,2024-02-17T23:06:29Z,USA:Boston,Nasal perirectal swab,clinical,,PDS000170496.3,0.0,,SAMN36892924,GCA_031766895.2,"ant(9)-Ia=COMPLETE,blaI=COMPLETE,blaPC1=COMPLETE,blaR1=COMPLETE,erm(A)=COMPLETE,fosB=COMPLETE,glpT_A100V=POINT,glpT_V213I=POINT,mepA=COMPLETE,murA_D278E=POINT,murA_E291D=POINT,tet(38)=COMPLETE",,"ceftaroline=S,ciprofloxacin=S,clindamycin=R,daptomycin=S,erythromycin=R,gentamicin=S,levofloxacin=S,linezolid=S,minocycline=S,moxifloxacin=S,oxacillin=S,rifampin=S,tetracycline=S,tigecycline=S,trimethoprim-sulfamethoxazole=S,vancomycin=S"
Staphylococcus aureus,,"""BWH_1431_S_aur"",""SRS18550532""",,PDT001845602.2,2024-02-19T04:57:04Z,USA:Boston,Nasal perirectal swab,clinical,,,,,SAMN36892923,GCA_031835355.2,"blaI=COMPLETE,blaR1=HMM,blaZ=COMPLETE,erm(T)=COMPLETE,glpT_A100V=POINT,glpT_F3I=POINT,mepA=COMPLETE,murA_D278E=POINT,murA_E291D=POINT,tet(38)=COMPLETE",,"ceftaroline=S,ciprofloxacin=S,clindamycin=R,daptomycin=S,erythromycin=R,gentamicin=S,levofloxacin=S,linezolid=S,minocycline=S,moxifloxacin=S,oxacillin=S,rifampin=S,tetracycline=S,tigecycline=S,trimethoprim-sulfamethoxazole=S,vancomycin=S"
Staphylococcus aureus,,"""BWH_1429_S_aur"",""SRS18550494""",,PDT001845637.2,2024-02-18T19:04:52Z,USA:Boston,Nasal perirectal swab,clinical,,,,,SAMN36892888,GCA_031835165.2,"ant(6)-Ia=PARTIAL,aph(3')-IIIa=COMPLETE,blaI=COMPLETE,blaR1=COMPLETE,blaZ=COMPLETE,dfrS1=COMPLETE,fosB=COMPLETE,mecA=COMPLETE,mecR1=PARTIAL,mepA=COMPLETE,mph(C)=COMPLETE,msr(A)=COMPLETE,sat4=COMPLETE,tet(38)=COMPLETE",,"ceftaroline=S,ciprofloxacin=S,clindamycin=S,daptomycin=S,erythromycin=R,gentamicin=S,levofloxacin=S,linezolid=S,minocycline=S,moxifloxacin=S,oxacillin=R,rifampin=S,tetracycline=S,tigecycline=S,trimethoprim-sulfamethoxazole=S,vancomycin=S"
Staphylococcus aureus,,"""BWH_1428_S_aur"",""SRS18550473""",,PDT001845656.2,2024-02-19T04:57:04Z,USA:Boston,Nasal perirectal swab,clinical,,,,,SAMN36892869,GCA_031835035.2,"aph(3')-IIIa=COMPLETE,blaI=COMPLETE,blaR1=COMPLETE,blaR1=HMM,blaZ=COMPLETE,erm(C)=COMPLETE,fosB=COMPLETE,mepA=COMPLETE,sat4=PARTIAL_END_OF_CONTIG,tet(38)=COMPLETE,tet(K)=COMPLETE",,"ceftaroline=S,ciprofloxacin=S,clindamycin=R,daptomycin=S,erythromycin=R,gentamicin=S,levofloxacin=S,linezolid=S,minocycline=S,moxifloxacin=S,oxacillin=S,rifampin=S,tetracycline=R,tigecycline=S,trimethoprim-sulfamethoxazole=S,vancomycin=S"
Staphylococcus aureus,,"""BWH_1384_S_aur"",""SRS18550457""",,PDT001845672.3,2024-02-04T22:04:59Z,USA:Boston,Nasal perirectal swab,clinical,,PDS000155342.6,1.0,,SAMN36892846,GCA_031766795.2,"erm(C)=COMPLETE,fosB=COMPLETE,mepA=COMPLETE,tet(38)=COMPLETE",,"ceftaroline=S,ciprofloxacin=S,clindamycin=R,daptomycin=S,erythromycin=R,gentamicin=S,levofloxacin=S,linezolid=S,minocycline=S,moxifloxacin=S,oxacillin=S,rifampin=S,tetracycline=S,tigecycline=S,trimethoprim-sulfamethoxazole=S,vancomycin=S"
Staphylococcus aureus,,"""BWH_1523_S_aur"",""SRS18979519""",,PDT001903557.2,2024-02-07T19:04:06Z,USA:Boston,Nasal perirectal swab,clinical,,PDS000112059.3,14.0,,SAMN37516932,GCA_032122775.2,"ant(9)-Ia=COMPLETE,blaI=COMPLETE,blaPC1=COMPLETE,blaR1=COMPLETE,erm(A)=COMPLETE,fosB=COMPLETE,glpT_A100V=POINT,glpT_V213I=POINT,mepA=COMPLETE,murA_D278E=POINT,murA_E291D=POINT,tet(38)=COMPLETE",,"ceftaroline=S,ciprofloxacin=S,clindamycin=R,daptomycin=S,erythromycin=R,gentamicin=S,levofloxacin=S,linezolid=S,minocycline=S,moxifloxacin=S,oxacillin=S,rifampin=S,tetracycline=S,tigecycline=S,trimethoprim-sulfamethoxazole=S,vancomycin=S"
Staphylococcus aureus,,"""BWH_1478_S_aur"",""SRS18979502""",,PDT001903572.2,2024-02-17T03:18:43Z,USA:Boston,Nasal perirectal swab,clinical,,,,,SAMN37516918,GCA_032121855.2,"blaI=COMPLETE,blaR1=HMM,blaZ=COMPLETE,erm(T)=COMPLETE,glpT_A100V=POINT,glpT_F3I=POINT,mepA=COMPLETE,murA_D278E=POINT,murA_E291D=POINT,tet(38)=COMPLETE",,"ceftaroline=S,ciprofloxacin=S,clindamycin=R,daptomycin=S,erythromycin=R,gentamicin=S,levofloxacin=S,linezolid=S,minocycline=S,moxifloxacin=S,oxacillin=S,rifampin=S,tetracycline=S,tigecycline=S,trimethoprim-sulfamethoxazole=S,vancomycin=S"
Staphylococcus aureus,,"""BWH_1477_S_aur"",""SRS18979500""",,PDT001903574.2,2024-02-18T08:07:33Z,USA:Boston,Nasal perirectal swab,clinical,,PDS000112058.12,1.0,,SAMN37516915,GCA_032121795.2,"ant(9)-Ia=COMPLETE,blaI=COMPLETE,blaPC1=COMPLETE,blaR1=COMPLETE,erm(A)=COMPLETE,fosB=COMPLETE,glpT_A100V=POINT,glpT_V213I=POINT,mepA=COMPLETE,murA_D278E=POINT,murA_E291D=POINT,tet(38)=COMPLETE",,"ceftaroline=S,ciprofloxacin=S,clindamycin=R,daptomycin=S,erythromycin=R,gentamicin=S,levofloxacin=S,linezolid=S,minocycline=S,moxifloxacin=S,oxacillin=S,rifampin=S,tetracycline=S,tigecycline=S,trimethoprim-sulfamethoxazole=S,vancomycin=S"
Staphylococcus aureus,,"""BWH_1480_S_aur"",""SRS18979498""",,PDT001903575.2,2024-02-07T19:04:06Z,USA:Boston,Nasal perirectal swab,clinical,,,,,SAMN37516914,GCA_032121755.2,"ant(9)-Ia=COMPLETE,blaI=COMPLETE,blaPC1=COMPLETE,blaR1=COMPLETE,erm(A)=COMPLETE,fosB=COMPLETE,glpT_A100V=POINT,glpT_V213I=POINT,mepA=COMPLETE,murA_D278E=POINT,murA_E291D=POINT,tet(38)=COMPLETE",,"ceftaroline=S,ciprofloxacin=S,clindamycin=R,daptomycin=S,erythromycin=R,gentamicin=S,levofloxacin=S,linezolid=S,minocycline=S,moxifloxacin=S,oxacillin=S,rifampin=S,tetracycline=S,tigecycline=S,trimethoprim-sulfamethoxazole=S,vancomycin=S"
Staphylococcus aureus,,"""BWH_1476_S_aur"",""SRS18979482""",,PDT001903590.2,2024-02-17T13:16:07Z,USA:Boston,Nasal perirectal swab,clinical,,,,,SAMN37516899,GCA_032121195.2,"ant(9)-Ia=COMPLETE,blaI=COMPLETE,blaPC1=COMPLETE,blaR1=COMPLETE,erm(A)=COMPLETE,fosB=COMPLETE,glpT_A100V=POINT,glpT_V213I=POINT,mepA=COMPLETE,murA_D278E=POINT,murA_E291D=POINT,tet(38)=COMPLETE",,"ceftaroline=S,ciprofloxacin=S,clindamycin=R,daptomycin=S,erythromycin=R,gentamicin=S,levofloxacin=S,linezolid=S,minocycline=S,moxifloxacin=S,oxacillin=S,rifampin=S,tetracycline=S,tigecycline=S,trimethoprim-sulfamethoxazole=S,vancomycin=S"
Staphylococcus aureus,,"""BWH_1499_S_aur"",""SRS18979473""",,PDT001903597.2,2024-02-17T13:16:08Z,USA:Boston,Nasal perirectal swab,clinical,,PDS000154298.5,3.0,,SAMN37516891,GCA_032120455.2,"aac(6')-Ie/aph(2'')-Ia=COMPLETE,blaI=COMPLETE,blaR1=HMM,blaZ=COMPLETE,erm(T)=COMPLETE,glpT_A100V=POINT,glpT_F3I=POINT,mepA=COMPLETE,murA_D278E=POINT,murA_E291D=POINT,tet(38)=COMPLETE",,"ceftaroline=S,ciprofloxacin=S,clindamycin=R,daptomycin=S,erythromycin=R,gentamicin=S,levofloxacin=S,linezolid=S,minocycline=S,moxifloxacin=S,oxacillin=S,rifampin=S,tetracycline=S,tigecycline=S,trimethoprim-sulfamethoxazole=S,vancomycin=S"
Staphylococcus aureus,,"""BWH_1545_S_aur"",""SRS19518887""",,PDT001986200.2,2023-12-20T12:53:42Z,USA:Boston,Nasal perirectal swab,clinical,,,,,SAMN38228817,GCA_034511535.1,"blaI=COMPLETE,blaR1=HMM,blaZ=COMPLETE,erm(T)=COMPLETE,glpT_A100V=POINT,glpT_F3I=POINT,mepA=COMPLETE,murA_D278E=POINT,murA_E291D=POINT,tet(38)=COMPLETE",,"ceftaroline=S,ciprofloxacin=S,clindamycin=R,daptomycin=S,erythromycin=R,gentamicin=S,levofloxacin=S,linezolid=S,minocycline=S,moxifloxacin=S,oxacillin=S,rifampin=S,tetracycline=S,tigecycline=S,trimethoprim-sulfamethoxazole=S,vancomycin=S"
Staphylococcus aureus,,"""BWH_1625_S_aur"",""SRS19518886""",,PDT001986201.2,2023-12-20T12:53:42Z,USA:Boston,Nasal perirectal swab,clinical,,,,,SAMN38228816,GCA_034515605.1,"ant(9)-Ia=PARTIAL,blaI=COMPLETE,blaPC1=COMPLETE,blaR1=COMPLETE,erm(A)=COMPLETE,fosB=COMPLETE,glpT_A100V=POINT,glpT_V213I=POINT,mepA=COMPLETE,murA_D278E=POINT,murA_E291D=POINT,tet(38)=COMPLETE",,"ceftaroline=S,ciprofloxacin=S,clindamycin=R,daptomycin=S,erythromycin=R,gentamicin=S,levofloxacin=S,linezolid=S,minocycline=S,moxifloxacin=S,oxacillin=S,rifampin=S,tetracycline=S,tigecycline=S,trimethoprim-sulfamethoxazole=S,vancomycin=S"
Staphylococcus aureus,,"""BWH_1550_S_aur"",""SRS19518883""",,PDT001986203.2,2023-12-20T12:53:42Z,USA:Boston,Nasal perirectal swab,clinical,,PDS000126302.4,12.0,,SAMN38228879,GCA_034497745.1,"blaI=COMPLETE,blaR1=HMM,blaZ=COMPLETE,erm(T)=COMPLETE,glpT_A100V=POINT,glpT_F3I=POINT,mepA=COMPLETE,murA_D278E=POINT,murA_E291D=POINT,tet(38)=COMPLETE",,"ceftaroline=S,ciprofloxacin=S,clindamycin=R,daptomycin=S,erythromycin=R,gentamicin=S,levofloxacin=S,linezolid=S,minocycline=S,moxifloxacin=S,oxacillin=S,rifampin=S,tetracycline=S,tigecycline=S,trimethoprim-sulfamethoxazole=S,vancomycin=S"
Staphylococcus aureus,,"""BWH_1583_S_aur"",""SRS19518881""",,PDT001986204.2,2023-12-20T12:53:42Z,USA:Boston,Nasal perirectal swab,clinical,,,,,SAMN38228815,GCA_034497765.1,"ant(9)-Ia=COMPLETE,blaI=COMPLETE,blaPC1=COMPLETE,blaR1=COMPLETE,erm(A)=COMPLETE,fosB=COMPLETE,glpT_A100V=POINT,glpT_V213I=POINT,mepA=COMPLETE,murA_D278E=POINT,murA_E291D=POINT,tet(38)=COMPLETE",,"ceftaroline=S,ciprofloxacin=S,clindamycin=R,daptomycin=S,erythromycin=R,gentamicin=S,levofloxacin=S,linezolid=S,minocycline=S,moxifloxacin=S,oxacillin=S,rifampin=S,tetracycline=S,tigecycline=S,trimethoprim-sulfamethoxazole=S,vancomycin=S"
Staphylococcus aureus,,"""BWH_1627_S_aur"",""SRS19518870""",,PDT001986213.2,2023-12-20T11:56:06Z,USA:Boston,Nasal perirectal swab,clinical,,PDS000170489.1,1.0,,SAMN38228814,GCA_034512555.1,"ant(6)-Ia=MISTRANSLATION,aph(3')-IIIa=COMPLETE,blaI=COMPLETE,blaR1=COMPLETE,blaZ=COMPLETE,fosB=COMPLETE,mecA=COMPLETE,mecR1=PARTIAL,mepA=COMPLETE,mph(C)=COMPLETE,msr(A)=COMPLETE,murA_G257D=POINT,sat4=COMPLETE,tet(38)=COMPLETE",,"ceftaroline=S,ciprofloxacin=S,clindamycin=S,daptomycin=S,erythromycin=R,gentamicin=S,levofloxacin=S,linezolid=S,minocycline=S,moxifloxacin=S,oxacillin=R,rifampin=S,tetracycline=S,tigecycline=S,trimethoprim-sulfamethoxazole=S,vancomycin=S"
Staphylococcus aureus,,"""BWH_1549_S_aur"",""SRS19518866""",,PDT001986217.1,2023-11-15T22:56:30Z,USA:Boston,Nasal perirectal swab,clinical,,PDS000115304.7,3.0,,SAMN38228864,GCA_033726875.1,"ant(9)-Ia=MISTRANSLATION,blaI=COMPLETE,blaR1=HMM,blaZ=COMPLETE,erm(A)=COMPLETE,fosB=COMPLETE,mepA=COMPLETE,tet(38)=COMPLETE",,"ceftaroline=S,ciprofloxacin=S,clindamycin=R,daptomycin=S,erythromycin=R,gentamicin=S,levofloxacin=S,linezolid=S,minocycline=S,moxifloxacin=S,oxacillin=S,rifampin=S,tetracycline=S,tigecycline=S,trimethoprim-sulfamethoxazole=S,vancomycin=S"
Staphylococcus aureus,,"""BWH_1547_S_aur"",""SRS19518856""",,PDT001986226.2,2023-12-20T11:56:07Z,USA:Boston,Nasal perirectal swab,clinical,,PDS000170496.3,0.0,,SAMN38228855,GCA_034511595.1,"ant(9)-Ia=COMPLETE,blaI=COMPLETE,blaPC1=COMPLETE,blaR1=COMPLETE,erm(A)=COMPLETE,fosB=COMPLETE,glpT_A100V=POINT,glpT_V213I=POINT,mepA=COMPLETE,murA_D278E=POINT,murA_E291D=POINT,tet(38)=COMPLETE",,"ceftaroline=S,ciprofloxacin=S,clindamycin=R,daptomycin=S,erythromycin=R,gentamicin=S,levofloxacin=S,linezolid=S,minocycline=S,moxifloxacin=S,oxacillin=S,rifampin=S,tetracycline=S,tigecycline=S,trimethoprim-sulfamethoxazole=S,vancomycin=S"
Staphylococcus aureus,,"""BWH_1630_S_aur"",""SRS19518845""",,PDT001986234.2,2023-12-20T11:56:08Z,USA:Boston,Nasal perirectal swab,clinical,,PDS000181461.1,2.0,,SAMN38228845,GCA_034511575.1,"blaI=COMPLETE,blaR1=COMPLETE,blaZ=COMPLETE,blaZ=PARTIAL_END_OF_CONTIG,fosB=COMPLETE,mepA=COMPLETE,mph(C)=COMPLETE,msr(A)=COMPLETE,murA_G257D=POINT,tet(38)=COMPLETE",,"ceftaroline=S,ciprofloxacin=S,clindamycin=S,daptomycin=S,erythromycin=R,gentamicin=S,levofloxacin=S,linezolid=S,minocycline=S,moxifloxacin=S,oxacillin=S,rifampin=S,tetracycline=S,tigecycline=S,trimethoprim-sulfamethoxazole=S,vancomycin=S"
Staphylococcus aureus,,"""BWH_1548_S_aur"",""SRS19518830""",,PDT001986246.2,2023-12-20T11:56:09Z,USA:Boston,Nasal perirectal swab,clinical,,,,,SAMN38228831,GCA_034511555.1,"aph(3')-IIIa=COMPLETE,blaI=COMPLETE,blaR1=MISTRANSLATION,blaZ=COMPLETE,fosB=COMPLETE,gyrA_S84L=POINT,mecA=COMPLETE,mecR1=PARTIAL,mepA=COMPLETE,mph(C)=COMPLETE,msr(A)=COMPLETE,murA_G257D=POINT,parC_S80F=POINT,sat4=PARTIAL,tet(38)=COMPLETE",,"ceftaroline=S,ciprofloxacin=R,clindamycin=S,daptomycin=S,erythromycin=R,gentamicin=S,levofloxacin=R,linezolid=S,minocycline=S,moxifloxacin=R,oxacillin=S,rifampin=S,tetracycline=S,tigecycline=S,trimethoprim-sulfamethoxazole=S,vancomycin=S"
Staphylococcus aureus,,"""BWH_1624_S_aur"",""SRS19518824""",,PDT001986251.2,2023-12-20T11:56:09Z,USA:Boston,Nasal perirectal swab,clinical,,PDS000112058.12,0.0,,SAMN38228826,GCA_034512575.1,"ant(9)-Ia=COMPLETE,blaI=COMPLETE,blaPC1=COMPLETE,blaR1=COMPLETE,erm(A)=COMPLETE,fosB=COMPLETE,glpT_A100V=POINT,glpT_V213I=POINT,mepA=COMPLETE,murA_D278E=POINT,murA_E291D=POINT,tet(38)=COMPLETE",,"ceftaroline=S,ciprofloxacin=S,clindamycin=R,daptomycin=S,erythromycin=R,gentamicin=S,levofloxacin=S,linezolid=S,minocycline=S,moxifloxacin=S,oxacillin=S,rifampin=S,tetracycline=S,tigecycline=S,trimethoprim-sulfamethoxazole=S,vancomycin=S"
Staphylococcus aureus,,"""BWH_1603_S_aur"",""SRS19518814""",,PDT001986256.1,2023-11-15T22:56:39Z,USA:Boston,Nasal perirectal swab,clinical,,,,,SAMN38228808,GCA_033726435.1,"blaI=COMPLETE,blaR1=HMM,blaZ=COMPLETE,erm(T)=COMPLETE,glpT_A100V=POINT,glpT_F3I=POINT,mepA=COMPLETE,murA_D278E=POINT,murA_E291D=POINT,tet(38)=COMPLETE",,"ceftaroline=S,ciprofloxacin=S,clindamycin=R,daptomycin=S,erythromycin=R,gentamicin=S,levofloxacin=S,linezolid=S,minocycline=S,moxifloxacin=S,oxacillin=S,rifampin=S,tetracycline=S,tigecycline=S,trimethoprim-sulfamethoxazole=S,vancomycin=S"
Staphylococcus aureus,BSN53,"""B0623"",""BSN53"",""R11077"",""SRS21114736"",""Staphylococcus aureus str BSN53""",,PDT002008159.2,2024-05-17T16:05:43Z,"USA: Detroit, MI",blood,clinical,,,,,SAMN38334799,GCA_033952345.2,"ant(6)-Ia=MISTRANSLATION,aph(3')-IIIa=COMPLETE,blaI=COMPLETE,blaR1=COMPLETE,blaZ=COMPLETE,fosB=COMPLETE,gyrA_S84L=POINT,mecA=COMPLETE,mecR1=PARTIAL,mepA=COMPLETE,mph(C)=COMPLETE,msr(A)=COMPLETE,murA_G257D=POINT,parC_S80F=POINT,sat4=COMPLETE,tet(38)=COMPLETE",,"ceftaroline=S,clindamycin=S,daptomycin=S,erythromycin=R,gentamicin=S,linezolid=S,oxacillin=R,rifampin=S,trimethoprim-sulfamethoxazole=S,vancomycin=S"
Staphylococcus aureus,BSN53-2,"""B0624"",""BSN53-2"",""R11426"",""Staphylococcus aureus str BSN53-2""",,PDT002008160.1,2023-11-27T04:06:16Z,"USA: Detroit, MI",blood,clinical,,,,,SAMN38334800,GCA_033952645.1,"ant(6)-Ia=MISTRANSLATION,aph(3')-IIIa=COMPLETE,blaI=COMPLETE,blaR1=COMPLETE,blaZ=COMPLETE,fosB=COMPLETE,gyrA_S84L=POINT,mecA=COMPLETE,mecR1=PARTIAL,mepA=COMPLETE,mph(C)=COMPLETE,msr(A)=COMPLETE,murA_G257D=POINT,parC_S80Y=POINT,sat4=COMPLETE,tet(38)=COMPLETE",,"clindamycin=S,daptomycin=S,erythromycin=R,gentamicin=S,linezolid=S,oxacillin=R,rifampin=S,trimethoprim-sulfamethoxazole=S,vancomycin=S"
Staphylococcus aureus,BSN54-2,"""BSN54-2"",""Staphylococcus aureus str BSN54-2""",,PDT002011846.1,2023-11-30T04:05:11Z,"USA: Detroit, MI",blood,clinical,,PDS000168664.2,20.0,,SAMN38335111,GCA_033985435.1,"aac(6')-Ie/aph(2'')-Ia=COMPLETE,aadD1=COMPLETE,ant(9)-Ia=COMPLETE,blaI=COMPLETE,blaR1=COMPLETE,blaZ=COMPLETE,bleO=COMPLETE,erm(A)=COMPLETE,fosB=COMPLETE,gyrA_S84L=POINT,mecA=COMPLETE,mecI=COMPLETE,mecR1=COMPLETE,mepA=COMPLETE,mph(C)=COMPLETE,msr(A)=COMPLETE,parC_S80F=POINT,parE_P585S=POINT,tet(38)=COMPLETE",,"clindamycin=R,daptomycin=S,erythromycin=R,gentamicin=R,linezolid=S,oxacillin=R,trimethoprim-sulfamethoxazole=S,vancomycin=S"
Staphylococcus aureus,BSN54,"""BSN54"",""Staphylococcus aureus str BSN54""",,PDT002011847.2,2024-09-16T21:54:15Z,"USA: Detroit, MI",blood,clinical,,PDS000168664.2,20.0,,SAMN38335110,GCA_033985535.2,"aac(6')-Ie/aph(2'')-Ia=COMPLETE,aadD1=COMPLETE,ant(9)-Ia=COMPLETE,blaI=COMPLETE,blaR1=COMPLETE,blaZ=COMPLETE,bleO=COMPLETE,erm(A)=COMPLETE,fosB=COMPLETE,gyrA_S84L=POINT,mecA=COMPLETE,mecI=COMPLETE,mecR1=COMPLETE,mepA=COMPLETE,mph(C)=COMPLETE,msr(A)=COMPLETE,parC_S80F=POINT,parE_P585S=POINT,tet(38)=COMPLETE",,"clindamycin=R,daptomycin=S,erythromycin=R,gentamicin=R,linezolid=S,oxacillin=R,rifampin=S,trimethoprim-sulfamethoxazole=S,vancomycin=S"
Staphylococcus aureus,BSN59,"""BSN59"",""Staphylococcus aureus str BSN59""",,PDT002018715.1,2023-12-06T05:08:21Z,"USA: Detroit, MI",blood,clinical,,,,,SAMN38351591,GCA_034105245.1,"blaI=COMPLETE,blaR1=COMPLETE,blaZ=COMPLETE,fosB=COMPLETE,gyrA_S84L=POINT,mecA=COMPLETE,mecR1=PARTIAL,mepA=COMPLETE,mph(C)=COMPLETE,msr(A)=COMPLETE,murA_G257D=POINT,parC_S80F=POINT,tet(38)=COMPLETE",,"clindamycin=S,daptomycin=S,erythromycin=R,gentamicin=S,linezolid=S,oxacillin=R,rifampin=S,trimethoprim-sulfamethoxazole=S,vancomycin=S"
Staphylococcus aureus,BSN62-2,"""BSN62-2"",""SRS25348667"",""Staphylococcus aureus str BSN62-2""",,PDT002018716.2,2024-05-17T18:51:24Z,"USA: Detroit, MI",blood,clinical,,,,,SAMN38351595,GCA_034105255.2,"ant(6)-Ia=MISTRANSLATION,aph(3')-IIIa=COMPLETE,blaI=COMPLETE,blaR1=COMPLETE,blaZ=COMPLETE,fosB=COMPLETE,gyrA_S84L=POINT,mecA=COMPLETE,mecR1=PARTIAL,mepA=COMPLETE,mph(C)=COMPLETE,msr(A)=COMPLETE,murA_G257D=POINT,parC_S80Y=POINT,sat4=COMPLETE,tet(38)=COMPLETE",,"clindamycin=S,daptomycin=S,erythromycin=R,gentamicin=S,linezolid=S,oxacillin=R,rifampin=S,trimethoprim-sulfamethoxazole=S,vancomycin=S"
Staphylococcus aureus,BSN61,"""BSN61"",""Staphylococcus aureus str BSN61""",,PDT002018717.2,2025-01-10T20:44:36Z,"USA: Detroit, MI",blood,clinical,,,,,SAMN38351593,GCA_034105275.2,"ant(6)-Ia=MISTRANSLATION,aph(3')-IIIa=COMPLETE,blaI=COMPLETE,blaR1=COMPLETE,blaZ=COMPLETE,fosB=COMPLETE,mecA=COMPLETE,mecR1=PARTIAL,mepA=COMPLETE,mph(C)=COMPLETE,msr(A)=COMPLETE,murA_G257D=POINT,sat4=COMPLETE,tet(38)=COMPLETE",,"clindamycin=S,daptomycin=S,erythromycin=R,gentamicin=S,linezolid=S,oxacillin=R,rifampin=S,trimethoprim-sulfamethoxazole=S,vancomycin=S"
Staphylococcus aureus,BSN60,"""BSN60"",""Staphylococcus aureus str BSN60""",,PDT002018718.1,2023-12-06T05:11:02Z,"USA: Detroit, MI",blood,clinical,,PDS000186449.1,0.0,,SAMN38351592,GCA_034105565.1,"ant(6)-Ia=MISTRANSLATION,aph(3')-IIIa=COMPLETE,blaI=COMPLETE,blaR1=COMPLETE,blaZ=COMPLETE,fosB=COMPLETE,gyrA_S84L=POINT,mecA=COMPLETE,mecR1=PARTIAL,mepA=COMPLETE,mph(C)=COMPLETE,msr(A)=COMPLETE,murA_G257D=POINT,parC_S80Y=POINT,sat4=COMPLETE,tet(38)=COMPLETE",,"clindamycin=R,daptomycin=R,erythromycin=R,gentamicin=S,linezolid=S,oxacillin=R,rifampin=S,trimethoprim-sulfamethoxazole=S,vancomycin=S"
Staphylococcus aureus,BSN64,"""BSN64"",""Staphylococcus aureus str BSN64""",,PDT002023720.1,2023-12-11T04:07:19Z,"USA: Detroit, MI",blood,clinical,,,,,SAMN38351597,GCA_034259435.1,"aadD1=COMPLETE,ant(6)-Ia=MISTRANSLATION,aph(3')-IIIa=COMPLETE,blaI=COMPLETE,blaR1=COMPLETE,blaZ=COMPLETE,dfrG=COMPLETE,folP_E208K=POINT,folP_F17L=POINT,fosB=COMPLETE,gyrA_S84L=POINT,gyrA_S85P=POINT,mecA=COMPLETE,mecR1=PARTIAL,mepA=COMPLETE,mph(C)=COMPLETE,msr(A)=COMPLETE,mupA=COMPLETE,murA_G257D=POINT,parC_S80F=POINT,parE_D432V=POINT,rpsJ_Y58D=POINT,sat4=COMPLETE,tet(38)=COMPLETE",,"clindamycin=S,daptomycin=S,erythromycin=R,gentamicin=S,linezolid=S,oxacillin=R,rifampin=S,trimethoprim-sulfamethoxazole=S,vancomycin=S"
Staphylococcus aureus,BSN50,"""BSN50"",""Staphylococcus aureus str BSN50""",,PDT002030668.1,2023-12-14T05:36:35Z,"USA: Detroit, MI",sputum,clinical,,PDS000170052.2,0.0,,SAMN36733052,GCA_034365985.1,"ant(6)-Ia=MISTRANSLATION,aph(3')-IIIa=COMPLETE,blaI=COMPLETE,blaR1=COMPLETE,blaZ=COMPLETE,fosB=COMPLETE,mecA=COMPLETE,mecR1=PARTIAL,mepA=COMPLETE,mph(C)=COMPLETE,msr(A)=COMPLETE,murA_G257D=POINT,parC_S80F=POINT,sat4=COMPLETE,tet(38)=COMPLETE",,"ceftaroline=S,clindamycin=S,erythromycin=R,gentamicin=S,linezolid=S,oxacillin=R,rifampin=S,tetracycline=S,trimethoprim-sulfamethoxazole=S,vancomycin=S"
Staphylococcus aureus,BSN50-3,"""BSN50-3"",""Staphylococcus aureus str BSN50-3""",,PDT002030669.1,2023-12-14T05:36:41Z,"USA: Detroit, MI",blood,clinical,,PDS000170052.2,0.0,,SAMN36733054,GCA_034365965.1,"blaI=COMPLETE,blaR1=COMPLETE,blaZ=COMPLETE,erm(C)=COMPLETE,fosB=COMPLETE,mecA=COMPLETE,mecR1=PARTIAL,mepA=COMPLETE,murA_G257D=POINT,parC_S80F=POINT,tet(38)=COMPLETE",,"clindamycin=R,daptomycin=S,erythromycin=R,gentamicin=S,linezolid=S,oxacillin=R,rifampin=S,trimethoprim-sulfamethoxazole=S,vancomycin=S"
Staphylococcus aureus,BSN50-2,"""BSN50-2"",""Staphylococcus aureus str BSN50-2""",,PDT002030670.1,2023-12-14T05:36:46Z,"USA: Detroit, MI",blood,clinical,,PDS000170052.2,0.0,,SAMN36733053,GCA_034365975.1,"blaI=COMPLETE,blaR1=COMPLETE,blaZ=COMPLETE,fosB=COMPLETE,mecA=COMPLETE,mecR1=PARTIAL,mepA=COMPLETE,murA_G257D=POINT,parC_S80F=POINT,tet(38)=COMPLETE",,"clindamycin=R,daptomycin=S,erythromycin=R,gentamicin=S,linezolid=S,oxacillin=R,rifampin=S,trimethoprim-sulfamethoxazole=S,vancomycin=S"
Staphylococcus aureus,,"""BWH_1606_S_aur"",""SRS19518876""",,PDT002035943.2,2023-12-20T12:53:43Z,USA:Boston,Nasal perirectal swab,clinical,,PDS000170489.1,1.0,,SAMN38228873,GCA_034511515.1,"ant(6)-Ia=MISTRANSLATION,aph(3')-IIIa=COMPLETE,blaI=COMPLETE,blaR1=COMPLETE,blaZ=COMPLETE,fosB=COMPLETE,mecA=COMPLETE,mecR1=PARTIAL,mepA=COMPLETE,mph(C)=COMPLETE,msr(A)=COMPLETE,murA_G257D=POINT,sat4=COMPLETE,tet(38)=COMPLETE",,"ceftaroline=S,ciprofloxacin=S,clindamycin=S,daptomycin=S,erythromycin=R,gentamicin=S,levofloxacin=S,linezolid=S,minocycline=S,moxifloxacin=S,oxacillin=R,rifampin=S,tetracycline=S,tigecycline=S,trimethoprim-sulfamethoxazole=S,vancomycin=S"
Staphylococcus aureus,,"""BWH_1546_S_aur"",""SRS19518825""",,PDT002035947.1,2023-12-20T11:56:03Z,USA:Boston,Nasal perirectal swab,clinical,,PDS000155342.6,1.0,,SAMN38228827,GCA_034497785.1,"erm(C)=COMPLETE,fosB=COMPLETE,mepA=COMPLETE,tet(38)=COMPLETE",,"ceftaroline=S,ciprofloxacin=S,clindamycin=R,daptomycin=S,erythromycin=R,gentamicin=S,levofloxacin=S,linezolid=S,minocycline=S,moxifloxacin=S,oxacillin=S,rifampin=S,tetracycline=S,tigecycline=S,trimethoprim-sulfamethoxazole=S,vancomycin=S"
Staphylococcus aureus,,"""BWH_1553_S_aur"",""SRS19518817""",,PDT002035949.1,2023-12-20T11:56:03Z,USA:Boston,blood,clinical,,,,,SAMN38228818,GCA_034513765.1,"aadD1=COMPLETE,ant(6)-Ia=PARTIAL,aph(3')-IIIa=COMPLETE,blaI=COMPLETE,blaPC1=COMPLETE,blaR1=COMPLETE,bleO=COMPLETE,dfrS1=COMPLETE,fosB=COMPLETE,glpT_A100V=POINT,glpT_V213I=POINT,gyrA_E88K=POINT,mecA=COMPLETE,mecR1=PARTIAL,mepA=COMPLETE,mph(C)=COMPLETE,msr(A)=COMPLETE,murA_D278E=POINT,murA_E291D=POINT,parC_S80F=POINT,sat4=COMPLETE,tet(38)=COMPLETE,tet(K)=COMPLETE",,"ceftaroline=S,ciprofloxacin=R,clindamycin=S,daptomycin=S,erythromycin=R,gentamicin=S,levofloxacin=R,linezolid=S,minocycline=S,moxifloxacin=I,oxacillin=R,penicillin=R,rifampin=S,tetracycline=R,tigecycline=S,trimethoprim-sulfamethoxazole=S,vancomycin=S"
Staphylococcus aureus,,"""BWH_1601_S_aur"",""SRS19518820""",,PDT002035968.1,2023-12-20T12:53:40Z,USA:Boston,Nasal perirectal swab,clinical,,PDS000155342.6,0.0,,SAMN38228822,GCA_034512495.1,"erm(C)=COMPLETE,fosB=COMPLETE,mepA=COMPLETE,tet(38)=COMPLETE",,"ceftaroline=S,ciprofloxacin=S,clindamycin=R,daptomycin=S,erythromycin=R,gentamicin=S,levofloxacin=S,linezolid=S,minocycline=S,moxifloxacin=S,oxacillin=S,rifampin=S,tetracycline=S,tigecycline=S,trimethoprim-sulfamethoxazole=S,vancomycin=S"
Staphylococcus aureus,BSN57-2,"""B0632"",""BSN57-2"",""Staphylococcus aureus str BSN57-2""",,PDT002036672.2,2025-01-10T20:39:33Z,"USA: Detroit, MI",blood,clinical,,,,,SAMN38637649,GCA_034425115.2,"aadD1=COMPLETE,ant(9)-Ia=COMPLETE,blaI=COMPLETE,blaR1=COMPLETE,blaZ=COMPLETE,bleO=COMPLETE,erm(A)=COMPLETE,fosB=COMPLETE,gyrA_S84L=POINT,mecA=COMPLETE,mecI=COMPLETE,mecR1=COMPLETE,mepA=COMPLETE,mph(C)=COMPLETE,msr(A)=COMPLETE,parC_S80F=POINT,parE_P585S=POINT,tet(38)=COMPLETE",,"clindamycin=R,daptomycin=S,erythromycin=R,gentamicin=S,linezolid=S,oxacillin=R,rifampin=S,trimethoprim-sulfamethoxazole=S,vancomycin=S"
Staphylococcus aureus,BSN51,"""B0616"",""BSN51"",""R10206"",""Staphylococcus aureus str BSN51""",,PDT002036673.2,2024-06-25T20:16:04Z,"USA: Detroit, MI",blood,clinical,,,,,SAMN36733055,GCA_034425135.2,"ant(9)-Ia=COMPLETE,erm(A)=COMPLETE,fosB=COMPLETE,gyrA_E88A=POINT,gyrA_S84L=POINT,ileS_V588F=POINT,mecA=COMPLETE,mecI=COMPLETE,mecR1=COMPLETE,mepA=COMPLETE,parC_E84G=POINT,parC_S80Y=POINT,tet(38)=COMPLETE",,"clindamycin=R,daptomycin=S,erythromycin=R,gentamicin=S,linezolid=S,oxacillin=R,rifampin=S,trimethoprim-sulfamethoxazole=S,vancomycin=S"
Staphylococcus aureus,BSN33,"""B0568"",""BSN33"",""Staphylococcus aureus str BSN33""",,PDT002036674.1,2023-12-18T11:01:10Z,"USA: Detroit, MI",blood,clinical,,PDS000180828.1,4.0,,SAMN38748752,GCA_034425575.1,"ant(6)-Ia=MISTRANSLATION,aph(3')-IIIa=COMPLETE,blaI=COMPLETE,blaR1=COMPLETE,blaZ=COMPLETE,fosB=COMPLETE,mecA=COMPLETE,mecR1=PARTIAL,mepA=COMPLETE,mph(C)=COMPLETE,msr(A)=COMPLETE,murA_G257D=POINT,sat4=COMPLETE,tet(38)=COMPLETE",,"clindamycin=S,daptomycin=S,erythromycin=R,gentamicin=S,linezolid=S,oxacillin=R,rifampin=S,trimethoprim-sulfamethoxazole=S,vancomycin=S"
Staphylococcus aureus,BSN41,"""B0583"",""BSN41"",""Staphylococcus aureus str BSN41""",,PDT002036675.2,2025-01-10T20:34:22Z,"USA: Detroit, MI",blood,clinical,,,,,SAMN38754069,GCA_034427355.2,"ant(6)-Ia=MISTRANSLATION,aph(3')-IIIa=COMPLETE,blaI=COMPLETE,blaR1=COMPLETE,blaZ=COMPLETE,fosB=COMPLETE,gyrA_S84L=POINT,mecA=COMPLETE,mecR1=PARTIAL,mepA=COMPLETE,mph(C)=COMPLETE,msr(A)=COMPLETE,murA_G257D=POINT,parC_S80Y=POINT,sat4=COMPLETE,tet(38)=COMPLETE",,"ceftaroline=S,clindamycin=S,daptomycin=S,erythromycin=R,gentamicin=S,linezolid=S,oxacillin=R,rifampin=S,trimethoprim-sulfamethoxazole=S,vancomycin=S"
Staphylococcus aureus,BSN56-2,"""BSN56-2"",""SRS25348666"",""Staphylococcus aureus str BSN56-2""",,PDT002039521.1,2023-12-24T04:02:29Z,"USA: Detroit, MI",blood,clinical,,PDS000126540.16,9.0,,SAMN38637647,GCA_034554835.1,"ant(6)-Ia=MISTRANSLATION,aph(3')-IIIa=COMPLETE,blaI=COMPLETE,blaR1=COMPLETE,blaZ=COMPLETE,erm(C)=COMPLETE,fosB=COMPLETE,gyrA_S84L=POINT,mecA=COMPLETE,mecR1=PARTIAL,mepA=COMPLETE,mph(C)=COMPLETE,msr(A)=COMPLETE,murA_G257D=POINT,parC_S80Y=POINT,sat4=COMPLETE,tet(38)=COMPLETE",,"clindamycin=R,daptomycin=S,erythromycin=R,gentamicin=S,linezolid=S,oxacillin=R,rifampin=S,trimethoprim-sulfamethoxazole=S,vancomycin=S"
Staphylococcus aureus,BSN48-2,"""BSN48-2"",""SRS25348663"",""Staphylococcus aureus str BSN48-2""",,PDT002039522.2,2024-06-12T17:25:29Z,"USA: Detroit, MI",blood,clinical,,PDS000154993.3,0.0,,SAMN38637639,GCA_034554905.2,"aadD1=COMPLETE,ant(9)-Ia=COMPLETE,blaI=COMPLETE,blaR1=COMPLETE,blaZ=COMPLETE,bleO=COMPLETE,erm(A)=COMPLETE,erm(C)=COMPLETE,fosB=COMPLETE,gyrA_S84L=POINT,mecA=COMPLETE,mecI=COMPLETE,mecR1=COMPLETE,mepA=COMPLETE,mph(C)=COMPLETE,msr(A)=COMPLETE,parC_S80F=POINT,parE_P585S=POINT,tet(38)=COMPLETE",,"clindamycin=R,daptomycin=S,erythromycin=R,gentamicin=R,linezolid=S,oxacillin=R,rifampin=S,trimethoprim-sulfamethoxazole=S,vancomycin=S"
Staphylococcus aureus,BSN56,"""BSN56"",""SRS25348665"",""Staphylococcus aureus str BSN56""",,PDT002039523.2,2024-05-17T19:10:17Z,"USA: Detroit, MI",blood,clinical,,,,,SAMN38637646,GCA_034554895.2,"blaI=COMPLETE,blaR1=COMPLETE,blaZ=COMPLETE,fexA=COMPLETE,fexA_A37V=POINT,fexA_G33A=POINT,fosB=COMPLETE,mecA=COMPLETE,mecR1=PARTIAL,mepA=COMPLETE,tet(38)=COMPLETE",,"clindamycin=R,daptomycin=S,erythromycin=R,gentamicin=S,linezolid=S,oxacillin=R,rifampin=S,trimethoprim-sulfamethoxazole=S,vancomycin=S"
Staphylococcus aureus,,"""BWH_1784_S_aur"",""SRS20472877""",,PDT002080294.1,2024-02-16T01:09:46Z,USA:Boston,Nasal perirectal swab,clinical,,,,,SAMN39956429,GCA_036631915.1,"blaI=COMPLETE,blaR1=HMM,blaZ=COMPLETE,erm(T)=COMPLETE,glpT_A100V=POINT,glpT_F3I=POINT,mepA=COMPLETE,murA_D278E=POINT,murA_E291D=POINT,tet(38)=COMPLETE",,"ceftaroline=S,ciprofloxacin=S,clindamycin=R,daptomycin=S,erythromycin=R,gentamicin=S,levofloxacin=S,linezolid=S,minocycline=S,moxifloxacin=S,oxacillin=S,rifampin=S,tetracycline=S,tigecycline=S,trimethoprim-sulfamethoxazole=S,vancomycin=S"
Staphylococcus aureus,,"""BWH_1781_S_aur"",""SRS20472880""",,PDT002080295.1,2024-02-16T01:09:46Z,USA:Boston,Nasal perirectal swab,clinical,,,,,SAMN39956428,GCA_036669275.1,"ant(9)-Ia=COMPLETE,blaI=COMPLETE,blaPC1=COMPLETE,blaR1=COMPLETE,erm(A)=COMPLETE,fosB=COMPLETE,murA_D278E=POINT,murA_E291D=POINT,tet(38)=COMPLETE",,"ceftaroline=S,ciprofloxacin=S,clindamycin=R,daptomycin=S,erythromycin=R,gentamicin=S,levofloxacin=S,linezolid=S,minocycline=S,moxifloxacin=S,oxacillin=S,rifampin=S,tetracycline=S,tigecycline=S,trimethoprim-sulfamethoxazole=S,vancomycin=S"
Staphylococcus aureus,,"""BWH_1713_S_aur"",""SRS20472875""",,PDT002080296.1,2024-02-16T01:09:46Z,USA:Boston,Nasal perirectal swab,clinical,,PDS000174067.2,1.0,,SAMN39956401,GCA_036631865.1,"blaI=COMPLETE,blaR1=COMPLETE,blaZ=COMPLETE,blaZ=PARTIAL_END_OF_CONTIG,erm(C)=COMPLETE,fosB=COMPLETE,gyrA_S84L=POINT,mepA=COMPLETE,mph(C)=COMPLETE,msr(A)=COMPLETE,murA_G257D=POINT,parC_S80Y=POINT,tet(38)=COMPLETE",,"ceftaroline=S,ciprofloxacin=R,clindamycin=R,daptomycin=S,erythromycin=R,gentamicin=S,levofloxacin=R,linezolid=S,minocycline=S,moxifloxacin=I,oxacillin=S,rifampin=S,tetracycline=S,tigecycline=S,trimethoprim-sulfamethoxazole=S,vancomycin=S"
Staphylococcus aureus,,"""BWH_1754_S_aur"",""SRS20473107""",,PDT002080302.1,2024-02-16T01:09:47Z,USA:Boston,Nasal perirectal swab,clinical,,,,,SAMN39956420,GCA_036631745.1,"blaI=COMPLETE,blaR1=HMM,blaZ=COMPLETE,erm(T)=COMPLETE,glpT_A100V=POINT,glpT_F3I=POINT,mepA=COMPLETE,murA_D278E=POINT,murA_E291D=POINT,tet(38)=COMPLETE",,"ceftaroline=S,ciprofloxacin=S,clindamycin=R,daptomycin=S,erythromycin=R,gentamicin=S,levofloxacin=S,linezolid=S,minocycline=S,moxifloxacin=S,oxacillin=S,rifampin=S,tetracycline=S,tigecycline=S,trimethoprim-sulfamethoxazole=S,vancomycin=S"
Staphylococcus aureus,,"""BWH_1712_S_aur"",""SRS20472872""",,PDT002080304.1,2024-02-16T01:09:47Z,USA:Boston,Nasal perirectal swab,clinical,,PDS000155342.6,1.0,,SAMN39956400,GCA_036631725.1,"erm(C)=COMPLETE,fosB=COMPLETE,mepA=COMPLETE,tet(38)=COMPLETE",,"ceftaroline=S,ciprofloxacin=S,clindamycin=R,daptomycin=S,erythromycin=R,gentamicin=S,levofloxacin=S,linezolid=S,minocycline=S,moxifloxacin=S,oxacillin=S,rifampin=S,tetracycline=S,tigecycline=S,trimethoprim-sulfamethoxazole=S,vancomycin=S"
Staphylococcus aureus,,"""BWH_1710_S_aur"",""SRS20472866""",,PDT002080312.1,2024-02-16T01:09:49Z,USA:Boston,Nasal perirectal swab,clinical,,PDS000174062.2,7.0,,SAMN39956398,GCA_036631685.1,"blaI=COMPLETE,blaR1=HMM,blaZ=COMPLETE,erm(T)=COMPLETE,glpT_A100V=POINT,glpT_F3I=POINT,mepA=COMPLETE,murA_D278E=POINT,murA_E291D=POINT,tet(38)=COMPLETE",,"ceftaroline=S,ciprofloxacin=S,clindamycin=R,daptomycin=S,erythromycin=R,gentamicin=S,levofloxacin=S,linezolid=S,minocycline=S,moxifloxacin=S,oxacillin=S,rifampin=S,tetracycline=S,tigecycline=S,trimethoprim-sulfamethoxazole=S,vancomycin=S"
Staphylococcus aureus,,"""BWH_1753_S_aur"",""SRS20473419""",,PDT002080322.1,2024-02-16T03:08:08Z,USA:Boston,Nasal perirectal swab,clinical,,PDS000155342.6,1.0,,SAMN39956419,GCA_036668535.1,"erm(C)=COMPLETE,fosB=COMPLETE,mepA=COMPLETE,tet(38)=COMPLETE",,"ceftaroline=S,ciprofloxacin=S,clindamycin=R,daptomycin=S,erythromycin=R,gentamicin=S,levofloxacin=S,linezolid=S,minocycline=S,moxifloxacin=S,oxacillin=S,rifampin=S,tetracycline=S,tigecycline=S,trimethoprim-sulfamethoxazole=S,vancomycin=S"
Staphylococcus aureus,,"""BWH_1711_S_aur"",""SRS20473629""",,PDT002080326.1,2024-02-16T03:08:09Z,USA:Boston,Nasal perirectal swab,clinical,,PDS000174067.2,1.0,,SAMN39956399,GCA_036667195.1,"blaI=COMPLETE,blaR1=COMPLETE,blaZ=COMPLETE,blaZ=PARTIAL_END_OF_CONTIG,erm(C)=COMPLETE,fosB=COMPLETE,gyrA_S84L=POINT,mepA=COMPLETE,mph(C)=COMPLETE,msr(A)=COMPLETE,murA_G257D=POINT,parC_S80Y=POINT,tet(38)=COMPLETE",,"ceftaroline=S,ciprofloxacin=R,clindamycin=R,daptomycin=S,erythromycin=R,gentamicin=S,levofloxacin=R,linezolid=S,minocycline=S,moxifloxacin=R,oxacillin=S,rifampin=S,tetracycline=S,tigecycline=S,trimethoprim-sulfamethoxazole=S,vancomycin=S"
Staphylococcus aureus,BSN57,"""BSN57"",""SRS21140372"",""Staphylococcus aureus str BSN57""",,PDT002082296.2,2024-05-17T19:42:00Z,"USA: Detroit, MI",blood,clinical,,PDS000174349.2,36.0,,SAMN38637648,GCA_036689715.2,"aadD1=COMPLETE,ant(9)-Ia=COMPLETE,blaI=COMPLETE,blaR1=COMPLETE,blaZ=COMPLETE,bleO=COMPLETE,erm(A)=COMPLETE,fosB=COMPLETE,gyrA_S84L=POINT,mecA=COMPLETE,mecI=COMPLETE,mecR1=COMPLETE,mepA=COMPLETE,mph(C)=COMPLETE,msr(A)=COMPLETE,parC_S80F=POINT,parE_P585S=POINT,tet(38)=COMPLETE",,"clindamycin=R,daptomycin=S,erythromycin=R,gentamicin=S,linezolid=S,oxacillin=R,rifampin=S,trimethoprim-sulfamethoxazole=S,vancomycin=S"
Staphylococcus aureus,BSN25,"""BSN25"",""Staphylococcus aureus str BSN25""",,PDT002082727.2,2024-07-29T20:05:43Z,"USA: Detroit, MI",blood,clinical,,PDS000174373.2,2.0,,SAMN39942299,GCA_036697825.2,"aadD1=COMPLETE,ant(9)-Ia=COMPLETE,blaI=COMPLETE,blaR1=COMPLETE,blaZ=COMPLETE,bleO=COMPLETE,erm(A)=COMPLETE,fosB=COMPLETE,gyrA_S84L=POINT,mecA=COMPLETE,mecI=COMPLETE,mecR1=COMPLETE,mepA=COMPLETE,mph(C)=COMPLETE,msr(A)=COMPLETE,parC_S80F=POINT,parE_P585S=POINT,tet(38)=COMPLETE",,"clindamycin=R,daptomycin=S,erythromycin=R,gentamicin=S,linezolid=S,oxacillin=R,rifampin=S,trimethoprim-sulfamethoxazole=S,vancomycin=S"
Staphylococcus aureus,BSN65,"""BSN65"",""SRS20483078"",""Staphylococcus aureus str BSN65""",,PDT002096927.2,2024-06-03T21:15:07Z,"USA: Detroit, MI",blood,clinical,,,,,SAMN38637651,GCA_036961545.2,"ant(6)-Ia=PARTIAL,aph(3')-IIIa=COMPLETE,fosB=COMPLETE,mecA=COMPLETE,mecR1=PARTIAL,mepA=COMPLETE,mph(C)=COMPLETE,mprF_L826F=POINT,msr(A)=COMPLETE,sat4=MISTRANSLATION,tet(38)=COMPLETE",,"ceftaroline=S,clindamycin=S,daptomycin=R,erythromycin=R,gentamicin=S,linezolid=S,oxacillin=R,rifampin=S,trimethoprim-sulfamethoxazole=S,vancomycin=S"
Staphylococcus aureus,BSN84,"""BSN84"",""SRS20485605"",""Staphylococcus aureus str BSN84""",,PDT002103395.2,2024-06-03T20:12:03Z,"USA: Detroit, MI",blood,clinical,,,,,SAMN38637672,GCA_037045965.2,"blaI=COMPLETE,blaR1=HMM,blaZ=COMPLETE,dfrG=COMPLETE,erm(T)=COMPLETE,glpT_A100V=POINT,glpT_F3I=POINT,mepA=COMPLETE,murA_D278E=POINT,murA_E291D=POINT,tet(38)=COMPLETE",,"clindamycin=R,erythromycin=R,gentamicin=S,oxacillin=S,penicillin=R,rifampin=S,trimethoprim-sulfamethoxazole=S,vancomycin=S"
Staphylococcus aureus,BSN80,"""BSN80"",""SRS20483038"",""Staphylococcus aureus str BSN80""",,PDT002103396.2,2024-06-03T20:59:23Z,"USA: Detroit, MI",blood,clinical,,PDS000209769.1,6.0,,SAMN38637668,GCA_037045985.2,"ant(6)-Ia=MISTRANSLATION,aph(3')-IIIa=COMPLETE,blaI=COMPLETE,blaR1=COMPLETE,blaZ=COMPLETE,fosB=COMPLETE,gyrA_S84L=POINT,mecA=COMPLETE,mecR1=PARTIAL,mepA=COMPLETE,mph(C)=COMPLETE,msr(A)=COMPLETE,murA_G257D=POINT,parC_S80Y=POINT,sat4=COMPLETE,tet(38)=COMPLETE",,"clindamycin=R,daptomycin=S,erythromycin=R,gentamicin=S,linezolid=S,oxacillin=R,rifampin=S,trimethoprim-sulfamethoxazole=S,vancomycin=S"
Staphylococcus aureus,BSN73,"""BSN73"",""SRS20483080"",""Staphylococcus aureus str BSN73""",,PDT002103397.1,2024-03-07T04:18:26Z,"USA: Detroit, MI",blood,clinical,,,,,SAMN38637661,GCA_037046265.1,"aadD1=COMPLETE,blaI=COMPLETE,blaR1=COMPLETE,blaZ=COMPLETE,dfrG=COMPLETE,folP_E208K=POINT,folP_F17L=POINT,fosB=COMPLETE,gyrA_S84L=POINT,gyrA_S85P=POINT,mecA=COMPLETE,mecR1=PARTIAL,mepA=COMPLETE,mph(C)=COMPLETE,msr(A)=COMPLETE,murA_G257D=POINT,parC_S80F=POINT,parE_D432V=POINT,tet(38)=COMPLETE",,"clindamycin=S,daptomycin=S,erythromycin=R,gentamicin=S,linezolid=S,oxacillin=R,rifampin=S,trimethoprim-sulfamethoxazole=R,vancomycin=S"
Staphylococcus aureus,BSN82,"""BSN82"",""SRS20485593"",""Staphylococcus aureus str BSN82""",,PDT002103400.2,2024-06-03T18:21:14Z,"USA: Detroit, MI",blood,clinical,,,,,SAMN38637670,GCA_037046505.2,"aadD1=COMPLETE,blaI=COMPLETE,blaR1=COMPLETE,blaZ=COMPLETE,dfrF=COMPLETE,dfrG=COMPLETE,folP_E208K=POINT,folP_F17L=POINT,fosB=COMPLETE,gyrA_S84L=POINT,gyrA_S85P=POINT,mecA=COMPLETE,mecR1=PARTIAL,mepA=COMPLETE,mph(C)=COMPLETE,msr(A)=COMPLETE,mupA=COMPLETE,murA_G257D=POINT,parC_S80F=POINT,parE_D432V=POINT,tet(38)=COMPLETE,tet(M)=COMPLETE",,"clindamycin=S,daptomycin=S,erythromycin=R,gentamicin=S,linezolid=S,oxacillin=R,rifampin=S,trimethoprim-sulfamethoxazole=R,vancomycin=S"
Staphylococcus aureus,BSN87-2,"""BSN87-2"",""SRS20485608"",""Staphylococcus aureus str BSN87-2""",,PDT002109434.1,2024-03-10T16:49:04Z,"USA: Detroit, MI",blood,clinical,,PDS000177765.2,22.0,,SAMN38637675,GCA_037083945.1,"aadD1=COMPLETE,ant(9)-Ia=COMPLETE,blaI=COMPLETE,blaR1=COMPLETE,blaZ=COMPLETE,bleO=COMPLETE,erm(A)=COMPLETE,fosB=COMPLETE,gyrA_S84L=POINT,mecA=COMPLETE,mecI=COMPLETE,mecR1=COMPLETE,mepA=COMPLETE,parC_S80F=POINT,tet(38)=COMPLETE",,"clindamycin=R,daptomycin=S,erythromycin=R,gentamicin=S,linezolid=S,oxacillin=R,rifampin=S,trimethoprim-sulfamethoxazole=S,vancomycin=S"
Staphylococcus aureus,BSN86,"""BSN86"",""SRS20485607"",""Staphylococcus aureus str BSN86""",,PDT002109435.2,2024-03-20T08:16:41Z,"USA: Detroit, MI",blood,clinical,,,,,SAMN38637674,GCA_037084145.2,"fosB=COMPLETE,gyrA_S84L=POINT,mecA=COMPLETE,mecR1=PARTIAL,mepA=COMPLETE,murA_G257D=POINT,parC_S80Y=POINT,tet(38)=COMPLETE",,"clindamycin=R,daptomycin=S,erythromycin=R,gentamicin=S,linezolid=S,oxacillin=R,rifampin=S,trimethoprim-sulfamethoxazole=S,vancomycin=S"
Staphylococcus aureus,BSN77,"""BSN77"",""SRS20483083"",""Staphylococcus aureus str BSN77""",,PDT002109436.2,2024-06-03T22:49:22Z,"USA: Detroit, MI",blood,clinical,,,,,SAMN38637665,GCA_037095045.2,"ant(6)-Ia=MISTRANSLATION,aph(3')-IIIa=COMPLETE,blaI=COMPLETE,blaR1=COMPLETE,blaZ=COMPLETE,fosB=COMPLETE,gyrA_S84L=POINT,mecA=COMPLETE,mecR1=PARTIAL,mepA=COMPLETE,mph(C)=COMPLETE,msr(A)=COMPLETE,murA_G257D=POINT,parC_S80Y=POINT,sat4=COMPLETE,tet(38)=COMPLETE",,"clindamycin=S,daptomycin=S,erythromycin=R,gentamicin=S,linezolid=S,oxacillin=R,rifampin=S,trimethoprim-sulfamethoxazole=S,vancomycin=S"
Staphylococcus aureus,BSN85,"""BSN85"",""SRS20485606"",""Staphylococcus aureus str BSN85""",,PDT002109437.2,2024-06-03T21:30:48Z,"USA: Detroit, MI",blood,clinical,,PDS000179565.2,21.0,,SAMN38637673,GCA_037095035.2,"aadD1=COMPLETE,ant(9)-Ia=COMPLETE,blaI=COMPLETE,blaR1=COMPLETE,blaZ=COMPLETE,bleO=COMPLETE,erm(A)=COMPLETE,fosB=COMPLETE,gyrA_S84L=POINT,mecA=COMPLETE,mecI=COMPLETE,mecR1=COMPLETE,mepA=COMPLETE,mph(C)=COMPLETE,msr(A)=COMPLETE,parC_S80F=POINT,parE_P585S=POINT,tet(38)=COMPLETE",,"clindamycin=R,daptomycin=S,erythromycin=R,gentamicin=S,linezolid=S,oxacillin=R,rifampin=S,trimethoprim-sulfamethoxazole=S,vancomycin=S"
Staphylococcus aureus,BSN70-3,"""BSN70-3"",""SRS20483043"",""Staphylococcus aureus str BSN70-3""",,PDT002109438.2,2024-03-20T08:19:51Z,"USA: Detroit, MI",blood,clinical,,,,,SAMN38637658,GCA_037095845.2,"ant(6)-Ia=MISTRANSLATION,aph(3')-IIIa=COMPLETE,blaI=COMPLETE,blaR1=COMPLETE,blaZ=COMPLETE,fosB=COMPLETE,gyrA_S84L=POINT,mecA=COMPLETE,mecR1=PARTIAL,mepA=COMPLETE,mph(C)=COMPLETE,msr(A)=COMPLETE,murA_G257D=POINT,parC_S80Y=POINT,sat4=COMPLETE,tet(38)=COMPLETE",,"clindamycin=S,daptomycin=S,erythromycin=R,gentamicin=S,linezolid=S,oxacillin=R,rifampin=S,trimethoprim-sulfamethoxazole=S,vancomycin=S"
Staphylococcus aureus,BSN118,"""BSN118"",""SRS20598180"",""Staphylococcus aureus str BSN118""",,PDT002111637.2,2024-06-12T18:12:11Z,"USA: Detroit, MI",blood,clinical,,,,,SAMN38637696,GCA_037120235.2,"ant(9)-Ia=COMPLETE,blaI=COMPLETE,blaR1=COMPLETE,blaZ=COMPLETE,erm(A)=COMPLETE,glpT_A100V=POINT,mepA=COMPLETE,murA_E291D=POINT,murA_T396N=POINT,tet(38)=COMPLETE",,"clindamycin=R,erythromycin=R,gentamicin=S,oxacillin=S,penicillin=R,rifampin=S,trimethoprim-sulfamethoxazole=S,vancomycin=S"
Staphylococcus aureus,BSN96,"""BSN96"",""SRS20485599"",""Staphylococcus aureus str BSN96""",,PDT002112769.1,2024-03-14T04:37:41Z,"USA: Detroit, MI",blood,clinical,,,,,SAMN38637684,GCA_037137095.1,"blaI=COMPLETE,blaR1=COMPLETE,blaZ=COMPLETE,erm(C)=COMPLETE,fosB=COMPLETE,gyrA_S84L=POINT,mecA=COMPLETE,mecR1=PARTIAL,mepA=COMPLETE,mph(C)=COMPLETE,msr(A)=COMPLETE,murA_G257D=POINT,parC_S80Y=POINT,tet(38)=COMPLETE,tet(K)=COMPLETE",,"clindamycin=R,daptomycin=S,erythromycin=R,gentamicin=S,linezolid=S,oxacillin=R,rifampin=S,trimethoprim-sulfamethoxazole=S,vancomycin=S"
Staphylococcus aureus,BSN92,"""BSN92"",""SRS20485595"",""Staphylococcus aureus str BSN92""",,PDT002115218.2,2024-06-25T12:05:46Z,"USA: Detroit, MI",blood,clinical,,,,,SAMN38637680,GCA_037199595.2,"aadD1=COMPLETE,ant(9)-Ia=COMPLETE,blaI=COMPLETE,blaR1=COMPLETE,blaZ=COMPLETE,bleO=COMPLETE,erm(A)=COMPLETE,fosB=COMPLETE,gyrA_S84L=POINT,mecA=COMPLETE,mecI=COMPLETE,mecR1=COMPLETE,mepA=COMPLETE,parC_S80F=POINT,parE_D432N=POINT,tet(38)=COMPLETE",,"clindamycin=R,daptomycin=S,erythromycin=R,gentamicin=S,linezolid=S,oxacillin=R,rifampin=S,trimethoprim-sulfamethoxazole=S,vancomycin=S"
Staphylococcus aureus,BSN38-MRSA1,"""BSN38-MRSA1"",""Staphylococcus aureus str BSN38-MRSA1""",,PDT002115222.2,2024-07-10T13:38:31Z,"USA: Detroit, MI",blood,clinical,,PDS000126548.6,2.0,,SAMN39933407,GCA_037199755.2,"ant(6)-Ia=MISTRANSLATION,aph(3')-IIIa=COMPLETE,blaI=COMPLETE,blaR1=COMPLETE,blaZ=COMPLETE,fosB=COMPLETE,gyrA_S84L=POINT,mecA=COMPLETE,mecR1=PARTIAL,mepA=COMPLETE,mph(C)=COMPLETE,msr(A)=COMPLETE,murA_G257D=POINT,parC_S80Y=POINT,sat4=COMPLETE,tet(38)=COMPLETE",,"clindamycin=S,daptomycin=S,erythromycin=R,gentamicin=S,linezolid=S,oxacillin=R,rifampin=S,trimethoprim-sulfamethoxazole=S,vancomycin=S"
Staphylococcus aureus,BSN38-MRSA3,"""BSN38-MRSA3"",""Staphylococcus aureus str BSN38-MRSA3""",,PDT002115223.1,2024-03-17T03:28:07Z,"USA: Detroit, MI",blood,clinical,,PDS000126548.6,1.0,,SAMN39933409,GCA_037199785.1,"ant(6)-Ia=MISTRANSLATION,aph(3')-IIIa=COMPLETE,blaI=COMPLETE,blaR1=COMPLETE,blaZ=COMPLETE,fosB=COMPLETE,gyrA_S84L=POINT,mecA=COMPLETE,mecR1=PARTIAL,mepA=COMPLETE,mph(C)=COMPLETE,msr(A)=COMPLETE,murA_G257D=POINT,parC_S80Y=POINT,sat4=COMPLETE,tet(38)=COMPLETE",,"clindamycin=S,daptomycin=S,erythromycin=R,gentamicin=S,linezolid=S,oxacillin=R,rifampin=S,trimethoprim-sulfamethoxazole=S,vancomycin=S"
Staphylococcus aureus,BSN38-MRSA2,"""BSN38-MRSA2"",""Staphylococcus aureus str BSN38-MRSA2""",,PDT002115225.1,2024-03-17T03:28:17Z,"USA: Detroit, MI",blood,clinical,,PDS000126548.6,1.0,,SAMN39933408,GCA_037199795.1,"ant(6)-Ia=MISTRANSLATION,aph(3')-IIIa=COMPLETE,blaI=COMPLETE,blaR1=COMPLETE,blaZ=COMPLETE,fosB=COMPLETE,gyrA_S84L=POINT,mecA=COMPLETE,mecR1=PARTIAL,mepA=COMPLETE,mph(C)=COMPLETE,msr(A)=COMPLETE,murA_G257D=POINT,parC_S80Y=POINT,sat4=COMPLETE,tet(38)=COMPLETE",,"ceftaroline=S,clindamycin=S,daptomycin=S,erythromycin=R,gentamicin=S,linezolid=S,oxacillin=R,rifampin=S,trimethoprim-sulfamethoxazole=S,vancomycin=S"
Staphylococcus aureus,BSN102,"""BSN102"",""SRS20598157"",""Staphylococcus aureus str BSN102""",,PDT002117605.1,2024-03-18T15:01:34Z,"USA: Detroit, MI",blood,clinical,,PDS000179082.1,1.0,,SAMN38637690,GCA_037217515.1,"ant(6)-Ia=MISTRANSLATION,aph(3')-IIIa=COMPLETE,blaI=COMPLETE,blaR1=COMPLETE,blaZ=COMPLETE,fosB=COMPLETE,mecA=COMPLETE,mecR1=PARTIAL,mepA=COMPLETE,mph(C)=COMPLETE,msr(A)=COMPLETE,murA_G257D=POINT,parC_S80Y=POINT,sat4=COMPLETE,tet(38)=COMPLETE",,"clindamycin=S,daptomycin=S,erythromycin=R,gentamicin=S,linezolid=S,oxacillin=R,rifampin=S,trimethoprim-sulfamethoxazole=S,vancomycin=S"
Staphylococcus aureus,BSN97,"""BSN97"",""SRS20485600"",""Staphylococcus aureus str BSN97""",,PDT002117606.1,2024-03-18T15:17:09Z,"USA: Detroit, MI",blood,clinical,,PDS000126540.16,27.0,,SAMN38637685,GCA_037217645.1,"erm(C)=COMPLETE,fosB=COMPLETE,gyrA_S84L=POINT,mecA=COMPLETE,mecR1=PARTIAL,mepA=COMPLETE,murA_G257D=POINT,parC_S80Y=POINT,tet(38)=COMPLETE",,"clindamycin=R,daptomycin=S,erythromycin=R,gentamicin=S,linezolid=S,oxacillin=R,rifampin=S,trimethoprim-sulfamethoxazole=S,vancomycin=S"
Staphylococcus aureus,BSN99,"""BSN99"",""SRS20485602"",""Staphylococcus aureus str BSN99""",,PDT002117607.1,2024-03-18T15:32:46Z,"USA: Detroit, MI",blood,clinical,,,,,SAMN38637687,GCA_037218625.1,"ant(9)-Ia=COMPLETE,blaI=COMPLETE,blaR1=COMPLETE,blaZ=COMPLETE,erm(A)=COMPLETE,glpT_A100V=POINT,mepA=COMPLETE,murA_E291D=POINT,murA_T396N=POINT,tet(38)=COMPLETE",,"clindamycin=R,erythromycin=R,gentamicin=S,oxacillin=S,penicillin=R,rifampin=S,trimethoprim-sulfamethoxazole=S,vancomycin=S"
Staphylococcus aureus,BSN102-2,"""BSN102-2"",""SRS20598167"",""Staphylococcus aureus str BSN102-2""",,PDT002117608.1,2024-03-18T15:48:19Z,"USA: Detroit, MI",blood,clinical,,PDS000179082.1,1.0,,SAMN38637691,GCA_037219465.1,"ant(6)-Ia=MISTRANSLATION,aph(3')-IIIa=COMPLETE,blaI=COMPLETE,blaR1=COMPLETE,blaZ=COMPLETE,fosB=COMPLETE,mecA=COMPLETE,mecR1=PARTIAL,mepA=COMPLETE,mph(C)=COMPLETE,msr(A)=COMPLETE,murA_G257D=POINT,parC_S80Y=POINT,sat4=COMPLETE,tet(38)=COMPLETE",,"ceftaroline=S,clindamycin=S,daptomycin=S,erythromycin=R,gentamicin=S,linezolid=S,oxacillin=R,rifampin=S,trimethoprim-sulfamethoxazole=S,vancomycin=S"
Staphylococcus aureus,BSN104,"""BSN104"",""SRS20598178"",""Staphylococcus aureus str BSN104""",,PDT002117609.1,2024-03-18T16:03:56Z,"USA: Detroit, MI",blood,clinical,,,,,SAMN38637693,GCA_037220215.1,"ant(6)-Ia=MISTRANSLATION,aph(3')-IIIa=COMPLETE,blaI=COMPLETE,blaR1=COMPLETE,blaZ=COMPLETE,fosB=COMPLETE,gyrA_S84L=POINT,mecA=COMPLETE,mecR1=PARTIAL,mepA=COMPLETE,mph(C)=COMPLETE,msr(A)=COMPLETE,murA_G257D=POINT,parC_S80Y=POINT,sat4=COMPLETE,tet(38)=COMPLETE",,"clindamycin=S,daptomycin=S,erythromycin=R,gentamicin=S,linezolid=S,oxacillin=R,rifampin=S,trimethoprim-sulfamethoxazole=S,vancomycin=S"
Staphylococcus aureus,BSN133,"""BSN133"",""SRS20598169"",""Staphylococcus aureus str BSN133""",,PDT002117611.1,2024-03-18T16:35:29Z,"USA: Detroit, MI",blood,clinical,,,,,SAMN38637711,GCA_037221415.1,"fosB=COMPLETE,gyrA_S84L=POINT,mepA=COMPLETE,mph(C)=COMPLETE,msr(A)=COMPLETE,murA_G257D=POINT,parC_S80Y=POINT,tet(38)=COMPLETE",,"clindamycin=S,erythromycin=R,gentamicin=S,oxacillin=S,rifampin=S,trimethoprim-sulfamethoxazole=S,vancomycin=S"
Staphylococcus aureus,BSN140,"""BSN140"",""SRS20614745"",""Staphylococcus aureus str BSN140""",,PDT002118703.1,2024-03-19T17:27:02Z,"USA: Detroit, MI",blood,clinical,,,,,SAMN38637719,GCA_037343325.1,"ant(6)-Ia=MISTRANSLATION,aph(3')-IIIa=COMPLETE,blaI=COMPLETE,blaR1=COMPLETE,blaR1=HMM,blaZ=PARTIAL,fosB=COMPLETE,mepA=COMPLETE,mph(C)=COMPLETE,msr(A)=COMPLETE,sat4=PARTIAL,tet(38)=COMPLETE",,"clindamycin=S,erythromycin=R,gentamicin=S,oxacillin=S,penicillin=R,rifampin=S,trimethoprim-sulfamethoxazole=S,vancomycin=S"
Staphylococcus aureus,BSN131,"""BSN131"",""SRS20598163"",""Staphylococcus aureus str BSN131""",,PDT002121352.1,2024-03-20T15:56:06Z,"USA: Detroit, MI",blood,clinical,,PDS000179565.2,21.0,,SAMN38637709,GCA_037414495.1,"aadD1=COMPLETE,ant(9)-Ia=COMPLETE,blaI=COMPLETE,blaR1=COMPLETE,blaZ=COMPLETE,bleO=COMPLETE,erm(A)=COMPLETE,fosB=COMPLETE,gyrA_S84L=POINT,mecA=COMPLETE,mecI=COMPLETE,mecR1=COMPLETE,mepA=COMPLETE,mph(C)=COMPLETE,msr(A)=COMPLETE,parC_S80F=POINT,parE_P585S=POINT,tet(38)=COMPLETE",,"clindamycin=R,daptomycin=S,erythromycin=R,gentamicin=S,linezolid=S,oxacillin=R,rifampin=S,trimethoprim-sulfamethoxazole=S,vancomycin=S"
Staphylococcus aureus,BSN155,"""BSN155"",""SRS20736317"",""Staphylococcus aureus str BSN155""",,PDT002122860.1,2024-03-24T16:20:21Z,"USA: Detroit, MI",blood,clinical,,PDS000179684.1,20.0,,SAMN38637734,GCA_037482255.1,"ant(6)-Ia=MISTRANSLATION,aph(3')-IIIa=COMPLETE,blaI=COMPLETE,blaR1=COMPLETE,blaZ=COMPLETE,fosB=COMPLETE,mecA=COMPLETE,mecR1=PARTIAL,mepA=COMPLETE,mph(C)=COMPLETE,msr(A)=COMPLETE,murA_G257D=POINT,sat4=COMPLETE,tet(38)=COMPLETE",,"clindamycin=S,daptomycin=S,erythromycin=R,gentamicin=S,linezolid=S,oxacillin=R,rifampin=S,trimethoprim-sulfamethoxazole=S,vancomycin=S"
Staphylococcus aureus,BSN155-2,"""BSN155-2"",""SRS20736327"",""Staphylococcus aureus str BSN155-2""",,PDT002122861.1,2024-03-24T16:36:02Z,"USA: Detroit, MI",blood,clinical,,PDS000179684.1,20.0,,SAMN38637735,GCA_037482265.1,"ant(6)-Ia=MISTRANSLATION,aph(3')-IIIa=COMPLETE,blaI=COMPLETE,blaR1=COMPLETE,blaZ=COMPLETE,fosB=COMPLETE,mecA=COMPLETE,mecR1=PARTIAL,mepA=COMPLETE,mph(C)=COMPLETE,msr(A)=COMPLETE,murA_G257D=POINT,sat4=COMPLETE,tet(38)=COMPLETE",,"clindamycin=S,daptomycin=S,erythromycin=R,gentamicin=S,linezolid=S,oxacillin=R,rifampin=S,trimethoprim-sulfamethoxazole=S,vancomycin=S"
Staphylococcus aureus,BSN76,"""BSN76"",""SRS20483036"",""Staphylococcus aureus str BSN76""",,PDT002127339.1,2024-03-29T05:23:13Z,"USA: Detroit, MI",blood,clinical,,,,,SAMN38637664,GCA_037809465.1,"ant(6)-Ia=PARTIAL,aph(3')-IIIa=COMPLETE,blaI=COMPLETE,blaR1=HMM,blaR1=MISTRANSLATION,blaZ=COMPLETE,fosB=COMPLETE,mepA=COMPLETE,msr(A)=COMPLETE,sat4=COMPLETE,tet(38)=COMPLETE,tet(K)=COMPLETE",,"clindamycin=S,erythromycin=R,gentamicin=S,oxacillin=S,penicillin=S,rifampin=S,trimethoprim-sulfamethoxazole=S,vancomycin=S"
Staphylococcus aureus,BSN100,"""BSN100"",""SRS20485603"",""Staphylococcus aureus str BSN100""",,PDT002129037.1,2024-03-31T10:07:01Z,"USA: Detroit, MI",blood,clinical,,,,,SAMN38637688,GCA_037890645.1,"aadD1=COMPLETE,blaI=COMPLETE,blaR1=COMPLETE,blaZ=COMPLETE,dfrG=COMPLETE,erm(C)=COMPLETE,folP_E208K=POINT,folP_F17L=POINT,fosB=COMPLETE,gyrA_S84L=POINT,gyrA_S85P=POINT,mecA=COMPLETE,mecR1=PARTIAL,mepA=COMPLETE,mph(C)=COMPLETE,msr(A)=COMPLETE,mupA=MISTRANSLATION,murA_G257D=POINT,parC_S80F=POINT,parE_D432V=POINT,tet(38)=COMPLETE",,"clindamycin=R,daptomycin=S,erythromycin=R,gentamicin=S,linezolid=S,oxacillin=R,rifampin=S,trimethoprim-sulfamethoxazole=R,vancomycin=S"
Staphylococcus aureus,BSN78,"""BSN78"",""SRS20483084"",""Staphylococcus aureus str BSN78""",,PDT002129039.1,2024-03-31T10:22:39Z,"USA: Detroit, MI",blood,clinical,,,,,SAMN38637666,GCA_037890655.1,"ant(6)-Ia=PARTIAL,aph(3')-IIIa=COMPLETE,blaI=COMPLETE,blaR1=COMPLETE,blaZ=COMPLETE,fosB=COMPLETE,mepA=COMPLETE,mph(C)=COMPLETE,msr(A)=COMPLETE,sat4=COMPLETE,tet(38)=COMPLETE",,"clindamycin=S,erythromycin=R,gentamicin=S,oxacillin=S,penicillin=R,rifampin=S,trimethoprim-sulfamethoxazole=S,vancomycin=S"
Staphylococcus aureus,BSN123,"""BSN123"",""SRS20598502"",""Staphylococcus aureus str BSN123""",,PDT002130908.1,2024-04-03T03:48:29Z,"USA: Detroit, MI",blood,clinical,,PDS000126540.16,11.0,,SAMN38637701,GCA_037938875.1,"ant(6)-Ia=MISTRANSLATION,aph(3')-IIIa=COMPLETE,blaI=COMPLETE,blaR1=COMPLETE,blaZ=COMPLETE,fosB=COMPLETE,gyrA_S84L=POINT,mecA=COMPLETE,mecR1=PARTIAL,mepA=COMPLETE,mph(C)=COMPLETE,msr(A)=COMPLETE,murA_G257D=POINT,parC_S80Y=POINT,sat4=COMPLETE,tet(38)=COMPLETE",,"clindamycin=S,daptomycin=S,erythromycin=R,gentamicin=S,linezolid=S,oxacillin=R,rifampin=S,trimethoprim-sulfamethoxazole=S,vancomycin=S"
Staphylococcus aureus,BSN124,"""BSN124"",""SRS20598503"",""Staphylococcus aureus str BSN124""",,PDT002131979.1,2024-04-03T12:07:56Z,"USA: Detroit, MI",blood,clinical,,,,,SAMN38637702,GCA_037948675.1,"aph(3')-IIIa=COMPLETE,blaI=COMPLETE,blaR1=COMPLETE,blaZ=COMPLETE,fosB=COMPLETE,mecA=COMPLETE,mecR1=PARTIAL,mepA=COMPLETE,mph(C)=COMPLETE,msr(A)=COMPLETE,murA_G257D=POINT,tet(38)=COMPLETE",,"ceftaroline=S,clindamycin=S,daptomycin=S,erythromycin=R,gentamicin=S,linezolid=S,oxacillin=R,rifampin=S,trimethoprim-sulfamethoxazole=S,vancomycin=S"
Staphylococcus aureus,BSN125,"""BSN125"",""SRS20598158"",""Staphylococcus aureus str BSN125""",,PDT002131980.1,2024-04-03T14:47:20Z,"USA: Detroit, MI",blood,clinical,,PDS000180827.6,5.0,,SAMN38637703,GCA_037951045.1,"aadD1=COMPLETE,ant(9)-Ia=COMPLETE,bleO=COMPLETE,erm(A)=COMPLETE,fosB=COMPLETE,gyrA_S84L=POINT,mecA=COMPLETE,mecI=COMPLETE,mecR1=COMPLETE,mepA=COMPLETE,parC_E84G=POINT,parC_S80Y=POINT,tet(38)=COMPLETE",,"clindamycin=R,daptomycin=S,erythromycin=R,gentamicin=R,linezolid=S,oxacillin=R,rifampin=S,trimethoprim-sulfamethoxazole=S,vancomycin=S"
Staphylococcus aureus,BSN213,"""BSN213"",""SRS20736341"",""Staphylococcus aureus str BSN213""",,PDT002135206.1,2024-04-08T19:25:17Z,"USA: Detroit, MI",blood,clinical,,PDS000180827.6,34.0,,SAMN38637793,GCA_038024215.1,"aac(6')-Ie/aph(2'')-Ia=COMPLETE,aadD1=COMPLETE,ant(9)-Ia=COMPLETE,blaI=COMPLETE,blaR1=COMPLETE,blaZ=COMPLETE,bleO=COMPLETE,cfr=COMPLETE,dfrS1=COMPLETE,erm(A)=COMPLETE,erm(C)=COMPLETE,fexA=COMPLETE,fosB=COMPLETE,gyrA_S84L=POINT,mecA=COMPLETE,mecI=COMPLETE,mecR1=COMPLETE,mepA=COMPLETE,parC_E84G=POINT,parC_S80Y=POINT,tet(38)=COMPLETE",,"clindamycin=R,daptomycin=S,erythromycin=R,gentamicin=R,linezolid=S,oxacillin=R,rifampin=S,trimethoprim-sulfamethoxazole=R,vancomycin=S"
Staphylococcus aureus,,"""BWH_1876_S_aur"",""SRS20993247""",,PDT002136291.1,2024-04-11T17:50:19Z,USA:Boston,Nasal perirectal swab,clinical,,PDS000170496.3,0.0,,SAMN40930677,GCA_038079335.1,"ant(9)-Ia=COMPLETE,blaI=COMPLETE,blaPC1=COMPLETE,blaR1=COMPLETE,erm(A)=COMPLETE,fosB=COMPLETE,glpT_A100V=POINT,glpT_V213I=POINT,mepA=COMPLETE,murA_D278E=POINT,murA_E291D=POINT,tet(38)=COMPLETE",,"ceftaroline=S,ciprofloxacin=S,clindamycin=R,daptomycin=S,erythromycin=R,gentamicin=S,levofloxacin=S,linezolid=S,minocycline=S,moxifloxacin=S,oxacillin=S,rifampin=S,tetracycline=S,tigecycline=S,trimethoprim-sulfamethoxazole=S,vancomycin=S"
Staphylococcus aureus,,"""BWH_1875_S_aur"",""SRS20993250""",,PDT002136292.1,2024-04-11T17:50:20Z,USA:Boston,Nasal perirectal swab,clinical,,,,,SAMN40930676,GCA_038079345.1,"ant(9)-Ia=COMPLETE,blaI=COMPLETE,blaPC1=COMPLETE,blaR1=COMPLETE,erm(A)=COMPLETE,fosB=COMPLETE,glpT_A100V=POINT,glpT_V213I=POINT,mepA=COMPLETE,murA_D278E=POINT,murA_E291D=POINT,tet(38)=COMPLETE",,"ceftaroline=S,ciprofloxacin=S,clindamycin=R,daptomycin=S,erythromycin=R,gentamicin=S,levofloxacin=S,linezolid=S,minocycline=S,moxifloxacin=S,oxacillin=S,rifampin=S,tetracycline=S,tigecycline=S,trimethoprim-sulfamethoxazole=S,vancomycin=S"
Staphylococcus aureus,,"""BWH_1853_S_aur"",""SRS20993226""",,PDT002136315.1,2024-04-11T17:50:32Z,USA:Boston,Nasal perirectal swab,clinical,,,,,SAMN40930655,GCA_038079245.1,"blaI=COMPLETE,blaR1=HMM,blaZ=COMPLETE,erm(T)=COMPLETE,glpT_A100V=POINT,glpT_F3I=POINT,mepA=COMPLETE,murA_D278E=POINT,murA_E291D=POINT,tet(38)=COMPLETE",,"ceftaroline=S,ciprofloxacin=S,clindamycin=R,daptomycin=S,erythromycin=R,gentamicin=S,levofloxacin=S,linezolid=S,minocycline=S,moxifloxacin=S,oxacillin=S,rifampin=S,tetracycline=S,tigecycline=S,trimethoprim-sulfamethoxazole=S,vancomycin=S"
Staphylococcus aureus,,"""BWH_1852_S_aur"",""SRS20993225""",,PDT002136316.1,2024-04-11T17:50:32Z,USA:Boston,Nasal perirectal swab,clinical,,,,,SAMN40930654,GCA_038079355.1,"blaI=COMPLETE,blaR1=HMM,blaZ=COMPLETE,erm(T)=COMPLETE,glpT_A100V=POINT,glpT_F3I=POINT,mepA=COMPLETE,murA_D278E=POINT,murA_E291D=POINT,tet(38)=COMPLETE",,"ceftaroline=S,ciprofloxacin=S,clindamycin=R,daptomycin=S,erythromycin=R,gentamicin=S,levofloxacin=S,linezolid=S,minocycline=S,moxifloxacin=S,oxacillin=S,rifampin=S,tetracycline=S,tigecycline=S,trimethoprim-sulfamethoxazole=S,vancomycin=S"
Staphylococcus aureus,,"""BWH_1826_S_aur"",""SRS20993209""",,PDT002136331.1,2024-04-11T17:50:37Z,USA:Boston,Nasal perirectal swab,clinical,,PDS000174067.2,1.0,,SAMN40930632,GCA_038079265.1,"blaI=COMPLETE,blaR1=COMPLETE,blaZ=COMPLETE,blaZ=PARTIAL_END_OF_CONTIG,erm(C)=COMPLETE,fosB=COMPLETE,gyrA_S84L=POINT,mepA=COMPLETE,mph(C)=COMPLETE,msr(A)=COMPLETE,murA_G257D=POINT,parC_S80Y=POINT,tet(38)=COMPLETE",,"ceftaroline=S,ciprofloxacin=R,clindamycin=R,daptomycin=S,erythromycin=R,gentamicin=S,levofloxacin=R,linezolid=S,minocycline=S,moxifloxacin=R,oxacillin=S,rifampin=S,tetracycline=S,tigecycline=S,trimethoprim-sulfamethoxazole=S,vancomycin=S"
Staphylococcus aureus,ll 7,"""BWH_1825_S_aur"",""SRS20993211"",""ll 7""",,PDT002136332.1,2024-04-11T17:50:37Z,USA:Boston,Nasal perirectal swab,clinical,,PDS000155342.6,3.0,,SAMN40930631,GCA_038081215.1,"erm(C)=COMPLETE,fosB=COMPLETE,mepA=COMPLETE,tet(38)=COMPLETE",,"ceftaroline=S,ciprofloxacin=S,clindamycin=R,daptomycin=S,erythromycin=R,gentamicin=S,levofloxacin=S,linezolid=S,minocycline=S,moxifloxacin=S,oxacillin=S,rifampin=S,tetracycline=S,tigecycline=S,trimethoprim-sulfamethoxazole=S,vancomycin=S"
Staphylococcus aureus,BSN181,"""BSN181"",""SRS20736313"",""Staphylococcus aureus str BSN181""",,PDT002137351.1,2024-04-10T12:21:15Z,"USA: Detroit, MI",blood,clinical,,,,,SAMN38637761,GCA_038048995.1,"aadD1=COMPLETE,ant(9)-Ia=COMPLETE,blaI=COMPLETE,blaR1=COMPLETE,blaZ=COMPLETE,bleO=COMPLETE,erm(A)=COMPLETE,fosB=COMPLETE,gyrA_S84L=POINT,mecA=COMPLETE,mecI=COMPLETE,mecR1=COMPLETE,mepA=COMPLETE,parC_S80F=POINT,tet(38)=COMPLETE",,"clindamycin=R,daptomycin=S,erythromycin=R,gentamicin=S,linezolid=R,oxacillin=R,rifampin=S,trimethoprim-sulfamethoxazole=S,vancomycin=S"
Staphylococcus aureus,BSN182,"""BSN182"",""SRS20736308"",""Staphylococcus aureus str BSN182""",,PDT002137352.1,2024-04-10T12:36:54Z,"USA: Detroit, MI",blood,clinical,,,,,SAMN38637762,GCA_038049065.1,"ant(6)-Ia=PARTIAL,aph(3')-IIIa=COMPLETE,blaI=COMPLETE,blaR1=COMPLETE,blaZ=COMPLETE,folP_A184V=POINT,fosB=COMPLETE,gyrA_S84L=POINT,mepA=COMPLETE,mph(C)=COMPLETE,msr(A)=COMPLETE,parC_S80Y=POINT,sat4=COMPLETE,tet(38)=COMPLETE",,"clindamycin=S,erythromycin=R,gentamicin=S,oxacillin=S,penicillin=R,rifampin=S,trimethoprim-sulfamethoxazole=S,vancomycin=S"
Staphylococcus aureus,BSN47-2,"""BSN47-2"",""SRS25348661"",""Staphylococcus aureus str BSN47-2""",,PDT002138403.1,2024-04-14T14:07:34Z,"USA: Detroit, MI",blood,clinical,,,,,SAMN38637637,GCA_038096205.1,"ant(6)-Ia=MISTRANSLATION,aph(3')-IIIa=COMPLETE,blaI=COMPLETE,blaR1=COMPLETE,blaZ=COMPLETE,erm(C)=COMPLETE,fosB=COMPLETE,gyrA_S84L=POINT,mecA=COMPLETE,mecR1=PARTIAL,mepA=COMPLETE,mph(C)=COMPLETE,msr(A)=COMPLETE,murA_G257D=POINT,parC_S80Y=POINT,sat4=COMPLETE,tet(38)=COMPLETE",,"clindamycin=R,daptomycin=S,erythromycin=R,gentamicin=S,linezolid=S,oxacillin=R,rifampin=S,trimethoprim-sulfamethoxazole=S,vancomycin=S"
Staphylococcus aureus,BSN165,"""BSN165"",""SRS20736295"",""Staphylococcus aureus str BSN165""",,PDT002138404.1,2024-04-14T14:28:35Z,"USA: Detroit, MI",blood,clinical,,,,,SAMN38637745,GCA_038096215.1,"ant(9)-Ia=COMPLETE,blaI=COMPLETE,blaR1=MISTRANSLATION,blaZ=COMPLETE,erm(A)=COMPLETE,glpT_A100V=POINT,mepA=COMPLETE,murA_E291D=POINT,murA_T396N=POINT,tet(38)=COMPLETE",,"clindamycin=R,erythromycin=R,gentamicin=S,oxacillin=S,penicillin=R,rifampin=S,trimethoprim-sulfamethoxazole=S,vancomycin=S"
Staphylococcus aureus,BSN55,"""BSN55"",""SRS25286454"",""Staphylococcus aureus str BSN55""",,PDT002138405.1,2024-04-14T14:44:10Z,"USA: Detroit, MI",blood,clinical,,PDS000180965.1,1.0,,SAMN38637644,GCA_038096225.1,"ant(6)-Ia=MISTRANSLATION,ant(9)-Ia=COMPLETE,aph(3')-IIIa=COMPLETE,blaI=COMPLETE,blaR1=COMPLETE,blaZ=COMPLETE,erm(A)=COMPLETE,fosB=COMPLETE,gyrA_S84L=POINT,mecA=COMPLETE,mecI=PARTIAL,mecR1=COMPLETE,mepA=COMPLETE,mph(C)=COMPLETE,msr(A)=COMPLETE,murA_G257D=POINT,parC_S80F=POINT,sat4=COMPLETE,tet(38)=COMPLETE",,"clindamycin=R,daptomycin=S,erythromycin=R,gentamicin=S,linezolid=S,oxacillin=R,rifampin=S,trimethoprim-sulfamethoxazole=S,vancomycin=S"
Staphylococcus aureus,BSN183,"""BSN183"",""SRS20736311"",""Staphylococcus aureus str BSN183""",,PDT002138406.1,2024-04-14T14:59:50Z,"USA: Detroit, MI",blood,clinical,,,,,SAMN38637763,GCA_038096235.1,"blaI=COMPLETE,blaR1=COMPLETE,blaZ=COMPLETE,erm(C)=COMPLETE,fexA=COMPLETE,fexA_A37V=POINT,fexA_G33A=POINT,fosB=COMPLETE,mecA=COMPLETE,mecR1=PARTIAL,mepA=COMPLETE,tet(38)=COMPLETE,tet(M)=COMPLETE",,"clindamycin=R,daptomycin=S,erythromycin=R,gentamicin=S,linezolid=S,oxacillin=R,rifampin=S,trimethoprim-sulfamethoxazole=S,vancomycin=S"
Staphylococcus aureus,BSN151,"""BSN151"",""SRS20736283"",""Staphylococcus aureus str BSN151""",,PDT002138407.1,2024-04-14T15:44:17Z,"USA: Detroit, MI",blood,clinical,,,,,SAMN38637730,GCA_038096245.1,"ant(6)-Ia=MISTRANSLATION,aph(3')-IIIa=COMPLETE,blaI=COMPLETE,blaR1=COMPLETE,blaZ=COMPLETE,fosB=COMPLETE,mepA=COMPLETE,mph(C)=COMPLETE,msr(A)=COMPLETE,sat4=PARTIAL,tet(38)=COMPLETE",,"clindamycin=S,erythromycin=R,gentamicin=S,oxacillin=S,penicillin=R,rifampin=S,trimethoprim-sulfamethoxazole=S,vancomycin=S"
Staphylococcus aureus,BSN152,"""BSN152"",""SRS20736289"",""Staphylococcus aureus str BSN152""",,PDT002138411.1,2024-04-14T16:58:21Z,"USA: Detroit, MI",blood,clinical,,,,,SAMN38637731,GCA_038096285.1,"aadD1=COMPLETE,ant(6)-Ia=MISTRANSLATION,ant(9)-Ia=COMPLETE,aph(3')-IIIa=COMPLETE,blaI=COMPLETE,blaR1=COMPLETE,blaZ=COMPLETE,bleO=COMPLETE,erm(A)=COMPLETE,erm(C)=COMPLETE,fosB=COMPLETE,gyrA_S84L=POINT,lnu(A)=COMPLETE,mecA=COMPLETE,mecI=COMPLETE,mecR1=COMPLETE,mepA=COMPLETE,mph(C)=COMPLETE,msr(A)=COMPLETE,mupA=COMPLETE,parC_E84G=POINT,parC_S80Y=POINT,sat4=COMPLETE,tet(38)=COMPLETE,tet(K)=COMPLETE",,"clindamycin=R,daptomycin=S,erythromycin=R,gentamicin=S,linezolid=S,oxacillin=R,rifampin=S,trimethoprim-sulfamethoxazole=S,vancomycin=S"
Staphylococcus aureus,BSN46-2,"""BSN46-2"",""SRS25348660"",""Staphylococcus aureus str BSN46-2""",,PDT002138414.1,2024-04-14T18:00:26Z,"USA: Detroit, MI",blood,clinical,,PDS000180828.1,4.0,,SAMN38637636,GCA_038096315.1,"ant(6)-Ia=MISTRANSLATION,aph(3')-IIIa=COMPLETE,blaI=COMPLETE,blaR1=COMPLETE,blaZ=COMPLETE,fosB=COMPLETE,mecA=COMPLETE,mecR1=PARTIAL,mepA=COMPLETE,mph(C)=COMPLETE,msr(A)=COMPLETE,murA_G257D=POINT,sat4=COMPLETE,tet(38)=COMPLETE",,"clindamycin=S,daptomycin=S,erythromycin=R,gentamicin=S,linezolid=S,oxacillin=R,rifampin=S,trimethoprim-sulfamethoxazole=S,vancomycin=S"
Staphylococcus aureus,BSN170,"""BSN170"",""SRS20736296"",""Staphylococcus aureus str BSN170""",,PDT002140415.1,2024-04-15T15:45:12Z,"USA: Detroit, MI",blood,clinical,,PDS000180827.6,2.0,,SAMN38637750,GCA_038115185.1,"aac(6')-Ie/aph(2'')-Ia=COMPLETE,aadD1=COMPLETE,ant(9)-Ia=COMPLETE,blaI=COMPLETE,blaR1=COMPLETE,blaZ=COMPLETE,bleO=COMPLETE,erm(A)=COMPLETE,fosB=COMPLETE,gyrA_S84L=POINT,mecA=COMPLETE,mecI=COMPLETE,mecR1=COMPLETE,mepA=COMPLETE,parC_E84G=POINT,parC_S80Y=POINT,tet(38)=COMPLETE",,"clindamycin=R,daptomycin=S,erythromycin=R,gentamicin=R,linezolid=S,oxacillin=R,rifampin=S,trimethoprim-sulfamethoxazole=S,vancomycin=S"
Staphylococcus aureus,BSN55-2,"""BSN55-2"",""SRS25286455"",""Staphylococcus aureus str BSN55-2""",,PDT002140416.1,2024-04-15T17:48:47Z,"USA: Detroit, MI",blood,clinical,,PDS000180965.1,1.0,,SAMN38637645,GCA_038129325.1,"ant(6)-Ia=MISTRANSLATION,ant(9)-Ia=COMPLETE,aph(3')-IIIa=COMPLETE,blaI=COMPLETE,blaR1=COMPLETE,blaZ=COMPLETE,erm(A)=COMPLETE,fosB=COMPLETE,gyrA_S84L=POINT,mecA=COMPLETE,mecI=PARTIAL,mecR1=COMPLETE,mepA=COMPLETE,mph(C)=COMPLETE,msr(A)=COMPLETE,murA_G257D=POINT,parC_S80F=POINT,sat4=COMPLETE,tet(38)=COMPLETE",,"clindamycin=R,daptomycin=S,erythromycin=R,gentamicin=S,linezolid=S,oxacillin=R,rifampin=S,trimethoprim-sulfamethoxazole=S,vancomycin=S"
Staphylococcus aureus,BSN93,"""BSN93"",""SRS20485596"",""Staphylococcus aureus str BSN93""",,PDT002143988.1,2024-04-21T13:07:58Z,"USA: Detroit, MI",blood,clinical,,PDS000180827.6,3.0,,SAMN38637681,GCA_038396875.1,"aac(6')-Ie/aph(2'')-Ia=COMPLETE,aadD1=COMPLETE,abc-f=HMM,ant(9)-Ia=COMPLETE,blaI=COMPLETE,blaR1=COMPLETE,blaZ=COMPLETE,bleO=COMPLETE,dfrS1=COMPLETE,erm(A)=COMPLETE,erm(C)=COMPLETE,fosB=COMPLETE,gyrA_S84L=POINT,mecA=COMPLETE,mecI=COMPLETE,mecR1=COMPLETE,mepA=COMPLETE,parC_E84G=POINT,parC_S80Y=POINT,tet(38)=COMPLETE",,"clindamycin=R,daptomycin=S,erythromycin=R,gentamicin=R,linezolid=S,oxacillin=R,rifampin=S,trimethoprim-sulfamethoxazole=S,vancomycin=S"
Staphylococcus aureus,BSN126,"""BSN126"",""SRS20598504"",""Staphylococcus aureus str BSN126""",,PDT002143989.1,2024-04-21T13:40:58Z,"USA: Detroit, MI",blood,clinical,,,,,SAMN38637704,GCA_038396895.1,"aadD1=COMPLETE,abc-f=HMM,ant(9)-Ia=COMPLETE,blaI=COMPLETE,blaR1=COMPLETE,blaZ=COMPLETE,bleO=COMPLETE,erm(A)=COMPLETE,fosB=COMPLETE,gyrA_S84L=POINT,gyrA_S85P=POINT,mecA=COMPLETE,mecI=COMPLETE,mecR1=COMPLETE,mepA=COMPLETE,mph(C)=COMPLETE,msr(A)=COMPLETE,mupA=COMPLETE,parC_E84G=POINT,parC_S80Y=POINT,tet(38)=COMPLETE",,"clindamycin=R,daptomycin=S,erythromycin=R,gentamicin=S,linezolid=S,oxacillin=R,rifampin=S,trimethoprim-sulfamethoxazole=S,vancomycin=S"
Staphylococcus aureus,BSN172,"""BSN172"",""SRS20736300"",""Staphylococcus aureus str BSN172""",,PDT002143991.1,2024-04-21T14:12:55Z,"USA: Detroit, MI",blood,clinical,,,,,SAMN38637752,GCA_038396915.1,"abc-f=HMM,ant(9)-Ia=COMPLETE,blaI=COMPLETE,blaR1=COMPLETE,blaZ=COMPLETE,erm(A)=COMPLETE,fosB=COMPLETE,gyrA_S84L=POINT,mecA=COMPLETE,mecI=COMPLETE,mecR1=COMPLETE,mepA=COMPLETE,parC_E84G=POINT,parC_S80Y=POINT,tet(38)=COMPLETE",,"clindamycin=R,daptomycin=S,erythromycin=R,gentamicin=S,linezolid=S,oxacillin=R,rifampin=S,trimethoprim-sulfamethoxazole=S,vancomycin=S"
Staphylococcus aureus,BSN173,"""BSN173"",""SRS20736299"",""Staphylococcus aureus str BSN173""",,PDT002143992.1,2024-04-21T14:28:32Z,"USA: Detroit, MI",blood,clinical,,,,,SAMN38637753,GCA_038396925.1,"abc-f=HMM,ant(6)-Ia=MISTRANSLATION,blaI=COMPLETE,blaR1=COMPLETE,blaZ=COMPLETE,fosB=COMPLETE,gyrA_S84L=POINT,mecA=COMPLETE,mecR1=PARTIAL,mepA=COMPLETE,mph(C)=COMPLETE,msr(A)=COMPLETE,murA_G257D=POINT,parC_S80Y=POINT,sat4=PARTIAL,tet(38)=COMPLETE",,"clindamycin=S,daptomycin=S,erythromycin=R,gentamicin=S,linezolid=S,oxacillin=R,rifampin=S,trimethoprim-sulfamethoxazole=S,vancomycin=S"
Staphylococcus aureus,BSN174,"""BSN174"",""SRS20736301"",""Staphylococcus aureus str BSN174""",,PDT002143993.1,2024-04-21T14:44:16Z,"USA: Detroit, MI",blood,clinical,,,,,SAMN38637754,GCA_038396935.1,"abc-f=HMM,ant(6)-Ia=MISTRANSLATION,blaI=COMPLETE,blaR1=COMPLETE,blaZ=COMPLETE,fosB=COMPLETE,gyrA_S84L=POINT,mecA=COMPLETE,mecR1=PARTIAL,mepA=COMPLETE,mph(C)=COMPLETE,msr(A)=COMPLETE,murA_G257D=POINT,parC_S80Y=POINT,sat4=COMPLETE,tet(38)=COMPLETE",,"clindamycin=S,daptomycin=S,erythromycin=R,gentamicin=S,linezolid=S,oxacillin=R,rifampin=S,trimethoprim-sulfamethoxazole=S,vancomycin=S"
Staphylococcus aureus,BSN177,"""BSN177"",""SRS20736305"",""Staphylococcus aureus str BSN177""",,PDT002143995.1,2024-04-21T15:15:38Z,"USA: Detroit, MI",blood,clinical,,,,,SAMN38637757,GCA_038396955.1,"ant(9)-Ia=COMPLETE,blaI=COMPLETE,blaR1=COMPLETE,blaZ=COMPLETE,erm(A)=COMPLETE,glpT_A100V=POINT,mepA=COMPLETE,murA_E291D=POINT,murA_T396N=POINT,tet(38)=COMPLETE",,"clindamycin=R,erythromycin=R,gentamicin=S,oxacillin=S,penicillin=R,rifampin=S,trimethoprim-sulfamethoxazole=S,vancomycin=S"
Staphylococcus aureus,BSN201,"""BSN201"",""SRS20736329"",""Staphylococcus aureus str BSN201""",,PDT002143997.1,2024-04-21T15:46:56Z,"USA: Detroit, MI",blood,clinical,,,,,SAMN38637781,GCA_038396975.1,"abc-f=HMM,blaI=COMPLETE,blaR1=COMPLETE,blaZ=COMPLETE,fosB=COMPLETE,gyrA_S84L=POINT,mecA=COMPLETE,mecR1=PARTIAL,mepA=COMPLETE,mph(C)=COMPLETE,msr(A)=COMPLETE,murA_G257D=POINT,parC_S80Y=POINT,tet(38)=COMPLETE",,"clindamycin=S,daptomycin=S,erythromycin=R,gentamicin=S,linezolid=S,oxacillin=R,rifampin=S,trimethoprim-sulfamethoxazole=S,vancomycin=S"
Staphylococcus aureus,BSN179,"""BSN179"",""SRS20736306"",""Staphylococcus aureus str BSN179""",,PDT002144301.1,2024-04-22T15:46:37Z,"USA: Detroit, MI",blood,clinical,,,,,SAMN38637759,GCA_038406575.1,"aac(6')-Ie/aph(2'')-Ia=COMPLETE,aadD1=COMPLETE,abc-f=HMM,ant(9)-Ia=COMPLETE,blaI=COMPLETE,blaR1=COMPLETE,blaZ=COMPLETE,bleO=COMPLETE,erm(A)=COMPLETE,fosB=COMPLETE,gyrA_S84L=POINT,ileS_V588F=POINT,mecA=COMPLETE,mecI=COMPLETE,mecR1=COMPLETE,mepA=COMPLETE,mph(C)=COMPLETE,msr(A)=COMPLETE,parC_S80F=POINT,parE_P585S=POINT,tet(38)=COMPLETE",,"clindamycin=R,daptomycin=S,erythromycin=R,gentamicin=R,linezolid=S,oxacillin=R,rifampin=S,trimethoprim-sulfamethoxazole=S,vancomycin=S"
Staphylococcus aureus,,"""BWH_1897_S_aur"",""SRS21133313""",,PDT002147344.1,2024-04-26T18:53:52Z,USA:Boston,Nasal perirectal swab,clinical,,PDS000181460.1,24.0,,SAMN41091879,GCA_038509245.1,"erm(T)=COMPLETE,glpT_A100V=POINT,glpT_F3I=POINT,mepA=COMPLETE,murA_D278E=POINT,murA_E291D=POINT,tet(38)=COMPLETE",,"ceftaroline=S,ciprofloxacin=S,clindamycin=R,daptomycin=S,erythromycin=R,gentamicin=S,levofloxacin=S,linezolid=S,minocycline=S,moxifloxacin=S,oxacillin=S,rifampin=S,tetracycline=S,tigecycline=S,trimethoprim-sulfamethoxazole=S,vancomycin=S"
Staphylococcus aureus,,"""BWH_1898_S_aur"",""SRS21133311""",,PDT002147345.1,2024-04-26T18:53:53Z,USA:Boston,Nasal perirectal swab,clinical,,,,,SAMN41091878,GCA_039518855.1,"blaI=COMPLETE,blaR1=HMM,blaZ=COMPLETE,erm(T)=COMPLETE,glpT_A100V=POINT,glpT_F3I=POINT,mepA=COMPLETE,murA_D278E=POINT,murA_E291D=POINT,tet(38)=COMPLETE",,"ceftaroline=S,ciprofloxacin=S,clindamycin=R,daptomycin=S,erythromycin=R,gentamicin=S,levofloxacin=S,linezolid=S,minocycline=S,moxifloxacin=S,oxacillin=S,rifampin=S,tetracycline=S,tigecycline=S,trimethoprim-sulfamethoxazole=S,vancomycin=S"
Staphylococcus aureus,,"""BWH_1899_S_aur"",""SRS21133310""",,PDT002147346.1,2024-04-26T18:53:54Z,USA:Boston,Nasal perirectal swab,clinical,,,,,SAMN41091877,GCA_038512495.1,"blaI=COMPLETE,blaR1=HMM,blaZ=COMPLETE,erm(T)=COMPLETE,glpT_A100V=POINT,glpT_F3I=POINT,mepA=COMPLETE,murA_D278E=POINT,murA_E291D=POINT,tet(38)=COMPLETE",,"ceftaroline=S,ciprofloxacin=S,clindamycin=R,daptomycin=S,erythromycin=R,gentamicin=S,levofloxacin=S,linezolid=S,minocycline=S,moxifloxacin=S,oxacillin=S,rifampin=S,tetracycline=S,tigecycline=S,trimethoprim-sulfamethoxazole=S,vancomycin=S"
Staphylococcus aureus,,"""BWH_1900_S_aur"",""SRS21133309""",,PDT002147347.1,2024-04-26T18:53:54Z,USA:Boston,Nasal perirectal swab,clinical,,,,,SAMN41091876,GCA_038510425.1,"aadD1=COMPLETE,blaI=COMPLETE,blaR1=COMPLETE,blaZ=COMPLETE,bleO=COMPLETE,fosB=COMPLETE,fusB=COMPLETE,mepA=COMPLETE,msr(A)=COMPLETE,tet(38)=COMPLETE",,"ceftaroline=S,ciprofloxacin=S,clindamycin=S,daptomycin=S,erythromycin=R,gentamicin=S,levofloxacin=S,linezolid=S,minocycline=S,moxifloxacin=S,oxacillin=S,rifampin=S,tetracycline=S,tigecycline=S,trimethoprim-sulfamethoxazole=S,vancomycin=S"
Staphylococcus aureus,BSN184,"""BSN184"",""SRS20736310"",""Staphylococcus aureus str BSN184""",,PDT002147739.1,2024-04-25T05:05:14Z,"USA: Detroit, MI",blood,clinical,,,,,SAMN38637764,GCA_038449135.1,"ant(9)-Ia=COMPLETE,blaI=COMPLETE,blaPC1=COMPLETE,blaR1=MISTRANSLATION,erm(A)=COMPLETE,fosB=COMPLETE,glpT_A100V=POINT,glpT_V213I=POINT,mepA=COMPLETE,murA_D278E=POINT,murA_E291D=POINT,tet(38)=COMPLETE",,"clindamycin=R,erythromycin=R,gentamicin=S,oxacillin=S,penicillin=R,rifampin=S,trimethoprim-sulfamethoxazole=S,vancomycin=S"
Staphylococcus aureus,BSN119,"""BSN119"",""SRS20598179"",""Staphylococcus aureus str BSN119""",,PDT002147741.1,2024-04-25T05:36:45Z,"USA: Detroit, MI",blood,clinical,,,,,SAMN38637697,GCA_038449155.1,"abc-f=HMM,ant(6)-Ia=MISTRANSLATION,aph(3')-IIIa=COMPLETE,blaI=COMPLETE,blaR1=COMPLETE,blaZ=COMPLETE,fosB=COMPLETE,mecA=COMPLETE,mecR1=PARTIAL,mepA=COMPLETE,mph(C)=COMPLETE,msr(A)=COMPLETE,murA_G257D=POINT,sat4=COMPLETE,tet(38)=COMPLETE",,"clindamycin=S,daptomycin=S,erythromycin=R,gentamicin=S,linezolid=S,oxacillin=R,rifampin=S,trimethoprim-sulfamethoxazole=S,vancomycin=S"
Staphylococcus aureus,BSN163,"""BSN163"",""SRS20736288"",""Staphylococcus aureus str BSN163""",,PDT002148270.2,2024-04-27T14:39:58Z,"USA: Detroit, MI",blood,clinical,,,,,SAMN38637743,GCA_038562035.1,"ant(6)-Ia=MISTRANSLATION,aph(3')-IIIa=COMPLETE,blaI=COMPLETE,blaR1=COMPLETE,blaZ=COMPLETE,fosB=COMPLETE,gyrA_S84L=POINT,mecA=COMPLETE,mecR1=PARTIAL,mepA=COMPLETE,mph(C)=COMPLETE,msr(A)=COMPLETE,murA_G257D=POINT,parC_S80Y=POINT,sat4=COMPLETE,tet(38)=COMPLETE",,"clindamycin=S,daptomycin=S,erythromycin=R,gentamicin=S,linezolid=S,oxacillin=R,rifampin=S,trimethoprim-sulfamethoxazole=S,vancomycin=S"
Staphylococcus aureus,BSN146,"""BSN146"",""SRS20598508"",""Staphylococcus aureus str BSN146""",,PDT002149970.1,2024-04-29T22:27:45Z,"USA: Detroit, MI",blood,clinical,,,,,SAMN38637725,GCA_038672395.1,"ant(9)-Ia=COMPLETE,blaI=COMPLETE,blaR1=COMPLETE,blaZ=COMPLETE,erm(A)=COMPLETE,fosB=COMPLETE,gyrA_S84L=POINT,mecA=COMPLETE,mecI=COMPLETE,mecR1=COMPLETE,mepA=COMPLETE,mph(C)=COMPLETE,msr(A)=COMPLETE,parC_S80F=POINT,parE_P585S=POINT,tet(38)=COMPLETE",,"clindamycin=R,daptomycin=S,erythromycin=R,gentamicin=S,linezolid=S,oxacillin=R,rifampin=S,trimethoprim-sulfamethoxazole=S,vancomycin=S"
Staphylococcus aureus,BSN191,"""BSN191"",""SRS20736325"",""Staphylococcus aureus str BSN191""",,PDT002152299.1,2024-04-29T22:43:09Z,"USA: Detroit, MI",blood,clinical,,,,,SAMN38637771,GCA_038673175.1,"ant(9)-Ia=PARTIAL,blaI=COMPLETE,blaR1=COMPLETE,blaZ=COMPLETE,erm(A)=COMPLETE,glpT_A100V=POINT,mepA=COMPLETE,murA_E291D=POINT,murA_T396N=POINT,tet(38)=COMPLETE",,"clindamycin=R,erythromycin=R,gentamicin=S,oxacillin=S,penicillin=R,rifampin=S,trimethoprim-sulfamethoxazole=S,vancomycin=S"
Staphylococcus aureus,BSN192,"""BSN192"",""SRS20736320"",""Staphylococcus aureus str BSN192""",,PDT002152300.1,2024-04-30T01:44:15Z,"USA: Detroit, MI",blood,clinical,,,,,SAMN38637772,GCA_038696475.1,"aadD1=COMPLETE,ant(9)-Ia=COMPLETE,blaI=COMPLETE,blaR1=COMPLETE,blaZ=COMPLETE,bleO=COMPLETE,erm(A)=COMPLETE,fosB=COMPLETE,gyrA_S84L=POINT,mecA=COMPLETE,mecI=COMPLETE,mecR1=COMPLETE,mepA=COMPLETE,mph(C)=COMPLETE,msr(A)=COMPLETE,parC_S80F=POINT,parE_P585S=POINT,tet(38)=COMPLETE",,"clindamycin=R,daptomycin=S,erythromycin=R,gentamicin=S,linezolid=S,oxacillin=R,rifampin=S,trimethoprim-sulfamethoxazole=S,vancomycin=S"
Staphylococcus aureus,BSN52-4,"""BSN52-4"",""SRS21090068"",""Staphylococcus aureus str BSN52-4""",,PDT002152301.1,2024-04-30T02:00:27Z,"USA: Detroit, MI",blood,clinical,,PDS000181665.2,0.0,,SAMN38637643,GCA_038698265.1,"ant(6)-Ia=MISTRANSLATION,aph(3')-IIIa=COMPLETE,blaI=COMPLETE,blaR1=COMPLETE,blaZ=COMPLETE,fosB=COMPLETE,gyrA_S84L=POINT,mecA=COMPLETE,mecR1=PARTIAL,mepA=COMPLETE,mph(C)=COMPLETE,msr(A)=COMPLETE,murA_G257D=POINT,parC_S80Y=POINT,sat4=COMPLETE,tet(38)=COMPLETE",,"clindamycin=S,daptomycin=S,erythromycin=R,gentamicin=S,linezolid=S,oxacillin=R,rifampin=S,trimethoprim-sulfamethoxazole=S,vancomycin=S"
Staphylococcus aureus,BSN52-2,"""BSN52-2"",""SRS21090067"",""Staphylococcus aureus str BSN52-2""",,PDT002152302.1,2024-04-30T02:16:34Z,"USA: Detroit, MI",blood,clinical,,PDS000181665.2,1.0,,SAMN38637642,GCA_038700605.1,"ant(6)-Ia=MISTRANSLATION,aph(3')-IIIa=COMPLETE,blaI=COMPLETE,blaR1=COMPLETE,blaZ=COMPLETE,fosB=COMPLETE,gyrA_S84L=POINT,mecA=COMPLETE,mecR1=PARTIAL,mepA=COMPLETE,mph(C)=COMPLETE,msr(A)=COMPLETE,murA_G257D=POINT,parC_S80Y=POINT,sat4=COMPLETE,tet(38)=COMPLETE",,"clindamycin=S,daptomycin=S,erythromycin=R,gentamicin=S,linezolid=S,oxacillin=R,rifampin=S,trimethoprim-sulfamethoxazole=S,vancomycin=S"
Staphylococcus aureus,BSN52,"""BSN52"",""SRS21090066"",""Staphylococcus aureus str BSN52""",,PDT002152303.1,2024-04-30T02:32:57Z,"USA: Detroit, MI",blood,clinical,,PDS000126541.4,0.0,,SAMN38637641,GCA_038703065.1,"ant(6)-Ia=MISTRANSLATION,aph(3')-IIIa=COMPLETE,blaI=COMPLETE,blaR1=COMPLETE,blaZ=COMPLETE,fosB=COMPLETE,gyrA_S84L=POINT,mecA=COMPLETE,mecR1=PARTIAL,mepA=COMPLETE,mph(C)=COMPLETE,msr(A)=COMPLETE,murA_G257D=POINT,parC_S80Y=POINT,sat4=COMPLETE,tet(38)=COMPLETE",,"clindamycin=S,daptomycin=S,erythromycin=R,gentamicin=S,linezolid=S,oxacillin=R,rifampin=S,trimethoprim-sulfamethoxazole=S,vancomycin=S"
Staphylococcus aureus,BSN134,"""BSN134"",""SRS20598166"",""Staphylococcus aureus str BSN134""",,PDT002152304.1,2024-04-30T02:49:35Z,"USA: Detroit, MI",blood,clinical,,,,,SAMN38637713,GCA_038705095.1,"ant(6)-Ia=MISTRANSLATION,aph(3')-IIIa=COMPLETE,blaI=COMPLETE,blaR1=COMPLETE,blaZ=COMPLETE,fosB=COMPLETE,gyrA_S84L=POINT,mecA=COMPLETE,mecR1=PARTIAL,mepA=COMPLETE,mph(C)=COMPLETE,msr(A)=COMPLETE,murA_G257D=POINT,parC_S80Y=POINT,sat4=COMPLETE,tet(38)=COMPLETE",,"clindamycin=S,daptomycin=S,erythromycin=R,gentamicin=S,linezolid=S,oxacillin=R,rifampin=S,trimethoprim-sulfamethoxazole=S,vancomycin=S"
Staphylococcus aureus,BSN169,"""BSN169"",""SRS20736298"",""Staphylococcus aureus str BSN169""",,PDT002153466.1,2024-05-01T16:30:37Z,"USA: Detroit, MI",blood,clinical,,PDS000180827.6,7.0,,SAMN38637749,GCA_038973465.1,"aadD1=COMPLETE,ant(9)-Ia=COMPLETE,blaI=COMPLETE,blaR1=COMPLETE,blaZ=COMPLETE,bleO=COMPLETE,erm(A)=COMPLETE,erm(C)=COMPLETE,fosB=COMPLETE,gyrA_S84L=POINT,mecA=COMPLETE,mecI=COMPLETE,mecR1=COMPLETE,mepA=COMPLETE,parC_E84G=POINT,parC_S80Y=POINT,tet(38)=COMPLETE,tet(M)=COMPLETE",,"clindamycin=R,daptomycin=S,erythromycin=R,gentamicin=R,linezolid=S,oxacillin=R,rifampin=S,trimethoprim-sulfamethoxazole=S,vancomycin=S"
Staphylococcus aureus,BSN132,"""BSN132"",""SRS20598165"",""Staphylococcus aureus str BSN132""",,PDT002153467.1,2024-05-01T16:46:29Z,"USA: Detroit, MI",blood,clinical,,,,,SAMN38637710,GCA_038975275.1,"aac(6')-Ie/aph(2'')-Ia=COMPLETE,ant(9)-Ia=COMPLETE,blaI=COMPLETE,blaR1=COMPLETE,blaZ=COMPLETE,dfrS1=COMPLETE,erm(A)=COMPLETE,erm(C)=COMPLETE,fosB=COMPLETE,gyrA_S84L=POINT,mecA=COMPLETE,mecI=COMPLETE,mecR1=COMPLETE,mepA=COMPLETE,parC_E84G=POINT,parC_S80Y=POINT,tet(38)=COMPLETE",,"clindamycin=R,daptomycin=S,erythromycin=R,gentamicin=R,linezolid=S,oxacillin=R,rifampin=S,trimethoprim-sulfamethoxazole=R,vancomycin=S"
Staphylococcus aureus,BSN121,"""BSN121"",""SRS20598501"",""Staphylococcus aureus str BSN121""",,PDT002154882.1,2024-05-02T20:05:36Z,"USA: Detroit, MI",blood,clinical,,,,,SAMN38637699,GCA_039134645.1,"blaI=COMPLETE,blaZ=COMPLETE,erm(T)=COMPLETE,glpT_A100V=POINT,glpT_F3I=POINT,mepA=COMPLETE,murA_D278E=POINT,murA_E291D=POINT,tet(38)=COMPLETE",,"clindamycin=R,erythromycin=R,gentamicin=S,oxacillin=S,penicillin=R,rifampin=S,trimethoprim-sulfamethoxazole=S,vancomycin=S"
Staphylococcus aureus,BSN52-3,"""BSN52-3"",""Staphylococcus aureus str BSN52-3""",,PDT002157241.1,2024-05-06T20:39:49Z,"USA: Detroit, MI",blood,clinical,,PDS000181665.2,0.0,,SAMN41039746,GCA_039525315.1,"ant(6)-Ia=MISTRANSLATION,aph(3')-IIIa=COMPLETE,blaI=COMPLETE,blaR1=COMPLETE,blaZ=COMPLETE,fosB=COMPLETE,gyrA_S84L=POINT,mecA=COMPLETE,mecR1=PARTIAL,mepA=COMPLETE,mph(C)=COMPLETE,msr(A)=COMPLETE,murA_G257D=POINT,parC_S80Y=POINT,sat4=COMPLETE,tet(38)=COMPLETE",,"clindamycin=S,daptomycin=S,erythromycin=R,gentamicin=S,linezolid=S,oxacillin=R,rifampin=S,trimethoprim-sulfamethoxazole=S,vancomycin=S"
Staphylococcus aureus,BSN193,"""BSN193"",""SRS20736321"",""Staphylococcus aureus str BSN193""",,PDT002157242.1,2024-05-06T20:55:18Z,"USA: Detroit, MI",blood,clinical,,,,,SAMN38637773,GCA_039527645.1,"ant(6)-Ia=MISTRANSLATION,aph(3')-IIIa=COMPLETE,blaI=COMPLETE,blaR1=COMPLETE,blaZ=PARTIAL,fosB=COMPLETE,gyrA_S84L=POINT,mecA=COMPLETE,mecR1=PARTIAL,mepA=COMPLETE,mph(C)=COMPLETE,msr(A)=COMPLETE,murA_G257D=POINT,parC_S80Y=POINT,sat4=COMPLETE,tet(38)=COMPLETE",,"clindamycin=S,daptomycin=S,erythromycin=R,gentamicin=S,linezolid=S,oxacillin=R,rifampin=S,trimethoprim-sulfamethoxazole=S,vancomycin=S"
Staphylococcus aureus,BSN197,"""BSN197"",""SRS20736330"",""Staphylococcus aureus str BSN197""",,PDT002157243.1,2024-05-06T21:26:24Z,"USA: Detroit, MI",blood,clinical,,,,,SAMN38637777,GCA_039531605.1,"ant(6)-Ia=MISTRANSLATION,aph(3')-IIIa=COMPLETE,blaI=COMPLETE,blaR1=COMPLETE,blaZ=COMPLETE,fosB=COMPLETE,gyrA_S84L=POINT,mecA=COMPLETE,mecR1=PARTIAL,mepA=COMPLETE,mph(C)=COMPLETE,msr(A)=COMPLETE,murA_G257D=POINT,parC_S80Y=POINT,tet(38)=COMPLETE",,"clindamycin=S,daptomycin=S,erythromycin=R,gentamicin=S,linezolid=S,oxacillin=R,rifampin=S,trimethoprim-sulfamethoxazole=S,vancomycin=S"
Staphylococcus aureus,BSN195,"""BSN195"",""SRS20736323"",""Staphylococcus aureus str BSN195""",,PDT002157244.1,2024-05-06T21:41:50Z,"USA: Detroit, MI",blood,clinical,,,,,SAMN38637775,GCA_039533635.1,"ant(6)-Ia=MISTRANSLATION,aph(3')-IIIa=PARTIAL,blaI=COMPLETE,blaR1=COMPLETE,blaZ=COMPLETE,fosB=COMPLETE,mecA=COMPLETE,mecR1=PARTIAL,mepA=COMPLETE,mph(C)=COMPLETE,msr(A)=COMPLETE,murA_G257D=POINT,sat4=COMPLETE,tet(38)=COMPLETE",,"clindamycin=S,daptomycin=S,erythromycin=R,gentamicin=S,linezolid=S,oxacillin=R,rifampin=S,trimethoprim-sulfamethoxazole=R,vancomycin=S"
Staphylococcus aureus,BSN200,"""BSN200"",""SRS20736328"",""Staphylococcus aureus str BSN200""",,PDT002157246.1,2024-05-06T22:12:47Z,"USA: Detroit, MI",blood,clinical,,,,,SAMN38637780,GCA_039537725.1,"erm(C)=COMPLETE,fexA=COMPLETE,fexA_A37V=POINT,fexA_G33A=POINT,fosB=COMPLETE,mecA=COMPLETE,mecR1=PARTIAL,mepA=COMPLETE,tet(38)=COMPLETE,tet(M)=COMPLETE",,"clindamycin=R,daptomycin=S,erythromycin=R,gentamicin=S,linezolid=S,oxacillin=R,rifampin=S,trimethoprim-sulfamethoxazole=S,vancomycin=S"
Staphylococcus aureus,BSN189,"""BSN189"",""SRS20736316"",""Staphylococcus aureus str BSN189""",,PDT002174484.1,2024-05-22T20:59:25Z,"USA: Detroit, MI",blood,clinical,,PDS000126540.16,26.0,,SAMN38637769,GCA_039764645.1,"ant(6)-Ia=MISTRANSLATION,aph(3')-IIIa=COMPLETE,blaI=COMPLETE,blaR1=COMPLETE,blaZ=COMPLETE,erm(C)=COMPLETE,fosB=COMPLETE,gyrA_S84L=POINT,mecA=COMPLETE,mecR1=PARTIAL,mepA=COMPLETE,mph(C)=COMPLETE,msr(A)=COMPLETE,murA_G257D=POINT,parC_S80Y=POINT,sat4=COMPLETE,tet(38)=COMPLETE",,"clindamycin=R,daptomycin=S,erythromycin=R,gentamicin=S,linezolid=S,oxacillin=R,rifampin=S,trimethoprim-sulfamethoxazole=S,vancomycin=S"
Staphylococcus aureus,BSN144,"""BSN144"",""SRS20598506"",""Staphylococcus aureus str BSN144""",,PDT002178669.1,2024-05-27T05:14:35Z,"USA: Detroit, MI",blood,clinical,,,,,SAMN38637723,GCA_039848555.1,"ant(6)-Ia=MISTRANSLATION,aph(3')-IIIa=COMPLETE,blaI=COMPLETE,blaR1=COMPLETE,blaZ=COMPLETE,erm(C)=COMPLETE,fosB=COMPLETE,gyrA_S84L=POINT,mecA=COMPLETE,mecR1=PARTIAL,mepA=COMPLETE,mph(C)=COMPLETE,msr(A)=COMPLETE,murA_G257D=POINT,parC_S80Y=POINT,sat4=COMPLETE,tet(38)=COMPLETE",,"clindamycin=R,daptomycin=S,erythromycin=R,gentamicin=S,linezolid=S,oxacillin=R,rifampin=S,trimethoprim-sulfamethoxazole=S,vancomycin=S"
Staphylococcus aureus,BSN188,"""BSN188"",""SRS20736318"",""Staphylococcus aureus str BSN188""",,PDT002179382.1,2024-05-27T16:13:19Z,"USA: Detroit, MI",blood,clinical,,,,,SAMN38637768,GCA_039867635.1,"ant(6)-Ia=MISTRANSLATION,aph(3')-IIIa=COMPLETE,blaI=COMPLETE,blaR1=COMPLETE,blaZ=PARTIAL,dfrG=COMPLETE,folP_E208K=POINT,folP_F17L=POINT,fosB=COMPLETE,gyrA_S84L=POINT,gyrA_S85P=POINT,mecA=COMPLETE,mecR1=PARTIAL,mepA=COMPLETE,mph(C)=COMPLETE,msr(A)=COMPLETE,murA_G257D=POINT,parC_S80F=POINT,parE_D432V=POINT,sat4=COMPLETE,tet(38)=COMPLETE",,"clindamycin=S,daptomycin=S,erythromycin=R,gentamicin=S,linezolid=S,oxacillin=R,rifampin=S,trimethoprim-sulfamethoxazole=R,vancomycin=S"
Staphylococcus aureus,BSN199,"""BSN199"",""SRS20736326"",""Staphylococcus aureus str BSN199""",,PDT002189951.1,2024-06-05T13:05:30Z,"USA: Detroit, MI",blood,clinical,,,,,SAMN38637779,GCA_040070515.1,"aadD1=COMPLETE,ant(6)-Ia=MISTRANSLATION,ant(9)-Ia=COMPLETE,aph(3')-IIIa=COMPLETE,blaI=COMPLETE,blaR1=COMPLETE,blaZ=COMPLETE,bleO=COMPLETE,erm(A)=COMPLETE,fosB=COMPLETE,gyrA_S84L=POINT,mecA=COMPLETE,mecI=COMPLETE,mecR1=COMPLETE,mepA=COMPLETE,mph(C)=COMPLETE,msr(A)=COMPLETE,parC_E84K=POINT,parC_S80F=POINT,sat4=COMPLETE,tet(38)=COMPLETE",,"clindamycin=R,daptomycin=S,erythromycin=R,gentamicin=S,linezolid=S,oxacillin=R,rifampin=S,trimethoprim-sulfamethoxazole=S,vancomycin=S"
Staphylococcus aureus,BSN187-2,"""BSN187-2"",""SRS20736315"",""Staphylococcus aureus str BSN187-2""",,PDT002199722.1,2024-06-10T16:48:14Z,"USA: Detroit, MI",blood,clinical,,,,,SAMN38637767,GCA_040114735.1,"aadD1=COMPLETE,ant(9)-Ia=COMPLETE,blaI=COMPLETE,blaR1=COMPLETE,blaZ=COMPLETE,bleO=COMPLETE,erm(A)=COMPLETE,fosB=COMPLETE,gyrA_S84L=POINT,mecA=COMPLETE,mecI=COMPLETE,mecR1=COMPLETE,mepA=COMPLETE,mph(C)=COMPLETE,msr(A)=MISTRANSLATION,parC_S80F=POINT,parE_P585S=POINT,tet(38)=COMPLETE",,"clindamycin=R,daptomycin=S,erythromycin=R,gentamicin=S,linezolid=S,oxacillin=R,rifampin=S,trimethoprim-sulfamethoxazole=S,vancomycin=S"
Staphylococcus aureus,BSN178,"""BSN178"",""SRS20736304"",""Staphylococcus aureus str BSN178""",,PDT002199723.1,2024-06-10T17:03:29Z,"USA: Detroit, MI",blood,clinical,,,,,SAMN38637758,GCA_040114745.1,"ant(6)-Ia=MISTRANSLATION,aph(3')-IIIa=COMPLETE,blaI=COMPLETE,blaR1=COMPLETE,blaZ=COMPLETE,fosB=COMPLETE,mepA=COMPLETE,mph(C)=COMPLETE,msr(A)=COMPLETE,murA_G257D=POINT,parC_S80F=POINT,sat4=COMPLETE,tet(38)=COMPLETE",,"clindamycin=S,erythromycin=R,gentamicin=S,oxacillin=S,penicillin=R,rifampin=S,trimethoprim-sulfamethoxazole=S,vancomycin=S"
Staphylococcus aureus,BSN167,"""BSN167"",""SRS20736291"",""Staphylococcus aureus str BSN167""",,PDT002216042.1,2024-06-17T17:39:11Z,"USA: Detroit, MI",blood,clinical,,PDS000180827.6,5.0,,SAMN38637747,GCA_040209845.1,"aac(6')-Ie/aph(2'')-Ia=COMPLETE,aadD1=COMPLETE,ant(9)-Ia=COMPLETE,blaI=COMPLETE,blaR1=COMPLETE,blaZ=COMPLETE,bleO=COMPLETE,erm(A)=COMPLETE,erm(C)=COMPLETE,fosB=COMPLETE,gyrA_S84L=POINT,mecA=COMPLETE,mecI=COMPLETE,mecR1=COMPLETE,mepA=COMPLETE,parC_E84G=POINT,parC_S80Y=POINT,tet(38)=COMPLETE",,"clindamycin=R,daptomycin=S,erythromycin=R,gentamicin=R,linezolid=S,oxacillin=R,rifampin=S,trimethoprim-sulfamethoxazole=S,vancomycin=S"
Staphylococcus aureus,BSN51-2,"""BSN51-2"",""Staphylococcus aureus str BSN51-2""",,PDT002216043.1,2024-06-18T12:20:46Z,"USA: Detroit, MI",blood,clinical,,PDS000126558.4,7.0,,SAMN36733056,GCA_040234115.1,"aac(6')-Ie/aph(2'')-Ia=COMPLETE,aadD1=COMPLETE,ant(9)-Ia=COMPLETE,blaI=COMPLETE,blaR1=COMPLETE,blaZ=COMPLETE,bleO=COMPLETE,dfrS1=COMPLETE,erm(A)=COMPLETE,erm(C)=COMPLETE,fosB=COMPLETE,gyrA_S84L=POINT,mecA=COMPLETE,mecI=COMPLETE,mecR1=COMPLETE,mepA=COMPLETE,parC_E84G=POINT,parC_S80Y=POINT,tet(38)=COMPLETE",,"clindamycin=R,daptomycin=S,erythromycin=R,gentamicin=R,linezolid=S,oxacillin=R,rifampin=S,trimethoprim-sulfamethoxazole=R,vancomycin=S"
Staphylococcus aureus,BSN51-4,"""BSN51-4"",""Staphylococcus aureus str BSN51-4""",,PDT002216044.1,2024-06-18T12:36:11Z,"USA: Detroit, MI",blood,clinical,,PDS000126558.4,7.0,,SAMN36733058,GCA_040234245.1,"aac(6')-Ie/aph(2'')-Ia=COMPLETE,aadD1=COMPLETE,ant(9)-Ia=COMPLETE,blaI=COMPLETE,blaR1=COMPLETE,blaZ=COMPLETE,bleO=COMPLETE,dfrS1=COMPLETE,erm(A)=COMPLETE,erm(C)=COMPLETE,fosB=COMPLETE,gyrA_S84L=POINT,mecA=COMPLETE,mecI=COMPLETE,mecR1=COMPLETE,mepA=COMPLETE,parC_E84G=POINT,parC_S80Y=POINT,tet(38)=COMPLETE",,"clindamycin=R,daptomycin=S,erythromycin=R,gentamicin=R,linezolid=S,oxacillin=R,rifampin=S,trimethoprim-sulfamethoxazole=R,vancomycin=S"
Staphylococcus aureus,BSN98,"""BSN98"",""SRS20485601"",""Staphylococcus aureus str BSN98""",,PDT002216045.1,2024-06-18T13:06:34Z,"USA: Detroit, MI",blood,clinical,,,,,SAMN38637686,GCA_040234425.1,"ant(9)-Ia=PARTIAL,blaI=COMPLETE,blaPC1=COMPLETE,blaR1=COMPLETE,erm(A)=COMPLETE,fosB=COMPLETE,glpT_A100V=POINT,glpT_V213I=POINT,mepA=COMPLETE,murA_D278E=POINT,murA_E291D=POINT,tet(38)=COMPLETE",,"clindamycin=R,erythromycin=R,gentamicin=S,oxacillin=S,penicillin=R,rifampin=S,trimethoprim-sulfamethoxazole=S,vancomycin=S"
Staphylococcus aureus,BSN50,"""BSN50"",""Staphylococcus aureus str BSN50""",,PDT002221214.1,2024-06-20T12:58:33Z,"USA: Detroit, MI",sputum,clinical,,PDS000170052.2,0.0,,SAMN36733052,GCA_040254855.1,"ant(6)-Ia=MISTRANSLATION,aph(3')-IIIa=COMPLETE,blaI=COMPLETE,blaR1=COMPLETE,blaZ=COMPLETE,fosB=COMPLETE,mecA=COMPLETE,mecR1=PARTIAL,mepA=COMPLETE,mph(C)=COMPLETE,msr(A)=COMPLETE,murA_G257D=POINT,parC_S80F=POINT,sat4=COMPLETE,tet(38)=COMPLETE",,"ceftaroline=S,clindamycin=S,erythromycin=R,gentamicin=S,linezolid=S,oxacillin=R,rifampin=S,tetracycline=S,trimethoprim-sulfamethoxazole=S,vancomycin=S"
Staphylococcus aureus,BSN50-2,"""BSN50-2"",""Staphylococcus aureus str BSN50-2""",,PDT002221215.1,2024-06-20T13:13:47Z,"USA: Detroit, MI",blood,clinical,,PDS000170052.2,0.0,,SAMN36733053,GCA_040255005.1,"blaI=COMPLETE,blaR1=COMPLETE,blaZ=COMPLETE,fosB=COMPLETE,mecA=COMPLETE,mecR1=PARTIAL,mepA=COMPLETE,murA_G257D=POINT,parC_S80F=POINT,tet(38)=COMPLETE",,"clindamycin=R,daptomycin=S,erythromycin=R,gentamicin=S,linezolid=S,oxacillin=R,rifampin=S,trimethoprim-sulfamethoxazole=S,vancomycin=S"
Staphylococcus aureus,BSN50-3,"""BSN50-3"",""Staphylococcus aureus str BSN50-3""",,PDT002221216.1,2024-06-20T13:28:56Z,"USA: Detroit, MI",blood,clinical,,PDS000170052.2,0.0,,SAMN36733054,GCA_040255015.1,"blaI=COMPLETE,blaR1=COMPLETE,blaZ=COMPLETE,erm(C)=COMPLETE,fosB=COMPLETE,mecA=COMPLETE,mecR1=PARTIAL,mepA=COMPLETE,murA_G257D=POINT,parC_S80F=POINT,tet(38)=COMPLETE",,"clindamycin=R,daptomycin=S,erythromycin=R,gentamicin=S,linezolid=S,oxacillin=R,rifampin=S,trimethoprim-sulfamethoxazole=S,vancomycin=S"
Staphylococcus aureus,BSN60,"""BSN60"",""Staphylococcus aureus str BSN60""",,PDT002225243.1,2024-06-23T15:52:30Z,"USA: Detroit, MI",blood,clinical,,PDS000186449.1,0.0,,SAMN38351592,GCA_040267795.1,"ant(6)-Ia=MISTRANSLATION,aph(3')-IIIa=COMPLETE,blaI=COMPLETE,blaR1=COMPLETE,blaZ=COMPLETE,fosB=COMPLETE,gyrA_S84L=POINT,mecA=COMPLETE,mecR1=PARTIAL,mepA=COMPLETE,mph(C)=COMPLETE,msr(A)=COMPLETE,murA_G257D=POINT,parC_S80Y=POINT,sat4=COMPLETE,tet(38)=COMPLETE",,"clindamycin=R,daptomycin=R,erythromycin=R,gentamicin=S,linezolid=S,oxacillin=R,rifampin=S,trimethoprim-sulfamethoxazole=S,vancomycin=S"
Staphylococcus aureus,BSN21,"""BSN21"",""Staphylococcus aureus str BSN21""",,PDT002239691.1,2024-07-01T20:27:12Z,"USA: Detroit, MI",blood,clinical,,PDS000126546.2,0.0,,SAMN38637629,GCA_040438755.1,"aadD1=COMPLETE,ant(9)-Ia=COMPLETE,blaI=COMPLETE,blaR1=COMPLETE,blaZ=MISTRANSLATION,bleO=COMPLETE,erm(A)=COMPLETE,fosB=COMPLETE,gyrA_E88K=POINT,gyrA_S84L=POINT,mecA=COMPLETE,mecI=COMPLETE,mecR1=COMPLETE,mepA=COMPLETE,parC_E84G=POINT,parC_S80Y=POINT,tet(38)=COMPLETE",,"ceftaroline=S,clindamycin=R,daptomycin=S,erythromycin=R,gentamicin=S,linezolid=S,oxacillin=R,rifampin=S,trimethoprim-sulfamethoxazole=S,vancomycin=S"
Staphylococcus aureus,BSN07S,"""BSN07S"",""Staphylococcus aureus str BSN07S""",,PDT002240111.1,2024-07-03T14:52:02Z,"USA: Detroit, MI",blood,clinical,,PDS000126540.16,0.0,,SAMN35723872,GCA_040500485.1,"ant(6)-Ia=MISTRANSLATION,aph(3')-IIIa=COMPLETE,blaI=COMPLETE,blaR1=COMPLETE,blaZ=COMPLETE,erm(C)=COMPLETE,fosB=COMPLETE,gyrA_S84L=POINT,mecA=COMPLETE,mecR1=PARTIAL,mepA=COMPLETE,mph(C)=COMPLETE,msr(A)=COMPLETE,murA_G257D=POINT,parC_S80Y=POINT,sat4=COMPLETE,tet(38)=COMPLETE",,"clindamycin=R,daptomycin=S,erythromycin=R,gentamicin=S,linezolid=S,oxacillin=R,rifampin=S,trimethoprim-sulfamethoxazole=S,vancomycin=S"
Staphylococcus aureus,BSN49,"""BSN49"",""Staphylococcus aureus str BSN49""",,PDT002245349.1,2024-07-09T01:44:04Z,"USA: Detroit, MI",blood,clinical,,PDS000154993.3,0.0,,SAMN36733046,GCA_040556505.1,"aadD1=COMPLETE,ant(9)-Ia=COMPLETE,blaI=COMPLETE,blaR1=COMPLETE,blaZ=COMPLETE,bleO=COMPLETE,erm(A)=COMPLETE,erm(C)=COMPLETE,fosB=COMPLETE,gyrA_S84L=POINT,mecA=COMPLETE,mecI=COMPLETE,mecR1=COMPLETE,mepA=COMPLETE,mph(C)=COMPLETE,msr(A)=COMPLETE,parC_S80F=POINT,parE_P585S=POINT,tet(38)=COMPLETE",,"clindamycin=R,daptomycin=S,erythromycin=R,gentamicin=S,linezolid=S,oxacillin=R,rifampin=S,trimethoprim-sulfamethoxazole=S,vancomycin=S"
Staphylococcus aureus,BSN72,"""BSN72"",""SRS20483045"",""Staphylococcus aureus str BSN72""",,PDT002498350.1,2024-11-25T20:49:30Z,"USA: Detroit, MI",blood,clinical,,PDS000209769.1,6.0,,SAMN38637660,GCA_045288415.1,"ant(6)-Ia=MISTRANSLATION,aph(3')-IIIa=COMPLETE,blaI=COMPLETE,blaR1=COMPLETE,blaZ=COMPLETE,fosB=COMPLETE,gyrA_S84L=POINT,mecA=COMPLETE,mecR1=PARTIAL,mepA=COMPLETE,mph(C)=COMPLETE,msr(A)=COMPLETE,murA_G257D=POINT,parC_S80Y=POINT,sat4=COMPLETE,tet(38)=COMPLETE",,"clindamycin=R,daptomycin=S,erythromycin=R,gentamicin=S,linezolid=S,oxacillin=R,rifampin=S,trimethoprim-sulfamethoxazole=S,vancomycin=S"
Staphylococcus aureus,BSN138,"""BSN138"",""SRS20598164"",""Staphylococcus aureus str BSN138""",,PDT002498351.1,2024-11-25T20:50:20Z,"USA: Detroit, MI",blood,clinical,,,,,SAMN38637717,GCA_045288595.1,"ant(6)-Ia=MISTRANSLATION,aph(3')-IIIa=COMPLETE,blaI=COMPLETE,blaR1=COMPLETE,blaZ=COMPLETE,fosB=COMPLETE,gyrA_S84L=POINT,mecA=COMPLETE,mecR1=PARTIAL,mepA=COMPLETE,mph(C)=COMPLETE,msr(A)=COMPLETE,murA_G257D=POINT,parC_S80Y=POINT,tet(38)=COMPLETE",,"clindamycin=S,daptomycin=S,erythromycin=R,gentamicin=S,linezolid=S,oxacillin=R,rifampin=S,trimethoprim-sulfamethoxazole=S,vancomycin=S"
Staphylococcus aureus,BSN141,"""BSN141"",""SRS20598507"",""Staphylococcus aureus str BSN141""",,PDT002498352.1,2024-11-25T20:50:45Z,"USA: Detroit, MI",blood,clinical,,,,,SAMN38637720,GCA_045288655.1,"ant(9)-Ia=COMPLETE,blaI=COMPLETE,blaR1=MISTRANSLATION,blaZ=COMPLETE,erm(A)=COMPLETE,glpT_A100V=POINT,mepA=COMPLETE,murA_E291D=POINT,murA_T396N=POINT,tet(38)=COMPLETE",,"clindamycin=R,erythromycin=R,gentamicin=S,oxacillin=S,penicillin=R,rifampin=S,trimethoprim-sulfamethoxazole=S,vancomycin=S"
Staphylococcus aureus,BSN204,"""BSN204"",""SRS20736334"",""Staphylococcus aureus str BSN204""",,PDT002498353.1,2024-11-25T20:51:35Z,"USA: Detroit, MI",blood,clinical,,,,,SAMN38637784,GCA_045288785.1,"ant(6)-Ia=MISTRANSLATION,aph(3')-IIIa=COMPLETE,blaI=COMPLETE,blaR1=COMPLETE,blaZ=COMPLETE,fosB=COMPLETE,mecA=COMPLETE,mecR1=PARTIAL,mepA=COMPLETE,mph(C)=COMPLETE,msr(A)=COMPLETE,murA_G257D=POINT,sat4=COMPLETE,tet(38)=COMPLETE",,"clindamycin=S,daptomycin=S,erythromycin=R,gentamicin=S,linezolid=S,oxacillin=R,rifampin=S,trimethoprim-sulfamethoxazole=S,vancomycin=S"
Staphylococcus aureus,BSN205,"""BSN205"",""SRS20736337"",""Staphylococcus aureus str BSN205""",,PDT002498354.1,2024-11-25T20:51:52Z,"USA: Detroit, MI",blood,clinical,,,,,SAMN38637785,GCA_045288835.1,"aac(6')-Ie/aph(2'')-Ia=COMPLETE,ant(9)-Ia=COMPLETE,blaI=COMPLETE,blaR1=COMPLETE,blaZ=COMPLETE,erm(A)=COMPLETE,fosB=COMPLETE,gyrA_S84L=POINT,mecA=COMPLETE,mecI=COMPLETE,mecR1=COMPLETE,mepA=COMPLETE,mph(C)=COMPLETE,msr(A)=COMPLETE,parC_S80F=POINT,tet(38)=COMPLETE",,"ceftaroline=S,clindamycin=R,daptomycin=S,erythromycin=R,gentamicin=R,linezolid=S,oxacillin=R,rifampin=S,trimethoprim-sulfamethoxazole=S,vancomycin=S"
Staphylococcus aureus,BSN211,"""BSN211"",""SRS20736340"",""Staphylococcus aureus str BSN211""",,PDT002498356.1,2024-11-25T20:53:00Z,"USA: Detroit, MI",blood,clinical,,PDS000126540.16,4.0,,SAMN38637791,GCA_045288975.1,"ant(6)-Ia=MISTRANSLATION,aph(3')-IIIa=COMPLETE,blaI=COMPLETE,blaR1=COMPLETE,blaZ=COMPLETE,erm(C)=COMPLETE,fosB=COMPLETE,gyrA_S84L=POINT,mecA=COMPLETE,mecR1=PARTIAL,mepA=COMPLETE,mph(C)=COMPLETE,msr(A)=COMPLETE,murA_G257D=POINT,parC_S80Y=POINT,sat4=COMPLETE,tet(38)=COMPLETE",,"ceftaroline=S,clindamycin=R,daptomycin=S,erythromycin=R,gentamicin=S,linezolid=S,oxacillin=R,rifampin=S,trimethoprim-sulfamethoxazole=S,vancomycin=S"
Staphylococcus aureus,BSN212,"""BSN212"",""SRS20736342"",""Staphylococcus aureus str BSN212""",,PDT002498358.1,2024-11-25T20:54:02Z,"USA: Detroit, MI",blood,clinical,,,,,SAMN38637792,GCA_045289135.1,"ant(6)-Ia=MISTRANSLATION,aph(3')-IIIa=COMPLETE,blaI=COMPLETE,blaR1=COMPLETE,blaZ=COMPLETE,fosB=COMPLETE,mecA=COMPLETE,mecR1=PARTIAL,mepA=COMPLETE,mph(C)=COMPLETE,msr(A)=COMPLETE,murA_G257D=POINT,tet(38)=COMPLETE",,"clindamycin=S,daptomycin=S,erythromycin=R,gentamicin=S,linezolid=S,oxacillin=R,rifampin=S,trimethoprim-sulfamethoxazole=S,vancomycin=S"
Staphylococcus aureus,BSN66,"""BSN66"",""SRS20483079"",""Staphylococcus aureus str BSN66""",,PDT002514732.1,2024-12-04T21:35:36Z,"USA: Detroit, MI",blood,clinical,,,,,SAMN38637652,GCA_045689495.1,"ant(6)-Ia=MISTRANSLATION,aph(3')-IIIa=COMPLETE,blaI=COMPLETE,blaR1=MISTRANSLATION,blaZ=COMPLETE,fosB=COMPLETE,gyrA_S84L=POINT,mecA=COMPLETE,mecR1=PARTIAL,mepA=COMPLETE,mph(C)=COMPLETE,msr(A)=COMPLETE,murA_G257D=POINT,parC_S80Y=POINT,sat4=COMPLETE,tet(38)=COMPLETE",,"clindamycin=S,daptomycin=S,erythromycin=R,gentamicin=S,linezolid=S,oxacillin=R,rifampin=S,trimethoprim-sulfamethoxazole=S,vancomycin=S"
Staphylococcus aureus,BSN69,"""BSN69"",""SRS20483041"",""Staphylococcus aureus str BSN69""",,PDT002514734.1,2024-12-04T21:36:04Z,"USA: Detroit, MI",blood,clinical,,,,,SAMN38637655,GCA_045689515.1,"ant(6)-Ia=MISTRANSLATION,aph(3')-IIIa=COMPLETE,blaI=COMPLETE,blaR1=COMPLETE,blaZ=COMPLETE,fosB=COMPLETE,mecA=COMPLETE,mecR1=PARTIAL,mepA=COMPLETE,mph(C)=COMPLETE,msr(A)=COMPLETE,murA_G257D=POINT,parC_S80F=POINT,sat4=COMPLETE,tet(38)=COMPLETE",,"clindamycin=S,daptomycin=S,erythromycin=R,gentamicin=S,linezolid=S,oxacillin=R,rifampin=S,trimethoprim-sulfamethoxazole=S,vancomycin=S"
Staphylococcus aureus,BSN103,"""BSN103"",""SRS20598170"",""Staphylococcus aureus str BSN103""",,PDT002514736.1,2024-12-04T21:36:43Z,"USA: Detroit, MI",blood,clinical,,,,,SAMN38637692,GCA_045689535.1,"ant(6)-Ia=PARTIAL,aph(3')-IIIa=COMPLETE,blaI=COMPLETE,blaR1=COMPLETE,blaZ=COMPLETE,fosB=COMPLETE,mepA=COMPLETE,mph(C)=COMPLETE,msr(A)=COMPLETE,sat4=COMPLETE,tet(38)=COMPLETE",,"clindamycin=S,erythromycin=R,gentamicin=S,oxacillin=S,penicillin=R,rifampin=S,trimethoprim-sulfamethoxazole=S,vancomycin=S"
Staphylococcus aureus,BSN206,"""BSN206"",""SRS20736333"",""Staphylococcus aureus str BSN206""",,PDT002514739.1,2024-12-04T21:37:48Z,"USA: Detroit, MI",blood,clinical,,,,,SAMN38637786,GCA_045689565.1,"blaI=COMPLETE,blaZ=COMPLETE,fosB=COMPLETE,mecA=COMPLETE,mepA=COMPLETE,tet(38)=COMPLETE",,"clindamycin=R,daptomycin=S,erythromycin=R,gentamicin=S,linezolid=S,oxacillin=R,rifampin=S,trimethoprim-sulfamethoxazole=S,vancomycin=S"
Staphylococcus aureus,BSN209,"""BSN209"",""SRS20736336"",""Staphylococcus aureus str BSN209""",,PDT002514740.1,2024-12-04T21:38:00Z,"USA: Detroit, MI",blood,clinical,,,,,SAMN38637789,GCA_045689575.1,"ant(6)-Ia=MISTRANSLATION,aph(3')-IIIa=COMPLETE,blaI=COMPLETE,blaR1=COMPLETE,blaZ=COMPLETE,fosB=COMPLETE,gyrA_S84L=POINT,mecA=COMPLETE,mecR1=PARTIAL,mepA=COMPLETE,mph(C)=COMPLETE,msr(A)=COMPLETE,murA_G257D=POINT,parC_S80Y=POINT,sat4=COMPLETE,tet(38)=COMPLETE",,"clindamycin=S,daptomycin=S,erythromycin=R,gentamicin=S,linezolid=S,oxacillin=R,rifampin=S,trimethoprim-sulfamethoxazole=S,vancomycin=S"
Staphylococcus aureus,BSN37,"""BSN37"",""Staphylococcus aureus str BSN37""",,PDT002685102.1,2025-03-23T13:06:05Z,"USA: Detroit, MI",blood,clinical,,PDS000126540.16,16.0,,SAMN38637634,GCA_048820415.1,"ant(6)-Ia=MISTRANSLATION,aph(3')-IIIa=COMPLETE,blaI=COMPLETE,blaR1=COMPLETE,blaZ=PARTIAL,fosB=COMPLETE,gyrA_S84L=POINT,mecA=COMPLETE,mecR1=PARTIAL,mepA=COMPLETE,mph(C)=COMPLETE,msr(A)=COMPLETE,murA_G257D=POINT,parC_S80Y=POINT,sat4=COMPLETE,tet(38)=COMPLETE",,"clindamycin=S,daptomycin=S,erythromycin=R,gentamicin=S,linezolid=S,oxacillin=R,rifampin=S,trimethoprim-sulfamethoxazole=S,vancomycin=S"
Staphylococcus aureus,BSN75,"""BSN75"",""SRS20483082"",""Staphylococcus aureus str BSN75""",,PDT002697433.1,2025-04-01T12:20:34Z,"USA: Detroit, MI",blood,clinical,,,,,SAMN38637663,GCA_049200375.1,"aadD1=COMPLETE,ant(6)-Ia=MISTRANSLATION,ant(9)-Ia=COMPLETE,aph(3')-IIIa=COMPLETE,blaI=COMPLETE,blaR1=COMPLETE,blaZ=COMPLETE,bleO=COMPLETE,erm(A)=COMPLETE,fosB=COMPLETE,gyrA_S84L=POINT,mecA=COMPLETE,mecI=COMPLETE,mecR1=COMPLETE,mepA=COMPLETE,mph(C)=COMPLETE,msr(A)=COMPLETE,parC_E84G=POINT,parC_S80Y=POINT,sat4=COMPLETE,tet(38)=COMPLETE",,"clindamycin=R,daptomycin=S,erythromycin=R,gentamicin=S,linezolid=S,oxacillin=R,rifampin=S,trimethoprim-sulfamethoxazole=S,vancomycin=S"
Staphylococcus aureus,BSN08,"""BSN08"",""SRS20478872"",""Staphylococcus aureus str BSN08""",,PDT002708831.1,2025-04-06T12:20:30Z,"USA: Detroit, MI",blood,clinical,,,,,SAMN35839406,GCA_049314975.1,"aadD1=COMPLETE,ant(9)-Ia=COMPLETE,blaI=COMPLETE,blaR1=COMPLETE,blaZ=COMPLETE,bleO=COMPLETE,erm(A)=COMPLETE,fosB=COMPLETE,gyrA_S84L=POINT,gyrA_S85P=POINT,mecA=COMPLETE,mecI=COMPLETE,mecR1=COMPLETE,mepA=COMPLETE,mph(C)=COMPLETE,msr(A)=COMPLETE,mupA=COMPLETE,parC_E84G=POINT,parC_S80Y=POINT,tet(38)=COMPLETE",,"clindamycin=R,erythromycin=R,gentamicin=S,linezolid=S,oxacillin=R,rifampin=S,trimethoprim-sulfamethoxazole=S,vancomycin=S"
Staphylococcus aureus,19KS01SA08,"""19KS01SA08"",""SP19ST00049"",""SRS12405337""",,PDT002729145.1,2025-04-23T05:05:15Z,USA:KS,SALMON (SA),environmental/other,,,,,SAMN26198721,GCA_049857195.1,"blaI=COMPLETE,blaR1=COMPLETE,blaR1=PARTIAL_END_OF_CONTIG,blaZ=COMPLETE,dfrG=COMPLETE,erm(C)=COMPLETE,erm(C)=PARTIAL_END_OF_CONTIG,mepA=COMPLETE,parC_S80F=POINT,tet(38)=COMPLETE",,"ampicillin=ND,avilamycin=ND,chloramphenicol=S,ciprofloxacin=S,daptomycin=S,erythromycin=R,gentamicin=R,linezolid=S,nitrofurantoin=S,streptomycin=ND,synercid=S,tetracycline=ND,tigecycline=ND,vancomycin=S"
Staphylococcus aureus,BSN159,"""BSN159"",""SRS20736348"",""Staphylococcus aureus str BSN159""",,PDT002821189.1,2025-06-30T16:11:09Z,"USA: Detroit, MI",blood,clinical,,PDS000180827.6,2.0,,SAMN38637739,GCA_051148695.1,"aac(6')-Ie/aph(2'')-Ia=COMPLETE,aadD1=COMPLETE,ant(9)-Ia=COMPLETE,blaI=COMPLETE,blaR1=COMPLETE,blaZ=COMPLETE,bleO=COMPLETE,erm(A)=COMPLETE,erm(C)=COMPLETE,fosB=COMPLETE,gyrA_S84L=POINT,mecA=COMPLETE,mecI=COMPLETE,mecR1=COMPLETE,mepA=COMPLETE,parC_E84G=POINT,parC_S80Y=POINT,tet(38)=COMPLETE,tet(M)=COMPLETE",,"clindamycin=R,daptomycin=S,erythromycin=R,gentamicin=R,linezolid=S,oxacillin=R,rifampin=S,trimethoprim-sulfamethoxazole=S,vancomycin=S"
Staphylococcus aureus,BSN142,"""BSN142"",""SRS20598172"",""Staphylococcus aureus str BSN142""",,PDT002821190.1,2025-06-30T16:20:21Z,"USA: Detroit, MI",blood,clinical,,,,,SAMN38637721,GCA_051148785.1,"ant(6)-Ia=MISTRANSLATION,aph(3')-IIIa=COMPLETE,blaI=COMPLETE,blaR1=COMPLETE,blaZ=COMPLETE,dfrG=COMPLETE,folP_E208K=POINT,folP_F17L=POINT,fosB=COMPLETE,gyrA_S84L=POINT,gyrA_S85P=POINT,mecA=COMPLETE,mecR1=PARTIAL,mepA=COMPLETE,mph(C)=COMPLETE,msr(A)=COMPLETE,murA_G257D=POINT,parC_S80F=POINT,parE_D432V=POINT,sat4=COMPLETE,tet(38)=COMPLETE",,"clindamycin=S,daptomycin=S,erythromycin=R,gentamicin=S,linezolid=S,oxacillin=R,rifampin=S,trimethoprim-sulfamethoxazole=R,vancomycin=S"
Staphylococcus aureus,,"""268"",""SRS25253204"",""dzd-uci-7402""",,PDT002991215.1,2025-11-20T22:49:22Z,USA: California,DRAINAGE,clinical,,,,,SAMN48878283,GCA_053677115.1,"ant(6)-Ia=MISTRANSLATION,aph(3')-IIIa=COMPLETE,blaI=COMPLETE,blaR1=COMPLETE,blaZ=COMPLETE,fosB=COMPLETE,glpT_A100V=POINT,mepA=COMPLETE,mph(C)=COMPLETE,msr(A)=COMPLETE,murA_G257D=POINT,sat4=COMPLETE,tet(38)=COMPLETE",,"clindamycin=S,erythromycin=R,levofloxacin=S,oxacillin=S,rifampin=S,tetracycline=S,trimethoprim-sulfamethoxazole=S"
Staphylococcus aureus,,"""266"",""SRS25253202"",""dzd-uci-7398""",,PDT002991217.1,2025-11-20T22:49:23Z,USA: California,sputum,clinical,,PDS000247562.1,6.0,,SAMN48878281,GCA_053677095.1,"aac(6')-Ie/aph(2'')-Ia=COMPLETE,blaI=COMPLETE,blaR1=COMPLETE,blaZ=COMPLETE,blaZ=PARTIAL_END_OF_CONTIG,dfrE=COMPLETE,erm(B)=COMPLETE,gyrA_S84L=POINT,mecA=COMPLETE,mecR1=PARTIAL,mepA=COMPLETE,parC_S80F=POINT,parE_D432N=POINT,rpoB_H481Y=POINT,tet(38)=COMPLETE",,"clindamycin=R,erythromycin=R,levofloxacin=R,oxacillin=R,rifampin=R,tetracycline=S,trimethoprim-sulfamethoxazole=R"
Staphylococcus aureus,,"""265"",""SRS25253201"",""dzd-uci-7396""",,PDT002991218.1,2025-11-20T22:49:23Z,USA: California,LESION,clinical,,PDS000247568.1,0.0,,SAMN48878280,GCA_053677075.1,"aac(6')-Ie/aph(2'')-Ia=COMPLETE,aadD1=COMPLETE,blaI=COMPLETE,blaPC1=COMPLETE,blaR1=COMPLETE,erm(C)=COMPLETE,glpT_A100V=POINT,gyrA_S84L=POINT,mecA=COMPLETE,mepA=COMPLETE,mupA=COMPLETE,murA_E291D=POINT,murA_T396N=POINT,parC_S80F=POINT,parE_D432N=POINT,tet(38)=COMPLETE,tet(K)=COMPLETE",,"clindamycin=R,erythromycin=R,levofloxacin=R,oxacillin=R,rifampin=S,tetracycline=R,trimethoprim-sulfamethoxazole=S"
Staphylococcus aureus,,"""261"",""SRS25253197"",""dzd-uci-7389""",,PDT002991222.1,2025-11-20T22:49:24Z,USA: California,DRAINAGE,clinical,,,,,SAMN48878276,GCA_053677015.1,"ant(6)-Ia=MISTRANSLATION,aph(3')-IIIa=COMPLETE,blaI=COMPLETE,blaR1=COMPLETE,blaZ=COMPLETE,fosB=COMPLETE,gyrA_S84L=POINT,mecA=COMPLETE,mecR1=PARTIAL,mepA=COMPLETE,mph(C)=COMPLETE,msr(A)=COMPLETE,murA_G257D=POINT,parC_S80Y=POINT,sat4=COMPLETE,tet(38)=COMPLETE",,"clindamycin=S,erythromycin=R,levofloxacin=R,oxacillin=R,rifampin=S,tetracycline=S,trimethoprim-sulfamethoxazole=S"
Staphylococcus aureus,,"""192"",""SRS25253168"",""dzd-uci-7260""",,PDT002991250.1,2025-11-20T22:49:29Z,USA: California,"SPUTUM, TRACHEAL ASPIRATE/SUCTION",clinical,,PDS000247544.1,0.0,,SAMN48878207,GCA_053676715.1,"ant(6)-Ia=MISTRANSLATION,aph(3')-IIIa=COMPLETE,blaI=COMPLETE,blaR1=COMPLETE,blaZ=COMPLETE,fosB=COMPLETE,gyrA_S84L=POINT,mecA=COMPLETE,mecR1=PARTIAL,mepA=COMPLETE,mph(C)=COMPLETE,msr(A)=COMPLETE,murA_G257D=POINT,parC_S80Y=POINT,tet(38)=COMPLETE,vga=HMM",,"clindamycin=R,erythromycin=R,levofloxacin=R,oxacillin=R,rifampin=S,tetracycline=S,trimethoprim-sulfamethoxazole=S"
Staphylococcus aureus,,"""895"",""SRS25253156"",""dzd-uci-8383""",,PDT002991261.1,2025-11-20T22:49:32Z,USA: California,ABSCESS,clinical,,,,,SAMN48878910,GCA_053676555.1,"ant(6)-Ia=MISTRANSLATION,aph(3')-IIIa=COMPLETE,blaI=COMPLETE,blaR1=COMPLETE,blaZ=COMPLETE,fosB=COMPLETE,mecA=COMPLETE,mecR1=PARTIAL,mepA=COMPLETE,mph(C)=COMPLETE,msr(A)=COMPLETE,murA_G257D=POINT,sat4=COMPLETE,tet(38)=COMPLETE",,"clindamycin=S,erythromycin=R,levofloxacin=S,oxacillin=R,rifampin=S,tetracycline=S,trimethoprim-sulfamethoxazole=S"
Staphylococcus aureus,,"""893"",""SRS25253154"",""dzd-uci-8379""",,PDT002991263.1,2025-11-20T22:49:32Z,USA: California,wound,clinical,,,,,SAMN48878908,GCA_053676475.1,"ant(6)-Ia=PARTIAL,aph(3')-IIIa=COMPLETE,blaI=COMPLETE,blaR1=COMPLETE,blaZ=COMPLETE,fosB=COMPLETE,mepA=COMPLETE,mph(C)=COMPLETE,msr(A)=COMPLETE,sat4=COMPLETE,tet(38)=COMPLETE",,"clindamycin=S,erythromycin=R,levofloxacin=S,oxacillin=S,rifampin=S,tetracycline=S,trimethoprim-sulfamethoxazole=S"
Staphylococcus aureus,,"""798"",""SRS25253122"",""dzd-uci-8224""",,PDT002991294.1,2025-11-20T22:49:38Z,USA: California,blood,clinical,,PDS000247560.1,1.0,,SAMN48878813,GCA_053676015.1,"ant(6)-Ia=MISTRANSLATION,aph(3')-IIIa=COMPLETE,blaI=COMPLETE,blaR1=COMPLETE,blaZ=COMPLETE,fosB=COMPLETE,gyrA_S84L=POINT,mecA=COMPLETE,mecR1=PARTIAL,mepA=COMPLETE,mph(C)=COMPLETE,msr(A)=COMPLETE,murA_G257D=POINT,parC_S80Y=POINT,sat4=COMPLETE,tet(38)=COMPLETE",,"clindamycin=S,erythromycin=R,levofloxacin=R,oxacillin=R,rifampin=S,tetracycline=S,trimethoprim-sulfamethoxazole=S"
Staphylococcus aureus,,"""797"",""SRS25253119"",""dzd-uci-8223""",,PDT002991295.1,2025-11-20T22:49:39Z,USA: California,blood,clinical,,PDS000247559.1,0.0,,SAMN48878812,GCA_053675995.1,"blaI=COMPLETE,blaR1=HMM,blaZ=COMPLETE,erm(T)=COMPLETE,glpT_A100V=POINT,glpT_F3I=POINT,mepA=COMPLETE,murA_D278E=POINT,murA_E291D=POINT,tet(38)=COMPLETE",,"clindamycin=R,erythromycin=R,levofloxacin=S,oxacillin=S,rifampin=S,tetracycline=S,trimethoprim-sulfamethoxazole=S"
Staphylococcus aureus,,"""796"",""SRS25253118"",""dzd-uci-8222""",,PDT002991296.1,2025-11-20T22:49:39Z,USA: California,blood,clinical,,,,,SAMN48878811,GCA_053675975.1,"blaI=COMPLETE,blaR1=HMM,blaZ=COMPLETE,erm(T)=COMPLETE,glpT_A100V=POINT,glpT_F3I=POINT,mepA=COMPLETE,murA_D278E=POINT,murA_E291D=POINT,tet(38)=COMPLETE",,"clindamycin=R,erythromycin=R,levofloxacin=S,oxacillin=S,rifampin=S,tetracycline=S,trimethoprim-sulfamethoxazole=S"
Staphylococcus aureus,,"""726"",""SRS25253114"",""dzd-uci-8100""",,PDT002991301.1,2025-11-20T22:49:40Z,USA: California,sputum,clinical,,,,,SAMN48878741,GCA_053675935.1,"ant(6)-Ia=MISTRANSLATION,aph(3')-IIIa=COMPLETE,blaI=COMPLETE,blaR1=COMPLETE,blaZ=COMPLETE,fosB=COMPLETE,gyrA_S84L=POINT,mecA=COMPLETE,mecR1=PARTIAL,mepA=COMPLETE,mph(C)=COMPLETE,msr(A)=COMPLETE,murA_G257D=POINT,parC_S80Y=POINT,sat4=COMPLETE,tet(38)=COMPLETE",,"clindamycin=S,erythromycin=R,levofloxacin=R,oxacillin=R,rifampin=S,tetracycline=S,trimethoprim-sulfamethoxazole=S"
Staphylococcus aureus,,"""720"",""SRS25253107"",""dzd-uci-8092""",,PDT002991307.1,2025-11-20T22:49:41Z,USA: California,"URINE, STRAIGHT CATH",clinical,,,,,SAMN48878735,GCA_053675815.1,"aac(6')-Ie/aph(2'')-Ia=COMPLETE,blaI=COMPLETE,blaPC1=COMPLETE,blaR1=COMPLETE,erm(C)=COMPLETE,glpT_A100V=POINT,gyrA_S84L=POINT,mecA=COMPLETE,mepA=COMPLETE,murA_E291D=POINT,murA_T396N=POINT,parC_S80F=POINT,parE_D432N=POINT,tet(38)=COMPLETE,tet(K)=COMPLETE",,"clindamycin=R,erythromycin=R,levofloxacin=R,oxacillin=R,rifampin=S,tetracycline=R,trimethoprim-sulfamethoxazole=S"
Staphylococcus aureus,,"""716"",""SRS25253102"",""dzd-uci-8088""",,PDT002991312.1,2025-11-20T22:49:42Z,USA: California,ABSCESS,clinical,,,,,SAMN48878731,GCA_053675755.1,"ant(9)-Ia=COMPLETE,blaI=COMPLETE,blaR1=COMPLETE,blaZ=COMPLETE,blaZ=PARTIAL_END_OF_CONTIG,erm(A)=HMM,glpT_A100V=POINT,glpT_F3I=POINT,mecA=COMPLETE,mepA=COMPLETE,murA_D278E=POINT,murA_E291D=POINT,tet(38)=COMPLETE,tet(K)=COMPLETE",,"clindamycin=R,erythromycin=R,levofloxacin=S,oxacillin=R,rifampin=S,tetracycline=R,trimethoprim-sulfamethoxazole=S"
Staphylococcus aureus,,"""711"",""SRS25253097"",""dzd-uci-8079""",,PDT002991317.1,2025-11-20T22:49:44Z,USA: California,DRAINAGE,clinical,,,,,SAMN48878726,GCA_053653335.1,"ant(6)-Ia=MISTRANSLATION,aph(3')-IIIa=COMPLETE,blaI=COMPLETE,blaR1=COMPLETE,blaZ=COMPLETE,fosB=COMPLETE,gyrA_S84L=POINT,mecA=COMPLETE,mecR1=PARTIAL,mepA=COMPLETE,mph(C)=COMPLETE,msr(A)=COMPLETE,murA_G257D=POINT,parC_S80Y=POINT,sat4=COMPLETE,tet(38)=COMPLETE",,"clindamycin=S,erythromycin=R,levofloxacin=R,oxacillin=R,rifampin=S,tetracycline=S,trimethoprim-sulfamethoxazole=S"
Staphylococcus aureus,,"""706"",""SRS25253091"",""dzd-uci-8073""",,PDT002991322.1,2025-11-20T22:49:45Z,USA: California,sputum,clinical,,,,,SAMN48878721,GCA_053675615.1,"erm(T)=COMPLETE,glpT_A100V=POINT,glpT_F3I=POINT,mepA=COMPLETE,murA_D278E=POINT,murA_E291D=POINT,tet(38)=COMPLETE",,"erythromycin=R,levofloxacin=S,oxacillin=S,rifampin=S,tetracycline=S,trimethoprim-sulfamethoxazole=S"
Staphylococcus aureus,,"""638"",""SRS25253088"",""dzd-uci-7980""",,PDT002991326.1,2025-11-20T22:49:46Z,USA: California,DRAINAGE,clinical,,PDS000247553.1,0.0,,SAMN48878653,GCA_053675575.1,"aac(6')-Ie/aph(2'')-Ia=COMPLETE,blaI=COMPLETE,blaR1=HMM,blaZ=COMPLETE,erm(T)=COMPLETE,glpT_A100V=POINT,glpT_F3I=POINT,mepA=COMPLETE,murA_D278E=POINT,murA_E291D=POINT,tet(38)=COMPLETE",,"erythromycin=R,levofloxacin=S,oxacillin=S,rifampin=S,tetracycline=S,trimethoprim-sulfamethoxazole=S"
Staphylococcus aureus,,"""464"",""SRS25253038"",""dzd-uci-7716""",,PDT002991372.1,2025-11-20T22:49:55Z,USA: California,DRAINAGE,clinical,,PDS000247558.1,8.0,,SAMN48878479,GCA_053653055.1,"aac(6')-Ie/aph(2'')-Ia=COMPLETE,aadD1=COMPLETE,ant(9)-Ia=COMPLETE,blaI=COMPLETE,blaR1=COMPLETE,blaZ=COMPLETE,bleO=COMPLETE,erm(A)=COMPLETE,erm(C)=COMPLETE,fosB=COMPLETE,fosY=COMPLETE,gyrA_S84L=POINT,gyrA_S85P=POINT,mecA=COMPLETE,mecI=COMPLETE,mecR1=COMPLETE,mepA=COMPLETE,mupA=COMPLETE,parC_E84G=POINT,parC_S80Y=POINT,tet(38)=COMPLETE,tet(K)=COMPLETE",,"clindamycin=R,erythromycin=R,levofloxacin=R,oxacillin=R,rifampin=S,tetracycline=R,trimethoprim-sulfamethoxazole=S"
Staphylococcus aureus,,"""455"",""SRS25253028"",""dzd-uci-7689""",,PDT002991382.1,2025-11-20T22:49:56Z,USA: California,LESION,clinical,,,,,SAMN48878470,GCA_053674955.1,"ant(6)-Ia=MISTRANSLATION,aph(3')-IIIa=COMPLETE,blaI=COMPLETE,blaR1=COMPLETE,blaZ=COMPLETE,fosB=COMPLETE,mecA=COMPLETE,mecR1=PARTIAL,mepA=COMPLETE,mph(C)=COMPLETE,msr(A)=COMPLETE,murA_G257D=POINT,sat4=COMPLETE,tet(38)=COMPLETE",,"clindamycin=S,erythromycin=R,levofloxacin=S,oxacillin=R,rifampin=S,tetracycline=S,trimethoprim-sulfamethoxazole=S"
Staphylococcus aureus,,"""450"",""SRS25253024"",""dzd-uci-7683""",,PDT002991387.1,2025-11-20T22:49:57Z,USA: California,ABSCESS,clinical,,,,,SAMN48878465,GCA_053674855.1,"blaI=COMPLETE,blaR1=HMM,blaZ=COMPLETE,erm(T)=COMPLETE,glpT_A100V=POINT,glpT_F3I=POINT,mepA=COMPLETE,murA_D278E=POINT,murA_E291D=POINT,tet(38)=COMPLETE",,"erythromycin=R,levofloxacin=S,oxacillin=S,rifampin=S,tetracycline=S,trimethoprim-sulfamethoxazole=S"
Staphylococcus aureus,,"""934"",""SRS25253445"",""dzd-uci-8464""",,PDT002991469.1,2025-11-20T22:50:13Z,USA: California,"URINE, STRAIGHT CATH",clinical,,,,,SAMN48878949,GCA_053673855.1,"blaI=COMPLETE,blaR1=HMM,blaZ=COMPLETE,erm(T)=COMPLETE,glpT_A100V=POINT,glpT_F3I=POINT,mepA=COMPLETE,murA_D278E=POINT,murA_E291D=POINT,tet(38)=COMPLETE",,"erythromycin=R,levofloxacin=S,oxacillin=S,rifampin=S,tetracycline=S,trimethoprim-sulfamethoxazole=S"
Staphylococcus aureus,,"""926"",""SRS25253439"",""dzd-uci-8445""",,PDT002991477.1,2025-11-20T22:50:15Z,USA: California,blood,clinical,,,,,SAMN48878941,GCA_053673715.1,"ant(6)-Ia=MISTRANSLATION,aph(3')-IIIa=COMPLETE,blaI=COMPLETE,blaR1=COMPLETE,blaZ=COMPLETE,fosB=COMPLETE,gyrA_S84L=POINT,mecA=COMPLETE,mecR1=PARTIAL,mepA=COMPLETE,mph(C)=COMPLETE,msr(A)=COMPLETE,murA_G257D=POINT,parC_S80Y=POINT,tet(38)=COMPLETE",,"clindamycin=S,erythromycin=R,levofloxacin=R,oxacillin=R,rifampin=S,tetracycline=S,trimethoprim-sulfamethoxazole=S"
Staphylococcus aureus,,"""854"",""SRS25253429"",""dzd-uci-8314""",,PDT002991485.1,2025-11-20T22:50:17Z,USA: California,DRAINAGE,clinical,,PDS000247558.1,8.0,,SAMN48878869,GCA_053673655.1,"aac(6')-Ie/aph(2'')-Ia=COMPLETE,aadD1=COMPLETE,ant(9)-Ia=COMPLETE,blaI=COMPLETE,blaR1=COMPLETE,blaZ=COMPLETE,bleO=COMPLETE,erm(A)=COMPLETE,erm(C)=COMPLETE,fosB=COMPLETE,fosY=COMPLETE,gyrA_S84L=POINT,gyrA_S85P=POINT,mecA=COMPLETE,mecI=COMPLETE,mecR1=COMPLETE,mepA=COMPLETE,mupA=COMPLETE,parC_E84G=POINT,parC_S80Y=POINT,tet(38)=COMPLETE,tet(K)=COMPLETE",,"clindamycin=R,erythromycin=R,oxacillin=R,rifampin=S,tetracycline=R,trimethoprim-sulfamethoxazole=S"
Staphylococcus aureus,,"""849"",""SRS25253422"",""dzd-uci-8307""",,PDT002991490.1,2025-11-20T22:50:18Z,USA: California,blood,clinical,,PDS000247559.1,0.0,,SAMN48878864,GCA_053657795.1,"blaI=COMPLETE,blaR1=HMM,blaZ=COMPLETE,erm(T)=COMPLETE,glpT_A100V=POINT,glpT_F3I=POINT,mepA=COMPLETE,murA_D278E=POINT,murA_E291D=POINT,tet(38)=COMPLETE",,"erythromycin=R,levofloxacin=S,oxacillin=S,rifampin=S,tetracycline=S,trimethoprim-sulfamethoxazole=S"
Staphylococcus aureus,,"""843"",""SRS25253417"",""dzd-uci-8298""",,PDT002991496.1,2025-11-20T22:50:19Z,USA: California,"URINE, CLEAN VOID",clinical,,,,,SAMN48878858,GCA_053657635.1,"ant(9)-Ia=COMPLETE,blaI=COMPLETE,blaR1=COMPLETE,blaZ=COMPLETE,blaZ=PARTIAL_END_OF_CONTIG,erm(A)=HMM,glpT_A100V=POINT,glpT_F3I=POINT,mecA=COMPLETE,mepA=COMPLETE,murA_D278E=POINT,murA_E291D=POINT,tet(38)=COMPLETE,tet(K)=COMPLETE",,"clindamycin=R,erythromycin=R,levofloxacin=S,oxacillin=R,rifampin=S,tetracycline=R,trimethoprim-sulfamethoxazole=S"
Staphylococcus aureus,,"""837"",""SRS25253410"",""dzd-uci-8289""",,PDT002991502.1,2025-11-20T22:50:21Z,USA: California,ABSCESS,clinical,,PDS000247555.1,0.0,,SAMN48878852,GCA_053673495.1,"ant(6)-Ia=MISTRANSLATION,aph(3')-IIIa=COMPLETE,blaI=COMPLETE,blaR1=COMPLETE,blaZ=COMPLETE,dfrG=COMPLETE,fosB=COMPLETE,gyrA_S84L=POINT,mecA=COMPLETE,mecR1=PARTIAL,mepA=COMPLETE,mph(C)=COMPLETE,msr(A)=COMPLETE,murA_G257D=POINT,parC_S80Y=POINT,sat4=COMPLETE,sat4=PARTIAL_END_OF_CONTIG,tet(38)=COMPLETE",,"clindamycin=S,erythromycin=R,levofloxacin=R,oxacillin=R,rifampin=S,tetracycline=S,trimethoprim-sulfamethoxazole=R"
Staphylococcus aureus,,"""751"",""SRS25253389"",""dzd-uci-8144""",,PDT002991525.1,2025-11-20T22:50:25Z,USA: California,SURGICAL/PROCEDURE SPECIMEN,clinical,,,,,SAMN48878766,GCA_053657465.1,"blaI=COMPLETE,blaR1=HMM,blaZ=COMPLETE,erm(T)=COMPLETE,glpT_A100V=POINT,glpT_F3I=POINT,mepA=COMPLETE,murA_D278E=POINT,murA_E291D=POINT,tet(38)=COMPLETE",,"erythromycin=R,levofloxacin=S,oxacillin=S,rifampin=S,tetracycline=S,trimethoprim-sulfamethoxazole=S"
Staphylococcus aureus,,"""681"",""SRS25253381"",""dzd-uci-8042""",,PDT002991531.1,2025-11-20T22:50:27Z,USA: California,DRAINAGE,clinical,,PDS000247553.1,0.0,,SAMN48878696,GCA_053657455.1,"aac(6')-Ie/aph(2'')-Ia=COMPLETE,blaI=COMPLETE,blaR1=HMM,blaZ=COMPLETE,erm(T)=COMPLETE,glpT_A100V=POINT,glpT_F3I=POINT,mepA=COMPLETE,murA_D278E=POINT,murA_E291D=POINT,tet(38)=COMPLETE",,"erythromycin=R,levofloxacin=S,oxacillin=S,rifampin=S,tetracycline=S,trimethoprim-sulfamethoxazole=S"
Staphylococcus aureus,,"""671"",""SRS25253370"",""dzd-uci-8026""",,PDT002991542.1,2025-11-20T22:50:29Z,USA: California,blood,clinical,,,,,SAMN48878686,GCA_053651715.1,"aac(6')-Ie/aph(2'')-Ia=COMPLETE,ant(9)-Ia=COMPLETE,blaI=COMPLETE,blaR1=COMPLETE,blaZ=COMPLETE,erm(A)=COMPLETE,fosB=COMPLETE,fosY=COMPLETE,gyrA_S84L=POINT,gyrA_S85P=POINT,mepA=COMPLETE,parC_E84G=POINT,parC_S80Y=POINT,tet(38)=COMPLETE",,"erythromycin=R,levofloxacin=R,oxacillin=S,rifampin=S,tetracycline=S,trimethoprim-sulfamethoxazole=S"
Staphylococcus aureus,,"""667"",""SRS25253365"",""dzd-uci-8020""",,PDT002991545.1,2025-11-20T22:50:30Z,USA: California,blood,clinical,,PDS000247548.1,0.0,,SAMN48878682,GCA_053657375.1,"blaI=COMPLETE,blaR1=HMM,blaZ=COMPLETE,erm(C)=COMPLETE,fosB=COMPLETE,mepA=COMPLETE,tet(38)=COMPLETE",,"clindamycin=R,erythromycin=R,levofloxacin=S,oxacillin=S,rifampin=S,tetracycline=S,trimethoprim-sulfamethoxazole=S"
Staphylococcus aureus,,"""592"",""SRS25253354"",""dzd-uci-7919""",,PDT002991556.1,2025-11-20T22:50:32Z,USA: California,"URINE, STRAIGHT CATH",clinical,,,,,SAMN48878607,GCA_053672975.1,"aac(6')-Ie/aph(2'')-Ia=COMPLETE,blaI=COMPLETE,blaPC1=COMPLETE,blaR1=COMPLETE,erm(C)=COMPLETE,glpT_A100V=POINT,gyrA_S84L=POINT,mecA=COMPLETE,mepA=COMPLETE,murA_E291D=POINT,murA_T396N=POINT,parC_S80F=POINT,parE_D432N=POINT,tet(38)=COMPLETE,tet(K)=COMPLETE",,"erythromycin=R,levofloxacin=R,oxacillin=R,rifampin=S,tetracycline=R,trimethoprim-sulfamethoxazole=S"
Staphylococcus aureus,,"""589"",""SRS25253350"",""dzd-uci-7914""",,PDT002991560.1,2025-11-20T22:50:33Z,USA: California,sputum,clinical,,PDS000247555.1,23.0,,SAMN48878604,GCA_053652935.1,"ant(6)-Ia=MISTRANSLATION,aph(3')-IIIa=COMPLETE,blaI=COMPLETE,blaR1=COMPLETE,blaZ=COMPLETE,dfrG=COMPLETE,erm(C)=COMPLETE,fosB=COMPLETE,gyrA_S84L=POINT,mecA=COMPLETE,mecR1=PARTIAL,mepA=COMPLETE,mph(C)=COMPLETE,msr(A)=COMPLETE,murA_G257D=POINT,parC_S80Y=POINT,sat4=COMPLETE,tet(38)=COMPLETE",,"clindamycin=R,erythromycin=R,levofloxacin=R,oxacillin=R,rifampin=S,tetracycline=S,trimethoprim-sulfamethoxazole=R"
Staphylococcus aureus,,"""506"",""SRS25253331"",""dzd-uci-7784""",,PDT002991579.1,2025-11-20T22:50:37Z,USA: California,CHEST WALL,clinical,,,,,SAMN48878521,GCA_053672835.1,"ant(6)-Ia=MISTRANSLATION,aph(3')-IIIa=COMPLETE,blaI=COMPLETE,blaR1=COMPLETE,blaZ=COMPLETE,erm(C)=COMPLETE,fosB=COMPLETE,gyrA_S84L=POINT,mecA=COMPLETE,mecR1=PARTIAL,mepA=COMPLETE,mph(C)=COMPLETE,msr(A)=COMPLETE,murA_G257D=POINT,parC_S80Y=POINT,sat4=COMPLETE,tet(38)=COMPLETE",,"clindamycin=R,erythromycin=R,levofloxacin=R,oxacillin=R,rifampin=S,tetracycline=S,trimethoprim-sulfamethoxazole=S"
Staphylococcus aureus,,"""5"",""SRS25253322"",""dzd-uci-6963""",,PDT002991587.1,2025-11-20T22:50:38Z,USA: California,sputum,clinical,,,,,SAMN48878020,GCA_053648685.1,"aac(6')-Ie/aph(2'')-Ia=COMPLETE,blaI=COMPLETE,blaPC1=COMPLETE,blaR1=COMPLETE,erm(C)=COMPLETE,glpT_A100V=POINT,gyrA_S84L=POINT,mecA=COMPLETE,mepA=COMPLETE,murA_E291D=POINT,murA_T396N=POINT,parC_S80F=POINT,parE_D432N=POINT,tet(38)=COMPLETE,tet(K)=COMPLETE",,"clindamycin=R,erythromycin=R,levofloxacin=R,oxacillin=R,rifampin=S,tetracycline=R,trimethoprim-sulfamethoxazole=S"
Staphylococcus aureus,,"""312"",""SRS25253309"",""dzd-uci-7472""",,PDT002991602.1,2025-11-20T22:50:41Z,USA: California,"SPUTUM, TRACHEAL ASPIRATE/SUCTION",clinical,,,,,SAMN48878327,GCA_053672635.1,"ant(6)-Ia=MISTRANSLATION,aph(3')-IIIa=COMPLETE,blaI=COMPLETE,blaR1=COMPLETE,blaZ=COMPLETE,fosB=COMPLETE,gyrA_S84L=POINT,mepA=COMPLETE,mph(C)=COMPLETE,msr(A)=COMPLETE,murA_G257D=POINT,parC_S80Y=POINT,sat4=COMPLETE,tet(38)=COMPLETE",,"clindamycin=S,erythromycin=R,levofloxacin=R,oxacillin=S,rifampin=S,tetracycline=S,trimethoprim-sulfamethoxazole=S"
Staphylococcus aureus,,"""310"",""SRS25253306"",""dzd-uci-7468""",,PDT002991604.1,2025-11-20T22:50:41Z,USA: California,"SPUTUM, TRACHEAL ASPIRATE/SUCTION",clinical,,PDS000247562.1,6.0,,SAMN48878325,GCA_053672595.1,"aac(6')-Ie/aph(2'')-Ia=COMPLETE,blaI=COMPLETE,blaR1=COMPLETE,blaZ=COMPLETE,blaZ=PARTIAL_END_OF_CONTIG,dfrE=COMPLETE,erm(B)=COMPLETE,gyrA_S84L=POINT,mecA=COMPLETE,mecR1=PARTIAL,mepA=COMPLETE,parC_S80F=POINT,rpoB_H481Y=POINT,tet(38)=COMPLETE",,"clindamycin=R,erythromycin=R,levofloxacin=R,oxacillin=R,rifampin=R,tetracycline=S,trimethoprim-sulfamethoxazole=R"
Staphylococcus aureus,,"""243"",""SRS25253279"",""dzd-uci-7349""",,PDT002991631.1,2025-11-20T22:50:47Z,USA: California,ABSCESS,clinical,,,,,SAMN48878258,GCA_053672215.1,"erm(T)=COMPLETE,glpT_A100V=POINT,glpT_F3I=POINT,mepA=COMPLETE,murA_D278E=POINT,murA_E291D=POINT,tet(38)=COMPLETE",,"erythromycin=R,levofloxacin=S,oxacillin=S,rifampin=S,tetracycline=S,trimethoprim-sulfamethoxazole=S"
Staphylococcus aureus,,"""235"",""SRS25253270"",""dzd-uci-7337""",,PDT002991639.1,2025-11-20T22:50:48Z,USA: California,"URINE, CLEAN VOID",clinical,,,,,SAMN48878250,GCA_053672075.1,"aadD1=COMPLETE,ant(9)-Ia=COMPLETE,blaI=COMPLETE,blaR1=COMPLETE,blaZ=COMPLETE,bleO=COMPLETE,erm(A)=COMPLETE,fosB=COMPLETE,gyrA_S84L=POINT,gyrA_S85P=POINT,mecA=COMPLETE,mecI=COMPLETE,mecR1=COMPLETE,mepA=COMPLETE,parC_E84G=POINT,parC_S80Y=POINT,tet(38)=COMPLETE",,"clindamycin=S,erythromycin=R,levofloxacin=R,oxacillin=R,rifampin=S,tetracycline=S,trimethoprim-sulfamethoxazole=S"
Staphylococcus aureus,,"""106"",""SRS25253223"",""dzd-uci-7123""",,PDT002991685.1,2025-11-20T22:50:57Z,USA: California,sputum,clinical,,PDS000247545.1,2.0,,SAMN48878121,GCA_053671715.1,"aac(6')-Ie/aph(2'')-Ia=COMPLETE,blaI=COMPLETE,blaR1=HMM,blaZ=COMPLETE,erm(T)=COMPLETE,glpT_A100V=POINT,glpT_F3I=POINT,mepA=COMPLETE,murA_D278E=POINT,murA_E291D=POINT,tet(38)=COMPLETE",,"erythromycin=R,levofloxacin=S,oxacillin=S,rifampin=S,tetracycline=S,trimethoprim-sulfamethoxazole=S"
Staphylococcus aureus,,"""919"",""SRS25253213"",""dzd-uci-8434""",,PDT002991694.1,2025-11-20T22:50:59Z,USA: California,swab,clinical,,PDS000247556.1,0.0,,SAMN48878934,GCA_053656915.1,"aadD1=COMPLETE,ant(6)-Ia=PARTIAL,aph(3')-IIIa=COMPLETE,blaI=COMPLETE,blaPC1=COMPLETE,blaR1=COMPLETE,bleO=COMPLETE,dfrS1=COMPLETE,erm(C)=COMPLETE,fosB=COMPLETE,glpT_A100V=POINT,glpT_V213I=POINT,mecA=COMPLETE,mecR1=PARTIAL,mepA=COMPLETE,mph(C)=COMPLETE,msr(A)=COMPLETE,murA_D278E=POINT,murA_E291D=POINT,sat4=COMPLETE,tet(38)=COMPLETE,tet(K)=COMPLETE",,"clindamycin=R,erythromycin=R,levofloxacin=S,oxacillin=R,rifampin=S,tetracycline=R,trimethoprim-sulfamethoxazole=S"
Staphylococcus aureus,,"""906"",""SRS25253709"",""dzd-uci-8415""",,PDT002991708.1,2025-11-20T22:51:01Z,USA: California,ABSCESS,clinical,,,,,SAMN48878921,GCA_053655755.1,"blaI=COMPLETE,blaR1=COMPLETE,blaZ=COMPLETE,fosB=COMPLETE,gyrA_S84L=POINT,mecA=COMPLETE,mecR1=PARTIAL,mepA=COMPLETE,mph(C)=COMPLETE,msr(A)=COMPLETE,murA_G257D=POINT,parC_S80Y=POINT,tet(38)=COMPLETE",,"clindamycin=S,erythromycin=R,levofloxacin=R,oxacillin=R,rifampin=S,tetracycline=S,trimethoprim-sulfamethoxazole=S"
Staphylococcus aureus,,"""825"",""SRS25253691"",""dzd-uci-8269""",,PDT002991725.1,2025-11-20T22:51:05Z,USA: California,"URINE, CLEAN VOID",clinical,,PDS000247560.1,1.0,,SAMN48878840,GCA_053671375.1,"ant(6)-Ia=MISTRANSLATION,aph(3')-IIIa=COMPLETE,blaI=COMPLETE,blaR1=COMPLETE,blaZ=COMPLETE,fosB=COMPLETE,gyrA_S84L=POINT,mecA=COMPLETE,mecR1=PARTIAL,mepA=COMPLETE,mph(C)=COMPLETE,msr(A)=COMPLETE,murA_G257D=POINT,parC_S80Y=POINT,sat4=COMPLETE,tet(38)=COMPLETE",,"clindamycin=S,erythromycin=R,levofloxacin=R,oxacillin=R,rifampin=S,tetracycline=S,trimethoprim-sulfamethoxazole=S"
Staphylococcus aureus,,"""647"",""SRS25253637"",""dzd-uci-7990""",,PDT002991778.1,2025-11-20T22:51:15Z,USA: California,"LEG,LOWER LEFT",clinical,,,,,SAMN48878662,GCA_053656535.1,"blaI=COMPLETE,blaR1=COMPLETE,blaZ=COMPLETE,fosB=COMPLETE,gyrA_S84L=POINT,mecA=COMPLETE,mecR1=PARTIAL,mepA=COMPLETE,mph(C)=COMPLETE,msr(A)=COMPLETE,murA_G257D=POINT,parC_S80Y=POINT,tet(38)=COMPLETE",,"clindamycin=S,erythromycin=R,levofloxacin=R,oxacillin=R,rifampin=S,tetracycline=S,trimethoprim-sulfamethoxazole=S"
Staphylococcus aureus,,"""645"",""SRS25253635"",""dzd-uci-7988""",,PDT002991780.1,2025-11-20T22:51:16Z,USA: California,sputum,clinical,,,,,SAMN48878660,GCA_053652715.1,"aadD1=COMPLETE,ant(6)-Ia=MISTRANSLATION,aph(3')-IIIa=COMPLETE,blaI=COMPLETE,blaR1=COMPLETE,blaZ=COMPLETE,fosB=COMPLETE,gyrA_S84L=POINT,mecA=COMPLETE,mecR1=PARTIAL,mepA=COMPLETE,mph(C)=COMPLETE,msr(A)=COMPLETE,mupA=COMPLETE,murA_G257D=POINT,parC_S80F=POINT,sat4=COMPLETE,tet(38)=COMPLETE",,"clindamycin=S,erythromycin=R,levofloxacin=R,oxacillin=R,rifampin=S,tetracycline=S,trimethoprim-sulfamethoxazole=S"
Staphylococcus aureus,,"""49"",""SRS25253606"",""dzd-uci-7026""",,PDT002991807.1,2025-11-20T22:51:21Z,USA: California,"SPUTUM, INDUCED",clinical,,,,,SAMN48878064,GCA_053671215.1,"ant(6)-Ia=MISTRANSLATION,aph(3')-IIIa=COMPLETE,blaI=COMPLETE,blaR1=COMPLETE,blaZ=COMPLETE,fosB=COMPLETE,gyrA_S84L=POINT,mepA=COMPLETE,mph(C)=COMPLETE,msr(A)=COMPLETE,murA_G257D=POINT,parC_S80Y=POINT,tet(38)=COMPLETE",,"clindamycin=S,erythromycin=R,levofloxacin=R,oxacillin=S,rifampin=S,tetracycline=S,trimethoprim-sulfamethoxazole=S"
Staphylococcus aureus,,"""481"",""SRS25253597"",""dzd-uci-7737""",,PDT002991815.1,2025-11-20T22:51:23Z,USA: California,blood,clinical,,,,,SAMN48878496,GCA_053651115.1,"ant(6)-Ia=PARTIAL,aph(3')-IIIa=COMPLETE,blaI=COMPLETE,blaR1=COMPLETE,blaZ=COMPLETE,blaZ=PARTIAL_END_OF_CONTIG,glpT_A100V=POINT,mepA=COMPLETE,mph(C)=COMPLETE,msr(A)=COMPLETE,murA_E291D=POINT,murA_T396N=POINT,tet(38)=COMPLETE",,"clindamycin=S,erythromycin=R,levofloxacin=S,oxacillin=S,rifampin=S,tetracycline=S,trimethoprim-sulfamethoxazole=S"
Staphylococcus aureus,,"""480"",""SRS25253596"",""dzd-uci-7735""",,PDT002991816.1,2025-11-20T22:51:23Z,USA: California,"CHEEK,LEFT",clinical,,,,,SAMN48878495,GCA_053655075.1,"ant(6)-Ia=MISTRANSLATION,aph(3')-IIIa=COMPLETE,blaI=COMPLETE,blaR1=COMPLETE,blaZ=COMPLETE,fosB=COMPLETE,mecA=COMPLETE,mecR1=PARTIAL,mepA=COMPLETE,mph(C)=COMPLETE,msr(A)=COMPLETE,murA_G257D=POINT,sat4=COMPLETE,tet(38)=COMPLETE",,"clindamycin=S,erythromycin=R,levofloxacin=S,oxacillin=R,rifampin=S,tetracycline=S,trimethoprim-sulfamethoxazole=S"
Staphylococcus aureus,,"""404"",""SRS25253560"",""dzd-uci-7610""",,PDT002991850.1,2025-11-20T22:51:30Z,USA: California,DRAINAGE,clinical,,,,,SAMN48878419,GCA_053654975.1,"blaI=COMPLETE,blaR1=HMM,blaZ=COMPLETE,erm(T)=COMPLETE,glpT_A100V=POINT,glpT_F3I=POINT,mepA=COMPLETE,murA_D278E=POINT,murA_E291D=POINT,tet(38)=COMPLETE",,"erythromycin=R,levofloxacin=S,oxacillin=S,rifampin=S,tetracycline=S,trimethoprim-sulfamethoxazole=S"
Staphylococcus aureus,,"""354"",""SRS25253552"",""dzd-uci-7531""",,PDT002991858.1,2025-11-20T22:51:31Z,USA: California,blood,clinical,,PDS000247540.1,2.0,,SAMN48878369,GCA_053665535.1,"aac(6')-Ie/aph(2'')-Ia=COMPLETE,aadD1=COMPLETE,ant(9)-Ia=COMPLETE,blaI=COMPLETE,blaR1=COMPLETE,blaZ=COMPLETE,bleO=COMPLETE,erm(A)=COMPLETE,fosB=COMPLETE,fosY=COMPLETE,gyrA_S84L=POINT,gyrA_S85P=POINT,mecA=COMPLETE,mecI=COMPLETE,mecR1=COMPLETE,mepA=COMPLETE,parC_E84G=POINT,parC_S80Y=POINT,tet(38)=COMPLETE",,"clindamycin=R,erythromycin=R,levofloxacin=R,oxacillin=R,rifampin=S,tetracycline=S,trimethoprim-sulfamethoxazole=S"
Staphylococcus aureus,,"""216"",""SRS25253495"",""dzd-uci-7310""",,PDT002991915.1,2025-11-20T22:51:43Z,USA: California,sputum,clinical,,,,,SAMN48878231,GCA_053664955.1,"aac(6')-Ie/aph(2'')-Ia=COMPLETE,aadD1=COMPLETE,ant(9)-Ia=COMPLETE,blaI=COMPLETE,blaR1=COMPLETE,blaZ=COMPLETE,bleO=COMPLETE,erm(A)=COMPLETE,fosB=COMPLETE,fosY=COMPLETE,gyrA_S84L=POINT,gyrA_S85P=POINT,mecA=COMPLETE,mecI=COMPLETE,mecR1=COMPLETE,mepA=COMPLETE,parC_E84G=POINT,parC_S80Y=POINT,tet(38)=COMPLETE",,"clindamycin=R,erythromycin=R,levofloxacin=R,oxacillin=R,rifampin=S,tetracycline=S,trimethoprim-sulfamethoxazole=S"
Staphylococcus aureus,,"""151"",""SRS25253471"",""dzd-uci-7202""",,PDT002991937.1,2025-11-20T22:51:48Z,USA: California,sputum,clinical,,PDS000247545.1,2.0,,SAMN48878166,GCA_053664015.1,"aac(6')-Ie/aph(2'')-Ia=COMPLETE,blaI=COMPLETE,blaR1=HMM,blaZ=COMPLETE,erm(T)=COMPLETE,glpT_A100V=POINT,glpT_F3I=POINT,ileS_V588F=POINT,mepA=COMPLETE,murA_D278E=POINT,murA_E291D=POINT,tet(38)=COMPLETE",,"erythromycin=R,levofloxacin=S,oxacillin=S,rifampin=S,tetracycline=S,trimethoprim-sulfamethoxazole=S"
Staphylococcus aureus,,"""150"",""SRS25253470"",""dzd-uci-7198""",,PDT002991938.1,2025-11-20T22:51:48Z,USA: California,VESICLE FLUID,clinical,,,,,SAMN48878165,GCA_053670935.1,"aadD1=COMPLETE,ant(6)-Ia=PARTIAL,aph(3')-IIIa=COMPLETE,blaI=COMPLETE,blaPC1=COMPLETE,blaR1=COMPLETE,bleO=COMPLETE,dfrS1=COMPLETE,fosB=COMPLETE,glpT_A100V=POINT,glpT_V213I=POINT,mecA=COMPLETE,mecR1=PARTIAL,mepA=COMPLETE,mph(C)=COMPLETE,msr(A)=COMPLETE,murA_D278E=POINT,murA_E291D=POINT,sat4=COMPLETE,tet(38)=COMPLETE,tet(K)=COMPLETE",,"clindamycin=S,erythromycin=R,levofloxacin=S,oxacillin=R,rifampin=S,tetracycline=R,trimethoprim-sulfamethoxazole=S"
Staphylococcus aureus,,"""948"",""SRS25253893"",""dzd-uci-8483""",,PDT002991961.1,2025-11-20T22:51:53Z,USA: California,sputum,clinical,,,,,SAMN48878963,GCA_053661555.1,"ant(6)-Ia=MISTRANSLATION,aph(3')-IIIa=COMPLETE,blaI=COMPLETE,blaR1=COMPLETE,blaZ=COMPLETE,fosB=COMPLETE,gyrA_S84L=POINT,mecA=COMPLETE,mecR1=PARTIAL,mepA=COMPLETE,mph(C)=COMPLETE,msr(A)=COMPLETE,murA_G257D=POINT,parC_S80Y=POINT,sat4=COMPLETE,tet(38)=COMPLETE",,"clindamycin=S,erythromycin=R,levofloxacin=R,oxacillin=R,rifampin=S,tetracycline=S,trimethoprim-sulfamethoxazole=S"
Staphylococcus aureus,,"""947"",""SRS25253890"",""dzd-uci-8481""",,PDT002991962.1,2025-11-20T22:51:53Z,USA: California,ABSCESS,clinical,,PDS000247556.1,0.0,,SAMN48878962,GCA_053659815.1,"aadD1=COMPLETE,ant(6)-Ia=PARTIAL,aph(3')-IIIa=COMPLETE,blaI=COMPLETE,blaPC1=COMPLETE,blaR1=COMPLETE,bleO=COMPLETE,dfrS1=COMPLETE,erm(C)=COMPLETE,fosB=COMPLETE,glpT_A100V=POINT,glpT_V213I=POINT,mecA=COMPLETE,mecR1=PARTIAL,mepA=COMPLETE,mph(C)=COMPLETE,msr(A)=COMPLETE,murA_D278E=POINT,murA_E291D=POINT,sat4=COMPLETE,tet(38)=COMPLETE,tet(K)=COMPLETE",,"clindamycin=R,erythromycin=R,levofloxacin=S,oxacillin=R,rifampin=S,tetracycline=R,trimethoprim-sulfamethoxazole=S"
Staphylococcus aureus,,"""870"",""SRS25253878"",""dzd-uci-8336""",,PDT002991974.1,2025-11-20T22:51:55Z,USA: California,aspirate,clinical,,,,,SAMN48878885,GCA_053654735.1,"ant(6)-Ia=MISTRANSLATION,aph(3')-IIIa=COMPLETE,blaI=COMPLETE,blaR1=COMPLETE,blaZ=COMPLETE,fosB=COMPLETE,gyrA_S84L=POINT,ileS_V588F=POINT,mecA=COMPLETE,mecR1=PARTIAL,mepA=COMPLETE,mph(C)=COMPLETE,msr(A)=COMPLETE,murA_G257D=POINT,parC_S80Y=POINT,sat4=COMPLETE,tet(38)=COMPLETE",,"clindamycin=S,erythromycin=R,levofloxacin=R,oxacillin=R,rifampin=S,tetracycline=S,trimethoprim-sulfamethoxazole=S"
Staphylococcus aureus,,"""791"",""SRS25253863"",""dzd-uci-8209""",,PDT002991989.1,2025-11-20T22:51:58Z,USA: California,blood,clinical,,PDS000247566.1,7.0,,SAMN48878806,GCA_053663715.1,"blaI=COMPLETE,blaR1=COMPLETE,blaZ=COMPLETE,fosB=COMPLETE,mepA=COMPLETE,mph(C)=COMPLETE,msr(A)=COMPLETE,murA_G257D=POINT,tet(38)=COMPLETE",,"clindamycin=S,erythromycin=R,levofloxacin=S,oxacillin=S,rifampin=S,tetracycline=S,trimethoprim-sulfamethoxazole=S"
Staphylococcus aureus,,"""779"",""SRS25253850"",""dzd-uci-8190""",,PDT002992003.1,2025-11-20T22:52:01Z,USA: California,ABSCESS,clinical,,,,,SAMN48878794,GCA_053663535.1,"ant(9)-Ia=COMPLETE,blaI=COMPLETE,blaR1=COMPLETE,blaZ=COMPLETE,erm(A)=HMM,glpT_A100V=POINT,glpT_F3I=POINT,mecA=COMPLETE,mepA=COMPLETE,murA_D278E=POINT,murA_E291D=POINT,tet(38)=COMPLETE,tet(K)=COMPLETE",,"clindamycin=R,erythromycin=R,levofloxacin=S,oxacillin=R,rifampin=S,tetracycline=R,trimethoprim-sulfamethoxazole=S"
Staphylococcus aureus,,"""70"",""SRS25253834"",""dzd-uci-7057""",,PDT002992017.1,2025-11-20T22:52:04Z,USA: California,aspirate,clinical,,,,,SAMN48878085,GCA_053670815.1,"ant(6)-Ia=MISTRANSLATION,aph(3')-IIIa=COMPLETE,blaI=COMPLETE,blaR1=COMPLETE,blaZ=COMPLETE,fosB=COMPLETE,gyrA_S84L=POINT,mecA=COMPLETE,mecR1=PARTIAL,mepA=COMPLETE,mph(C)=COMPLETE,msr(A)=COMPLETE,murA_G257D=POINT,parC_S80Y=POINT,tet(38)=COMPLETE",,"clindamycin=S,erythromycin=R,levofloxacin=R,oxacillin=R,rifampin=S,tetracycline=S,trimethoprim-sulfamethoxazole=S"
Staphylococcus aureus,,"""614"",""SRS25253810"",""dzd-uci-7949""",,PDT002992039.1,2025-11-20T22:52:09Z,USA: California,blood,clinical,,PDS000247548.1,1.0,,SAMN48878629,GCA_053654495.1,"blaI=COMPLETE,blaR1=HMM,blaZ=COMPLETE,erm(C)=COMPLETE,fosB=COMPLETE,mepA=COMPLETE,tet(38)=COMPLETE",,"clindamycin=R,erythromycin=R,levofloxacin=S,oxacillin=S,rifampin=S,tetracycline=S,trimethoprim-sulfamethoxazole=S"
Staphylococcus aureus,,"""61"",""SRS25253807"",""dzd-uci-7041""",,PDT002992044.1,2025-11-20T22:52:10Z,USA: California,ABSCESS,clinical,,,,,SAMN48878076,GCA_053664635.1,"ant(9)-Ia=COMPLETE,blaI=COMPLETE,blaR1=COMPLETE,blaZ=COMPLETE,blaZ=PARTIAL_END_OF_CONTIG,erm(A)=HMM,glpT_A100V=POINT,glpT_F3I=POINT,mepA=COMPLETE,murA_D278E=POINT,murA_E291D=POINT,tet(38)=COMPLETE",,"clindamycin=R,erythromycin=R,levofloxacin=S,oxacillin=S,rifampin=S,tetracycline=S,trimethoprim-sulfamethoxazole=S"
Staphylococcus aureus,,"""524"",""SRS25253781"",""dzd-uci-7813""",,PDT002992067.1,2025-11-20T22:52:14Z,USA: California,"SPUTUM, TRACHEAL ASPIRATE/SUCTION",clinical,,PDS000247553.1,3.0,,SAMN48878539,GCA_053663025.1,"aac(6')-Ie/aph(2'')-Ia=COMPLETE,blaI=COMPLETE,blaR1=HMM,blaZ=COMPLETE,erm(T)=COMPLETE,glpT_A100V=POINT,glpT_F3I=POINT,mepA=COMPLETE,murA_D278E=POINT,murA_E291D=POINT,tet(38)=COMPLETE",,"erythromycin=R,levofloxacin=S,oxacillin=S,rifampin=S,tetracycline=S,trimethoprim-sulfamethoxazole=S"
Staphylococcus aureus,,"""426"",""SRS25253746"",""dzd-uci-7644""",,PDT002992102.1,2025-11-20T22:52:22Z,USA: California,sputum,clinical,,,,,SAMN48878441,GCA_053662795.1,"aadD1=COMPLETE,ant(9)-Ia=COMPLETE,blaI=COMPLETE,blaR1=COMPLETE,blaZ=COMPLETE,erm(A)=COMPLETE,fosB=COMPLETE,gyrA_S84L=POINT,mecA=COMPLETE,mepA=COMPLETE,mph(C)=COMPLETE,msr(A)=COMPLETE,mupA=COMPLETE,parC_E84G=POINT,parC_S80Y=POINT,tet(38)=COMPLETE,tet(K)=COMPLETE",,"erythromycin=R,levofloxacin=R,oxacillin=R,rifampin=S,tetracycline=R,trimethoprim-sulfamethoxazole=S"
Staphylococcus aureus,,"""379"",""SRS25253743"",""dzd-uci-7575""",,PDT002992107.1,2025-11-20T22:52:23Z,USA: California,ABSCESS,clinical,,,,,SAMN48878394,GCA_053662715.1,"aac(6')-Ie/aph(2'')-Ia=COMPLETE,ant(9)-Ia=COMPLETE,blaI=COMPLETE,blaR1=COMPLETE,blaZ=COMPLETE,erm(A)=COMPLETE,fosB=COMPLETE,gyrA_S84L=POINT,gyrA_S85P=POINT,mepA=COMPLETE,mupA=COMPLETE,parC_E84G=POINT,parC_S80Y=POINT,tet(38)=COMPLETE",,"clindamycin=R,erythromycin=R,levofloxacin=R,oxacillin=S,rifampin=S,tetracycline=S,trimethoprim-sulfamethoxazole=S"
Staphylococcus aureus,,"""362"",""SRS25253722"",""dzd-uci-7547""",,PDT002992123.1,2025-11-20T22:52:26Z,USA: California,sputum,clinical,,,,,SAMN48878377,GCA_053666575.1,"aadD1=COMPLETE,ant(6)-Ia=MISTRANSLATION,aph(3')-IIIa=COMPLETE,blaI=COMPLETE,blaR1=COMPLETE,blaZ=COMPLETE,fosB=COMPLETE,gyrA_S84L=POINT,mecA=COMPLETE,mecR1=PARTIAL,mepA=COMPLETE,mph(C)=COMPLETE,msr(A)=COMPLETE,mupA=COMPLETE,murA_G257D=POINT,parC_S80Y=POINT,tet(38)=COMPLETE",,"clindamycin=S,erythromycin=R,levofloxacin=R,oxacillin=R,rifampin=S,tetracycline=S,trimethoprim-sulfamethoxazole=S"
