#Organism group,Strain,Isolate identifiers,Serovar,Isolate,Create date,Location,Isolation source,Isolation type,Food origin,SNP cluster,Min-same,Min-diff,BioSample,Assembly,AMR genotypes,Computed types,AST phenotypes
Staphylococcus aureus,FDAARGOS_5,"""FDA:FDAARGOS_5"",""FDAARGOS_5"",""SRS583682""",,PDT000025954.4,2018-03-02T18:17:05Z,USA,human,clinical,,PDS000068733.13,1.0,,SAMN02700075,GCA_000626615.3,"folP_E208K=POINT,folP_T51M=POINT,fosB=COMPLETE,mecA=COMPLETE,mecR1=PARTIAL,mepA=COMPLETE,tet(38)=COMPLETE",,"ciprofloxacin=S,clindamycin=S,dicloxacillin=R,erythromycin=S,gentamicin=S,linezolid=S,penicillin=R,quinupristin-dalfopristin=S,teicoplanin=S,tetracycline=R,trimethoprim-sulfamethoxazole=S,vancomycin=S"
Staphylococcus aureus,,"""0000-0056-4345"",""181"",""SRS1296142""",,PDT000107931.3,2024-02-13T19:33:35Z,USA:Boston,tissue,clinical,,,,,SAMN04456593,GCA_015619305.3,"aac(6')-Ie/aph(2'')-Ia=COMPLETE,fosB=COMPLETE,gyrA_S84L=POINT,mecA=COMPLETE,mecR1=PARTIAL,mepA=COMPLETE,murA_G257D=POINT,parC_S80F=POINT,tet(38)=COMPLETE",,"ciprofloxacin=R,clindamycin=S,daptomycin=S,erythromycin=S,gentamicin=S,levofloxacin=R,linezolid=S,minocycline=S,moxifloxacin=I,rifampin=S,tetracycline=S,tigecycline=S,trimethoprim-sulfamethoxazole=S,vancomycin=S"
Staphylococcus aureus,,"""0000-0063-2238"",""302"",""SRS1963416""",,PDT000186897.3,2017-04-14T00:40:09Z,USA:Boston,sputum,clinical,,,,,SAMN06311511,GCA_015610645.2,"blaI=COMPLETE,blaPC1=COMPLETE,blaR1=COMPLETE,fosB=COMPLETE,glpT_A100V=POINT,mepA=COMPLETE,tet(38)=COMPLETE",,"ciprofloxacin=S,clindamycin=S,erythromycin=S,gentamicin=S,levofloxacin=S,linezolid=S,minocycline=S,moxifloxacin=S,penicillin=R,rifampin=S,tetracycline=S,tigecycline=S,vancomycin=S"
Staphylococcus aureus,JE2,"""JE2""",,PDT000202873.2,2017-04-11T14:51:06Z,USA:Nebraska,skin and soft tissue,clinical,,PDS000231984.8,0.0,31.0,SAMN06677988,GCA_002085525.1,"fosB=COMPLETE,gyrA_S84L=POINT,mecA=COMPLETE,mecR1=PARTIAL,mepA=COMPLETE,murA_G257D=POINT,parC_S80Y=POINT,tet(38)=COMPLETE",,"amoxicillin-clavulanic acid=R,ampicillin-sulbactam=R,ampicillin=R,cefazolin=R,cefoxitin=R,ceftriaxone=R,ciprofloxacin=R,clindamycin=S,daptomycin=S,erythromycin=S,gentamicin=S,linezolid=S,minocycline=S,nitrofurantoin=S,oxacillin=R,penicillin=R,quinupristin-dalfopristin=S,rifampin=S,tetracycline=S,tigecycline=S,trimethoprim-sulfamethoxazole=S,vancomycin=S"
Staphylococcus aureus,13C,"""13C"",""MRSN499994""",,PDT000284750.2,2018-01-31T06:00:11Z,USA:Nebraska,skin and soft tissue,clinical,,PDS000231984.8,0.0,30.0,SAMN08391007,GCA_002909315.1,"fosB=COMPLETE,gyrA_S84L=POINT,mecA=COMPLETE,mecR1=PARTIAL,mepA=COMPLETE,murA_G257D=POINT,parC_S80Y=POINT,tet(38)=COMPLETE",,"amoxicillin-clavulanic acid=R,ampicillin-sulbactam=R,ampicillin=R,cefazolin=R,ceftriaxone=R,ciprofloxacin=R,clindamycin=S,daptomycin=S,erythromycin=S,gentamicin=S,levofloxacin=R,linezolid=S,minocycline=S,nitrofurantoin=S,oxacillin=R,penicillin=R,rifampin=S,tetracycline=S,tigecycline=S,trimethoprim-sulfamethoxazole=S,vancomycin=S"
Staphylococcus aureus,0345-2701-2015,"""0345-2701-2015"",""SRS3745664""",,PDT000287913.2,2018-02-10T17:10:28Z,Russia: Moscow,Skin lesions,clinical,,,,,SAMN08456648,GCA_002925615.1,"fosB=COMPLETE,mepA=COMPLETE,murA_G257D=POINT,tet(38)=COMPLETE",,"cefoxitin=S,ciprofloxacin=S,clindamycin=S,daptomycin=S,erythromycin=S,fusidic acid=S,gentamicin=R,linezolid=S,moxifloxacin=S,rifampin=S,teicoplanin=S,tetracycline=S,trimethoprim-sulfamethoxazole=S,vancomycin=S"
Staphylococcus aureus,0780-1302-2015,"""0780-1302-2015"",""SRS3745661""",,PDT000287914.2,2018-02-10T17:10:35Z,Russia: Moscow,Skin lesions,clinical,,,,,SAMN08456629,GCA_002925605.1,"fosB=COMPLETE,mepA=COMPLETE,pbp4_E218K=POINT,tet(38)=COMPLETE",,"amoxicillin-clavulanic acid=S,ampicillin-sulbactam=S,cefazolin=S,ceftriaxone=S,chloramphenicol=S,ciprofloxacin=S,clindamycin=S,daptomycin=S,erythromycin=S,gentamicin=S,imipenem=S,levofloxacin=S,linezolid=S,meropenem=S,moxifloxacin=S,oxacillin=S,rifampin=S,tetracycline=S,trimethoprim-sulfamethoxazole=S,vancomycin=S"
Staphylococcus aureus,0908-2002-2015,"""0908-2002-2015"",""SRS3745660""",,PDT000302341.2,2018-03-26T17:24:14Z,Russia: Moscow,Skin lesions,clinical,,,,,SAMN08456651,GCA_003017755.1,"mepA=COMPLETE,tet(38)=COMPLETE",,"amoxicillin-clavulanic acid=S,ampicillin-sulbactam=S,cefazolin=S,ceftriaxone=S,chloramphenicol=S,ciprofloxacin=S,clindamycin=S,daptomycin=S,erythromycin=S,gentamicin=S,imipenem=S,levofloxacin=S,linezolid=S,meropenem=S,moxifloxacin=S,oxacillin=S,rifampin=S,tetracycline=S,trimethoprim-sulfamethoxazole=S,vancomycin=S"
Staphylococcus aureus,1014-2602-2015,"""1014-2602-2015"",""SRS3745663""",,PDT000302342.2,2018-03-26T17:25:30Z,Russia: Moscow,Skin lesions,clinical,,,,,SAMN08456662,GCA_003017735.1,"mepA=COMPLETE,tet(38)=COMPLETE",,"amoxicillin-clavulanic acid=S,ampicillin-sulbactam=S,cefazolin=S,ceftriaxone=S,chloramphenicol=S,ciprofloxacin=S,clindamycin=S,daptomycin=S,erythromycin=S,gentamicin=S,imipenem=S,levofloxacin=S,linezolid=S,meropenem=S,moxifloxacin=S,oxacillin=S,rifampin=S,tetracycline=S,trimethoprim-sulfamethoxazole=S,vancomycin=S"
Staphylococcus aureus,0257-2201-2015,"""0257-2201-2015"",""SRS3745662""",,PDT000302343.2,2018-03-26T17:27:17Z,Russia: Moscow,Skin lesions,clinical,,,,,SAMN08456633,GCA_003017835.1,"fosB=COMPLETE,mepA=COMPLETE,tet(38)=COMPLETE",,"amoxicillin-clavulanic acid=S,ampicillin-sulbactam=S,cefazolin=S,ceftriaxone=S,chloramphenicol=S,ciprofloxacin=S,clindamycin=R,daptomycin=S,erythromycin=S,gentamicin=S,imipenem=S,levofloxacin=S,linezolid=S,meropenem=S,moxifloxacin=S,oxacillin=S,rifampin=S,tetracycline=S,trimethoprim-sulfamethoxazole=S,vancomycin=S"
Staphylococcus aureus,AR466,"""AR466"",""AR_0466"",""SRS3159765""",,PDT000313594.2,2018-04-30T12:53:06Z,,,clinical,,,,,SAMN07291559,GCA_003073635.1,"blaI=COMPLETE,blaR1=COMPLETE,blaZ=COMPLETE,dfrS1=COMPLETE,fusA_L461K=POINT,fusC=COMPLETE,glpT_A100V=POINT,gyrA_S84L=POINT,mecA=COMPLETE,mecR1=PARTIAL,mepA=COMPLETE,murA_E291D=POINT,murA_T396N=POINT,parC_S80F=POINT,tet(38)=COMPLETE",,"cefoxitin=R,ceftaroline=S,clindamycin=S,daptomycin=S,doxycycline=S,erythromycin=S,gentamicin=S,levofloxacin=R,linezolid=S,mupirocin=ND,oxacillin=S,penicillin=R,rifampin=S,tetracycline=S,trimethoprim-sulfamethoxazole=S,vancomycin=S"
Staphylococcus aureus,AR464,"""AR464"",""AR_0464"",""SRS3163156""",,PDT000313597.2,2018-04-30T13:04:06Z,,,clinical,,PDS000136782.1,,,SAMN07291557,GCA_003073755.1,"blaI=COMPLETE,blaR1=COMPLETE,blaZ=COMPLETE,glpT_A100V=POINT,mecA=COMPLETE,mecR1=PARTIAL,mepA=COMPLETE,murA_E291D=POINT,murA_T396N=POINT,tet(38)=COMPLETE",,"cefoxitin=S,ceftaroline=S,clindamycin=S,daptomycin=S,doxycycline=S,erythromycin=S,gentamicin=S,levofloxacin=S,linezolid=S,mupirocin=ND,oxacillin=S,penicillin=R,rifampin=S,tetracycline=S,trimethoprim-sulfamethoxazole=S,vancomycin=S"
Staphylococcus aureus,AR462,"""AR462"",""AR_0462"",""SRS3163155""",,PDT000313598.2,2018-04-30T13:06:07Z,,,clinical,,,,,SAMN07291555,GCA_003073775.1,"blaI=COMPLETE,blaR1=COMPLETE,blaZ=COMPLETE,fosB=COMPLETE,gyrA_E88K=POINT,mecA=COMPLETE,mecR1=PARTIAL,mepA=COMPLETE,parC_S80F=POINT,tet(38)=COMPLETE",,"cefoxitin=R,ceftaroline=S,clindamycin=S,daptomycin=NS,doxycycline=S,erythromycin=S,gentamicin=S,levofloxacin=R,linezolid=S,mupirocin=ND,oxacillin=S,penicillin=R,rifampin=S,tetracycline=S,trimethoprim-sulfamethoxazole=S,vancomycin=I"
Staphylococcus aureus,AR_0223,"""AR_0223"",""FDA-CDC-AR_0223"",""SRS1739419""",,PDT000326662.2,2018-06-06T11:55:07Z,,,clinical,,,,,SAMN04901613,GCA_003193685.1,"fosB=COMPLETE,gyrA_S84L=POINT,mecA=COMPLETE,mecR1=PARTIAL,mepA=COMPLETE,murA_G257D=POINT,parC_S80Y=POINT,tet(38)=COMPLETE",,"cefoxitin=R,ceftaroline=S,clindamycin=S,daptomycin=NS,doxycycline=S,erythromycin=S,gentamicin=S,levofloxacin=R,linezolid=S,mupirocin=ND,oxacillin=R,penicillin=R,rifampin=S,tetracycline=S,trimethoprim-sulfamethoxazole=S"
Staphylococcus aureus,AR_0471,"""AR_0471"",""SRS3163162""",,PDT000326666.2,2018-06-06T12:01:07Z,,,clinical,,,,,SAMN07291564,GCA_003193765.1,"blaI=COMPLETE,blaR1=COMPLETE,blaZ=COMPLETE,glpT_A100V=POINT,mecA=COMPLETE,mepA=COMPLETE,murA_E291D=POINT,murA_T396N=POINT,tet(38)=COMPLETE",,"cefoxitin=R,ceftaroline=S,clindamycin=S,daptomycin=S,doxycycline=S,erythromycin=S,gentamicin=S,levofloxacin=S,linezolid=S,mupirocin=ND,oxacillin=S,penicillin=R,rifampin=S,tetracycline=S,trimethoprim-sulfamethoxazole=S,vancomycin=S"
Staphylococcus aureus,AR_0222,"""AR_0222"",""FDA-CDC-AR_0222"",""SRS1739418""",,PDT000331089.2,2018-06-08T19:57:07Z,,,clinical,,,,,SAMN04901612,GCA_003203655.1,"blaI=COMPLETE,blaR1=COMPLETE,blaZ=COMPLETE,fosB=COMPLETE,mepA=COMPLETE,rpoB_D471G=POINT,tet(38)=COMPLETE",,"cefoxitin=S,ceftaroline=S,clindamycin=S,daptomycin=S,doxycycline=S,erythromycin=S,gentamicin=S,levofloxacin=S,linezolid=S,mupirocin=ND,oxacillin=S,penicillin=R,rifampin=I,tetracycline=S,trimethoprim-sulfamethoxazole=S"
Staphylococcus aureus,AR_0221,"""AR_0221"",""FDA-CDC-AR_0221"",""SRS1739417""",,PDT000339867.2,2018-06-22T21:04:08Z,,,clinical,,,,,SAMN04901611,GCA_003260525.1,"aac(6')-Ie/aph(2'')-Ia=COMPLETE,aac(6')-Ie/aph(2'')-Ia=MISTRANSLATION,blaI=COMPLETE,blaPC1=COMPLETE,blaR1=COMPLETE,blaZ=PARTIAL,dfrS1=COMPLETE,folP_E208K=POINT,folP_F17L=POINT,fosB=COMPLETE,gyrA_S84L=POINT,mecA=COMPLETE,mecR1=PARTIAL,mepA=COMPLETE,murA_G257D=POINT,parC_S80F=POINT,parE_D432N=POINT,rpoB_H481N=POINT,tet(38)=COMPLETE,tet(M)=COMPLETE",,"cefoxitin=R,ceftaroline=S,clindamycin=S,daptomycin=NS,doxycycline=S,erythromycin=S,gentamicin=R,levofloxacin=R,linezolid=S,mupirocin=ND,oxacillin=R,penicillin=R,rifampin=S,tetracycline=R,trimethoprim-sulfamethoxazole=R"
Staphylococcus aureus,0943-1505-2016,"""0943-1505-2016"",""SRS4512424""",,PDT000339877.2,2018-06-24T23:03:20Z,Russia: Moscow,bone,clinical,,,,,SAMN09428900,GCA_003261195.1,"aac(6')-Ie/aph(2'')-Ia=COMPLETE,ant(9)-Ia=COMPLETE,blaI=COMPLETE,blaPC1=COMPLETE,blaR1=COMPLETE,erm(A)=PARTIAL_END_OF_CONTIG,folP_E258EKE=POINT,folP_F17L=POINT,fosB=COMPLETE,gyrA_G106D=POINT,gyrA_S84L=POINT,mecA=COMPLETE,mecI=MISTRANSLATION,mecR1=COMPLETE,mepA=COMPLETE,murA_G257D=POINT,parC_S80F=POINT,rpoB_H481N=POINT,rpoB_L466S=POINT,tet(38)=COMPLETE,tet(M)=COMPLETE",,"cefoxitin=R,ceftaroline=R,ciprofloxacin=R,clindamycin=R,daptomycin=S,erythromycin=S,fosfomycin=S,fusidic acid=S,gentamicin=R,levofloxacin=R,linezolid=S,oxacillin=R,penicillin=R,rifampin=R,teicoplanin=S,tetracycline=R,tigecycline=S,tobramycin=R,trimethoprim-sulfamethoxazole=S,vancomycin=S"
Staphylococcus aureus,0537-0302-2015,"""0537-0302-2015""",,PDT000516831.3,2019-05-24T15:09:31Z,Russia: Moscow,Skin lesions,clinical,,,,,SAMN11585614,GCA_005774645.1,"mepA=COMPLETE,tet(38)=COMPLETE",,"amoxicillin-clavulanic acid=S,ampicillin-sulbactam=S,cefazolin=S,ceftriaxone=S,chloramphenicol=S,ciprofloxacin=S,clindamycin=S,daptomycin=S,erythromycin=S,gentamicin=S,imipenem=S,levofloxacin=S,linezolid=S,meropenem=S,moxifloxacin=S,oxacillin=S,rifampin=S,tetracycline=S,trimethoprim-sulfamethoxazole=S,vancomycin=S"
Staphylococcus aureus,0137-2003-2005,"""0137-2003-2005""",,PDT000516833.3,2019-05-24T15:09:42Z,Russia: Moscow,blood,clinical,,,,,SAMN11585836,GCA_005774675.1,"blaI=COMPLETE,blaR1=HMM,blaZ=COMPLETE,fosB=COMPLETE,glpT_A100V=POINT,glpT_L27F=POINT,mepA=COMPLETE,murA_E291D=POINT,murA_T396N=POINT,tet(38)=COMPLETE",,"amoxicillin-clavulanic acid=S,ampicillin-sulbactam=S,cefazolin=S,ceftriaxone=S,chloramphenicol=S,ciprofloxacin=S,clindamycin=S,daptomycin=S,erythromycin=S,gentamicin=S,imipenem=S,levofloxacin=S,linezolid=S,meropenem=S,moxifloxacin=S,oxacillin=S,rifampin=S,tetracycline=S,trimethoprim-sulfamethoxazole=S,vancomycin=S"
Staphylococcus aureus,0141-0204-2007,"""0141-0204-2007""",,PDT000516834.3,2019-05-24T15:10:07Z,Russia: Moscow,blood,clinical,,,,,SAMN11587785,GCA_005774725.1,"fosB=COMPLETE,mepA=COMPLETE,murA_G257D=POINT,tet(38)=COMPLETE",,"amoxicillin-clavulanic acid=S,ampicillin-sulbactam=S,cefazolin=S,ceftriaxone=S,chloramphenicol=S,ciprofloxacin=S,clindamycin=S,daptomycin=S,erythromycin=S,gentamicin=S,imipenem=S,levofloxacin=S,linezolid=S,meropenem=S,moxifloxacin=S,oxacillin=S,rifampin=S,tetracycline=S,trimethoprim-sulfamethoxazole=S,vancomycin=S"
Staphylococcus aureus,SCAID OTT1-2021 (597/2),"""SCAID OTT1-2021 (597/2)"",""SRS9980279"",""Staphylococcus aureus SCAID OTT1-2021""",,PDT001128123.1,2021-09-09T11:56:14Z,Kazakhstan: Almaty,Swab from ear,clinical,,,,,SAMN20982456,GCA_019915405.1,"blaI=MISTRANSLATION,glpT_A100V=POINT,mepA=MISTRANSLATION,murA_E291D=POINT,murA_T396N=POINT,tet(38)=COMPLETE",,"amikacin=S,amoxicillin=R,ampicillin=R,azithromycin=S,carbenicillin=S,cefazolin=S,ceftriaxone=S,erythromycin=S,gentamicin=S,imipenem=S,meropenem=S,oxacillin=R,tobramycin=S"
Staphylococcus aureus,SCAID WND1-2021 (598),"""SCAID WND1-2021 (598)"",""SRS9980278"",""Staphylococcus aureus SCAID WND1-2021""",,PDT001128124.1,2021-09-09T11:57:07Z,Kazakhstan: Almaty,Swab from Wound,clinical,,,,,SAMN20982455,GCA_019915425.1,"blaI=COMPLETE,blaPC1=COMPLETE,blaR1=COMPLETE,fosB=COMPLETE,glpT_A100V=POINT,glpT_V213I=POINT,mepA=COMPLETE,murA_D278E=POINT,murA_E291D=POINT,tet(38)=COMPLETE",,"amikacin=S,amoxicillin=R,ampicillin=R,azithromycin=S,carbenicillin=S,cefazolin=S,ceftriaxone=S,erythromycin=S,gentamicin=S,imipenem=S,meropenem=S,oxacillin=S,tobramycin=S"
Staphylococcus aureus,19KS12TI02,"""19KS12TI02"",""SP19ST00607"",""SRS12405345""",,PDT001276579.1,2022-03-30T14:53:51Z,USA:KS,TILAPIA (TI),environmental/other,,,,,SAMN26198729,GCA_022967385.1,"blaI=COMPLETE,blaR1=COMPLETE,blaZ=COMPLETE,mepA=COMPLETE,tet(38)=COMPLETE",,"ampicillin=ND,avilamycin=ND,chloramphenicol=S,ciprofloxacin=S,daptomycin=S,erythromycin=S,gentamicin=R,linezolid=S,nitrofurantoin=S,streptomycin=ND,synercid=S,tetracycline=ND,tigecycline=ND,vancomycin=S"
Staphylococcus aureus,,"""162"",""BWH_162_S_aur"",""SRS13579670""",,PDT001343044.1,2022-06-25T02:38:51Z,USA:Boston,blood,clinical,,,,,SAMN29334795,GCA_023986235.1,"blaI=COMPLETE,blaPC1=COMPLETE,blaR1=COMPLETE,fosB=COMPLETE,glpT_A100V=POINT,glpT_V213I=POINT,mepA=COMPLETE,murA_D278E=POINT,murA_E291D=POINT,tet(38)=COMPLETE",,"ceftaroline=S,ciprofloxacin=S,clindamycin=S,daptomycin=S,erythromycin=S,gentamicin=S,levofloxacin=S,linezolid=S,minocycline=S,moxifloxacin=S,oxacillin=S,penicillin=R,rifampin=S,tetracycline=S,tigecycline=S,trimethoprim-sulfamethoxazole=S,vancomycin=S"
Staphylococcus aureus,,"""BWH_361_S_aur"",""SRS15307184""",,PDT001440580.2,2024-02-07T05:17:12Z,USA:Boston,blood,clinical,,,,,SAMN31137418,GCA_025550115.2,"blaI=COMPLETE,blaR1=COMPLETE,blaZ=COMPLETE,fosB=COMPLETE,mepA=COMPLETE,tet(38)=COMPLETE",,"ceftaroline=S,chloramphenicol=S,clindamycin=S,daptomycin=S,erythromycin=S,gentamicin=S,levofloxacin=S,linezolid=S,oxacillin=S,penicillin=R,rifampin=S,tetracycline=S,trimethoprim-sulfamethoxazole=S,vancomycin=S"
Staphylococcus aureus,,"""PN0235"",""PN0235-S0376"",""SRS11792655""",,PDT001516116.1,2022-12-07T22:43:24Z,Australia: Queensland,swab,clinical,,PDS000127135.1,1.0,,SAMN25296017,GCA_026745975.1,"blaI=COMPLETE,blaR1=HMM,blaZ=COMPLETE,fosB=COMPLETE,glpT_A100V=POINT,glpT_L27F=POINT,mepA=COMPLETE,murA_E291D=POINT,murA_T396N=POINT,tet(38)=COMPLETE",,"ciprofloxacin=S,clindamycin=S,daptomycin=S,erythromycin=S,fusidic acid=S,gentamicin=S,linezolid=S,mupirocin=S,nitrofurantoin=S,oxacillin=S,penicillin=R,rifampin=S,teicoplanin=S,tetracycline=S,vancomycin=S"
Staphylococcus aureus,,"""PC0031"",""PC0031a-S0031"",""SRS11792356""",,PDT001516117.1,2022-12-07T22:43:24Z,Australia: Queensland,sputum,clinical,,,,,SAMN25295698,GCA_026745995.1,"blaI=COMPLETE,blaR1=COMPLETE,blaZ=COMPLETE,fosB=COMPLETE,mepA=COMPLETE,tet(38)=COMPLETE",,"ciprofloxacin=S,clindamycin=S,daptomycin=S,erythromycin=S,fusidic acid=S,gentamicin=S,linezolid=S,mupirocin=S,nitrofurantoin=S,oxacillin=S,penicillin=R,rifampin=S,teicoplanin=S,tetracycline=S,vancomycin=S"
Staphylococcus aureus,,"""PC0029"",""PC0029-S0029"",""SRS11792352""",,PDT001516121.1,2022-12-07T22:43:25Z,Australia: Queensland,sputum,clinical,,,,,SAMN25295694,GCA_026745875.1,"blaI=COMPLETE,blaR1=COMPLETE,blaZ=COMPLETE,blaZ=PARTIAL_END_OF_CONTIG,mepA=COMPLETE,tet(38)=COMPLETE",,"ciprofloxacin=S,clindamycin=S,daptomycin=S,erythromycin=S,fusidic acid=S,gentamicin=S,linezolid=S,mupirocin=S,nitrofurantoin=S,oxacillin=S,penicillin=R,rifampin=S,teicoplanin=S,tetracycline=S,vancomycin=S"
Staphylococcus aureus,,"""PC0028"",""PC0028e-S0238"",""SRS11792349""",,PDT001516124.1,2022-12-07T22:43:25Z,Australia: Queensland,sputum,clinical,,PDS000127168.1,8.0,,SAMN25295692,GCA_026745795.1,"blaI=COMPLETE,blaZ=COMPLETE,fosB=COMPLETE,mepA=COMPLETE,tet(38)=COMPLETE",,"ciprofloxacin=S,clindamycin=S,daptomycin=S,erythromycin=S,fusidic acid=S,gentamicin=S,linezolid=S,mupirocin=S,nitrofurantoin=S,oxacillin=S,penicillin=R,rifampin=S,teicoplanin=S,tetracycline=S,vancomycin=S"
Staphylococcus aureus,,"""PC0028"",""PC0028d-S0230"",""SRS11792348""",,PDT001516125.1,2022-12-07T22:43:26Z,Australia: Queensland,sputum,clinical,,PDS000127168.1,8.0,,SAMN25295691,GCA_026745815.1,"blaI=COMPLETE,blaZ=COMPLETE,fosB=COMPLETE,mepA=COMPLETE,tet(38)=COMPLETE",,"ciprofloxacin=S,clindamycin=S,daptomycin=S,erythromycin=S,fusidic acid=S,gentamicin=S,linezolid=S,mupirocin=S,nitrofurantoin=S,oxacillin=S,penicillin=R,rifampin=S,teicoplanin=S,tetracycline=S,vancomycin=S"
Staphylococcus aureus,,"""PC0028"",""PC0028c-S0213"",""SRS11792347""",,PDT001516126.1,2022-12-07T22:43:26Z,Australia: Queensland,sputum,clinical,,PDS000127168.1,7.0,,SAMN25295690,GCA_026745775.1,"blaI=COMPLETE,blaR1=HMM,blaZ=COMPLETE,fosB=COMPLETE,mepA=COMPLETE,tet(38)=COMPLETE",,"ciprofloxacin=S,clindamycin=S,daptomycin=S,erythromycin=S,fusidic acid=S,gentamicin=S,linezolid=S,mupirocin=S,nitrofurantoin=S,oxacillin=S,penicillin=R,rifampin=S,teicoplanin=S,tetracycline=R,vancomycin=S"
Staphylococcus aureus,,"""PC0028"",""PC0028b-S0096"",""SRS11792346""",,PDT001516127.1,2022-12-07T22:43:26Z,Australia: Queensland,sputum,clinical,,PDS000127168.1,7.0,,SAMN25295689,GCA_026745755.1,"blaI=COMPLETE,blaR1=HMM,blaZ=COMPLETE,fosB=COMPLETE,mepA=COMPLETE,tet(38)=COMPLETE",,"ciprofloxacin=S,clindamycin=S,daptomycin=S,erythromycin=S,fusidic acid=S,gentamicin=S,linezolid=S,mupirocin=S,nitrofurantoin=S,oxacillin=S,penicillin=R,rifampin=S,teicoplanin=S,tetracycline=R,vancomycin=S"
Staphylococcus aureus,,"""PC0028"",""PC0028a-S0028"",""SRS11792345""",,PDT001516128.1,2022-12-07T22:43:26Z,Australia: Queensland,sputum,clinical,,PDS000127168.1,25.0,,SAMN25295688,GCA_026745515.1,"blaI=COMPLETE,fosB=COMPLETE,mepA=COMPLETE,tet(38)=COMPLETE,tet(K)=COMPLETE",,"ciprofloxacin=S,clindamycin=S,daptomycin=S,erythromycin=S,fusidic acid=S,gentamicin=S,linezolid=S,mupirocin=S,nitrofurantoin=S,oxacillin=S,penicillin=R,rifampin=S,teicoplanin=S,tetracycline=R,vancomycin=S"
Staphylococcus aureus,,"""PC0027"",""PC0027b-S0100"",""SRS11792343""",,PDT001516130.1,2022-12-07T22:43:26Z,Australia: Queensland,Swab (Sputum),clinical,,PDS000127169.1,9.0,,SAMN25295686,GCA_026745595.1,"blaI=COMPLETE,blaR1=COMPLETE,blaZ=COMPLETE,glpT_A100V=POINT,mepA=COMPLETE,murA_E291D=POINT,murA_T396N=POINT,tet(38)=COMPLETE",,"ciprofloxacin=S,clindamycin=S,daptomycin=S,erythromycin=S,fusidic acid=S,gentamicin=S,linezolid=S,mupirocin=S,nitrofurantoin=S,oxacillin=S,penicillin=R,rifampin=S,teicoplanin=S,tetracycline=S,vancomycin=S"
Staphylococcus aureus,,"""PC0027"",""PC0027a-S0027"",""SRS11792342""",,PDT001516131.1,2022-12-07T22:43:27Z,Australia: Queensland,Swab (NSS),clinical,,PDS000127169.1,9.0,,SAMN25295685,GCA_026745325.1,"blaI=COMPLETE,blaR1=COMPLETE,blaZ=COMPLETE,glpT_A100V=POINT,mepA=COMPLETE,murA_E291D=POINT,murA_T396N=POINT,tet(38)=COMPLETE",,"ciprofloxacin=S,clindamycin=S,daptomycin=S,erythromycin=S,fusidic acid=S,gentamicin=S,linezolid=S,mupirocin=S,nitrofurantoin=S,oxacillin=S,penicillin=R,rifampin=S,teicoplanin=S,tetracycline=S,vancomycin=S"
Staphylococcus aureus,,"""PC0026"",""PC0026-S0026"",""SRS11792341""",,PDT001516132.1,2022-12-07T22:43:27Z,Australia: Queensland,sputum,clinical,,,,,SAMN25295684,GCA_026745295.1,"fosB=COMPLETE,mepA=COMPLETE,tet(38)=COMPLETE",,"ciprofloxacin=S,clindamycin=S,daptomycin=S,erythromycin=S,fusidic acid=S,gentamicin=S,linezolid=S,mupirocin=S,nitrofurantoin=S,oxacillin=S,penicillin=R,rifampin=S,teicoplanin=S,tetracycline=S,vancomycin=S"
Staphylococcus aureus,,"""PC0025"",""PC0025b-S0281"",""SRS11792339""",,PDT001516134.1,2022-12-07T22:43:27Z,Australia: Queensland,sputum,clinical,,PDS000127170.1,13.0,,SAMN25295683,GCA_026745285.1,"blaI=COMPLETE,blaR1=COMPLETE,blaZ=COMPLETE,fosB=PARTIAL,mepA=COMPLETE,tet(38)=COMPLETE",,"ciprofloxacin=S,clindamycin=S,daptomycin=S,erythromycin=S,fusidic acid=S,gentamicin=S,linezolid=S,mupirocin=S,nitrofurantoin=S,oxacillin=S,penicillin=R,rifampin=S,teicoplanin=S,tetracycline=S,vancomycin=S"
Staphylococcus aureus,,"""PC0025"",""PC0025a-S0025"",""SRS11792338""",,PDT001516135.1,2022-12-07T22:43:27Z,Australia: Queensland,sputum,clinical,,PDS000127170.1,13.0,,SAMN25295682,GCA_026745265.1,"blaI=COMPLETE,blaR1=COMPLETE,blaZ=COMPLETE,blaZ=PARTIAL_END_OF_CONTIG,fosB=PARTIAL,mepA=COMPLETE,tet(38)=COMPLETE",,"ciprofloxacin=S,clindamycin=S,daptomycin=S,erythromycin=S,fusidic acid=S,gentamicin=S,linezolid=S,mupirocin=S,nitrofurantoin=S,oxacillin=S,penicillin=R,rifampin=S,teicoplanin=S,tetracycline=S,vancomycin=S"
Staphylococcus aureus,,"""PC0023"",""PC0023-S0023"",""SRS11792336""",,PDT001516137.1,2022-12-07T22:43:28Z,Australia: Queensland,sputum,clinical,,,,,SAMN25295680,GCA_026745205.1,"blaI=COMPLETE,blaR1=COMPLETE,blaZ=COMPLETE,blaZ=PARTIAL_END_OF_CONTIG,mepA=COMPLETE,tet(38)=COMPLETE",,"ciprofloxacin=S,clindamycin=S,daptomycin=S,erythromycin=S,fusidic acid=S,gentamicin=S,linezolid=S,mupirocin=S,nitrofurantoin=S,oxacillin=S,penicillin=R,rifampin=S,teicoplanin=S,tetracycline=S,vancomycin=S"
Staphylococcus aureus,,"""PC0022"",""PC0022b-S0247"",""SRS11792335""",,PDT001516138.1,2022-12-07T22:43:28Z,Australia: Queensland,Swab (Sputum),clinical,,,,,SAMN25295679,GCA_026745185.1,"blaI=COMPLETE,blaR1=COMPLETE,blaZ=COMPLETE,blaZ=PARTIAL_END_OF_CONTIG,mepA=COMPLETE,tet(38)=COMPLETE",,"ciprofloxacin=S,clindamycin=S,daptomycin=S,erythromycin=S,fusidic acid=S,gentamicin=S,linezolid=S,mupirocin=S,nitrofurantoin=S,oxacillin=S,penicillin=R,rifampin=S,teicoplanin=S,tetracycline=S,vancomycin=S"
Staphylococcus aureus,,"""PC0022"",""PC0022a-S0022"",""SRS11792334""",,PDT001516139.1,2022-12-07T22:43:28Z,Australia: Queensland,Swab (Sputum),clinical,,,,,SAMN25295678,GCA_026745145.1,"blaI=COMPLETE,blaR1=COMPLETE,blaZ=COMPLETE,blaZ=PARTIAL_END_OF_CONTIG,mepA=COMPLETE,tet(38)=COMPLETE",,"ciprofloxacin=S,clindamycin=S,daptomycin=S,erythromycin=S,fusidic acid=S,gentamicin=S,linezolid=S,mupirocin=S,nitrofurantoin=S,oxacillin=S,penicillin=R,rifampin=S,teicoplanin=S,tetracycline=S,vancomycin=S"
Staphylococcus aureus,,"""PC0020"",""PC0020-S0020"",""SRS11792331""",,PDT001516142.1,2022-12-07T22:43:28Z,Australia: Queensland,sputum,clinical,,,,,SAMN25295675,GCA_026745165.1,"blaI=COMPLETE,fosB=COMPLETE,glpT_A100V=POINT,glpT_V213I=POINT,mepA=COMPLETE,murA_D278E=POINT,murA_E291D=POINT,tet(38)=COMPLETE",,"ciprofloxacin=S,clindamycin=S,daptomycin=S,erythromycin=S,fusidic acid=S,gentamicin=S,linezolid=S,mupirocin=S,nitrofurantoin=S,oxacillin=S,penicillin=R,rifampin=S,teicoplanin=S,tetracycline=S,vancomycin=S"
Staphylococcus aureus,,"""PN0261"",""PN0261-S0401"",""SRS11792330""",,PDT001516143.1,2022-12-07T22:43:29Z,Australia: Queensland,Swab pilonidal sinus,clinical,,,,,SAMN25296034,GCA_026745125.1,"blaI=COMPLETE,blaPC1=COMPLETE,blaR1=COMPLETE,fosB=COMPLETE,glpT_A100V=POINT,glpT_V213I=POINT,mepA=COMPLETE,murA_D278E=POINT,murA_E291D=POINT,tet(38)=COMPLETE",,"ciprofloxacin=S,clindamycin=S,daptomycin=S,erythromycin=S,fusidic acid=S,gentamicin=S,linezolid=S,mupirocin=S,nitrofurantoin=S,oxacillin=S,penicillin=R,rifampin=S,teicoplanin=S,tetracycline=S,vancomycin=S"
Staphylococcus aureus,,"""PN0123"",""PN0123-S0317"",""SRS11792329""",,PDT001516144.1,2022-12-07T22:43:29Z,Australia: Queensland,swab,clinical,,,,,SAMN25295958,GCA_026745105.1,"blaI=COMPLETE,blaPC1=COMPLETE,blaR1=COMPLETE,fosB=COMPLETE,glpT_A100V=POINT,mepA=COMPLETE,tet(38)=COMPLETE",,"ciprofloxacin=S,clindamycin=S,daptomycin=S,erythromycin=S,fusidic acid=S,gentamicin=S,linezolid=S,mupirocin=S,nitrofurantoin=S,oxacillin=S,penicillin=R,rifampin=S,teicoplanin=S,tetracycline=S,vancomycin=S"
Staphylococcus aureus,,"""PN0119"",""PN0119b-S0325"",""SRS11792327""",,PDT001516146.1,2022-12-07T22:43:29Z,Australia: Queensland,Swab foot abscess left,clinical,,PDS000110257.4,6.0,,SAMN25295956,GCA_026745085.1,"blaI=COMPLETE,blaPC1=COMPLETE,blaR1=COMPLETE,fosB=COMPLETE,glpT_A100V=POINT,glpT_V213I=POINT,mecA=COMPLETE,mecR1=PARTIAL,mepA=COMPLETE,murA_D278E=POINT,murA_E291D=POINT,tet(38)=COMPLETE",,"ciprofloxacin=S,clindamycin=S,daptomycin=S,erythromycin=S,fusidic acid=S,gentamicin=S,linezolid=S,mupirocin=S,nitrofurantoin=R,oxacillin=R,penicillin=R,rifampin=S,teicoplanin=S,tetracycline=S,vancomycin=S"
Staphylococcus aureus,,"""PN0112"",""PN0112-S0313"",""SRS11792323""",,PDT001516150.1,2022-12-07T22:43:30Z,Australia: Queensland,Swab ear right,clinical,,,,,SAMN25295953,GCA_026745055.1,"blaI=PARTIAL_END_OF_CONTIG,blaZ=COMPLETE,fosB=COMPLETE,glpT_A100V=POINT,glpT_L27F=POINT,mepA=MISTRANSLATION,murA_E291D=POINT,murA_T396N=POINT,tet(38)=COMPLETE",,"ciprofloxacin=S,clindamycin=S,daptomycin=S,erythromycin=S,fusidic acid=S,gentamicin=S,linezolid=S,mupirocin=S,nitrofurantoin=S,oxacillin=S,penicillin=R,rifampin=S,teicoplanin=S,tetracycline=S,vancomycin=S"
Staphylococcus aureus,,"""PC0271"",""PC0271-S0271"",""SRS11792321""",,PDT001516152.1,2022-12-07T22:43:30Z,Australia: Queensland,sputum,clinical,,,,,SAMN25295951,GCA_026744995.1,"fosB=PARTIAL,mepA=COMPLETE,tet(38)=COMPLETE",,"ciprofloxacin=S,clindamycin=S,daptomycin=S,erythromycin=S,fusidic acid=S,gentamicin=S,linezolid=S,mupirocin=S,nitrofurantoin=S,oxacillin=S,penicillin=S,rifampin=S,teicoplanin=S,tetracycline=S,vancomycin=S"
Staphylococcus aureus,,"""PC0270"",""PC0270-S0270"",""SRS11792320""",,PDT001516153.1,2022-12-07T22:43:30Z,Australia: Queensland,sputum,clinical,,,,,SAMN25295950,GCA_026745035.1,"blaI=COMPLETE,blaR1=MISTRANSLATION,blaZ=COMPLETE,fosB=COMPLETE,mepA=COMPLETE,tet(38)=COMPLETE",,"ciprofloxacin=S,clindamycin=S,daptomycin=S,erythromycin=S,fusidic acid=S,gentamicin=S,linezolid=S,mupirocin=S,nitrofurantoin=S,oxacillin=S,penicillin=S,rifampin=S,teicoplanin=S,tetracycline=S,vancomycin=S"
Staphylococcus aureus,,"""PC0269"",""PC0269-S0269"",""SRS11792319""",,PDT001516154.1,2022-12-07T22:43:30Z,Australia: Queensland,sputum,clinical,,,,,SAMN25295949,GCA_026744975.1,"blaI=COMPLETE,blaR1=COMPLETE,blaZ=COMPLETE,fosB=COMPLETE,mepA=COMPLETE,tet(38)=COMPLETE",,"ciprofloxacin=S,clindamycin=S,daptomycin=S,erythromycin=S,fusidic acid=S,gentamicin=S,linezolid=S,mupirocin=S,nitrofurantoin=S,oxacillin=S,penicillin=R,rifampin=S,teicoplanin=S,tetracycline=S,vancomycin=S"
Staphylococcus aureus,,"""PC0267"",""PC0267c-S0286"",""SRS11792318""",,PDT001516155.1,2022-12-07T22:43:31Z,Australia: Queensland,sputum,clinical,,PDS000127140.1,6.0,,SAMN25295948,GCA_026744925.1,"aac(6')-Ie/aph(2'')-Ia=COMPLETE,aadD1=COMPLETE,blaI=COMPLETE,blaR1=HMM,blaZ=COMPLETE,bleO=COMPLETE,glpT_A100V=POINT,mepA=COMPLETE,murA_E291D=POINT,murA_T396N=POINT,parC_S80Y=POINT,tet(38)=PARTIAL",,"ciprofloxacin=S,clindamycin=S,daptomycin=S,erythromycin=S,fusidic acid=R,gentamicin=S,linezolid=S,mupirocin=S,nitrofurantoin=S,oxacillin=S,penicillin=R,rifampin=S,teicoplanin=S,tetracycline=S,vancomycin=S"
Staphylococcus aureus,,"""PC0267"",""PC0267b-S0275"",""SRS11792317""",,PDT001516156.1,2022-12-07T22:43:31Z,Australia: Queensland,sputum,clinical,,,,,SAMN25295947,GCA_026744945.1,"aadD1=COMPLETE,blaI=COMPLETE,blaR1=COMPLETE,blaZ=COMPLETE,fusC=COMPLETE,mepA=COMPLETE,mupA=COMPLETE,parC_E84K=POINT,tet(38)=COMPLETE",,"ciprofloxacin=R,clindamycin=S,erythromycin=S,gentamicin=R,oxacillin=S,penicillin=R,vancomycin=S"
Staphylococcus aureus,,"""PC0267"",""PC0267ai-S0267"",""SRS11792315""",,PDT001516158.1,2022-12-07T22:43:31Z,Australia: Queensland,sputum,clinical,,,,,SAMN25295945,GCA_026744825.1,"aadD1=COMPLETE,blaI=COMPLETE,blaR1=COMPLETE,blaZ=COMPLETE,fusC=COMPLETE,gyrA_S84L=POINT,mepA=COMPLETE,mupA=COMPLETE,parC_E84K=POINT,tet(38)=COMPLETE",,"ciprofloxacin=R,clindamycin=S,erythromycin=S,gentamicin=R,oxacillin=S,penicillin=R"
Staphylococcus aureus,,"""PC0260"",""PC0260-S0260"",""SRS11792314""",,PDT001516159.1,2022-12-07T22:43:31Z,Australia: Queensland,sputum,clinical,,,,,SAMN25295944,GCA_026744885.1,"blaI=COMPLETE,blaR1=MISTRANSLATION,blaZ=COMPLETE,fosB=COMPLETE,mepA=COMPLETE,tet(38)=COMPLETE",,"ciprofloxacin=S,clindamycin=S,daptomycin=S,erythromycin=S,fusidic acid=S,gentamicin=S,linezolid=S,mupirocin=S,nitrofurantoin=S,oxacillin=S,penicillin=S,rifampin=S,teicoplanin=S,tetracycline=S,vancomycin=S"
Staphylococcus aureus,,"""PC0018"",""PC0018b-S0101"",""SRS11792313""",,PDT001516160.1,2022-12-07T22:43:31Z,Australia: Queensland,sputum,clinical,,PDS000127172.1,7.0,,SAMN25295665,GCA_026744865.1,"blaZ=COMPLETE,fosB=COMPLETE,mepA=COMPLETE,tet(38)=COMPLETE",,"ciprofloxacin=S,clindamycin=S,daptomycin=S,erythromycin=S,fusidic acid=S,gentamicin=S,linezolid=S,mupirocin=S,nitrofurantoin=S,oxacillin=S,penicillin=R,rifampin=S,teicoplanin=S,tetracycline=S,vancomycin=S"
Staphylococcus aureus,,"""PC0258"",""PC0258-S0258"",""SRS11792312""",,PDT001516161.1,2022-12-07T22:43:32Z,Australia: Queensland,sputum,clinical,,,,,SAMN25295943,GCA_026744765.1,"fosB=COMPLETE,mepA=COMPLETE,tet(38)=COMPLETE",,"ciprofloxacin=S,clindamycin=S,daptomycin=S,erythromycin=S,fusidic acid=S,gentamicin=S,linezolid=S,mupirocin=S,nitrofurantoin=S,oxacillin=S,penicillin=S,rifampin=S,teicoplanin=S,tetracycline=S,vancomycin=S"
Staphylococcus aureus,,"""PC0257"",""PC0257-S0257"",""SRS11792311""",,PDT001516162.1,2022-12-07T22:43:32Z,Australia: Queensland,BAL,clinical,,,,,SAMN25295942,GCA_026744845.1,"blaI=COMPLETE,blaR1=COMPLETE,blaZ=COMPLETE,fosB=COMPLETE,mepA=COMPLETE,tet(38)=COMPLETE",,"ciprofloxacin=S,clindamycin=S,daptomycin=S,erythromycin=S,fusidic acid=S,gentamicin=S,linezolid=S,mupirocin=S,nitrofurantoin=S,oxacillin=S,penicillin=R,rifampin=S,teicoplanin=S,tetracycline=S,vancomycin=S"
Staphylococcus aureus,,"""PC0243"",""PC0243-S0243"",""SRS11792306""",,PDT001516167.1,2022-12-07T22:43:33Z,Australia: Queensland,sputum,clinical,,,,,SAMN25295937,GCA_026744685.1,"blaI=COMPLETE,blaZ=COMPLETE,fosB=COMPLETE,mepA=COMPLETE,tet(38)=COMPLETE",,"ciprofloxacin=S,clindamycin=S,daptomycin=S,erythromycin=S,fusidic acid=S,gentamicin=S,linezolid=S,mupirocin=S,nitrofurantoin=S,oxacillin=S,penicillin=R,rifampin=S,teicoplanin=S,tetracycline=S,vancomycin=S"
Staphylococcus aureus,,"""PC0241"",""PC0241-S0241"",""SRS11792305""",,PDT001516168.1,2022-12-07T22:43:33Z,Australia: Queensland,Swab (Sputum),clinical,,,,,SAMN25295936,GCA_026744705.1,"blaI=COMPLETE,blaR1=COMPLETE,blaZ=COMPLETE,fosB=COMPLETE,mepA=COMPLETE,tet(38)=COMPLETE",,"ciprofloxacin=S,clindamycin=S,daptomycin=S,erythromycin=S,fusidic acid=S,gentamicin=S,linezolid=S,mupirocin=S,nitrofurantoin=S,oxacillin=S,penicillin=R,rifampin=S,teicoplanin=S,tetracycline=S,vancomycin=S"
Staphylococcus aureus,,"""PC0232"",""PC0232-S0232"",""SRS11792304""",,PDT001516169.1,2022-12-07T22:43:33Z,Australia: Queensland,sputum,clinical,,,,,SAMN25295935,GCA_026744665.1,"blaI=COMPLETE,blaR1=COMPLETE,blaZ=COMPLETE,blaZ=PARTIAL_END_OF_CONTIG,mepA=COMPLETE,tet(38)=COMPLETE",,"ciprofloxacin=S,clindamycin=S,daptomycin=S,erythromycin=S,fusidic acid=S,gentamicin=S,linezolid=S,mupirocin=S,nitrofurantoin=S,oxacillin=S,penicillin=R,rifampin=S,teicoplanin=S,tetracycline=S,vancomycin=S"
Staphylococcus aureus,,"""PC0018"",""PC0018a-S0018"",""SRS11792302""",,PDT001516171.1,2022-12-07T22:43:33Z,Australia: Queensland,sputum,clinical,,PDS000127172.1,7.0,,SAMN25295664,GCA_026744645.1,"blaI=COMPLETE,blaR1=HMM,blaZ=COMPLETE,fosB=COMPLETE,mepA=COMPLETE,tet(38)=COMPLETE",,"ciprofloxacin=S,clindamycin=S,daptomycin=S,erythromycin=S,fusidic acid=S,gentamicin=S,linezolid=S,mupirocin=S,nitrofurantoin=S,oxacillin=S,penicillin=R,rifampin=S,teicoplanin=S,tetracycline=S,vancomycin=S"
Staphylococcus aureus,,"""PC0124"",""PC0124b-S0248"",""SRS11792299""",,PDT001516174.1,2022-12-07T22:43:34Z,Australia: Queensland,sputum,clinical,,,,,SAMN25295855,GCA_026744605.1,"mepA=COMPLETE,tet(38)=COMPLETE",,"ciprofloxacin=S,clindamycin=S,daptomycin=S,erythromycin=S,fusidic acid=S,gentamicin=S,linezolid=S,mupirocin=S,nitrofurantoin=S,oxacillin=S,penicillin=S,rifampin=S,teicoplanin=S,tetracycline=S,vancomycin=S"
Staphylococcus aureus,,"""PC0120"",""PC0120-S0120"",""SRS11792295""",,PDT001516178.1,2022-12-07T22:43:34Z,Australia: Queensland,Swab (Sputum),clinical,,,,,SAMN25295852,GCA_026744585.1,"blaI=COMPLETE,blaR1=MISTRANSLATION,blaZ=COMPLETE,blaZ=PARTIAL_END_OF_CONTIG,fosB=COMPLETE,mepA=COMPLETE,tet(38)=COMPLETE",,"ciprofloxacin=S,clindamycin=S,daptomycin=S,erythromycin=S,fusidic acid=S,gentamicin=S,linezolid=S,mupirocin=S,nitrofurantoin=S,oxacillin=S,penicillin=R,rifampin=S,teicoplanin=S,tetracycline=S,vancomycin=S"
Staphylococcus aureus,,"""PC0116"",""PC0116-S0116"",""SRS11792293""",,PDT001516180.1,2022-12-07T22:43:35Z,Australia: Queensland,sputum,clinical,,,,,SAMN25295850,GCA_026744365.1,"blaI=COMPLETE,blaPC1=COMPLETE,blaR1=COMPLETE,fosB=COMPLETE,glpT_A100V=POINT,mepA=COMPLETE,tet(38)=COMPLETE",,"ciprofloxacin=S,clindamycin=S,daptomycin=S,erythromycin=S,fusidic acid=S,gentamicin=S,linezolid=S,mupirocin=S,nitrofurantoin=S,oxacillin=S,penicillin=R,rifampin=S,teicoplanin=S,tetracycline=S,vancomycin=S"
Staphylococcus aureus,,"""PC0114"",""PC0114b-S0236"",""SRS11792291""",,PDT001516182.1,2022-12-07T22:43:35Z,Australia: Queensland,Swab (Sputum),clinical,,,,,SAMN25295848,GCA_026744325.1,"blaI=COMPLETE,blaPC1=COMPLETE,blaR1=PARTIAL_END_OF_CONTIG,fosB=COMPLETE,glpT_A100V=POINT,glpT_V213I=POINT,mepA=COMPLETE,murA_D278E=POINT,murA_E291D=POINT,tet(38)=COMPLETE",,"ciprofloxacin=S,clindamycin=S,daptomycin=S,erythromycin=S,fusidic acid=S,gentamicin=S,linezolid=S,mupirocin=S,nitrofurantoin=S,oxacillin=S,penicillin=R,rifampin=S,teicoplanin=S,tetracycline=S,vancomycin=S"
Staphylococcus aureus,,"""PC0113"",""PC0113b-S0237"",""SRS11792289""",,PDT001516184.1,2022-12-07T22:43:35Z,Australia: Queensland,sputum,clinical,,,,,SAMN25295846,GCA_026744285.1,"blaI=COMPLETE,blaR1=COMPLETE,blaZ=COMPLETE,fosB=COMPLETE,mepA=COMPLETE,tet(38)=COMPLETE",,"ciprofloxacin=S,clindamycin=S,daptomycin=S,erythromycin=S,fusidic acid=S,gentamicin=S,linezolid=S,mupirocin=S,nitrofurantoin=S,oxacillin=S,penicillin=R,rifampin=S,teicoplanin=S,tetracycline=S,vancomycin=S"
Staphylococcus aureus,,"""PC0110"",""PC0110c-S0182"",""SRS11792284""",,PDT001516189.1,2022-12-07T22:43:36Z,Australia: Queensland,sputum,clinical,,,,,SAMN25295842,GCA_026744305.1,"blaI=COMPLETE,blaI=PARTIAL_END_OF_CONTIG,blaR1=HMM,blaZ=COMPLETE,glpT_A100V=POINT,mepA=COMPLETE,murA_E291D=POINT,murA_T396N=POINT,tet(38)=COMPLETE",,"ciprofloxacin=S,clindamycin=S,daptomycin=S,erythromycin=S,fusidic acid=S,gentamicin=S,linezolid=S,mupirocin=S,nitrofurantoin=S,oxacillin=S,penicillin=R,rifampin=S,teicoplanin=S,tetracycline=S,vancomycin=S"
Staphylococcus aureus,,"""PC0109"",""PC0109b-S0392"",""SRS11792281""",,PDT001516192.1,2022-12-07T22:43:37Z,Australia: Queensland,sputum,clinical,,,,,SAMN25295839,GCA_026744245.1,"blaI=COMPLETE,blaR1=COMPLETE,blaZ=COMPLETE,fusC=COMPLETE,mepA=COMPLETE,tet(38)=COMPLETE",,"ciprofloxacin=S,clindamycin=S,daptomycin=S,erythromycin=S,fusidic acid=R,gentamicin=S,linezolid=S,mupirocin=S,nitrofurantoin=S,oxacillin=S,penicillin=R,rifampin=S,teicoplanin=S,tetracycline=S,vancomycin=S"
Staphylococcus aureus,,"""PC0106"",""PC0106-S0106"",""SRS11792277""",,PDT001516196.1,2022-12-07T22:43:37Z,Australia: Queensland,Swab (Sputum),clinical,,,,,SAMN25295835,GCA_026741135.1,"blaI=COMPLETE,blaR1=COMPLETE,blaZ=COMPLETE,fosB=COMPLETE,mepA=COMPLETE,tet(38)=COMPLETE",,"ciprofloxacin=S,clindamycin=S,daptomycin=S,erythromycin=S,fusidic acid=S,gentamicin=S,linezolid=S,mupirocin=S,nitrofurantoin=S,oxacillin=S,penicillin=R,rifampin=S,teicoplanin=S,tetracycline=S,vancomycin=S"
Staphylococcus aureus,,"""PC0105"",""PC0105d-S0273"",""SRS11792276""",,PDT001516197.1,2022-12-07T22:43:38Z,Australia: Queensland,Swab (Sputum),clinical,,,,,SAMN25295834,GCA_026744265.1,"blaI=COMPLETE,blaR1=COMPLETE,blaZ=COMPLETE,glpT_A100V=POINT,mepA=COMPLETE,murA_E291D=POINT,murA_T396N=POINT,tet(38)=COMPLETE",,"ciprofloxacin=S,clindamycin=S,daptomycin=S,erythromycin=S,fusidic acid=S,gentamicin=S,linezolid=S,mupirocin=S,nitrofurantoin=S,oxacillin=S,penicillin=R,rifampin=S,teicoplanin=S,tetracycline=S,vancomycin=S"
Staphylococcus aureus,,"""PN0259"",""PN0259-S0399"",""SRS11792271""",,PDT001516202.1,2022-12-07T22:43:39Z,Australia: Queensland,"Swab wound right, leg",clinical,,PDS000127135.1,1.0,,SAMN25296033,GCA_026744225.1,"blaI=COMPLETE,blaR1=HMM,blaZ=COMPLETE,fosB=COMPLETE,glpT_A100V=POINT,glpT_L27F=POINT,mepA=COMPLETE,murA_E291D=POINT,murA_T396N=POINT,tet(38)=COMPLETE",,"ciprofloxacin=S,clindamycin=S,daptomycin=S,erythromycin=S,fusidic acid=S,gentamicin=S,linezolid=S,mupirocin=S,nitrofurantoin=S,oxacillin=S,penicillin=R,rifampin=S,teicoplanin=S,tetracycline=S,vancomycin=S"
Staphylococcus aureus,,"""PN0255"",""PN0255-S0398"",""SRS11792270""",,PDT001516203.1,2022-12-07T22:43:39Z,Australia: Queensland,Swab eyelid left,clinical,,,,,SAMN25296032,GCA_026744175.1,"blaI=COMPLETE,blaR1=COMPLETE,blaZ=COMPLETE,fusC=COMPLETE,mepA=COMPLETE,mupA=COMPLETE,tet(38)=COMPLETE",,"ciprofloxacin=S,clindamycin=S,daptomycin=S,erythromycin=S,fusidic acid=S,gentamicin=S,linezolid=S,mupirocin=R,nitrofurantoin=S,oxacillin=S,penicillin=R,rifampin=S,teicoplanin=S,tetracycline=S,vancomycin=S"
Staphylococcus aureus,,"""PN0254"",""PN0254-S0397"",""SRS11792269""",,PDT001516204.1,2022-12-07T22:43:39Z,Australia: Queensland,Swab ear left,clinical,,,,,SAMN25296031,GCA_026744195.1,"ant(9)-Ia=PARTIAL,blaI=COMPLETE,blaR1=HMM,blaZ=COMPLETE,erm(A)=COMPLETE,fosB=COMPLETE,mepA=COMPLETE,tet(38)=COMPLETE",,"ciprofloxacin=S,clindamycin=R,daptomycin=S,erythromycin=S,fusidic acid=S,gentamicin=S,linezolid=S,mupirocin=S,nitrofurantoin=S,oxacillin=S,penicillin=R,rifampin=S,teicoplanin=S,tetracycline=S,vancomycin=S"
Staphylococcus aureus,,"""PN0253"",""PN0253-S0396"",""SRS11792268""",,PDT001516205.1,2022-12-07T22:43:39Z,Australia: Queensland,Swab skin,clinical,,,,,SAMN25296030,GCA_026744155.1,"blaI=COMPLETE,blaR1=COMPLETE,blaZ=COMPLETE,blaZ=PARTIAL,blaZ=PARTIAL_END_OF_CONTIG,mecA=COMPLETE,mecR1=PARTIAL,mepA=COMPLETE,tet(38)=COMPLETE",,"ciprofloxacin=S,clindamycin=S,daptomycin=S,erythromycin=S,fusidic acid=S,gentamicin=S,linezolid=S,mupirocin=S,nitrofurantoin=S,oxacillin=R,penicillin=R,rifampin=S,teicoplanin=S,tetracycline=S,vancomycin=S"
Staphylococcus aureus,,"""PN0248"",""PN0248-S0387"",""SRS11792265""",,PDT001516208.1,2022-12-07T22:43:40Z,Australia: Queensland,aspirate,clinical,,,,,SAMN25296027,GCA_026745735.1,"blaI=COMPLETE,blaR1=COMPLETE,blaZ=COMPLETE,glpT_A100V=POINT,mepA=COMPLETE,murA_E291D=POINT,murA_T396N=POINT,tet(38)=COMPLETE",,"ciprofloxacin=S,clindamycin=S,daptomycin=S,erythromycin=S,fusidic acid=S,gentamicin=S,linezolid=S,mupirocin=S,nitrofurantoin=S,oxacillin=S,penicillin=R,rifampin=S,teicoplanin=S,tetracycline=S,vancomycin=S"
Staphylococcus aureus,,"""PN0247"",""PN0247-S0386"",""SRS11792264""",,PDT001516209.1,2022-12-07T22:43:40Z,Australia: Queensland,Swab knee abscess,clinical,,,,,SAMN25296026,GCA_026744095.1,"blaI=COMPLETE,blaR1=HMM,blaZ=COMPLETE,fosB=COMPLETE,glpT_A100V=POINT,glpT_L27F=POINT,mepA=COMPLETE,murA_E291D=POINT,murA_T396N=POINT,tet(38)=COMPLETE",,"ciprofloxacin=S,clindamycin=S,daptomycin=S,erythromycin=S,fusidic acid=S,gentamicin=S,linezolid=S,mupirocin=S,nitrofurantoin=S,oxacillin=S,penicillin=R,rifampin=S,teicoplanin=S,tetracycline=S,vancomycin=S"
Staphylococcus aureus,,"""PN0246"",""PN0246-S0385"",""SRS11792263""",,PDT001516210.1,2022-12-07T22:43:40Z,Australia: Queensland,Swab femur,clinical,,,,,SAMN25296025,GCA_026744025.1,"blaI=COMPLETE,blaR1=COMPLETE,blaZ=COMPLETE,blaZ=PARTIAL_END_OF_CONTIG,fosB=COMPLETE,mepA=COMPLETE,tet(38)=COMPLETE",,"ciprofloxacin=S,clindamycin=S,daptomycin=S,erythromycin=S,fusidic acid=S,gentamicin=S,linezolid=S,mupirocin=S,nitrofurantoin=S,oxacillin=S,penicillin=R,rifampin=S,teicoplanin=S,tetracycline=S,vancomycin=S"
Staphylococcus aureus,,"""PN0242"",""PN0242-S0383"",""SRS11792260""",,PDT001516213.1,2022-12-07T22:43:40Z,Australia: Queensland,Tissue lymph node left inguinal,clinical,,,,,SAMN25296023,GCA_026744055.1,"blaI=COMPLETE,blaR1=COMPLETE,blaZ=COMPLETE,glpT_A100V=POINT,mepA=COMPLETE,murA_E291D=POINT,murA_T396N=POINT,tet(38)=COMPLETE",,"ciprofloxacin=S,clindamycin=S,daptomycin=S,erythromycin=S,fusidic acid=S,gentamicin=S,linezolid=S,mupirocin=S,nitrofurantoin=S,oxacillin=S,penicillin=R,rifampin=S,teicoplanin=S,tetracycline=S,vancomycin=S"
Staphylococcus aureus,,"""PN0240"",""PN0240-S0382"",""SRS11792259""",,PDT001516214.1,2022-12-07T22:43:41Z,Australia: Queensland,"Swab (elbow, left)",clinical,,,,,SAMN25296022,GCA_026743965.1,"blaI=COMPLETE,blaR1=COMPLETE,blaZ=COMPLETE,glpT_A100V=POINT,mepA=COMPLETE,tet(38)=COMPLETE",,"ciprofloxacin=S,clindamycin=S,daptomycin=S,erythromycin=S,fusidic acid=S,gentamicin=S,linezolid=S,mupirocin=S,nitrofurantoin=S,oxacillin=S,penicillin=R,rifampin=S,teicoplanin=S,tetracycline=S,vancomycin=S"
Staphylococcus aureus,,"""PN0239"",""PN0239-S0381"",""SRS11792258""",,PDT001516215.1,2022-12-07T22:43:41Z,Australia: Queensland,Swab abscess knee,clinical,,,,,SAMN25296021,GCA_026752275.1,"blaI=COMPLETE,blaI=PARTIAL_END_OF_CONTIG,blaR1=HMM,blaZ=COMPLETE,fosB=COMPLETE,glpT_A100V=POINT,glpT_L27F=POINT,mepA=COMPLETE,murA_E291D=POINT,murA_T396N=POINT,tet(38)=COMPLETE",,"ciprofloxacin=S,clindamycin=S,daptomycin=S,erythromycin=S,fusidic acid=S,gentamicin=S,linezolid=S,mupirocin=S,nitrofurantoin=S,oxacillin=S,penicillin=R,rifampin=S,teicoplanin=S,tetracycline=S,vancomycin=S"
Staphylococcus aureus,,"""PN0238"",""PN0238-S0380"",""SRS11792257""",,PDT001516216.1,2022-12-07T22:43:41Z,Australia: Queensland,"Swab abscess left, buttock",clinical,,,,,SAMN25296020,GCA_026744005.1,"blaI=COMPLETE,blaR1=COMPLETE,blaZ=COMPLETE,fusC=COMPLETE,mepA=COMPLETE,mupA=COMPLETE,tet(38)=COMPLETE",,"ciprofloxacin=S,clindamycin=S,daptomycin=S,erythromycin=S,fusidic acid=R,gentamicin=S,linezolid=S,mupirocin=R,nitrofurantoin=S,oxacillin=S,penicillin=R,rifampin=S,teicoplanin=S,tetracycline=S,vancomycin=S"
Staphylococcus aureus,,"""PN0237"",""PN0237-S0379"",""SRS11792256""",,PDT001516217.1,2022-12-07T22:43:41Z,Australia: Queensland,Pub abscess left axillary,clinical,,,,,SAMN25296019,GCA_026743985.1,"blaI=COMPLETE,blaR1=HMM,blaZ=COMPLETE,fosB=COMPLETE,glpT_A100V=POINT,glpT_L27F=POINT,mepA=COMPLETE,murA_E291D=POINT,murA_T396N=POINT,tet(38)=COMPLETE",,"ciprofloxacin=S,clindamycin=S,daptomycin=S,erythromycin=S,fusidic acid=S,gentamicin=S,linezolid=S,mupirocin=S,nitrofurantoin=S,oxacillin=S,penicillin=R,rifampin=S,teicoplanin=S,tetracycline=S,vancomycin=S"
Staphylococcus aureus,,"""PN0234"",""PN0234-S0375"",""SRS11792654""",,PDT001516219.1,2022-12-07T22:43:41Z,Australia: Queensland,swab,clinical,,,,,SAMN25296016,GCA_026741115.1,"blaI=COMPLETE,blaR1=COMPLETE,blaZ=COMPLETE,fosB=COMPLETE,mepA=COMPLETE,tet(38)=COMPLETE",,"ciprofloxacin=S,clindamycin=S,daptomycin=S,erythromycin=S,fusidic acid=S,gentamicin=S,linezolid=S,mupirocin=S,nitrofurantoin=S,oxacillin=S,penicillin=R,rifampin=S,teicoplanin=S,tetracycline=S,vancomycin=S"
Staphylococcus aureus,,"""PN0233"",""PN0233-S0374"",""SRS11792653""",,PDT001516220.1,2022-12-07T22:43:42Z,Australia: Queensland,Swab cellulitis leg,clinical,,PDS000135626.6,2.0,,SAMN25296015,GCA_026743945.1,"blaI=COMPLETE,blaR1=COMPLETE,blaZ=COMPLETE,glpT_A100V=POINT,mecA=COMPLETE,mecR1=PARTIAL,mepA=COMPLETE,murA_E291D=POINT,murA_T396N=POINT,tet(38)=COMPLETE",,"ciprofloxacin=S,clindamycin=S,daptomycin=S,erythromycin=S,fusidic acid=S,gentamicin=S,linezolid=S,mupirocin=S,nitrofurantoin=S,oxacillin=R,penicillin=R,rifampin=S,teicoplanin=S,tetracycline=S,vancomycin=S"
Staphylococcus aureus,,"""PN0231"",""PN0231-S0373"",""SRS11792652""",,PDT001516221.1,2022-12-07T22:43:42Z,Australia: Queensland,swab,clinical,,,,,SAMN25296014,GCA_026743865.1,"blaI=COMPLETE,blaR1=HMM,blaZ=COMPLETE,fosB=COMPLETE,glpT_A100V=POINT,glpT_L27F=POINT,mepA=COMPLETE,murA_E291D=POINT,murA_T396N=POINT,tet(38)=COMPLETE",,"ciprofloxacin=S,clindamycin=S,daptomycin=S,erythromycin=S,fusidic acid=S,gentamicin=S,linezolid=S,mupirocin=S,nitrofurantoin=S,oxacillin=S,penicillin=R,rifampin=S,teicoplanin=S,tetracycline=S,vancomycin=S"
Staphylococcus aureus,,"""PN0230"",""PN0230-S0372"",""SRS11792650""",,PDT001516223.1,2022-12-07T22:43:42Z,Australia: Queensland,swab,clinical,,,,,SAMN25296013,GCA_026743885.1,"blaI=COMPLETE,blaPC1=COMPLETE,blaR1=COMPLETE,fosB=COMPLETE,glpT_A100V=POINT,glpT_V213I=POINT,mepA=COMPLETE,murA_D278E=POINT,murA_E291D=POINT,tet(38)=COMPLETE",,"ciprofloxacin=S,clindamycin=S,erythromycin=S,fusidic acid=S,gentamicin=S,linezolid=S,mupirocin=S,nitrofurantoin=S,oxacillin=S,penicillin=R,rifampin=S,teicoplanin=S,tetracycline=S,vancomycin=S"
Staphylococcus aureus,,"""PN0229"",""PN0229-S0371"",""SRS11792649""",,PDT001516224.1,2022-12-07T22:43:42Z,Australia: Queensland,swab,clinical,,PDS000127210.1,41.0,,SAMN25296012,GCA_026741095.1,"blaI=COMPLETE,blaPC1=COMPLETE,blaR1=COMPLETE,fosB=COMPLETE,glpT_A100V=POINT,glpT_V213I=POINT,mecA=COMPLETE,mecR1=PARTIAL,mepA=COMPLETE,murA_D278E=POINT,murA_E291D=POINT,tet(38)=COMPLETE",,"ciprofloxacin=S,clindamycin=S,daptomycin=S,erythromycin=S,fusidic acid=S,gentamicin=S,linezolid=S,mupirocin=S,nitrofurantoin=S,oxacillin=R,penicillin=R,rifampin=S,teicoplanin=S,tetracycline=S,vancomycin=S"
Staphylococcus aureus,,"""PN0228"",""PN0228-S0370"",""SRS11792647""",,PDT001516225.1,2022-12-07T22:43:43Z,Australia: Queensland,swab,clinical,,,,,SAMN25296011,GCA_026744565.1,"blaI=COMPLETE,blaR1=COMPLETE,blaZ=COMPLETE,fusC=COMPLETE,mepA=COMPLETE,mupA=COMPLETE,tet(38)=COMPLETE",,"ciprofloxacin=S,clindamycin=S,daptomycin=S,erythromycin=S,fusidic acid=R,gentamicin=S,linezolid=S,mupirocin=S,nitrofurantoin=S,oxacillin=S,penicillin=R,rifampin=S,teicoplanin=S,tetracycline=S,vancomycin=S"
Staphylococcus aureus,,"""PN0227"",""PN0227-S0369"",""SRS11792648""",,PDT001516226.1,2022-12-07T22:43:43Z,Australia: Queensland,swab,clinical,,,,,SAMN25296010,GCA_026743905.1,"blaI=COMPLETE,blaPC1=COMPLETE,blaR1=COMPLETE,fosB=COMPLETE,glpT_A100V=POINT,glpT_V213I=POINT,mepA=COMPLETE,murA_D278E=POINT,murA_E291D=POINT,tet(38)=COMPLETE",,"ciprofloxacin=S,clindamycin=S,daptomycin=S,erythromycin=S,fusidic acid=S,gentamicin=S,linezolid=S,mupirocin=S,nitrofurantoin=S,oxacillin=S,penicillin=R,rifampin=S,teicoplanin=S,tetracycline=S,vancomycin=S"
Staphylococcus aureus,,"""PC0002"",""PC0002b-S0166"",""SRS11792646""",,PDT001516227.1,2022-12-07T22:43:43Z,Australia: Queensland,sputum,clinical,,,,,SAMN25295637,GCA_026744545.1,"blaI=COMPLETE,blaR1=COMPLETE,blaZ=COMPLETE,blaZ=PARTIAL_END_OF_CONTIG,fosB=COMPLETE,mepA=COMPLETE,tet(38)=COMPLETE",,"ciprofloxacin=S,clindamycin=S,daptomycin=S,erythromycin=S,fusidic acid=S,gentamicin=S,linezolid=S,mupirocin=S,nitrofurantoin=S,oxacillin=S,penicillin=R,rifampin=S,teicoplanin=S,tetracycline=S,vancomycin=S"
Staphylococcus aureus,,"""PC0222"",""PC0222b-S0262"",""SRS11792645""",,PDT001516228.1,2022-12-07T22:43:43Z,Australia: Queensland,sputum,clinical,,,,,SAMN25295933,GCA_026745675.1,"blaI=COMPLETE,blaI=PARTIAL_END_OF_CONTIG,blaR1=PARTIAL_END_OF_CONTIG,blaZ=COMPLETE,glpT_A100V=POINT,mepA=COMPLETE,murA_E291D=POINT,murA_T396N=POINT,tet(38)=COMPLETE",,"ciprofloxacin=S,clindamycin=S,daptomycin=S,erythromycin=S,fusidic acid=S,gentamicin=S,linezolid=S,mupirocin=S,nitrofurantoin=S,oxacillin=S,penicillin=R,rifampin=S,teicoplanin=S,tetracycline=S,vancomycin=S"
Staphylococcus aureus,,"""PC0222"",""PC0222a-S0222"",""SRS11792644""",,PDT001516229.1,2022-12-07T22:43:43Z,Australia: Queensland,sputum,clinical,,,,,SAMN25295932,GCA_026743795.1,"blaI=COMPLETE,blaPC1=COMPLETE,blaR1=COMPLETE,blaR1=PARTIAL_END_OF_CONTIG,mepA=COMPLETE,tet(38)=COMPLETE",,"ciprofloxacin=S,clindamycin=S,daptomycin=S,erythromycin=S,fusidic acid=S,gentamicin=S,linezolid=S,mupirocin=S,nitrofurantoin=S,oxacillin=S,penicillin=R,rifampin=S,teicoplanin=S,tetracycline=S,vancomycin=S"
Staphylococcus aureus,,"""PC0215"",""PC0215b-S0229"",""SRS11792641""",,PDT001516231.1,2022-12-07T22:43:44Z,Australia: Queensland,sputum,clinical,,,,,SAMN25295930,GCA_026741075.1,"blaI=COMPLETE,blaR1=COMPLETE,blaZ=COMPLETE,blaZ=PARTIAL_END_OF_CONTIG,mepA=COMPLETE,tet(38)=COMPLETE",,"ciprofloxacin=S,clindamycin=S,daptomycin=S,erythromycin=S,fusidic acid=S,gentamicin=S,linezolid=S,mupirocin=S,nitrofurantoin=S,oxacillin=S,penicillin=R,rifampin=S,teicoplanin=S,tetracycline=S,vancomycin=S"
Staphylococcus aureus,,"""PC0209"",""PC0209-S0209"",""SRS11792639""",,PDT001516235.1,2022-12-07T22:43:44Z,Australia: Queensland,Swab (Sputum),clinical,,,,,SAMN25295926,GCA_026743775.1,"blaI=COMPLETE,blaR1=HMM,blaR1=PARTIAL_END_OF_CONTIG,blaZ=COMPLETE,fosB=COMPLETE,mepA=COMPLETE,tet(38)=COMPLETE",,"ciprofloxacin=S,clindamycin=S,daptomycin=S,erythromycin=S,fusidic acid=S,gentamicin=S,linezolid=S,mupirocin=S,nitrofurantoin=S,oxacillin=S,penicillin=R,rifampin=S,teicoplanin=S,tetracycline=S,vancomycin=S"
Staphylococcus aureus,,"""PC0193"",""PC0193b-S0251"",""SRS11792629""",,PDT001516244.1,2022-12-07T22:43:46Z,Australia: Queensland,sputum,clinical,,,,,SAMN25295918,GCA_026741055.1,"blaI=COMPLETE,blaR1=COMPLETE,blaZ=COMPLETE,blaZ=PARTIAL_END_OF_CONTIG,fosB=COMPLETE,mepA=COMPLETE,tet(38)=COMPLETE",,"ciprofloxacin=S,clindamycin=S,daptomycin=S,erythromycin=S,fusidic acid=S,gentamicin=S,linezolid=S,mupirocin=S,nitrofurantoin=S,oxacillin=S,penicillin=R,rifampin=S,teicoplanin=S,tetracycline=S,vancomycin=S"
Staphylococcus aureus,,"""PC0189"",""PC0189c-S0231"",""SRS11792625""",,PDT001516247.1,2022-12-07T22:43:46Z,Australia: Queensland,sputum,clinical,,,,,SAMN25295915,GCA_026741035.1,"blaI=COMPLETE,blaI=PARTIAL_END_OF_CONTIG,blaZ=COMPLETE,fosB=COMPLETE,glpT_A100V=POINT,glpT_V213I=POINT,mepA=COMPLETE,murA_D278E=POINT,murA_E291D=POINT,tet(38)=COMPLETE",,"ciprofloxacin=S,clindamycin=S,daptomycin=S,erythromycin=S,fusidic acid=S,gentamicin=S,linezolid=S,mupirocin=S,nitrofurantoin=S,oxacillin=S,penicillin=R,rifampin=S,teicoplanin=S,tetracycline=S,vancomycin=S"
Staphylococcus aureus,,"""PC0017"",""PC0017a-S0017"",""SRS11792624""",,PDT001516249.1,2022-12-07T22:43:47Z,Australia: Queensland,sputum,clinical,,,,,SAMN25295662,GCA_026743755.1,"fosB=COMPLETE,mepA=COMPLETE,pbp4_E218K=POINT,tet(38)=COMPLETE",,"ciprofloxacin=S,clindamycin=S,daptomycin=S,erythromycin=S,fusidic acid=S,gentamicin=S,linezolid=S,mupirocin=S,nitrofurantoin=S,oxacillin=S,penicillin=S,rifampin=S,teicoplanin=S,tetracycline=S,vancomycin=S"
Staphylococcus aureus,,"""PC0105"",""PC0105a-S0105"",""SRS11792616""",,PDT001516257.1,2022-12-07T22:43:48Z,Australia: Queensland,Swab (Sputum),clinical,,,,,SAMN25295831,GCA_026741015.1,"glpT_A100V=POINT,mepA=COMPLETE,murA_E291D=POINT,murA_T396N=POINT,tet(38)=COMPLETE",,"ciprofloxacin=S,clindamycin=S,daptomycin=S,erythromycin=S,fusidic acid=S,gentamicin=S,linezolid=S,mupirocin=S,nitrofurantoin=S,oxacillin=S,penicillin=S,rifampin=S,teicoplanin=S,tetracycline=S,vancomycin=S"
Staphylococcus aureus,,"""PC0102"",""PC0102-S0102"",""SRS11792611""",,PDT001516261.1,2022-12-07T22:43:49Z,Australia: Queensland,Swab (Sputum),clinical,,,,,SAMN25295827,GCA_026740995.1,"fosB=COMPLETE,mepA=COMPLETE,tet(38)=COMPLETE",,"ciprofloxacin=S,clindamycin=S,daptomycin=S,erythromycin=S,fusidic acid=S,gentamicin=S,linezolid=S,mupirocin=S,nitrofurantoin=S,oxacillin=S,penicillin=S,rifampin=S,teicoplanin=S,tetracycline=S,vancomycin=S"
Staphylococcus aureus,,"""PC0100"",""PC0100-S0308"",""SRS11792610""",,PDT001516263.1,2022-12-07T22:43:49Z,Australia: Queensland,sputum,clinical,,,,,SAMN25295825,GCA_026743655.1,"fosB=PARTIAL,mepA=COMPLETE,tet(38)=COMPLETE",,"ciprofloxacin=S,clindamycin=S,daptomycin=S,erythromycin=S,fusidic acid=S,gentamicin=S,linezolid=S,mupirocin=S,nitrofurantoin=S,oxacillin=S,penicillin=S,rifampin=S,teicoplanin=S,tetracycline=S,vancomycin=S"
Staphylococcus aureus,,"""PC0099"",""PC0099-S0306"",""SRS11792608""",,PDT001516264.1,2022-12-07T22:43:49Z,Australia: Queensland,sputum,clinical,,,,,SAMN25295824,GCA_026743695.1,"blaI=COMPLETE,blaR1=COMPLETE,blaZ=COMPLETE,glpT_A100V=POINT,mepA=COMPLETE,murA_E291D=POINT,murA_T396N=POINT,tet(38)=COMPLETE",,"ciprofloxacin=S,clindamycin=S,daptomycin=S,erythromycin=S,fusidic acid=S,gentamicin=S,linezolid=S,mupirocin=S,nitrofurantoin=S,oxacillin=S,penicillin=R,rifampin=S,teicoplanin=S,tetracycline=S,vancomycin=S"
Staphylococcus aureus,,"""PC0097"",""PC0097a-S0097"",""SRS11792605""",,PDT001516268.1,2022-12-07T22:43:50Z,Australia: Queensland,Swab (Sputum),clinical,,,,,SAMN25295821,GCA_026740975.1,"aadD1=COMPLETE,blaI=COMPLETE,blaR1=COMPLETE,blaZ=COMPLETE,fosB=COMPLETE,mepA=COMPLETE,tet(38)=COMPLETE",,"ciprofloxacin=S,clindamycin=S,daptomycin=S,erythromycin=S,fusidic acid=S,gentamicin=S,linezolid=S,mupirocin=S,nitrofurantoin=S,oxacillin=S,penicillin=R,rifampin=S,teicoplanin=S,tetracycline=S,vancomycin=S"
Staphylococcus aureus,,"""PC0095"",""PC0095e-S0235"",""SRS11792604""",,PDT001516269.1,2022-12-07T22:43:50Z,Australia: Queensland,sputum,clinical,,PDS000127147.1,12.0,,SAMN25295820,GCA_026740955.1,"aadD1=COMPLETE,glpT_A100V=POINT,mepA=COMPLETE,mupA=COMPLETE,murA_E291D=POINT,murA_T396N=POINT,tet(38)=COMPLETE",,"ciprofloxacin=S,clindamycin=S,daptomycin=S,erythromycin=S,fusidic acid=S,gentamicin=S,linezolid=S,mupirocin=R,nitrofurantoin=S,oxacillin=S,penicillin=S,rifampin=S,teicoplanin=S,tetracycline=S,vancomycin=S"
Staphylococcus aureus,,"""PC0095"",""PC0095d-S0246"",""SRS11792603""",,PDT001516270.1,2022-12-07T22:43:50Z,Australia: Queensland,sputum,clinical,,PDS000127147.1,12.0,,SAMN25295819,GCA_026743615.1,"aadD1=COMPLETE,glpT_A100V=POINT,mepA=COMPLETE,mupA=COMPLETE,murA_E291D=POINT,murA_T396N=POINT,tet(38)=COMPLETE",,"ciprofloxacin=S,clindamycin=S,daptomycin=S,erythromycin=S,fusidic acid=S,gentamicin=S,linezolid=S,mupirocin=R,nitrofurantoin=S,oxacillin=S,penicillin=S,rifampin=S,teicoplanin=S,tetracycline=S,vancomycin=S"
Staphylococcus aureus,,"""PC0095"",""PC0095a-S0095"",""SRS11792600""",,PDT001516273.1,2022-12-07T22:43:51Z,Australia: Queensland,sputum,clinical,,PDS000127147.1,13.0,,SAMN25295816,GCA_026743595.1,"aadD1=COMPLETE,glpT_A100V=POINT,mepA=COMPLETE,mupA=COMPLETE,murA_E291D=POINT,murA_T396N=POINT,tet(38)=COMPLETE",,"ciprofloxacin=S,clindamycin=S,daptomycin=S,erythromycin=S,fusidic acid=S,gentamicin=S,linezolid=S,mupirocin=R,nitrofurantoin=S,oxacillin=S,penicillin=S,rifampin=S,teicoplanin=S,tetracycline=S,vancomycin=S"
Staphylococcus aureus,,"""PC0091"",""PC0091-S0091"",""SRS11792593""",,PDT001516280.1,2022-12-07T22:43:52Z,Australia: Queensland,Swab (Sputum),clinical,,,,,SAMN25295810,GCA_026740935.1,"mepA=COMPLETE,tet(38)=COMPLETE",,"ciprofloxacin=S,clindamycin=S,daptomycin=S,erythromycin=S,fusidic acid=S,gentamicin=S,linezolid=S,mupirocin=S,nitrofurantoin=S,oxacillin=S,penicillin=S,rifampin=S,teicoplanin=S,tetracycline=S,vancomycin=S"
Staphylococcus aureus,,"""PC0090"",""PC0090c-S0289"",""SRS11792592""",,PDT001516281.1,2022-12-07T22:43:52Z,Australia: Queensland,sputum,clinical,,PDS000127149.1,19.0,,SAMN25295809,GCA_026740895.1,"blaI=COMPLETE,blaR1=COMPLETE,blaZ=COMPLETE,fosB=COMPLETE,mepA=COMPLETE,parC_S80Y=POINT,tet(38)=COMPLETE",,"ciprofloxacin=R,clindamycin=S,daptomycin=S,erythromycin=S,fusidic acid=S,gentamicin=S,linezolid=S,mupirocin=S,nitrofurantoin=S,oxacillin=S,penicillin=R,rifampin=S,teicoplanin=S,tetracycline=S,vancomycin=S"
Staphylococcus aureus,,"""PC0090"",""PC0090b-S0233"",""SRS11792591""",,PDT001516282.1,2022-12-07T22:43:52Z,Australia: Queensland,sputum,clinical,,PDS000127149.1,19.0,,SAMN25295808,GCA_026743515.1,"blaI=COMPLETE,blaR1=COMPLETE,blaZ=COMPLETE,fosB=COMPLETE,mepA=COMPLETE,tet(38)=COMPLETE",,"ciprofloxacin=S,clindamycin=S,daptomycin=S,erythromycin=S,fusidic acid=S,gentamicin=S,linezolid=S,mupirocin=S,nitrofurantoin=S,oxacillin=S,penicillin=R,rifampin=S,teicoplanin=S,tetracycline=S,vancomycin=S"
Staphylococcus aureus,,"""PC0047"",""PC0047-S0047"",""SRS11792589""",,PDT001516283.1,2022-12-07T22:43:52Z,Australia: Queensland,sputum,clinical,,,,,SAMN25295733,GCA_026740855.1,"blaI=COMPLETE,blaZ=COMPLETE,fosB=COMPLETE,mepA=COMPLETE,tet(38)=COMPLETE",,"ciprofloxacin=S,clindamycin=S,daptomycin=S,erythromycin=S,fusidic acid=S,gentamicin=S,linezolid=S,mupirocin=S,nitrofurantoin=S,oxacillin=S,penicillin=R,rifampin=S,teicoplanin=S,tetracycline=S,vancomycin=S"
Staphylococcus aureus,,"""PC0046"",""PC0046-S0046"",""SRS11792590""",,PDT001516284.1,2022-12-07T22:43:53Z,Australia: Queensland,sputum,clinical,,,,,SAMN25295732,GCA_026740875.1,"fosB=COMPLETE,mepA=COMPLETE,tet(38)=COMPLETE",,"ciprofloxacin=S,clindamycin=S,daptomycin=S,erythromycin=S,fusidic acid=S,gentamicin=S,linezolid=S,mupirocin=S,nitrofurantoin=S,oxacillin=S,penicillin=S,rifampin=S,teicoplanin=S,tetracycline=S,vancomycin=S"
Staphylococcus aureus,,"""PC0045"",""PC0045-S0045"",""SRS11792588""",,PDT001516285.1,2022-12-07T22:43:53Z,Australia: Queensland,Swab (Sputum),clinical,,PDS000127160.1,9.0,,SAMN25295731,GCA_026743475.1,"blaI=PARTIAL_END_OF_CONTIG,blaZ=COMPLETE,fosB=COMPLETE,mepA=COMPLETE,tet(38)=COMPLETE",,"ciprofloxacin=S,clindamycin=S,daptomycin=S,erythromycin=S,fusidic acid=S,gentamicin=S,linezolid=S,mupirocin=S,nitrofurantoin=S,oxacillin=S,penicillin=R,rifampin=S,teicoplanin=S,tetracycline=S,vancomycin=S"
Staphylococcus aureus,,"""PC0044"",""PC0044-S0044"",""SRS11792587""",,PDT001516286.1,2022-12-07T22:43:53Z,Australia: Queensland,Swab (Sputum),clinical,,,,,SAMN25295730,GCA_026740835.1,"blaI=COMPLETE,blaR1=COMPLETE,blaZ=COMPLETE,glpT_A100V=POINT,mepA=COMPLETE,murA_E291D=POINT,murA_T396N=POINT,tet(38)=COMPLETE",,"ciprofloxacin=S,clindamycin=S,daptomycin=S,erythromycin=S,fusidic acid=S,gentamicin=S,linezolid=S,mupirocin=S,nitrofurantoin=S,oxacillin=S,penicillin=R,rifampin=S,teicoplanin=S,tetracycline=S,vancomycin=S"
Staphylococcus aureus,,"""PC0042"",""PC0042-S0042"",""SRS11792584""",,PDT001516289.1,2022-12-07T22:43:53Z,Australia: Queensland,sputum,clinical,,,,,SAMN25295727,GCA_026740815.1,"blaI=COMPLETE,blaR1=PARTIAL_END_OF_CONTIG,blaZ=COMPLETE,glpT_A100V=POINT,mepA=COMPLETE,murA_E291D=POINT,murA_T396N=POINT,tet(38)=COMPLETE",,"ciprofloxacin=S,clindamycin=S,daptomycin=S,erythromycin=S,fusidic acid=S,gentamicin=S,linezolid=S,mupirocin=S,nitrofurantoin=S,oxacillin=S,penicillin=R,rifampin=S,teicoplanin=S,tetracycline=S,vancomycin=S"
Staphylococcus aureus,,"""PC0041"",""PC0041-S0041"",""SRS11792583""",,PDT001516290.1,2022-12-07T22:43:54Z,Australia: Queensland,sputum,clinical,,,,,SAMN25295726,GCA_026743415.1,"blaI=COMPLETE,blaR1=COMPLETE,blaZ=COMPLETE,blaZ=PARTIAL_END_OF_CONTIG,fosB=PARTIAL,mepA=COMPLETE,tet(38)=COMPLETE",,"ciprofloxacin=S,clindamycin=S,daptomycin=S,erythromycin=S,fusidic acid=S,gentamicin=S,linezolid=S,mupirocin=S,nitrofurantoin=S,oxacillin=S,penicillin=R,rifampin=S,teicoplanin=S,tetracycline=S,vancomycin=S"
Staphylococcus aureus,,"""PC0040"",""PC0040-S0040"",""SRS11792582""",,PDT001516291.1,2022-12-07T22:43:54Z,Australia: Queensland,sputum,clinical,,,,,SAMN25295725,GCA_026743395.1,"blaI=COMPLETE,blaR1=COMPLETE,blaZ=COMPLETE,fosB=COMPLETE,mepA=COMPLETE,tet(38)=COMPLETE",,"ciprofloxacin=S,clindamycin=S,daptomycin=S,erythromycin=S,fusidic acid=S,gentamicin=S,linezolid=S,mupirocin=S,nitrofurantoin=S,oxacillin=S,penicillin=R,rifampin=S,teicoplanin=S,tetracycline=S,vancomycin=S"
Staphylococcus aureus,,"""PN0226"",""PN0226-S0368"",""SRS11792581""",,PDT001516292.1,2022-12-07T22:43:54Z,Australia: Queensland,Swab cellulitis,clinical,,,,,SAMN25296009,GCA_026743335.1,"blaI=COMPLETE,blaR1=COMPLETE,blaZ=COMPLETE,fusC=COMPLETE,mepA=COMPLETE,mupA=COMPLETE,tet(38)=COMPLETE",,"ciprofloxacin=S,clindamycin=S,daptomycin=S,erythromycin=S,fusidic acid=R,gentamicin=S,linezolid=S,mupirocin=R,nitrofurantoin=S,oxacillin=S,penicillin=R,rifampin=S,teicoplanin=S,tetracycline=S,vancomycin=S"
Staphylococcus aureus,,"""PN0224"",""PN0224-S0366"",""SRS11792579""",,PDT001516294.1,2022-12-07T22:43:54Z,Australia: Queensland,Swab left eyelid,clinical,,,,,SAMN25296007,GCA_026743375.1,"blaI=COMPLETE,blaPC1=COMPLETE,blaR1=COMPLETE,fosB=COMPLETE,glpT_A100V=POINT,glpT_V213I=POINT,mepA=COMPLETE,murA_D278E=POINT,murA_E291D=POINT,tet(38)=COMPLETE",,"ciprofloxacin=S,clindamycin=S,daptomycin=S,erythromycin=S,fusidic acid=S,gentamicin=S,linezolid=S,mupirocin=S,nitrofurantoin=S,oxacillin=S,penicillin=R,rifampin=S,teicoplanin=S,tetracycline=S,vancomycin=S"
Staphylococcus aureus,,"""PN0220"",""PN0220-S0365"",""SRS11792578""",,PDT001516295.1,2022-12-07T22:43:54Z,Australia: Queensland,Swab groin fluid,clinical,,PDS000127136.1,2.0,,SAMN25296006,GCA_026743165.1,"blaI=COMPLETE,blaR1=COMPLETE,blaZ=COMPLETE,blaZ=PARTIAL_END_OF_CONTIG,dfrG=COMPLETE,fosB=COMPLETE,mepA=COMPLETE,tet(38)=COMPLETE",,"ciprofloxacin=S,clindamycin=S,daptomycin=S,erythromycin=S,fusidic acid=S,gentamicin=S,linezolid=S,mupirocin=S,nitrofurantoin=S,oxacillin=S,penicillin=R,rifampin=S,teicoplanin=S,tetracycline=S,vancomycin=S"
Staphylococcus aureus,,"""PN0219"",""PN0219-S0364"",""SRS11792577""",,PDT001516296.1,2022-12-07T22:43:55Z,Australia: Queensland,Swab groin fluid,clinical,,PDS000127136.1,2.0,,SAMN25296005,GCA_026743275.1,"blaI=COMPLETE,blaR1=COMPLETE,blaZ=COMPLETE,blaZ=PARTIAL_END_OF_CONTIG,dfrG=COMPLETE,fosB=COMPLETE,mepA=COMPLETE,tet(38)=COMPLETE",,"ciprofloxacin=S,clindamycin=S,daptomycin=S,erythromycin=S,fusidic acid=S,gentamicin=S,linezolid=S,mupirocin=S,nitrofurantoin=S,oxacillin=S,penicillin=R,rifampin=S,teicoplanin=S,tetracycline=S,vancomycin=S"
Staphylococcus aureus,,"""PN0218"",""PN0218-S0362"",""SRS11792576""",,PDT001516297.1,2022-12-07T22:43:55Z,Australia: Queensland,Pus thigh abscess,clinical,,PDS000127599.3,25.0,,SAMN25296004,GCA_026743185.1,"blaI=COMPLETE,blaR1=COMPLETE,blaZ=COMPLETE,glpT_A100V=POINT,mecA=COMPLETE,mecR1=PARTIAL,mepA=COMPLETE,murA_E291D=POINT,murA_T396N=POINT,tet(38)=COMPLETE",,"ciprofloxacin=S,clindamycin=S,daptomycin=S,erythromycin=S,fusidic acid=S,gentamicin=S,linezolid=S,mupirocin=S,nitrofurantoin=S,oxacillin=R,penicillin=R,rifampin=S,teicoplanin=S,tetracycline=S,vancomycin=S"
Staphylococcus aureus,,"""PN0217"",""PN0217-S0361"",""SRS11792574""",,PDT001516299.1,2022-12-07T22:43:55Z,Australia: Queensland,"Aspirate left, breast",clinical,,,,,SAMN25296003,GCA_026744525.1,"fosB=COMPLETE,glpT_A100V=POINT,glpT_V213I=POINT,mepA=COMPLETE,murA_D278E=POINT,murA_E291D=POINT,tet(38)=COMPLETE",,"ciprofloxacin=S,clindamycin=S,daptomycin=S,erythromycin=S,fusidic acid=S,gentamicin=S,linezolid=S,mupirocin=S,nitrofurantoin=S,oxacillin=S,penicillin=S,rifampin=S,teicoplanin=S,tetracycline=S,vancomycin=S"
Staphylococcus aureus,,"""PN0216"",""PN0216-S0360"",""SRS11792573""",,PDT001516300.1,2022-12-07T22:43:55Z,Australia: Queensland,Lavage BAL,clinical,,,,,SAMN25296002,GCA_026743155.1,"fosB=PARTIAL,mepA=COMPLETE,tet(38)=COMPLETE",,"ciprofloxacin=S,clindamycin=S,daptomycin=S,erythromycin=S,fusidic acid=S,gentamicin=S,linezolid=S,mupirocin=S,nitrofurantoin=S,oxacillin=S,penicillin=S,rifampin=S,teicoplanin=S,tetracycline=S,vancomycin=S"
Staphylococcus aureus,,"""PN0211"",""PN0211-S0357"",""SRS11792570""",,PDT001516303.1,2022-12-07T22:43:56Z,Australia: Queensland,Swab cellulitis periorbital,clinical,,,,,SAMN25295999,GCA_026743195.1,"blaI=COMPLETE,blaPC1=COMPLETE,blaR1=COMPLETE,fosB=COMPLETE,glpT_A100V=POINT,glpT_V213I=POINT,mecA=COMPLETE,mecR1=PARTIAL,mepA=COMPLETE,murA_D278E=POINT,murA_E291D=POINT,tet(38)=COMPLETE",,"ciprofloxacin=S,clindamycin=S,daptomycin=S,erythromycin=S,fusidic acid=S,gentamicin=S,linezolid=S,mupirocin=S,nitrofurantoin=S,oxacillin=R,penicillin=R,rifampin=S,teicoplanin=S,tetracycline=S,vancomycin=S"
Staphylococcus aureus,,"""PN0210"",""PN0210-S0356"",""SRS11792569""",,PDT001516304.1,2022-12-07T22:43:56Z,Australia: Queensland,Swab abscess leg,clinical,,PDS000144312.7,52.0,,SAMN25295998,GCA_026743035.1,"blaI=COMPLETE,blaR1=COMPLETE,blaZ=COMPLETE,blaZ=PARTIAL_END_OF_CONTIG,glpT_A100V=POINT,mecA=COMPLETE,mecA=PARTIAL_END_OF_CONTIG,mecR1=PARTIAL,mepA=COMPLETE,murA_E291D=POINT,murA_T396N=POINT,tet(38)=COMPLETE",,"ciprofloxacin=S,clindamycin=S,daptomycin=S,erythromycin=S,fusidic acid=S,gentamicin=S,linezolid=S,mupirocin=S,nitrofurantoin=S,oxacillin=R,penicillin=R,rifampin=S,teicoplanin=S,tetracycline=S,vancomycin=S"
Staphylococcus aureus,,"""PN0208"",""PN0208-S0355"",""SRS11792568""",,PDT001516305.1,2022-12-07T22:43:56Z,Australia: Queensland,"Swab wound left, nose",clinical,,,,,SAMN25295997,GCA_026743055.1,"blaI=COMPLETE,blaI=PARTIAL_END_OF_CONTIG,blaR1=HMM,blaZ=COMPLETE,fosB=COMPLETE,glpT_A100V=POINT,glpT_L27F=POINT,ileS_V588F=POINT,mepA=COMPLETE,murA_E291D=POINT,murA_T396N=POINT,tet(38)=COMPLETE",,"ciprofloxacin=S,clindamycin=S,daptomycin=S,erythromycin=S,fusidic acid=S,gentamicin=S,linezolid=S,mupirocin=S,nitrofurantoin=S,oxacillin=S,penicillin=R,rifampin=S,teicoplanin=S,tetracycline=S,vancomycin=S"
Staphylococcus aureus,,"""PN0207"",""PN0207b-S0393"",""SRS11792567""",,PDT001516306.1,2022-12-07T22:43:56Z,Australia: Queensland,Aspirate endotracheal,clinical,,PDS000110864.2,18.0,,SAMN25295996,GCA_026752235.1,"blaI=COMPLETE,blaPC1=COMPLETE,blaR1=COMPLETE,mepA=COMPLETE,tet(38)=COMPLETE",,"ciprofloxacin=S,clindamycin=S,daptomycin=S,erythromycin=S,fusidic acid=S,gentamicin=S,linezolid=S,mupirocin=S,nitrofurantoin=S,oxacillin=S,penicillin=R,rifampin=S,teicoplanin=S,tetracycline=S,vancomycin=S"
Staphylococcus aureus,,"""PN0207"",""PN0207a-S0354"",""SRS11792566""",,PDT001516307.1,2022-12-07T22:43:56Z,Australia: Queensland,Aspirate endotracheal,clinical,,,,,SAMN25295995,GCA_026742995.1,"blaI=COMPLETE,blaR1=COMPLETE,blaZ=PARTIAL_END_OF_CONTIG,fosB=COMPLETE,mepA=COMPLETE,tet(38)=COMPLETE",,"ciprofloxacin=S,clindamycin=S,daptomycin=S,erythromycin=S,fusidic acid=S,gentamicin=S,linezolid=S,mupirocin=S,nitrofurantoin=S,oxacillin=S,penicillin=R,rifampin=S,teicoplanin=S,tetracycline=S,vancomycin=S"
Staphylococcus aureus,,"""PN0206"",""PN0206-S0353"",""SRS11792565""",,PDT001516308.1,2022-12-07T22:43:57Z,Australia: Queensland,Swab finger,clinical,,,,,SAMN25295994,GCA_026743015.1,"blaI=COMPLETE,blaPC1=COMPLETE,blaR1=COMPLETE,fosB=COMPLETE,glpT_A100V=POINT,glpT_V213I=POINT,mecA=COMPLETE,mecR1=PARTIAL,mepA=COMPLETE,murA_D278E=POINT,murA_E291D=POINT,tet(38)=COMPLETE",,"ciprofloxacin=S,clindamycin=S,daptomycin=S,erythromycin=S,fusidic acid=S,gentamicin=S,linezolid=S,mupirocin=S,nitrofurantoin=S,oxacillin=R,penicillin=R,rifampin=S,teicoplanin=S,tetracycline=S,vancomycin=S"
Staphylococcus aureus,,"""PC0019"",""PC0019b-S0081"",""SRS11792564""",,PDT001516309.1,2022-12-07T22:43:57Z,Australia: Queensland,sputum,clinical,,PDS000127171.1,6.0,,SAMN25295670,GCA_026740775.1,"blaI=COMPLETE,blaPC1=COMPLETE,blaR1=COMPLETE,fosB=COMPLETE,glpT_A100V=POINT,mepA=COMPLETE,tet(38)=COMPLETE",,"ciprofloxacin=S,clindamycin=S,daptomycin=S,erythromycin=S,fusidic acid=S,gentamicin=S,linezolid=S,mupirocin=S,nitrofurantoin=S,oxacillin=S,penicillin=R,rifampin=S,teicoplanin=S,tetracycline=S,vancomycin=S"
Staphylococcus aureus,,"""PN0204"",""PN0204-S0352"",""SRS11792563""",,PDT001516310.1,2022-12-07T22:43:57Z,Australia: Queensland,Swab left leg,clinical,,PDS000127138.1,0.0,,SAMN25295993,GCA_026742955.1,"blaI=COMPLETE,blaR1=COMPLETE,blaZ=COMPLETE,blaZ=PARTIAL_END_OF_CONTIG,glpT_A100V=POINT,mecA=COMPLETE,mecR1=PARTIAL,mepA=COMPLETE,murA_E291D=POINT,murA_T396N=POINT,tet(38)=COMPLETE",,"ciprofloxacin=S,clindamycin=S,daptomycin=S,erythromycin=S,fusidic acid=S,gentamicin=S,linezolid=S,mupirocin=S,nitrofurantoin=S,oxacillin=S,penicillin=R,rifampin=S,teicoplanin=S,tetracycline=S,vancomycin=S"
Staphylococcus aureus,,"""PN0201"",""PN0201-S0351"",""SRS11792562""",,PDT001516311.1,2022-12-07T22:43:57Z,Australia: Queensland,Lavage BAL,clinical,,PDS000144423.1,5.0,,SAMN25295992,GCA_026742975.1,"blaI=COMPLETE,blaR1=COMPLETE,blaZ=COMPLETE,blaZ=PARTIAL_END_OF_CONTIG,glpT_A100V=POINT,mecA=COMPLETE,mecR1=PARTIAL,mepA=COMPLETE,murA_E291D=POINT,murA_T396N=POINT,tet(38)=COMPLETE",,"ciprofloxacin=S,clindamycin=S,daptomycin=S,erythromycin=S,fusidic acid=S,gentamicin=S,linezolid=S,mupirocin=S,nitrofurantoin=S,oxacillin=S,penicillin=R,rifampin=S,teicoplanin=S,tetracycline=S,vancomycin=S"
Staphylococcus aureus,,"""PN0199"",""PN0199-S0349"",""SRS11792559""",,PDT001516314.1,2022-12-07T22:43:58Z,Australia: Queensland,Swab gastrostomy,clinical,,PDS000144312.7,20.0,,SAMN25295989,GCA_026742935.1,"blaI=COMPLETE,blaR1=COMPLETE,blaR1=PARTIAL_END_OF_CONTIG,blaZ=COMPLETE,blaZ=PARTIAL_END_OF_CONTIG,glpT_A100V=POINT,mecA=COMPLETE,mecR1=PARTIAL,mepA=COMPLETE,murA_E291D=POINT,murA_T396N=POINT,tet(38)=COMPLETE",,"ciprofloxacin=S,clindamycin=S,daptomycin=S,erythromycin=S,fusidic acid=S,gentamicin=S,linezolid=S,mupirocin=S,nitrofurantoin=S,oxacillin=S,penicillin=S,rifampin=S,teicoplanin=S,tetracycline=S,vancomycin=S"
Staphylococcus aureus,,"""PN0194"",""PN0194-S0348"",""SRS11792558""",,PDT001516315.1,2022-12-07T22:43:58Z,Australia: Queensland,Swab cellulitis periorbital,clinical,,PDS000133861.9,14.0,,SAMN25295988,GCA_026742895.1,"bla=HMM,blaI=COMPLETE,blaZ=COMPLETE,dfrG=COMPLETE,fosB=COMPLETE,mecA=COMPLETE,mecR1=PARTIAL,mepA=COMPLETE,tet(38)=COMPLETE",,"ciprofloxacin=S,clindamycin=S,daptomycin=S,erythromycin=S,fusidic acid=S,gentamicin=S,linezolid=S,mupirocin=S,nitrofurantoin=S,oxacillin=S,penicillin=R,rifampin=S,teicoplanin=S,tetracycline=S,vancomycin=S"
Staphylococcus aureus,,"""PN0188"",""PN0188b-S0378"",""SRS11792555""",,PDT001516318.1,2022-12-07T22:43:58Z,Australia: Queensland,"Swab ascess right, chin",clinical,,,,,SAMN25295985,GCA_026742915.1,"fusC=COMPLETE,mepA=COMPLETE,tet(38)=COMPLETE",,"ciprofloxacin=S,clindamycin=S,daptomycin=S,erythromycin=S,fusidic acid=R,gentamicin=S,linezolid=S,mupirocin=R,nitrofurantoin=S,oxacillin=S,penicillin=R,rifampin=S,teicoplanin=S,tetracycline=S,vancomycin=S"
Staphylococcus aureus,,"""PC0179"",""PC0179iii-S0228"",""SRS11792551""",,PDT001516322.1,2022-12-07T22:43:59Z,Australia: Queensland,sputum,clinical,,PDS000127144.1,7.0,,SAMN25295906,GCA_026742875.1,"blaI=COMPLETE,blaR1=PARTIAL_END_OF_CONTIG,blaZ=PARTIAL_END_OF_CONTIG,fosB=COMPLETE,glpT_A100V=POINT,glpT_V213I=POINT,mepA=COMPLETE,murA_D278E=POINT,murA_E291D=POINT,tet(38)=COMPLETE",,"ciprofloxacin=S,clindamycin=S,daptomycin=S,erythromycin=S,fusidic acid=S,gentamicin=S,linezolid=S,mupirocin=S,nitrofurantoin=S,oxacillin=S,penicillin=R,rifampin=S,teicoplanin=S,tetracycline=S,vancomycin=S"
Staphylococcus aureus,,"""PC0179"",""PC0179ii-S0227"",""SRS11792550""",,PDT001516323.1,2022-12-07T22:43:59Z,Australia: Queensland,sputum,clinical,,PDS000127144.1,7.0,,SAMN25295905,GCA_026742815.1,"blaI=PARTIAL_END_OF_CONTIG,blaPC1=COMPLETE,fosB=COMPLETE,glpT_A100V=POINT,glpT_V213I=POINT,mepA=COMPLETE,murA_D278E=POINT,murA_E291D=POINT,tet(38)=COMPLETE",,"ciprofloxacin=S,clindamycin=S,daptomycin=S,erythromycin=S,fusidic acid=S,gentamicin=S,linezolid=S,mupirocin=S,nitrofurantoin=S,oxacillin=S,penicillin=R,rifampin=S,teicoplanin=S,tetracycline=S,vancomycin=S"
Staphylococcus aureus,,"""PC0178"",""PC0178b-S0240"",""SRS11792547""",,PDT001516326.1,2022-12-07T22:44:00Z,Australia: Queensland,Swab (Sputum),clinical,,,,,SAMN25295903,GCA_026740735.1,"blaI=COMPLETE,blaPC1=COMPLETE,blaR1=PARTIAL_END_OF_CONTIG,mepA=COMPLETE,tet(38)=COMPLETE",,"ciprofloxacin=S,clindamycin=S,daptomycin=S,erythromycin=S,fusidic acid=S,gentamicin=S,linezolid=S,mupirocin=S,nitrofurantoin=S,oxacillin=S,penicillin=R,rifampin=S,teicoplanin=S,tetracycline=S,vancomycin=S"
Staphylococcus aureus,,"""PC0177"",""PC0177b-S0274"",""SRS11792544""",,PDT001516329.1,2022-12-07T22:44:00Z,Australia: Queensland,sputum,clinical,,PDS000127145.1,10.0,,SAMN25295900,GCA_026742155.1,"blaI=COMPLETE,blaR1=COMPLETE,blaZ=COMPLETE,blaZ=PARTIAL_END_OF_CONTIG,fosB=PARTIAL,mepA=COMPLETE,tet(38)=COMPLETE",,"ciprofloxacin=S,clindamycin=S,erythromycin=S,fusidic acid=S,gentamicin=R,oxacillin=S,penicillin=R,rifampin=S,tetracycline=S,vancomycin=S"
Staphylococcus aureus,,"""PC0177"",""PC0177aii-S0226"",""SRS11792543""",,PDT001516330.1,2022-12-07T22:44:00Z,Australia: Queensland,sputum,clinical,,PDS000127145.1,10.0,,SAMN25295899,GCA_026742115.1,"blaI=COMPLETE,blaR1=COMPLETE,blaZ=COMPLETE,blaZ=PARTIAL_END_OF_CONTIG,fosB=PARTIAL,mepA=COMPLETE,tet(38)=COMPLETE",,"ciprofloxacin=S,clindamycin=S,erythromycin=S,fusidic acid=S,gentamicin=R,oxacillin=S,penicillin=R,rifampin=S,tetracycline=S,vancomycin=S"
Staphylococcus aureus,,"""PC0176"",""PC0176b-S0253"",""SRS11792541""",,PDT001516332.1,2022-12-07T22:44:01Z,Australia: Queensland,sputum,clinical,,,,,SAMN25295897,GCA_026740675.1,"blaI=COMPLETE,blaPC1=COMPLETE,blaR1=MISTRANSLATION,blaZ=PARTIAL_END_OF_CONTIG,fosB=COMPLETE,glpT_A100V=POINT,glpT_V213I=POINT,mepA=COMPLETE,murA_D278E=POINT,murA_E291D=POINT,tet(38)=COMPLETE",,"ciprofloxacin=S,clindamycin=S,daptomycin=S,erythromycin=S,fusidic acid=S,gentamicin=S,linezolid=S,mupirocin=S,nitrofurantoin=S,oxacillin=S,penicillin=R,rifampin=S,teicoplanin=S,tetracycline=S,vancomycin=S"
Staphylococcus aureus,,"""PC0175"",""PC0175b-S0255"",""SRS11792538""",,PDT001516335.1,2022-12-07T22:44:01Z,Australia: Queensland,sputum,clinical,,,,,SAMN25295894,GCA_026742095.1,"blaI=COMPLETE,blaPC1=COMPLETE,blaR1=COMPLETE,fosB=COMPLETE,glpT_A100V=POINT,glpT_V213I=POINT,mepA=COMPLETE,murA_D278E=POINT,murA_E291D=POINT,tet(38)=COMPLETE",,"ciprofloxacin=S,clindamycin=S,daptomycin=S,erythromycin=S,fusidic acid=S,gentamicin=S,linezolid=S,mupirocin=S,nitrofurantoin=S,oxacillin=S,penicillin=R,rifampin=S,teicoplanin=S,tetracycline=S,vancomycin=S"
Staphylococcus aureus,,"""PC0170"",""PC0170-S0170"",""SRS11792533""",,PDT001516339.1,2022-12-07T22:44:02Z,Australia: Queensland,Swab (Sputum),clinical,,,,,SAMN25295891,GCA_026742835.1,"blaI=COMPLETE,blaPC1=COMPLETE,blaR1=PARTIAL_END_OF_CONTIG,blaZ=COMPLETE,fosB=COMPLETE,glpT_A100V=POINT,glpT_V213I=POINT,mepA=COMPLETE,murA_D278E=POINT,murA_E291D=POINT,tet(38)=COMPLETE",,"ciprofloxacin=S,clindamycin=S,daptomycin=S,erythromycin=S,fusidic acid=S,gentamicin=S,linezolid=S,mupirocin=S,nitrofurantoin=S,oxacillin=S,penicillin=R,rifampin=S,teicoplanin=S,tetracycline=S,vancomycin=S"
Staphylococcus aureus,,"""PC0161"",""PC0161-S0161"",""SRS11792532""",,PDT001516341.1,2022-12-07T22:44:02Z,Australia: Queensland,aspirate,clinical,,,,,SAMN25295889,GCA_026742075.1,"blaI=COMPLETE,blaPC1=COMPLETE,fosB=COMPLETE,glpT_A100V=POINT,glpT_V213I=POINT,mepA=COMPLETE,murA_D278E=POINT,murA_E291D=POINT,tet(38)=COMPLETE",,"ciprofloxacin=S,clindamycin=S,daptomycin=S,erythromycin=S,fusidic acid=S,gentamicin=S,linezolid=S,mupirocin=S,nitrofurantoin=S,oxacillin=S,penicillin=R,rifampin=S,teicoplanin=S,tetracycline=S,vancomycin=S"
Staphylococcus aureus,,"""PC0160"",""PC0160-S0160"",""SRS11792531""",,PDT001516342.1,2022-12-07T22:44:02Z,Australia: Queensland,sputum,clinical,,,,,SAMN25295888,GCA_026742055.1,"blaI=COMPLETE,blaR1=COMPLETE,blaZ=COMPLETE,mepA=COMPLETE,tet(38)=COMPLETE",,"ciprofloxacin=S,clindamycin=S,daptomycin=S,erythromycin=S,fusidic acid=S,gentamicin=S,linezolid=S,mupirocin=S,nitrofurantoin=S,oxacillin=S,penicillin=R,rifampin=S,teicoplanin=S,tetracycline=S,vancomycin=S"
Staphylococcus aureus,,"""PC0155"",""PC0155c-S0300"",""SRS11792528""",,PDT001516345.1,2022-12-07T22:44:03Z,Australia: Queensland,sputum,clinical,,PDS000127166.1,5.0,,SAMN25295885,GCA_026742035.1,"blaR1=COMPLETE,blaZ=COMPLETE,blaZ=PARTIAL_END_OF_CONTIG,fosB=PARTIAL,mepA=COMPLETE,tet(38)=COMPLETE",,"ciprofloxacin=S,clindamycin=S,erythromycin=S,fusidic acid=R,gentamicin=R,oxacillin=S,penicillin=R,rifampin=S,tetracycline=S"
Staphylococcus aureus,,"""PC0015"",""PC0015b-S0087"",""SRS11792526""",,PDT001516347.1,2022-12-07T22:44:03Z,Australia: Queensland,Swab (Sputum),clinical,,PDS000127173.1,10.0,,SAMN25295659,GCA_026742855.1,"aadD1=COMPLETE,bla=HMM,blaI=COMPLETE,blaR1=COMPLETE,blaR1=PARTIAL_END_OF_CONTIG,blaZ=COMPLETE,blaZ=PARTIAL_END_OF_CONTIG,bleO=COMPLETE,fosB=COMPLETE,mepA=COMPLETE,tet(38)=COMPLETE",,"ciprofloxacin=S,clindamycin=S,daptomycin=S,erythromycin=S,fusidic acid=S,gentamicin=S,linezolid=S,mupirocin=S,nitrofurantoin=S,oxacillin=S,penicillin=R,rifampin=S,teicoplanin=S,tetracycline=S,vancomycin=S"
Staphylococcus aureus,,"""PC0090"",""PC0090a-S0090"",""SRS11792525""",,PDT001516348.1,2022-12-07T22:44:03Z,Australia: Queensland,sputum,clinical,,,,,SAMN25295807,GCA_026740655.1,"blaI=PARTIAL_END_OF_CONTIG,blaR1=PARTIAL_END_OF_CONTIG,blaZ=COMPLETE,fosB=COMPLETE,mepA=COMPLETE,tet(38)=COMPLETE",,"ciprofloxacin=S,clindamycin=S,daptomycin=S,erythromycin=S,fusidic acid=S,gentamicin=S,linezolid=S,mupirocin=S,nitrofurantoin=S,oxacillin=S,penicillin=R,rifampin=S,teicoplanin=S,tetracycline=S,vancomycin=S"
Staphylococcus aureus,,"""PC0089"",""PC0089-S0296"",""SRS11792524""",,PDT001516349.1,2022-12-07T22:44:04Z,Australia: Queensland,Swab (Sputum),clinical,,,,,SAMN25295806,GCA_026742015.1,"blaI=COMPLETE,blaI=PARTIAL_END_OF_CONTIG,blaPC1=COMPLETE,blaR1=COMPLETE,blaR1=PARTIAL_END_OF_CONTIG,fosB=COMPLETE,glpT_A100V=POINT,glpT_V213I=POINT,mepA=COMPLETE,murA_D278E=POINT,murA_E291D=POINT,tet(38)=COMPLETE",,"ciprofloxacin=S,clindamycin=S,daptomycin=S,erythromycin=S,fusidic acid=S,gentamicin=S,linezolid=S,mupirocin=S,nitrofurantoin=S,oxacillin=S,penicillin=R,rifampin=S,teicoplanin=S,tetracycline=S,vancomycin=S"
Staphylococcus aureus,,"""PC0088"",""PC0088b-S0264"",""SRS11792523""",,PDT001516350.1,2022-12-07T22:44:04Z,Australia: Queensland,Swab (Sputum),clinical,,PDS000127150.1,21.0,,SAMN25295805,GCA_026743355.1,"blaI=COMPLETE,blaPC1=COMPLETE,blaR1=COMPLETE,fosB=COMPLETE,glpT_A100V=POINT,glpT_V213I=POINT,mepA=COMPLETE,murA_D278E=POINT,murA_E291D=POINT,tet(38)=COMPLETE",,"ciprofloxacin=S,clindamycin=S,daptomycin=S,erythromycin=S,fusidic acid=S,gentamicin=S,linezolid=S,mupirocin=S,nitrofurantoin=S,oxacillin=S,penicillin=R,rifampin=S,teicoplanin=S,tetracycline=S,vancomycin=S"
Staphylococcus aureus,,"""PC0088"",""PC0088a-S0088"",""SRS11792522""",,PDT001516351.1,2022-12-07T22:44:04Z,Australia: Queensland,Swab (Sputum),clinical,,PDS000127150.1,21.0,,SAMN25295804,GCA_026740715.1,"blaI=COMPLETE,blaPC1=COMPLETE,blaZ=COMPLETE,fosB=COMPLETE,glpT_A100V=POINT,glpT_V213I=POINT,mepA=COMPLETE,murA_D278E=POINT,murA_E291D=POINT,tet(38)=COMPLETE",,"ciprofloxacin=S,clindamycin=S,daptomycin=S,erythromycin=S,fusidic acid=S,gentamicin=S,linezolid=S,mupirocin=S,nitrofurantoin=S,oxacillin=S,penicillin=R,rifampin=S,teicoplanin=S,tetracycline=S,vancomycin=S"
Staphylococcus aureus,,"""PC0087"",""PC0087-S0295"",""SRS11792520""",,PDT001516353.1,2022-12-07T22:44:04Z,Australia: Queensland,Swab (Sputum),clinical,,,,,SAMN25295803,GCA_026740635.1,"blaI=COMPLETE,blaR1=COMPLETE,blaZ=COMPLETE,blaZ=PARTIAL_END_OF_CONTIG,mepA=COMPLETE,tet(38)=COMPLETE",,"ciprofloxacin=S,clindamycin=S,daptomycin=S,erythromycin=S,fusidic acid=S,gentamicin=S,linezolid=S,mupirocin=S,nitrofurantoin=S,oxacillin=S,penicillin=R,rifampin=S,teicoplanin=S,tetracycline=S,vancomycin=S"
Staphylococcus aureus,,"""PC0084"",""PC0084-S0084"",""SRS11792516""",,PDT001516357.1,2022-12-07T22:44:05Z,Australia: Queensland,sputum,clinical,,,,,SAMN25295799,GCA_026742775.1,"blaI=COMPLETE,blaR1=COMPLETE,blaZ=COMPLETE,fosB=PARTIAL,mepA=COMPLETE,tet(38)=COMPLETE",,"ciprofloxacin=S,clindamycin=S,daptomycin=S,erythromycin=S,fusidic acid=S,gentamicin=S,linezolid=S,mupirocin=S,nitrofurantoin=S,oxacillin=S,penicillin=R,rifampin=S,teicoplanin=S,tetracycline=S,vancomycin=S"
Staphylococcus aureus,,"""PC0082"",""PC0082b-S0234"",""SRS11792514""",,PDT001516359.1,2022-12-07T22:44:05Z,Australia: Queensland,sputum,clinical,,,,,SAMN25295797,GCA_026741975.1,"blaI=COMPLETE,blaPC1=COMPLETE,blaR1=COMPLETE,blaR1=PARTIAL_END_OF_CONTIG,mepA=COMPLETE,tet(38)=COMPLETE",,"ciprofloxacin=S,clindamycin=S,daptomycin=S,erythromycin=S,fusidic acid=S,gentamicin=S,linezolid=S,mupirocin=S,nitrofurantoin=S,oxacillin=S,penicillin=R,rifampin=S,teicoplanin=S,tetracycline=S,vancomycin=S"
Staphylococcus aureus,,"""PC0081"",""PC0081-S0291"",""SRS11792512""",,PDT001516361.1,2022-12-07T22:44:06Z,Australia: Queensland,Swab (Sputum),clinical,,,,,SAMN25295795,GCA_026741995.1,"blaI=COMPLETE,blaR1=COMPLETE,blaZ=COMPLETE,blaZ=PARTIAL_END_OF_CONTIG,fosB=COMPLETE,mepA=COMPLETE,tet(38)=COMPLETE",,"ciprofloxacin=S,clindamycin=S,daptomycin=S,erythromycin=S,fusidic acid=S,gentamicin=S,linezolid=S,mupirocin=S,nitrofurantoin=S,oxacillin=S,penicillin=R,rifampin=S,teicoplanin=S,tetracycline=S,vancomycin=S"
Staphylococcus aureus,,"""PC0079"",""PC0079-S0079"",""SRS11792509""",,PDT001516364.1,2022-12-07T22:44:06Z,Australia: Queensland,Lavage,clinical,,,,,SAMN25295793,GCA_026744625.1,"blaI=COMPLETE,blaZ=COMPLETE,fosB=COMPLETE,mepA=COMPLETE,tet(38)=COMPLETE",,"ciprofloxacin=S,clindamycin=S,daptomycin=S,erythromycin=S,fusidic acid=S,gentamicin=S,linezolid=S,mupirocin=S,nitrofurantoin=S,oxacillin=S,penicillin=R,rifampin=S,teicoplanin=S,tetracycline=S,vancomycin=S"
Staphylococcus aureus,,"""PC0076"",""PC0076a-S0076"",""SRS11792506""",,PDT001516367.1,2022-12-07T22:44:07Z,Australia: Queensland,sputum,clinical,,,,,SAMN25295790,GCA_026740695.1,"aph(3')-IIIa=COMPLETE,blaI=COMPLETE,blaR1=PARTIAL_END_OF_CONTIG,blaZ=COMPLETE,mepA=COMPLETE,sat4=PARTIAL_END_OF_CONTIG,tet(38)=COMPLETE",,"ciprofloxacin=S,clindamycin=S,daptomycin=S,erythromycin=S,fusidic acid=S,gentamicin=S,linezolid=S,mupirocin=S,nitrofurantoin=S,oxacillin=S,penicillin=R,rifampin=S,teicoplanin=S,tetracycline=S,vancomycin=S"
Staphylococcus aureus,,"""PC0074"",""PC0074b-S0117"",""SRS11792503""",,PDT001516370.1,2022-12-07T22:44:07Z,Australia: Queensland,sputum,clinical,,PDS000127154.1,13.0,,SAMN25295787,GCA_026742695.1,"blaI=PARTIAL_END_OF_CONTIG,blaR1=HMM,blaZ=COMPLETE,blaZ=PARTIAL_END_OF_CONTIG,fosB=MISTRANSLATION,glpT_A100V=POINT,glpT_V213I=POINT,mepA=COMPLETE,murA_D278E=POINT,murA_E291D=POINT,tet(38)=COMPLETE",,"ciprofloxacin=S,clindamycin=S,daptomycin=S,erythromycin=S,fusidic acid=S,gentamicin=S,linezolid=S,mupirocin=S,nitrofurantoin=S,oxacillin=S,penicillin=R,rifampin=S,teicoplanin=S,tetracycline=S,vancomycin=S"
Staphylococcus aureus,,"""PC0074"",""PC0074a-S0074"",""SRS11792502""",,PDT001516371.1,2022-12-07T22:44:07Z,Australia: Queensland,Swab (Sputum),clinical,,PDS000127154.1,13.0,,SAMN25295786,GCA_026744505.1,"blaZ=PARTIAL_END_OF_CONTIG,fosB=MISTRANSLATION,glpT_A100V=POINT,glpT_V213I=POINT,mepA=COMPLETE,murA_D278E=POINT,murA_E291D=POINT,tet(38)=COMPLETE",,"ciprofloxacin=S,clindamycin=S,daptomycin=S,erythromycin=S,fusidic acid=S,gentamicin=S,linezolid=S,mupirocin=S,nitrofurantoin=S,oxacillin=S,penicillin=R,rifampin=S,teicoplanin=S,tetracycline=S,vancomycin=S"
Staphylococcus aureus,,"""PC0073"",""PC0073b-S0167"",""SRS11792500""",,PDT001516373.1,2022-12-07T22:44:08Z,Australia: Queensland,sputum,clinical,,PDS000127155.1,7.0,,SAMN25295784,GCA_026740615.1,"blaI=COMPLETE,blaI=PARTIAL_END_OF_CONTIG,blaZ=COMPLETE,fosB=COMPLETE,mepA=COMPLETE,tet(38)=COMPLETE",,"ciprofloxacin=S,clindamycin=S,daptomycin=S,erythromycin=S,fusidic acid=S,gentamicin=S,linezolid=S,mupirocin=S,nitrofurantoin=S,oxacillin=S,penicillin=R,rifampin=S,teicoplanin=S,tetracycline=S,vancomycin=S"
Staphylococcus aureus,,"""PC0073"",""PC0073a-S0073"",""SRS11792498""",,PDT001516375.1,2022-12-07T22:44:08Z,Australia: Queensland,sputum,clinical,,PDS000127155.1,7.0,,SAMN25295783,GCA_026743315.1,"blaI=COMPLETE,blaR1=HMM,blaZ=COMPLETE,fosB=COMPLETE,mepA=COMPLETE,tet(38)=COMPLETE",,"ciprofloxacin=S,clindamycin=S,daptomycin=S,erythromycin=S,fusidic acid=S,gentamicin=S,linezolid=S,mupirocin=S,nitrofurantoin=S,oxacillin=S,penicillin=R,rifampin=S,teicoplanin=S,tetracycline=S,vancomycin=S"
Staphylococcus aureus,,"""PC0004"",""PC0004c-S0279"",""SRS11792496""",,PDT001516377.1,2022-12-07T22:44:08Z,Australia: Queensland,sputum,clinical,,PDS000127176.1,7.0,,SAMN25295643,GCA_026742715.1,"fosB=COMPLETE,mepA=COMPLETE,tet(38)=COMPLETE,tet(38)=PARTIAL_END_OF_CONTIG",,"ciprofloxacin=S,clindamycin=S,daptomycin=S,erythromycin=S,fusidic acid=S,gentamicin=S,linezolid=S,mupirocin=S,nitrofurantoin=S,oxacillin=S,penicillin=S,rifampin=S,teicoplanin=S,tetracycline=S,vancomycin=S"
Staphylococcus aureus,,"""PC0039"",""PC0039b-S0099"",""SRS11792493""",,PDT001516380.1,2022-12-07T22:44:09Z,Australia: Queensland,sputum,clinical,,PDS000127140.1,14.0,,SAMN25295721,GCA_026744465.1,"aac(6')-Ie/aph(2'')-Ia=COMPLETE,aadD1=COMPLETE,blaI=COMPLETE,blaR1=HMM,blaZ=COMPLETE,bleO=COMPLETE,glpT_A100V=POINT,mepA=COMPLETE,murA_E291D=POINT,murA_T396N=POINT,tet(38)=PARTIAL",,"ciprofloxacin=S,clindamycin=S,daptomycin=S,erythromycin=S,fusidic acid=S,gentamicin=R,linezolid=S,mupirocin=S,nitrofurantoin=S,oxacillin=S,penicillin=R,rifampin=S,teicoplanin=S,tetracycline=S,vancomycin=S"
Staphylococcus aureus,,"""PC0039"",""PC0039a-S0039"",""SRS11792492""",,PDT001516381.1,2022-12-07T22:44:09Z,Australia: Queensland,sputum,clinical,,PDS000127140.1,6.0,,SAMN25295720,GCA_026741935.1,"aac(6')-Ie/aph(2'')-Ia=COMPLETE,aadD1=COMPLETE,blaI=COMPLETE,blaR1=HMM,blaZ=COMPLETE,bleO=COMPLETE,glpT_A100V=POINT,mepA=COMPLETE,murA_E291D=POINT,murA_T396N=POINT,parC_S80Y=POINT,tet(38)=PARTIAL",,"ciprofloxacin=R,clindamycin=S,daptomycin=S,erythromycin=S,fusidic acid=S,gentamicin=R,linezolid=S,mupirocin=S,nitrofurantoin=S,oxacillin=S,penicillin=R,rifampin=S,teicoplanin=S,tetracycline=S,vancomycin=S"
Staphylococcus aureus,,"""PC0038"",""PC0038b-S0312"",""SRS11792491""",,PDT001516382.1,2022-12-07T22:44:09Z,Australia: Queensland,sputum,clinical,,,,,SAMN25295719,GCA_026741915.1,"blaI=COMPLETE,blaZ=COMPLETE,glpT_A100V=POINT,mepA=COMPLETE,murA_E291D=POINT,murA_T396N=POINT,tet(38)=COMPLETE",,"ciprofloxacin=S,clindamycin=S,daptomycin=S,erythromycin=S,fusidic acid=S,gentamicin=S,linezolid=S,mupirocin=S,nitrofurantoin=S,oxacillin=S,penicillin=R,rifampin=S,teicoplanin=S,tetracycline=S,vancomycin=S"
Staphylococcus aureus,,"""PC0037"",""PC0037d-S0254"",""SRS11792489""",,PDT001516384.1,2022-12-07T22:44:09Z,Australia: Queensland,sputum,clinical,,,,,SAMN25295717,GCA_026740575.1,"blaI=COMPLETE,blaZ=COMPLETE,glpT_A100V=POINT,mepA=COMPLETE,murA_E291D=POINT,murA_T396N=POINT,tet(38)=COMPLETE",,"ciprofloxacin=S,clindamycin=S,daptomycin=S,erythromycin=S,fusidic acid=S,gentamicin=S,linezolid=S,mupirocin=S,nitrofurantoin=S,oxacillin=S,penicillin=R,rifampin=S,teicoplanin=S,tetracycline=S,vancomycin=S"
Staphylococcus aureus,,"""PC0037"",""PC0037b-S0075"",""SRS11792487""",,PDT001516386.1,2022-12-07T22:44:10Z,Australia: Queensland,sputum,clinical,,PDS000127226.1,8.0,,SAMN25295715,GCA_026741895.1,"blaI=COMPLETE,blaR1=COMPLETE,blaZ=COMPLETE,blaZ=PARTIAL_END_OF_CONTIG,fosB=COMPLETE,mepA=COMPLETE,tet(38)=COMPLETE",,"ciprofloxacin=S,clindamycin=S,daptomycin=S,erythromycin=S,fusidic acid=S,gentamicin=S,linezolid=S,mupirocin=S,nitrofurantoin=S,oxacillin=S,penicillin=R,rifampin=S,teicoplanin=S,tetracycline=S,vancomycin=S"
Staphylococcus aureus,,"""PC0037"",""PC0037a-S0037"",""SRS11792486""",,PDT001516387.1,2022-12-07T22:44:10Z,Australia: Queensland,Swab (Sputum),clinical,,PDS000127226.1,8.0,,SAMN25295714,GCA_026744445.1,"blaI=COMPLETE,blaR1=COMPLETE,blaR1=PARTIAL_END_OF_CONTIG,blaZ=COMPLETE,blaZ=PARTIAL_END_OF_CONTIG,fosB=COMPLETE,mepA=COMPLETE,tet(38)=COMPLETE",,"ciprofloxacin=S,clindamycin=S,daptomycin=S,erythromycin=S,fusidic acid=S,gentamicin=S,linezolid=S,mupirocin=S,nitrofurantoin=S,oxacillin=S,penicillin=R,rifampin=S,teicoplanin=S,tetracycline=S,vancomycin=S"
Staphylococcus aureus,,"""PC0004"",""PC0004b-S0104"",""SRS11792485""",,PDT001516388.1,2022-12-07T22:44:10Z,Australia: Queensland,sputum,clinical,,PDS000127176.1,7.0,,SAMN25295642,GCA_026740515.1,"fosB=COMPLETE,mepA=COMPLETE,tet(38)=COMPLETE",,"ciprofloxacin=S,clindamycin=S,daptomycin=S,erythromycin=S,fusidic acid=S,gentamicin=S,linezolid=S,mupirocin=S,nitrofurantoin=S,oxacillin=S,penicillin=S,rifampin=S,teicoplanin=S,tetracycline=S,vancomycin=S"
Staphylococcus aureus,,"""PC0036"",""PC0036-S0036"",""SRS11792484""",,PDT001516389.1,2022-12-07T22:44:10Z,Australia: Queensland,sputum,clinical,,,,,SAMN25295713,GCA_026742675.1,"blaI=COMPLETE,blaR1=COMPLETE,blaZ=COMPLETE,mepA=COMPLETE,tet(38)=COMPLETE",,"ciprofloxacin=S,clindamycin=S,daptomycin=S,erythromycin=S,fusidic acid=S,gentamicin=S,linezolid=S,mupirocin=S,nitrofurantoin=S,oxacillin=S,penicillin=R,rifampin=S,teicoplanin=S,tetracycline=S,vancomycin=S"
Staphylococcus aureus,,"""PC0035"",""PC0035-S0035"",""SRS11792483""",,PDT001516390.1,2022-12-07T22:44:11Z,Australia: Queensland,sputum,clinical,,,,,SAMN25295712,GCA_026741875.1,"blaI=COMPLETE,blaPC1=COMPLETE,blaR1=COMPLETE,mepA=COMPLETE,tet(38)=COMPLETE",,"ciprofloxacin=S,clindamycin=S,daptomycin=S,erythromycin=S,fusidic acid=S,gentamicin=S,linezolid=S,mupirocin=S,nitrofurantoin=S,oxacillin=S,penicillin=R,rifampin=S,teicoplanin=S,tetracycline=S,vancomycin=S"
Staphylococcus aureus,,"""PC0034"",""PC0034e-S0284"",""SRS11792482""",,PDT001516391.1,2022-12-07T22:44:11Z,Australia: Queensland,sputum,clinical,,PDS000127165.1,14.0,,SAMN25295711,GCA_026742655.1,"blaI=COMPLETE,blaR1=MISTRANSLATION,blaZ=COMPLETE,blaZ=PARTIAL_END_OF_CONTIG,fosB=PARTIAL,mepA=COMPLETE,tet(38)=COMPLETE",,"ciprofloxacin=S,clindamycin=S,daptomycin=S,erythromycin=S,fusidic acid=S,gentamicin=S,linezolid=S,mupirocin=S,nitrofurantoin=S,oxacillin=S,penicillin=R,rifampin=S,teicoplanin=S,tetracycline=S,vancomycin=S"
Staphylococcus aureus,,"""PC0034"",""PC0034d-S0283"",""SRS11792481""",,PDT001516392.1,2022-12-07T22:44:11Z,Australia: Queensland,sputum,clinical,,PDS000127165.1,8.0,,SAMN25295710,GCA_026741855.1,"blaI=COMPLETE,blaR1=MISTRANSLATION,blaZ=COMPLETE,blaZ=PARTIAL_END_OF_CONTIG,fosB=PARTIAL,mepA=COMPLETE,tet(38)=COMPLETE",,"ciprofloxacin=S,clindamycin=S,daptomycin=S,erythromycin=S,fusidic acid=S,gentamicin=S,linezolid=S,mupirocin=S,nitrofurantoin=S,oxacillin=S,penicillin=R,rifampin=S,teicoplanin=S,tetracycline=S,vancomycin=S"
Staphylococcus aureus,,"""PC0034"",""PC0034b-S0142"",""SRS11792479""",,PDT001516394.1,2022-12-07T22:44:11Z,Australia: Queensland,sputum,clinical,,PDS000127165.1,8.0,,SAMN25295708,GCA_026740475.1,"blaI=COMPLETE,blaR1=MISTRANSLATION,blaZ=COMPLETE,blaZ=PARTIAL_END_OF_CONTIG,fosB=MISTRANSLATION,fosB=PARTIAL,mepA=COMPLETE,tet(38)=COMPLETE",,"ciprofloxacin=S,clindamycin=S,daptomycin=S,erythromycin=S,fusidic acid=S,gentamicin=S,linezolid=S,mupirocin=S,nitrofurantoin=S,oxacillin=S,penicillin=S,rifampin=S,teicoplanin=S,tetracycline=S,vancomycin=S"
Staphylococcus aureus,,"""PC0034"",""PC0034a-S0034"",""SRS11792478""",,PDT001516395.1,2022-12-07T22:44:11Z,Australia: Queensland,sputum,clinical,,PDS000127165.1,9.0,,SAMN25295707,GCA_026742595.1,"blaI=COMPLETE,blaR1=MISTRANSLATION,blaZ=COMPLETE,blaZ=PARTIAL_END_OF_CONTIG,fosB=PARTIAL,mepA=COMPLETE,tet(38)=COMPLETE",,"ciprofloxacin=S,clindamycin=S,daptomycin=S,erythromycin=S,fusidic acid=S,gentamicin=S,linezolid=S,mupirocin=S,nitrofurantoin=S,oxacillin=S,penicillin=R,rifampin=S,teicoplanin=S,tetracycline=S,vancomycin=S"
Staphylococcus aureus,,"""PC0033"",""PC0033d-S0266"",""SRS11792477""",,PDT001516396.1,2022-12-07T22:44:12Z,Australia: Queensland,sputum,clinical,,PDS000127166.1,8.0,,SAMN25295706,GCA_026740555.1,"blaR1=COMPLETE,blaZ=COMPLETE,blaZ=PARTIAL_END_OF_CONTIG,fosB=PARTIAL,mepA=COMPLETE,tet(38)=COMPLETE",,"ciprofloxacin=S,clindamycin=S,daptomycin=S,erythromycin=S,fusidic acid=S,gentamicin=S,linezolid=S,mupirocin=S,nitrofurantoin=S,oxacillin=S,penicillin=R,rifampin=S,teicoplanin=S,tetracycline=S,vancomycin=S"
Staphylococcus aureus,,"""PC0033"",""PC0033c-S0265"",""SRS11792476""",,PDT001516397.1,2022-12-07T22:44:12Z,Australia: Queensland,sputum,clinical,,PDS000127166.1,4.0,,SAMN25295705,GCA_026742575.1,"blaR1=COMPLETE,blaZ=COMPLETE,blaZ=PARTIAL_END_OF_CONTIG,fosB=PARTIAL,mepA=COMPLETE,tet(38)=COMPLETE",,"erythromycin=S,gentamicin=S,nitrofurantoin=S,oxacillin=S,penicillin=S"
Staphylococcus aureus,,"""PC0033"",""PC0033b-S0061"",""SRS11792475""",,PDT001516398.1,2022-12-07T22:44:12Z,Australia: Queensland,sputum,clinical,,PDS000127166.1,2.0,,SAMN25295704,GCA_026742635.1,"blaR1=COMPLETE,blaZ=COMPLETE,blaZ=PARTIAL_END_OF_CONTIG,fosB=PARTIAL,mepA=COMPLETE,tet(38)=COMPLETE",,"ciprofloxacin=S,clindamycin=S,daptomycin=S,erythromycin=S,fusidic acid=S,gentamicin=S,linezolid=S,mupirocin=S,nitrofurantoin=S,oxacillin=S,penicillin=R,rifampin=S,teicoplanin=S,tetracycline=S,vancomycin=S"
Staphylococcus aureus,,"""PC0004"",""PC0004a-S0004"",""SRS11792474""",,PDT001516399.1,2022-12-07T22:44:12Z,Australia: Queensland,sputum,clinical,,PDS000127176.1,7.0,,SAMN25295641,GCA_026740495.1,"fosB=COMPLETE,mepA=COMPLETE,tet(38)=COMPLETE",,"ciprofloxacin=S,clindamycin=S,daptomycin=S,erythromycin=S,fusidic acid=S,gentamicin=S,linezolid=S,mupirocin=S,nitrofurantoin=S,oxacillin=S,penicillin=S,rifampin=S,teicoplanin=S,tetracycline=S,vancomycin=S"
Staphylococcus aureus,,"""PC0033"",""PC0033a-S0033"",""SRS11792473""",,PDT001516400.1,2022-12-07T22:44:12Z,Australia: Queensland,sputum,clinical,,PDS000127166.1,2.0,,SAMN25295703,GCA_026740535.1,"blaR1=COMPLETE,blaZ=COMPLETE,blaZ=PARTIAL_END_OF_CONTIG,fosB=PARTIAL,mepA=COMPLETE,tet(38)=COMPLETE",,"ciprofloxacin=S,clindamycin=S,daptomycin=S,erythromycin=S,fusidic acid=S,gentamicin=S,linezolid=S,mupirocin=S,nitrofurantoin=S,oxacillin=S,penicillin=R,rifampin=S,teicoplanin=S,tetracycline=S,vancomycin=S"
Staphylococcus aureus,,"""PC0032"",""PC0032c-S0305"",""SRS11792472""",,PDT001516401.1,2022-12-07T22:44:12Z,Australia: Queensland,sputum,clinical,,,,,SAMN25295702,GCA_026741835.1,"blaI=COMPLETE,blaR1=COMPLETE,blaZ=COMPLETE,blaZ=PARTIAL_END_OF_CONTIG,fosB=COMPLETE,mepA=COMPLETE,tet(38)=COMPLETE",,"ciprofloxacin=S,clindamycin=S,daptomycin=S,erythromycin=S,fusidic acid=S,gentamicin=S,linezolid=S,mupirocin=S,nitrofurantoin=S,oxacillin=S,penicillin=R,rifampin=S,teicoplanin=S,tetracycline=S,vancomycin=S"
Staphylococcus aureus,,"""PC0032"",""PC0032b-S0297"",""SRS11792471""",,PDT001516402.1,2022-12-07T22:44:13Z,Australia: Queensland,sputum,clinical,,,,,SAMN25295701,GCA_026741815.1,"blaI=COMPLETE,blaR1=COMPLETE,blaZ=COMPLETE,blaZ=PARTIAL_END_OF_CONTIG,mepA=COMPLETE,parC_S80F=POINT,tet(38)=COMPLETE",,"ciprofloxacin=R,clindamycin=S,daptomycin=S,erythromycin=S,fusidic acid=S,gentamicin=S,linezolid=S,mupirocin=S,nitrofurantoin=S,oxacillin=S,penicillin=R,rifampin=S,teicoplanin=S,tetracycline=S,vancomycin=S"
Staphylococcus aureus,,"""PC0019"",""PC0019a-S0019"",""SRS11792469""",,PDT001516404.1,2022-12-07T22:44:13Z,Australia: Queensland,sputum,clinical,,PDS000127171.1,6.0,,SAMN25295669,GCA_026742615.1,"blaI=COMPLETE,blaPC1=COMPLETE,blaR1=COMPLETE,fosB=COMPLETE,glpT_A100V=POINT,mepA=COMPLETE,tet(38)=COMPLETE",,"ciprofloxacin=S,clindamycin=S,daptomycin=S,erythromycin=S,fusidic acid=S,gentamicin=S,linezolid=S,mupirocin=S,nitrofurantoin=S,oxacillin=S,penicillin=R,rifampin=S,teicoplanin=S,tetracycline=S,vancomycin=S"
Staphylococcus aureus,,"""PN0182"",""PN0182-S0343"",""SRS11792467""",,PDT001516406.1,2022-12-07T22:44:13Z,Australia: Queensland,Swab umbilical,clinical,,,,,SAMN25295982,GCA_026741795.1,"blaI=COMPLETE,blaR1=COMPLETE,blaR1=PARTIAL_END_OF_CONTIG,blaZ=COMPLETE,blaZ=PARTIAL_END_OF_CONTIG,fosB=COMPLETE,mepA=COMPLETE,tet(38)=COMPLETE",,"ciprofloxacin=S,clindamycin=S,daptomycin=S,erythromycin=S,fusidic acid=S,gentamicin=S,linezolid=S,mupirocin=S,nitrofurantoin=S,oxacillin=S,penicillin=R,rifampin=S,teicoplanin=S,tetracycline=S,vancomycin=S"
Staphylococcus aureus,,"""PN0180"",""PN0180-S0342"",""SRS11792466""",,PDT001516407.1,2022-12-07T22:44:13Z,Australia: Queensland,Swab skin,clinical,,,,,SAMN25295981,GCA_026741775.1,"blaZ=COMPLETE,fosB=COMPLETE,mepA=COMPLETE,tet(38)=COMPLETE",,"ciprofloxacin=S,clindamycin=S,daptomycin=S,erythromycin=S,fusidic acid=S,gentamicin=S,linezolid=S,mupirocin=S,nitrofurantoin=S,oxacillin=S,penicillin=R,rifampin=S,teicoplanin=S,tetracycline=S,vancomycin=S"
Staphylococcus aureus,,"""PN0171"",""PN0171b-S0341"",""SRS11792464""",,PDT001516409.1,2022-12-07T22:44:14Z,Australia: Queensland,"Swab abscess right, groin",clinical,,PDS000127139.1,6.0,,SAMN25295979,GCA_026742555.1,"blaI=COMPLETE,blaZ=COMPLETE,fosB=COMPLETE,glpT_A100V=POINT,glpT_L27F=POINT,mepA=COMPLETE,murA_E291D=POINT,murA_T396N=POINT,tet(38)=COMPLETE",,"ciprofloxacin=S,clindamycin=S,daptomycin=S,erythromycin=S,fusidic acid=S,gentamicin=S,linezolid=S,mupirocin=S,nitrofurantoin=S,oxacillin=S,penicillin=R,rifampin=S,teicoplanin=S,tetracycline=S,vancomycin=S"
Staphylococcus aureus,,"""PN0171"",""PN0171a-S0339"",""SRS11792463""",,PDT001516410.1,2022-12-07T22:44:14Z,Australia: Queensland,"Pus abscess right, groin",clinical,,PDS000127139.1,6.0,,SAMN25295978,GCA_026741755.1,"blaI=COMPLETE,blaI=PARTIAL_END_OF_CONTIG,blaZ=COMPLETE,blaZ=PARTIAL_END_OF_CONTIG,fosB=COMPLETE,glpT_A100V=POINT,glpT_L27F=POINT,mepA=COMPLETE,murA_E291D=POINT,murA_T396N=POINT,tet(38)=COMPLETE",,"ciprofloxacin=S,clindamycin=S,daptomycin=S,erythromycin=S,fusidic acid=S,gentamicin=S,linezolid=S,mupirocin=S,nitrofurantoin=S,oxacillin=S,penicillin=R,rifampin=S,teicoplanin=S,tetracycline=S,vancomycin=S"
Staphylococcus aureus,,"""PN0169"",""PN0169-S0336"",""SRS11792462""",,PDT001516411.1,2022-12-07T22:44:14Z,Australia: Queensland,Swab umbilicus,clinical,,,,,SAMN25295977,GCA_026740455.1,"blaI=COMPLETE,blaR1=COMPLETE,blaZ=COMPLETE,fosB=COMPLETE,mepA=COMPLETE,tet(38)=COMPLETE",,"ciprofloxacin=S,clindamycin=S,daptomycin=S,erythromycin=S,fusidic acid=S,gentamicin=S,linezolid=S,mupirocin=S,nitrofurantoin=S,oxacillin=S,penicillin=R,rifampin=S,teicoplanin=S,tetracycline=S,vancomycin=S"
Staphylococcus aureus,,"""PN0168"",""PN0168-S0335"",""SRS11792461""",,PDT001516412.1,2022-12-07T22:44:14Z,Australia: Queensland,Swab ear,clinical,,,,,SAMN25295976,GCA_026741735.1,"blaI=COMPLETE,blaPC1=COMPLETE,blaR1=COMPLETE,fosB=COMPLETE,glpT_A100V=POINT,glpT_V213I=POINT,mepA=COMPLETE,murA_D278E=POINT,murA_E291D=POINT,tet(38)=COMPLETE",,"ciprofloxacin=S,clindamycin=S,daptomycin=S,erythromycin=S,fusidic acid=S,gentamicin=S,linezolid=S,mupirocin=S,nitrofurantoin=S,oxacillin=S,penicillin=R,rifampin=S,teicoplanin=S,tetracycline=S,vancomycin=S"
Staphylococcus aureus,,"""PN0166"",""PN0166-S0333"",""SRS11792459""",,PDT001516414.1,2022-12-07T22:44:15Z,Australia: Queensland,Swab ring finger,clinical,,,,,SAMN25295974,GCA_026745715.1,"blaI=COMPLETE,blaPC1=COMPLETE,blaR1=COMPLETE,mepA=COMPLETE,tet(38)=COMPLETE",,"ciprofloxacin=S,clindamycin=S,daptomycin=S,erythromycin=S,fusidic acid=S,gentamicin=S,linezolid=S,mupirocin=S,nitrofurantoin=S,oxacillin=S,penicillin=R,rifampin=S,teicoplanin=S,tetracycline=S,vancomycin=S"
Staphylococcus aureus,,"""PN0165"",""PN0165b-S0363"",""SRS11792457""",,PDT001516416.1,2022-12-07T22:44:15Z,Australia: Queensland,Pus abscess axillary,clinical,,PDS000127215.1,3.0,,SAMN25295973,GCA_026742515.1,"blaI=COMPLETE,blaR1=COMPLETE,blaZ=COMPLETE,blaZ=PARTIAL_END_OF_CONTIG,mepA=COMPLETE,tet(38)=COMPLETE",,"ciprofloxacin=S,clindamycin=S,daptomycin=S,erythromycin=S,fusidic acid=S,gentamicin=S,linezolid=S,mupirocin=S,nitrofurantoin=S,oxacillin=S,penicillin=R,rifampin=S,teicoplanin=S,tetracycline=S,vancomycin=S"
Staphylococcus aureus,,"""PN0165"",""PN0165a-S0332"",""SRS11792456""",,PDT001516417.1,2022-12-07T22:44:15Z,Australia: Queensland,"Aspirate abascess right, neck",clinical,,,,,SAMN25295972,GCA_026742535.1,"aac(6')-Ie=HMM,blaI=COMPLETE,blaR1=HMM,blaZ=COMPLETE,dfrB_A135T=POINT,dfrS1=COMPLETE,gyrA_S84L=POINT,mecA=COMPLETE,mecR1=PARTIAL,mepA=COMPLETE,parC_S80F=POINT,tet(38)=COMPLETE",,"ciprofloxacin=R,clindamycin=S,daptomycin=S,erythromycin=S,fusidic acid=S,gentamicin=R,linezolid=S,mupirocin=S,nitrofurantoin=S,oxacillin=R,penicillin=R,rifampin=S,teicoplanin=S,tetracycline=S,vancomycin=S"
Staphylococcus aureus,,"""PN0164"",""PN0164-S0331"",""SRS11792455""",,PDT001516418.1,2022-12-07T22:44:15Z,Australia: Queensland,Swab toe great toe,clinical,,,,,SAMN25295971,GCA_026741715.1,"blaI=COMPLETE,blaR1=COMPLETE,blaZ=COMPLETE,blaZ=PARTIAL_END_OF_CONTIG,fosB=COMPLETE,mepA=COMPLETE,tet(38)=COMPLETE",,"ciprofloxacin=S,clindamycin=S,daptomycin=S,erythromycin=S,fusidic acid=S,gentamicin=S,linezolid=S,mupirocin=S,nitrofurantoin=S,oxacillin=S,penicillin=R,rifampin=S,teicoplanin=S,tetracycline=S,vancomycin=S"
Staphylococcus aureus,,"""PN0157"",""PN0157-S0328"",""SRS11792452""",,PDT001516421.1,2022-12-07T22:44:16Z,Australia: Queensland,Swab abscess right axilla,clinical,,,,,SAMN25295968,GCA_026740435.1,"fusC=COMPLETE,mepA=COMPLETE,tet(38)=COMPLETE",,"ciprofloxacin=S,clindamycin=S,daptomycin=S,erythromycin=S,fusidic acid=R,gentamicin=S,linezolid=S,mupirocin=S,nitrofurantoin=S,oxacillin=S,penicillin=S,rifampin=S,teicoplanin=S,tetracycline=S,vancomycin=S"
Staphylococcus aureus,,"""PN0152"",""PN0152-S0327"",""SRS11792451""",,PDT001516422.1,2022-12-07T22:44:16Z,Australia: Queensland,Swab abscess left lower abdomen,clinical,,,,,SAMN25295967,GCA_026741675.1,"blaI=COMPLETE,blaR1=HMM,blaZ=COMPLETE,fosB=COMPLETE,glpT_A100V=POINT,glpT_L27F=POINT,mepA=COMPLETE,murA_E291D=POINT,murA_T396N=POINT,tet(38)=COMPLETE",,"ciprofloxacin=S,clindamycin=S,daptomycin=S,erythromycin=S,fusidic acid=S,gentamicin=S,linezolid=S,mupirocin=S,nitrofurantoin=S,oxacillin=S,penicillin=R,rifampin=S,teicoplanin=S,tetracycline=S,vancomycin=S"
Staphylococcus aureus,,"""PN0149"",""PN0149-S0326"",""SRS11792450""",,PDT001516423.1,2022-12-07T22:44:16Z,Australia: Queensland,Swab abscess scrotal,clinical,,,,,SAMN25295966,GCA_026741635.1,"fusC=COMPLETE,mepA=COMPLETE,tet(38)=COMPLETE",,"ciprofloxacin=S,clindamycin=S,daptomycin=S,erythromycin=S,fusidic acid=R,gentamicin=S,linezolid=S,mupirocin=S,nitrofurantoin=S,oxacillin=S,penicillin=S,rifampin=S,teicoplanin=S,tetracycline=S,vancomycin=S"
Staphylococcus aureus,,"""PN0142"",""PN0142-S0324"",""SRS11792449""",,PDT001516424.1,2022-12-07T22:44:16Z,Australia: Queensland,Swab wound right scalp,clinical,,,,,SAMN25295965,GCA_026742435.1,"blaI=COMPLETE,blaR1=HMM,blaZ=COMPLETE,fosB=COMPLETE,mepA=COMPLETE,tet(38)=COMPLETE",,"ciprofloxacin=S,clindamycin=S,daptomycin=S,erythromycin=S,fusidic acid=S,gentamicin=S,linezolid=S,mupirocin=S,nitrofurantoin=S,oxacillin=S,penicillin=R,rifampin=S,teicoplanin=S,tetracycline=S,vancomycin=S"
Staphylococcus aureus,,"""PN0141"",""PN0141-S0323"",""SRS11792448""",,PDT001516425.1,2022-12-07T22:44:17Z,Australia: Queensland,"Swab left, foot",clinical,,,,,SAMN25295964,GCA_026740415.1,"blaI=COMPLETE,blaI=PARTIAL_END_OF_CONTIG,blaR1=HMM,blaZ=COMPLETE,fosB=COMPLETE,mepA=COMPLETE,tet(38)=COMPLETE",,"ciprofloxacin=S,clindamycin=S,daptomycin=S,erythromycin=S,fusidic acid=S,gentamicin=S,linezolid=S,mupirocin=S,nitrofurantoin=S,oxacillin=S,penicillin=R,rifampin=S,teicoplanin=S,tetracycline=S,vancomycin=S"
Staphylococcus aureus,,"""PC0018"",""PC0018d-S0298"",""SRS11792447""",,PDT001516426.1,2022-12-07T22:44:17Z,Australia: Queensland,sputum,clinical,,PDS000127172.1,7.0,,SAMN25295667,GCA_026742475.1,"blaI=COMPLETE,blaR1=PARTIAL_END_OF_CONTIG,blaZ=COMPLETE,fosB=COMPLETE,mepA=COMPLETE,tet(38)=COMPLETE",,"ciprofloxacin=S,clindamycin=S,daptomycin=S,erythromycin=S,fusidic acid=S,gentamicin=S,linezolid=S,mupirocin=S,nitrofurantoin=S,oxacillin=S,penicillin=R,rifampin=S,teicoplanin=S,tetracycline=S,vancomycin=S"
Staphylococcus aureus,,"""PN0140"",""PN0140-S0322"",""SRS11792446""",,PDT001516427.1,2022-12-07T22:44:17Z,Australia: Queensland,Swab right ear,clinical,,,,,SAMN25295963,GCA_026741615.1,"blaI=COMPLETE,blaR1=COMPLETE,blaZ=COMPLETE,blaZ=PARTIAL_END_OF_CONTIG,fosB=PARTIAL,mepA=COMPLETE,tet(38)=COMPLETE",,"ciprofloxacin=S,clindamycin=S,daptomycin=S,erythromycin=S,fusidic acid=S,gentamicin=S,linezolid=S,mupirocin=S,nitrofurantoin=S,oxacillin=S,penicillin=R,rifampin=S,teicoplanin=S,tetracycline=S,vancomycin=S"
Staphylococcus aureus,,"""PN0135"",""PN0135-S0321"",""SRS11792445""",,PDT001516428.1,2022-12-07T22:44:17Z,Australia: Queensland,aspirate,clinical,,,,,SAMN25295962,GCA_026740395.1,"fosB=COMPLETE,glpT_A100V=POINT,glpT_V213I=POINT,mepA=COMPLETE,murA_D278E=POINT,murA_E291D=POINT,tet(38)=COMPLETE",,"ciprofloxacin=S,clindamycin=S,daptomycin=S,erythromycin=S,fusidic acid=S,gentamicin=S,linezolid=S,mupirocin=S,nitrofurantoin=S,oxacillin=S,penicillin=S,rifampin=S,teicoplanin=S,tetracycline=S,vancomycin=S"
Staphylococcus aureus,,"""PN0130"",""PN0130-S0319"",""SRS11792443""",,PDT001516430.1,2022-12-07T22:44:18Z,Australia: Queensland,Swab abscess jaw,clinical,,,,,SAMN25295960,GCA_026741655.1,"blaI=COMPLETE,blaR1=COMPLETE,blaZ=COMPLETE,fusC=COMPLETE,mepA=COMPLETE,mupA=COMPLETE,tet(38)=COMPLETE",,"ciprofloxacin=S,clindamycin=S,daptomycin=S,erythromycin=S,fusidic acid=R,gentamicin=S,linezolid=S,mupirocin=R,nitrofurantoin=S,oxacillin=S,penicillin=R,rifampin=S,teicoplanin=S,tetracycline=S,vancomycin=S"
Staphylococcus aureus,,"""PN0125"",""PN0125-S0318"",""SRS11792442""",,PDT001516431.1,2022-12-07T22:44:18Z,Australia: Queensland,Swab central venous line,clinical,,,,,SAMN25295959,GCA_026740375.1,"fosB=COMPLETE,mepA=COMPLETE,tet(38)=COMPLETE",,"ciprofloxacin=S,clindamycin=S,daptomycin=S,erythromycin=S,fusidic acid=S,gentamicin=S,linezolid=S,mupirocin=S,nitrofurantoin=S,oxacillin=S,penicillin=S,rifampin=S,teicoplanin=S,tetracycline=S,vancomycin=S"
Staphylococcus aureus,,"""PC0150"",""PC0150-S0150"",""SRS11792435""",,PDT001516438.1,2022-12-07T22:44:19Z,Australia: Queensland,sputum,clinical,,,,,SAMN25295877,GCA_026740355.1,"blaI=COMPLETE,blaR1=COMPLETE,blaZ=COMPLETE,blaZ=PARTIAL_END_OF_CONTIG,fosB=COMPLETE,mepA=COMPLETE,tet(38)=COMPLETE",,"ciprofloxacin=S,clindamycin=S,daptomycin=S,erythromycin=S,fusidic acid=S,linezolid=S,mupirocin=S,nitrofurantoin=S,oxacillin=S,penicillin=R,rifampin=S,teicoplanin=S,tetracycline=S,vancomycin=S"
Staphylococcus aureus,,"""PC0148"",""PC0148-S0148"",""SRS11792434""",,PDT001516439.1,2022-12-07T22:44:20Z,Australia: Queensland,sputum,clinical,,,,,SAMN25295876,GCA_026742495.1,"blaI=COMPLETE,blaPC1=COMPLETE,blaR1=COMPLETE,fosB=COMPLETE,glpT_A100V=POINT,glpT_V213I=POINT,mepA=COMPLETE,murA_D278E=POINT,murA_E291D=POINT,tet(38)=COMPLETE",,"ciprofloxacin=S,clindamycin=S,daptomycin=S,erythromycin=S,fusidic acid=S,gentamicin=S,linezolid=S,mupirocin=S,nitrofurantoin=R,oxacillin=S,penicillin=R,rifampin=S,teicoplanin=S,tetracycline=S,vancomycin=S"
Staphylococcus aureus,,"""PC0147"",""PC0147-S0147"",""SRS11792433""",,PDT001516440.1,2022-12-07T22:44:20Z,Australia: Queensland,sputum,clinical,,,,,SAMN25295875,GCA_026742375.1,"aadD1=COMPLETE,blaI=COMPLETE,blaZ=COMPLETE,fosB=COMPLETE,mepA=COMPLETE,tet(38)=COMPLETE",,"ciprofloxacin=S,clindamycin=S,daptomycin=S,erythromycin=S,fusidic acid=S,gentamicin=S,linezolid=S,mupirocin=S,nitrofurantoin=S,oxacillin=S,penicillin=R,rifampin=S,teicoplanin=S,tetracycline=S,vancomycin=S"
Staphylococcus aureus,,"""PC0015"",""PC0015a-S0015"",""SRS11792431""",,PDT001516442.1,2022-12-07T22:44:20Z,Australia: Queensland,sputum,clinical,,PDS000127173.1,10.0,,SAMN25295658,GCA_026741575.1,"aadD1=COMPLETE,bla=HMM,blaI=COMPLETE,blaR1=COMPLETE,blaR1=PARTIAL_END_OF_CONTIG,blaZ=COMPLETE,blaZ=PARTIAL_END_OF_CONTIG,bleO=COMPLETE,fosB=COMPLETE,mepA=COMPLETE,tet(38)=COMPLETE",,"ciprofloxacin=S,clindamycin=S,daptomycin=S,erythromycin=S,fusidic acid=S,gentamicin=S,linezolid=S,mupirocin=S,nitrofurantoin=S,oxacillin=S,penicillin=R,rifampin=S,teicoplanin=S,tetracycline=S,vancomycin=S"
Staphylococcus aureus,,"""PC0143"",""PC0143-S0143"",""SRS11792428""",,PDT001516445.1,2022-12-07T22:44:21Z,Australia: Queensland,sputum,clinical,,,,,SAMN25295871,GCA_026744405.1,"mepA=COMPLETE,tet(38)=COMPLETE",,"ciprofloxacin=S,clindamycin=S,daptomycin=S,erythromycin=S,fusidic acid=S,gentamicin=S,linezolid=S,mupirocin=S,nitrofurantoin=S,oxacillin=S,penicillin=S,rifampin=S,teicoplanin=S,tetracycline=S,vancomycin=S"
Staphylococcus aureus,,"""PC0138"",""PC0138b-S0244"",""SRS11792426""",,PDT001516447.1,2022-12-07T22:44:21Z,Australia: Queensland,Swab (Sputum),clinical,,,,,SAMN25295869,GCA_026741555.1,"blaI=COMPLETE,blaR1=HMM,blaZ=COMPLETE,fosB=COMPLETE,mepA=COMPLETE,tet(38)=COMPLETE",,"ciprofloxacin=S,clindamycin=S,daptomycin=S,erythromycin=S,fusidic acid=S,gentamicin=S,linezolid=S,mupirocin=S,nitrofurantoin=S,oxacillin=S,penicillin=R,rifampin=S,teicoplanin=S,tetracycline=S,vancomycin=S"
Staphylococcus aureus,,"""PC0014"",""PC0014-S0014"",""SRS11792420""",,PDT001516453.1,2022-12-07T22:44:22Z,Australia: Queensland,sputum,clinical,,,,,SAMN25295657,GCA_026741535.1,"blaI=COMPLETE,blaPC1=COMPLETE,blaR1=PARTIAL_END_OF_CONTIG,fosB=COMPLETE,glpT_A100V=POINT,glpT_V213I=POINT,mepA=COMPLETE,murA_D278E=POINT,murA_E291D=POINT,tet(38)=COMPLETE",,"ciprofloxacin=S,clindamycin=S,daptomycin=S,erythromycin=S,fusidic acid=S,gentamicin=S,linezolid=S,mupirocin=S,nitrofurantoin=S,oxacillin=S,penicillin=R,rifampin=S,teicoplanin=S,tetracycline=S,vancomycin=S"
Staphylococcus aureus,,"""PC0132"",""PC0132b-S0304"",""SRS11792418""",,PDT001516455.1,2022-12-07T22:44:22Z,Australia: Queensland,sputum,clinical,,,,,SAMN25295862,GCA_026741475.1,"blaI=COMPLETE,blaR1=PARTIAL_END_OF_CONTIG,blaZ=COMPLETE,fosB=COMPLETE,fosB=PARTIAL_END_OF_CONTIG,mepA=COMPLETE,tet(38)=COMPLETE",,"ciprofloxacin=S,clindamycin=S,daptomycin=S,erythromycin=S,fusidic acid=S,gentamicin=S,linezolid=S,mupirocin=S,nitrofurantoin=S,oxacillin=S,penicillin=R,rifampin=S,teicoplanin=S,tetracycline=S,vancomycin=S"
Staphylococcus aureus,,"""PC0128"",""PC0128b-S0164"",""SRS11792415""",,PDT001516458.1,2022-12-07T22:44:23Z,Australia: Queensland,Swab (Sputum),clinical,,,,,SAMN25295859,GCA_026741495.1,"fosB=COMPLETE,mepA=COMPLETE,tet(38)=COMPLETE",,"ciprofloxacin=S,clindamycin=S,daptomycin=S,erythromycin=S,fusidic acid=S,gentamicin=S,linezolid=S,mupirocin=S,nitrofurantoin=S,oxacillin=S,penicillin=S,rifampin=S,teicoplanin=S,tetracycline=S,vancomycin=S"
Staphylococcus aureus,,"""PC0072"",""PC0072-S0072"",""SRS11792413""",,PDT001516460.1,2022-12-07T22:44:23Z,Australia: Queensland,Swab (Sputum),clinical,,,,,SAMN25295782,GCA_026741455.1,"blaI=COMPLETE,blaR1=HMM,blaZ=PARTIAL_END_OF_CONTIG,fosB=COMPLETE,mepA=COMPLETE,tet(38)=COMPLETE",,"ciprofloxacin=S,clindamycin=S,daptomycin=S,erythromycin=S,fusidic acid=S,gentamicin=S,linezolid=S,mupirocin=S,nitrofurantoin=S,oxacillin=S,penicillin=R,rifampin=S,teicoplanin=S,tetracycline=S,vancomycin=S"
Staphylococcus aureus,,"""PC0071"",""PC0071b-S0259"",""SRS11792412""",,PDT001516461.1,2022-12-07T22:44:23Z,Australia: Queensland,Swab (Sputum),clinical,,PDS000127156.1,10.0,,SAMN25295781,GCA_026740335.1,"blaI=COMPLETE,blaR1=HMM,blaZ=COMPLETE,fosB=COMPLETE,mepA=COMPLETE,tet(38)=COMPLETE",,"ciprofloxacin=S,clindamycin=S,daptomycin=S,erythromycin=S,fusidic acid=S,gentamicin=S,linezolid=S,mupirocin=S,nitrofurantoin=S,oxacillin=S,penicillin=R,rifampin=S,teicoplanin=S,tetracycline=S,vancomycin=S"
Staphylococcus aureus,,"""PC0071"",""PC0071a-S0071"",""SRS11792411""",,PDT001516462.1,2022-12-07T22:44:23Z,Australia: Queensland,Swab (Sputum),clinical,,PDS000127156.1,10.0,,SAMN25295780,GCA_026742345.1,"blaI=COMPLETE,blaR1=HMM,blaZ=COMPLETE,fosB=COMPLETE,mepA=COMPLETE,tet(38)=COMPLETE",,"ciprofloxacin=S,clindamycin=S,daptomycin=S,erythromycin=S,fusidic acid=S,gentamicin=S,linezolid=S,mupirocin=S,nitrofurantoin=S,oxacillin=S,penicillin=R,rifampin=S,teicoplanin=S,tetracycline=S,vancomycin=S"
Staphylococcus aureus,,"""PC0070"",""PC0070a-S0070"",""SRS11792409""",,PDT001516464.1,2022-12-07T22:44:24Z,Australia: Queensland,Swab (Sputum),clinical,,,,,SAMN25295778,GCA_026742275.1,"blaI=COMPLETE,blaR1=COMPLETE,blaZ=COMPLETE,fosB=COMPLETE,mepA=COMPLETE,tet(38)=COMPLETE",,"ciprofloxacin=S,clindamycin=S,daptomycin=S,erythromycin=S,fusidic acid=S,gentamicin=S,linezolid=S,mupirocin=S,nitrofurantoin=S,oxacillin=S,penicillin=R,rifampin=S,teicoplanin=S,tetracycline=S,vancomycin=S"
Staphylococcus aureus,,"""PC0067"",""PC0067-S0287"",""SRS11792400""",,PDT001516473.1,2022-12-07T22:44:25Z,Australia: Queensland,Swab (Sputum),clinical,,,,,SAMN25295770,GCA_026741375.1,"blaI=COMPLETE,blaPC1=COMPLETE,blaR1=COMPLETE,fosB=COMPLETE,glpT_A100V=POINT,glpT_V213I=POINT,mepA=COMPLETE,murA_D278E=POINT,murA_E291D=POINT,tet(38)=COMPLETE",,"ciprofloxacin=S,clindamycin=S,daptomycin=S,erythromycin=S,fusidic acid=S,gentamicin=S,linezolid=S,mupirocin=S,nitrofurantoin=S,oxacillin=S,penicillin=R,rifampin=S,teicoplanin=S,tetracycline=S,vancomycin=S"
Staphylococcus aureus,,"""PC0066"",""PC0066-S0066"",""SRS11792399""",,PDT001516474.1,2022-12-07T22:44:26Z,Australia: Queensland,Swab (Sputum),clinical,,,,,SAMN25295769,GCA_026741415.1,"blaI=COMPLETE,blaR1=COMPLETE,blaZ=COMPLETE,blaZ=PARTIAL_END_OF_CONTIG,mepA=COMPLETE,tet(38)=COMPLETE",,"ciprofloxacin=S,clindamycin=S,daptomycin=S,erythromycin=S,fusidic acid=S,gentamicin=S,linezolid=S,mupirocin=S,nitrofurantoin=S,oxacillin=S,penicillin=R,rifampin=S,teicoplanin=S,tetracycline=S,vancomycin=S"
Staphylococcus aureus,,"""PC0065"",""PC0065-S0065"",""SRS11792398""",,PDT001516475.1,2022-12-07T22:44:26Z,Australia: Queensland,Swab (Sputum),clinical,,PDS000134439.1,38.0,,SAMN25295768,GCA_026740295.1,"blaI=COMPLETE,blaR1=COMPLETE,blaZ=COMPLETE,fusC=COMPLETE,mepA=COMPLETE,mupA=COMPLETE,tet(38)=COMPLETE",,"ciprofloxacin=S,clindamycin=S,daptomycin=S,erythromycin=S,fusidic acid=S,gentamicin=S,linezolid=S,mupirocin=R,nitrofurantoin=S,oxacillin=S,penicillin=R,rifampin=S,teicoplanin=S,tetracycline=S,vancomycin=S"
Staphylococcus aureus,,"""PC0063"",""PC0063-S0063"",""SRS11792396""",,PDT001516477.1,2022-12-07T22:44:26Z,Australia: Queensland,Swab (Sputum),clinical,,,,,SAMN25295766,GCA_026740315.1,"blaI=COMPLETE,blaR1=COMPLETE,blaZ=COMPLETE,blaZ=PARTIAL_END_OF_CONTIG,fosB=COMPLETE,mepA=COMPLETE,tet(38)=COMPLETE",,"ciprofloxacin=S,clindamycin=S,daptomycin=S,erythromycin=S,fusidic acid=S,gentamicin=S,linezolid=S,mupirocin=S,nitrofurantoin=S,oxacillin=S,penicillin=R,rifampin=S,teicoplanin=S,tetracycline=S,vancomycin=S"
Staphylococcus aureus,,"""PC0062"",""PC0062-S0062"",""SRS11792395""",,PDT001516478.1,2022-12-07T22:44:26Z,Australia: Queensland,sputum,clinical,,,,,SAMN25295765,GCA_026741395.1,"fosB=COMPLETE,mepA=COMPLETE,murA_G257D=POINT,tet(38)=COMPLETE",,"ciprofloxacin=S,clindamycin=S,daptomycin=S,erythromycin=S,fusidic acid=S,gentamicin=S,linezolid=S,mupirocin=S,nitrofurantoin=S,oxacillin=S,penicillin=S,rifampin=S,teicoplanin=S,tetracycline=S,vancomycin=S"
Staphylococcus aureus,,"""PC0007"",""PC0007a-S0007"",""SRS11792393""",,PDT001516480.1,2022-12-07T22:44:27Z,Australia: Queensland,sputum,clinical,,,,,SAMN25295647,GCA_026741275.1,"blaI=COMPLETE,blaR1=COMPLETE,blaZ=COMPLETE,blaZ=PARTIAL_END_OF_CONTIG,fosB=COMPLETE,mepA=COMPLETE,tet(38)=COMPLETE",,"ciprofloxacin=S,clindamycin=S,daptomycin=S,erythromycin=S,fusidic acid=S,gentamicin=S,linezolid=S,mupirocin=S,nitrofurantoin=S,oxacillin=S,penicillin=R,rifampin=S,teicoplanin=S,tetracycline=S,vancomycin=S"
Staphylococcus aureus,,"""PC0058"",""PC0058d-S0400"",""SRS11792386""",,PDT001516487.1,2022-12-07T22:44:28Z,Australia: Queensland,sputum,clinical,,PDS000127227.1,11.0,,SAMN25295757,GCA_026742295.1,"aadD1=COMPLETE,blaI=MISTRANSLATION,blaR1=MISTRANSLATION,blaZ=COMPLETE,lnu(A)=COMPLETE,mepA=COMPLETE,tet(38)=COMPLETE,tet(K)=COMPLETE",,"ciprofloxacin=S,clindamycin=S,daptomycin=S,erythromycin=S,fusidic acid=S,gentamicin=S,linezolid=S,mupirocin=S,nitrofurantoin=S,oxacillin=S,penicillin=R,rifampin=S,teicoplanin=R,tetracycline=S,vancomycin=S"
Staphylococcus aureus,,"""PC0058"",""PC0058b-S0083"",""SRS11792384""",,PDT001516489.1,2022-12-07T22:44:28Z,Australia: Queensland,sputum,clinical,,PDS000127227.1,10.0,,SAMN25295755,GCA_026741295.1,"aadD1=COMPLETE,blaI=MISTRANSLATION,blaR1=MISTRANSLATION,blaZ=COMPLETE,lnu(A)=COMPLETE,mepA=COMPLETE,tet(38)=COMPLETE",,"ciprofloxacin=S,clindamycin=S,daptomycin=S,erythromycin=S,fusidic acid=S,gentamicin=S,linezolid=S,mupirocin=S,nitrofurantoin=S,oxacillin=S,penicillin=R,rifampin=S,teicoplanin=S,tetracycline=S,vancomycin=S"
Staphylococcus aureus,,"""PC0058"",""PC0058aiii-S0224"",""SRS11792383""",,PDT001516490.1,2022-12-07T22:44:28Z,Australia: Queensland,sputum,clinical,,PDS000127227.1,6.0,,SAMN25295754,GCA_026741315.1,"aadD1=COMPLETE,blaI=COMPLETE,blaR1=MISTRANSLATION,blaZ=COMPLETE,lnu(A)=COMPLETE,mepA=COMPLETE,tet(38)=COMPLETE,tet(K)=COMPLETE",,"ciprofloxacin=S,clindamycin=S,erythromycin=S,fusidic acid=S,gentamicin=R,oxacillin=S,penicillin=R,tetracycline=R,vancomycin=S"
Staphylococcus aureus,,"""PC0006"",""PC0006-S0006"",""SRS11792382""",,PDT001516491.1,2022-12-07T22:44:29Z,Australia: Queensland,sputum,clinical,,,,,SAMN25295646,GCA_026742215.1,"blaI=COMPLETE,blaR1=COMPLETE,blaZ=COMPLETE,fosB=COMPLETE,mepA=COMPLETE,tet(38)=COMPLETE",,"ciprofloxacin=S,clindamycin=S,daptomycin=S,erythromycin=S,fusidic acid=S,gentamicin=S,linezolid=S,mupirocin=S,nitrofurantoin=S,oxacillin=S,penicillin=R,rifampin=S,teicoplanin=S,tetracycline=S,vancomycin=S"
Staphylococcus aureus,,"""PC0058"",""PC0058aii-S0225"",""SRS11792381""",,PDT001516492.1,2022-12-07T22:44:29Z,Australia: Queensland,sputum,clinical,,PDS000127160.1,9.0,,SAMN25295753,GCA_026741255.1,"blaI=COMPLETE,blaZ=COMPLETE,fosB=COMPLETE,mepA=COMPLETE,tet(38)=COMPLETE",,"ciprofloxacin=S,clindamycin=S,erythromycin=S,fusidic acid=S,gentamicin=R,oxacillin=S,penicillin=R,tetracycline=R,vancomycin=S"
Staphylococcus aureus,,"""PC0058"",""PC0058ai-S0058"",""SRS11792380""",,PDT001516493.1,2022-12-07T22:44:29Z,Australia: Queensland,sputum,clinical,,PDS000127227.1,6.0,,SAMN25295752,GCA_026740255.1,"aadD1=COMPLETE,blaI=COMPLETE,blaR1=MISTRANSLATION,blaZ=COMPLETE,lnu(A)=COMPLETE,mepA=COMPLETE,tet(38)=COMPLETE,tet(K)=COMPLETE",,"ciprofloxacin=S,clindamycin=S,erythromycin=S,fusidic acid=S,gentamicin=R,oxacillin=S,penicillin=R,tetracycline=R,vancomycin=S"
Staphylococcus aureus,,"""PC0057"",""PC0057c-S0299"",""SRS11792379""",,PDT001516494.1,2022-12-07T22:44:29Z,Australia: Queensland,sputum,clinical,,PDS000127161.1,10.0,,SAMN25295751,GCA_026742195.1,"blaI=COMPLETE,blaR1=COMPLETE,blaZ=COMPLETE,blaZ=PARTIAL_END_OF_CONTIG,fosB=PARTIAL,mepA=COMPLETE,tet(38)=COMPLETE",,"ciprofloxacin=S,clindamycin=S,daptomycin=S,erythromycin=S,fusidic acid=S,gentamicin=S,linezolid=S,mupirocin=S,nitrofurantoin=S,oxacillin=S,penicillin=R,rifampin=S,teicoplanin=S,tetracycline=S,vancomycin=S"
Staphylococcus aureus,,"""PC0057"",""PC0057a-S0057"",""SRS11792377""",,PDT001516496.1,2022-12-07T22:44:29Z,Australia: Queensland,sputum,clinical,,PDS000127161.1,10.0,,SAMN25295749,GCA_026742175.1,"blaI=COMPLETE,blaR1=COMPLETE,blaZ=COMPLETE,blaZ=PARTIAL_END_OF_CONTIG,fosB=PARTIAL,mepA=COMPLETE,tet(38)=COMPLETE",,"ciprofloxacin=S,clindamycin=S,daptomycin=S,erythromycin=S,fusidic acid=S,gentamicin=S,linezolid=S,mupirocin=S,nitrofurantoin=S,oxacillin=S,penicillin=R,rifampin=S,teicoplanin=S,tetracycline=S,vancomycin=S"
Staphylococcus aureus,,"""PC0056"",""PC0056a-S0056"",""SRS11792375""",,PDT001516498.1,2022-12-07T22:44:30Z,Australia: Queensland,sputum,clinical,,,,,SAMN25295747,GCA_026741235.1,"blaI=COMPLETE,blaPC1=COMPLETE,blaR1=PARTIAL_END_OF_CONTIG,glpT_A100V=POINT,mepA=COMPLETE,murA_E291D=POINT,murA_T396N=POINT,tet(38)=COMPLETE",,"ciprofloxacin=S,clindamycin=S,daptomycin=S,erythromycin=S,fusidic acid=S,gentamicin=S,linezolid=S,mupirocin=S,nitrofurantoin=S,oxacillin=S,penicillin=R,rifampin=S,teicoplanin=S,tetracycline=S,vancomycin=S"
Staphylococcus aureus,,"""PC0055"",""PC0055-S0055"",""SRS11792374""",,PDT001516499.1,2022-12-07T22:44:30Z,Australia: Queensland,sputum,clinical,,,,,SAMN25295746,GCA_026740155.1,"mepA=COMPLETE,tet(38)=COMPLETE",,"ciprofloxacin=S,clindamycin=S,daptomycin=S,erythromycin=S,fusidic acid=S,gentamicin=S,linezolid=S,mupirocin=S,nitrofurantoin=S,oxacillin=S,penicillin=S,rifampin=S,teicoplanin=S,tetracycline=S,vancomycin=S"
Staphylococcus aureus,,"""PC0053"",""PC0053-S0053"",""SRS11792372""",,PDT001516501.1,2022-12-07T22:44:30Z,Australia: Queensland,sputum,clinical,,,,,SAMN25295744,GCA_026742135.1,"ant(6)-Ia=PARTIAL,aph(3')-IIIa=COMPLETE,glpT_A100V=POINT,mepA=COMPLETE,murA_E291D=POINT,murA_T396N=POINT,sat4=COMPLETE,tet(38)=COMPLETE",,"ciprofloxacin=S,daptomycin=S,erythromycin=S,fusidic acid=S,gentamicin=S,linezolid=S,mupirocin=S,nitrofurantoin=S,oxacillin=S,penicillin=R,rifampin=S,teicoplanin=S,tetracycline=S,vancomycin=S"
Staphylococcus aureus,,"""PC0052"",""PC0052-S0052"",""SRS11792370""",,PDT001516503.1,2022-12-07T22:44:31Z,Australia: Queensland,Swab (Maxillary Sinus),clinical,,,,,SAMN25295743,GCA_026744425.1,"blaI=PARTIAL,blaR1=COMPLETE,blaZ=COMPLETE,fosB=COMPLETE,mepA=COMPLETE,tet(38)=COMPLETE",,"ciprofloxacin=S,clindamycin=S,daptomycin=S,erythromycin=S,fusidic acid=S,gentamicin=S,linezolid=S,mupirocin=S,nitrofurantoin=S,oxacillin=S,penicillin=R,rifampin=S,teicoplanin=S,tetracycline=S,vancomycin=S"
Staphylococcus aureus,,"""PC0051"",""PC0051b-S0069"",""SRS11792369""",,PDT001516504.1,2022-12-07T22:44:31Z,Australia: Queensland,sputum,clinical,,,,,SAMN25295742,GCA_026741215.1,"blaZ=COMPLETE,catA=COMPLETE,dfrB_A135T=POINT,mepA=COMPLETE,tet(38)=COMPLETE",,"ciprofloxacin=S,clindamycin=S,daptomycin=S,erythromycin=S,fusidic acid=S,gentamicin=S,linezolid=S,mupirocin=S,nitrofurantoin=S,oxacillin=S,penicillin=R,rifampin=S,teicoplanin=S,tetracycline=S,vancomycin=S"
Staphylococcus aureus,,"""PC0051"",""PC0051a-S0051"",""SRS11792368""",,PDT001516505.1,2022-12-07T22:44:31Z,Australia: Queensland,sputum,clinical,,,,,SAMN25295741,GCA_026741195.1,"blaZ=COMPLETE,dfrB_A135T=POINT,mepA=COMPLETE,tet(38)=COMPLETE",,"ciprofloxacin=S,clindamycin=S,daptomycin=S,erythromycin=S,fusidic acid=S,gentamicin=S,linezolid=S,mupirocin=S,nitrofurantoin=S,oxacillin=S,penicillin=R,rifampin=S,teicoplanin=S,tetracycline=S,vancomycin=S"
Staphylococcus aureus,,"""PC0050"",""PC0050a-S0050"",""SRS11792366""",,PDT001516507.1,2022-12-07T22:44:31Z,Australia: Queensland,sputum,clinical,,,,,SAMN25295739,GCA_026741175.1,"blaI=COMPLETE,blaR1=COMPLETE,blaZ=COMPLETE,blaZ=PARTIAL_END_OF_CONTIG,mepA=COMPLETE,tet(38)=COMPLETE",,"ciprofloxacin=S,clindamycin=S,daptomycin=S,erythromycin=S,fusidic acid=S,gentamicin=S,linezolid=S,mupirocin=S,nitrofurantoin=S,oxacillin=S,penicillin=R,rifampin=S,teicoplanin=S,tetracycline=S,vancomycin=S"
Staphylococcus aureus,,"""PC0049"",""PC0049c-S0285"",""SRS11792365""",,PDT001516508.1,2022-12-07T22:44:32Z,Australia: Queensland,Swab (Sputum),clinical,,PDS000127162.1,13.0,,SAMN25295738,GCA_026744385.1,"blaI=COMPLETE,blaR1=COMPLETE,blaZ=COMPLETE,blaZ=PARTIAL_END_OF_CONTIG,fosB=COMPLETE,mepA=COMPLETE,tet(38)=COMPLETE",,"ciprofloxacin=S,clindamycin=S,daptomycin=S,erythromycin=S,fusidic acid=S,gentamicin=S,linezolid=S,mupirocin=S,nitrofurantoin=S,oxacillin=S,penicillin=R,rifampin=S,teicoplanin=S,tetracycline=S,vancomycin=S"
Staphylococcus aureus,,"""PC0049"",""PC0049a-S0049"",""SRS11792363""",,PDT001516510.1,2022-12-07T22:44:32Z,Australia: Queensland,sputum,clinical,,PDS000127162.1,13.0,,SAMN25295736,GCA_026740175.1,"blaI=COMPLETE,blaR1=COMPLETE,blaZ=COMPLETE,blaZ=PARTIAL_END_OF_CONTIG,fosB=COMPLETE,mepA=COMPLETE,tet(38)=COMPLETE",,"ciprofloxacin=S,clindamycin=S,daptomycin=S,erythromycin=S,fusidic acid=S,gentamicin=S,linezolid=S,mupirocin=S,nitrofurantoin=S,oxacillin=S,penicillin=R,rifampin=S,teicoplanin=S,tetracycline=S,vancomycin=S"
Staphylococcus aureus,,"""PC0048"",""PC0048b-S0280"",""SRS11792362""",,PDT001516511.1,2022-12-07T22:44:32Z,Australia: Queensland,Swab (Sputum),clinical,,,,,SAMN25295735,GCA_026741155.1,"blaI=COMPLETE,blaR1=COMPLETE,blaZ=COMPLETE,fosB=COMPLETE,mepA=COMPLETE,tet(38)=COMPLETE",,"ciprofloxacin=S,clindamycin=S,daptomycin=S,erythromycin=S,fusidic acid=S,gentamicin=S,linezolid=S,mupirocin=S,nitrofurantoin=S,oxacillin=S,penicillin=R,rifampin=S,teicoplanin=S,tetracycline=S,vancomycin=S"
Staphylococcus aureus,,"""PC0048"",""PC0048a-S0048"",""SRS11792361""",,PDT001516512.1,2022-12-07T22:44:32Z,Australia: Queensland,Swab (Sputum),clinical,,,,,SAMN25295734,GCA_026744345.1,"blaI=COMPLETE,blaZ=COMPLETE,dfrB_A135T=POINT,gyrA_S84L=POINT,mecA=COMPLETE,mecR1=PARTIAL,mepA=COMPLETE,parC_S80F=POINT,parE_P585S=POINT,tet(38)=COMPLETE",,"ciprofloxacin=R,clindamycin=S,daptomycin=S,erythromycin=S,fusidic acid=S,gentamicin=S,linezolid=S,mupirocin=S,nitrofurantoin=S,oxacillin=R,penicillin=R,rifampin=S,teicoplanin=S,tetracycline=S,vancomycin=S"
Staphylococcus aureus,BSN02,"""BSN02"",""Staphylococcus aureus str BSN02""",,PDT001791592.2,2024-09-16T23:12:41Z,"USA: Detroit, MI",blood,clinical,,,,,SAMN35751151,GCA_030342385.2,"blaI=COMPLETE,blaR1=HMM,blaZ=COMPLETE,fosB=COMPLETE,mepA=COMPLETE,tet(38)=COMPLETE",,"clindamycin=S,erythromycin=S,gentamicin=S,oxacillin=S,penicillin=R,rifampin=S,trimethoprim-sulfamethoxazole=S,vancomycin=S"
Staphylococcus aureus,BSN06,"""BSN06"",""Staphylococcus aureus str BSN06""",,PDT001791595.2,2025-03-27T15:09:43Z,"USA: Detroit, MI",blood,clinical,,,,,SAMN35759097,GCA_030342465.2,"blaI=COMPLETE,blaR1=HMM,blaZ=COMPLETE,fosB=COMPLETE,mepA=COMPLETE,tet(38)=COMPLETE",,"clindamycin=S,erythromycin=S,gentamicin=S,oxacillin=S,penicillin=R,rifampin=S,trimethoprim-sulfamethoxazole=S,vancomycin=S"
Staphylococcus aureus,BSN11,"""BSN11"",""Staphylococcus aureus str BSN11""",,PDT001807326.2,2024-09-16T22:25:33Z,"USA: Detroit, MI",blood,clinical,,,,,SAMN35839467,GCA_030382065.2,"aadD1=COMPLETE,blaI=COMPLETE,blaR1=COMPLETE,blaZ=COMPLETE,fosB=COMPLETE,mepA=COMPLETE,tet(38)=COMPLETE,tet(K)=COMPLETE",,"clindamycin=S,erythromycin=S,gentamicin=S,oxacillin=S,penicillin=R,rifampin=S,trimethoprim-sulfamethoxazole=S,vancomycin=S"
Staphylococcus aureus,BSN13,"""BSN13"",""Staphylococcus aureus str BSN13""",,PDT001807327.2,2024-09-16T22:09:54Z,"USA: Detroit, MI",blood,clinical,,,,,SAMN35839793,GCA_030382055.2,"blaI=COMPLETE,blaR1=COMPLETE,blaZ=COMPLETE,mepA=COMPLETE,tet(38)=COMPLETE",,"clindamycin=S,erythromycin=S,gentamicin=S,oxacillin=S,penicillin=R,rifampin=S,trimethoprim-sulfamethoxazole=S,vancomycin=S"
Staphylococcus aureus,,"""BWH_1341_S_aur"",""SRS18432385""",,PDT001830425.1,2023-07-27T17:49:18Z,USA:Boston,Nasal perirectal swab,clinical,,,,,SAMN36726471,GCA_032338495.1,"blaI=COMPLETE,blaR1=COMPLETE,blaZ=COMPLETE,fosB=COMPLETE,mepA=COMPLETE,tet(38)=COMPLETE",,"ceftaroline=S,ciprofloxacin=S,clindamycin=S,daptomycin=S,erythromycin=S,gentamicin=S,levofloxacin=S,linezolid=S,minocycline=S,moxifloxacin=S,oxacillin=S,rifampin=S,tetracycline=S,tigecycline=S,trimethoprim-sulfamethoxazole=S,vancomycin=S"
Staphylococcus aureus,,"""BWH_1026_S_aur"",""SRS18432378""",,PDT001830432.2,2024-02-21T03:17:23Z,USA:Boston,Nasal perirectal swab,clinical,,,,,SAMN36726465,GCA_032338375.2,"blaI=COMPLETE,blaR1=HMM,blaZ=COMPLETE,glpT_A100V=POINT,mepA=COMPLETE,murA_E291D=POINT,murA_T396N=POINT,tet(38)=COMPLETE",,"ceftaroline=S,ciprofloxacin=S,clindamycin=S,daptomycin=S,erythromycin=S,gentamicin=S,levofloxacin=S,linezolid=S,minocycline=S,moxifloxacin=S,oxacillin=S,rifampin=S,tetracycline=S,tigecycline=S,trimethoprim-sulfamethoxazole=S,vancomycin=S"
Staphylococcus aureus,,"""BWH_912_S_aur"",""SRS18432316""",,PDT001830491.2,2024-02-19T21:56:29Z,USA:Boston,Nasal perirectal swab,clinical,,PDS000154297.3,5.0,,SAMN36726400,GCA_032337675.2,"blaI=COMPLETE,blaPC1=COMPLETE,blaR1=COMPLETE,fosB=COMPLETE,glpT_A100V=POINT,glpT_V213I=POINT,ileS_V588F=POINT,mepA=COMPLETE,murA_D278E=POINT,murA_E291D=POINT,tet(38)=COMPLETE",,"ceftaroline=S,ciprofloxacin=S,clindamycin=S,daptomycin=S,erythromycin=S,gentamicin=S,levofloxacin=S,linezolid=S,minocycline=S,moxifloxacin=S,oxacillin=S,rifampin=S,tetracycline=S,tigecycline=S,trimethoprim-sulfamethoxazole=S,vancomycin=S"
Staphylococcus aureus,,"""BWH_1101_S_aur"",""SRS18432500""",,PDT001830524.2,2023-07-27T17:49:42Z,USA:Boston,Nasal perirectal swab,clinical,,,,,SAMN36726676,GCA_031776595.1,"blaI=COMPLETE,blaR1=HMM,blaZ=COMPLETE,fosB=COMPLETE,mepA=COMPLETE,tet(38)=COMPLETE,tet(M)=COMPLETE",,"ceftaroline=S,ciprofloxacin=S,clindamycin=S,daptomycin=S,erythromycin=S,gentamicin=S,levofloxacin=S,linezolid=S,moxifloxacin=S,oxacillin=S,rifampin=S,tetracycline=R,tigecycline=S,trimethoprim-sulfamethoxazole=S,vancomycin=S"
Staphylococcus aureus,,"""BWH_1097_S_aur"",""SRS18432483""",,PDT001830538.2,2024-02-19T19:59:59Z,USA:Boston,Nasal perirectal swab,clinical,,,,,SAMN36726635,GCA_032336015.2,"blaI=COMPLETE,blaR1=COMPLETE,blaZ=COMPLETE,blaZ=PARTIAL_END_OF_CONTIG,mepA=COMPLETE,tet(38)=COMPLETE",,"ceftaroline=S,ciprofloxacin=S,clindamycin=S,daptomycin=S,erythromycin=S,gentamicin=S,levofloxacin=S,linezolid=S,minocycline=S,moxifloxacin=S,oxacillin=S,rifampin=S,tetracycline=S,tigecycline=S,trimethoprim-sulfamethoxazole=S,vancomycin=S"
Staphylococcus aureus,,"""BWH_1239_S_aur"",""SRS18432475""",,PDT001830546.2,2024-02-07T17:09:23Z,USA:Boston,Nasal perirectal swab,clinical,,,,,SAMN36726628,GCA_032335815.2,"blaI=COMPLETE,blaPC1=COMPLETE,blaR1=COMPLETE,fosB=COMPLETE,glpT_A100V=POINT,glpT_V213I=POINT,mepA=COMPLETE,murA_D278E=POINT,murA_E291D=POINT,tet(38)=COMPLETE",,"ceftaroline=S,ciprofloxacin=S,clindamycin=S,daptomycin=S,erythromycin=S,gentamicin=S,levofloxacin=S,linezolid=S,minocycline=S,moxifloxacin=S,oxacillin=S,rifampin=S,tetracycline=S,tigecycline=S,trimethoprim-sulfamethoxazole=S,vancomycin=S"
Staphylococcus aureus,,"""BWH_1073_S_aur"",""SRS18432453""",,PDT001830567.2,2024-02-21T03:17:24Z,USA:Boston,Nasal perirectal swab,clinical,,PDS000154295.3,0.0,,SAMN36726659,GCA_032335135.2,"dfrB_A135T=POINT,mepA=COMPLETE,tet(38)=COMPLETE",,"ceftaroline=S,ciprofloxacin=S,clindamycin=S,daptomycin=S,erythromycin=S,gentamicin=S,levofloxacin=S,linezolid=S,minocycline=S,moxifloxacin=S,oxacillin=S,rifampin=S,tetracycline=S,tigecycline=S,trimethoprim-sulfamethoxazole=S,vancomycin=S"
Staphylococcus aureus,,"""BWH_819_S_aur"",""SRS18432448""",,PDT001830571.2,2024-02-17T21:02:37Z,USA:Boston,Nasal perirectal swab,clinical,,,,,SAMN36726619,GCA_032334995.2,"blaI=COMPLETE,blaR1=COMPLETE,blaZ=COMPLETE,blaZ=PARTIAL_END_OF_CONTIG,mepA=COMPLETE,tet(38)=COMPLETE",,"ceftaroline=S,ciprofloxacin=S,clindamycin=S,daptomycin=S,erythromycin=S,gentamicin=S,levofloxacin=S,linezolid=S,minocycline=S,moxifloxacin=S,oxacillin=S,rifampin=S,tetracycline=S,tigecycline=S,trimethoprim-sulfamethoxazole=S,vancomycin=S"
Staphylococcus aureus,,"""BWH_1096_S_aur"",""SRS18432443""",,PDT001830576.3,2024-02-04T00:57:03Z,USA:Boston,Nasal perirectal swab,clinical,,,,,SAMN36726650,GCA_031776515.2,"fosB=COMPLETE,mepA=COMPLETE,murA_G257D=POINT,tet(38)=COMPLETE",,"ceftaroline=S,ciprofloxacin=S,clindamycin=S,daptomycin=S,erythromycin=S,gentamicin=S,levofloxacin=S,linezolid=S,minocycline=S,moxifloxacin=S,oxacillin=S,rifampin=S,tetracycline=S,tigecycline=S,trimethoprim-sulfamethoxazole=S,vancomycin=S"
Staphylococcus aureus,,"""BWH_1049_S_aur"",""SRS18432675""",,PDT001830622.3,2024-02-03T12:03:30Z,USA:Boston,Nasal perirectal swab,clinical,,,,,SAMN36727323,GCA_031776535.2,"fosB=COMPLETE,mepA=COMPLETE,murA_G257D=POINT,tet(38)=COMPLETE",,"ceftaroline=S,ciprofloxacin=S,clindamycin=S,daptomycin=S,erythromycin=S,gentamicin=S,levofloxacin=S,linezolid=S,minocycline=S,moxifloxacin=S,oxacillin=S,rifampin=S,tetracycline=S,tigecycline=S,trimethoprim-sulfamethoxazole=S,vancomycin=S"
Staphylococcus aureus,,"""BWH_1028_S_aur"",""SRS18432647""",,PDT001830650.1,2023-07-27T17:50:07Z,USA:Boston,Nasal perirectal swab,clinical,,,,,SAMN36727337,GCA_032333755.1,"fosB=COMPLETE,mepA=COMPLETE,tet(38)=COMPLETE",,"ceftaroline=S,ciprofloxacin=S,clindamycin=S,daptomycin=S,erythromycin=S,gentamicin=S,levofloxacin=S,linezolid=S,minocycline=S,moxifloxacin=S,oxacillin=S,rifampin=S,tetracycline=S,tigecycline=S,trimethoprim-sulfamethoxazole=S,vancomycin=S"
Staphylococcus aureus,,"""BWH_911_S_aur"",""SRS18432681""",,PDT001830660.2,2024-02-17T07:04:50Z,USA:Boston,Nasal perirectal swab,clinical,,,,,SAMN36727328,GCA_032333595.2,"mepA=COMPLETE,tet(38)=COMPLETE",,"ceftaroline=S,ciprofloxacin=S,clindamycin=S,daptomycin=S,erythromycin=S,gentamicin=S,levofloxacin=S,linezolid=S,minocycline=S,moxifloxacin=S,oxacillin=S,rifampin=S,tetracycline=S,tigecycline=S,trimethoprim-sulfamethoxazole=S,vancomycin=S"
Staphylococcus aureus,,"""BWH_1219_S_aur"",""SRS18433910""",,PDT001830757.2,2024-02-18T00:57:29Z,USA:Boston,Nasal perirectal swab,clinical,,,,,SAMN36729165,GCA_032332295.2,"blaI=COMPLETE,blaR1=COMPLETE,blaZ=COMPLETE,blaZ=PARTIAL_END_OF_CONTIG,glpT_A100V=POINT,mepA=COMPLETE,murA_E291D=POINT,murA_T396N=POINT,tet(38)=COMPLETE",,"ceftaroline=S,ciprofloxacin=S,clindamycin=S,daptomycin=S,erythromycin=S,gentamicin=S,levofloxacin=S,linezolid=S,minocycline=S,moxifloxacin=S,oxacillin=S,rifampin=S,tetracycline=S,tigecycline=S,trimethoprim-sulfamethoxazole=S,vancomycin=S"
Staphylococcus aureus,,"""BWH_868_S_aur"",""SRS18433863""",,PDT001830800.2,2024-02-17T13:16:02Z,USA:Boston,Nasal perirectal swab,clinical,,,,,SAMN36728942,GCA_032331755.2,"blaI=COMPLETE,blaR1=COMPLETE,blaZ=COMPLETE,blaZ=PARTIAL_END_OF_CONTIG,fosB=COMPLETE,mepA=COMPLETE,murA_G257D=POINT,tet(38)=COMPLETE",,"ceftaroline=S,ciprofloxacin=S,clindamycin=S,daptomycin=S,erythromycin=S,gentamicin=S,levofloxacin=S,linezolid=S,minocycline=S,moxifloxacin=S,oxacillin=S,rifampin=S,tetracycline=S,tigecycline=S,trimethoprim-sulfamethoxazole=S,vancomycin=S"
Staphylococcus aureus,,"""BWH_980_S_aur"",""SRS18433843""",,PDT001830817.2,2024-02-19T17:04:24Z,USA:Boston,Nasal perirectal swab,clinical,,,,,SAMN36728920,GCA_032331495.2,"fosB=COMPLETE,mepA=COMPLETE,murA_G257D=POINT,tet(38)=COMPLETE",,"ceftaroline=S,ciprofloxacin=S,clindamycin=S,daptomycin=S,erythromycin=S,gentamicin=S,levofloxacin=S,linezolid=S,minocycline=S,moxifloxacin=S,oxacillin=S,rifampin=S,tetracycline=S,tigecycline=S,trimethoprim-sulfamethoxazole=S,vancomycin=S"
Staphylococcus aureus,,"""BWH_799_S_aur"",""SRS18433826""",,PDT001830832.2,2024-02-18T15:17:41Z,USA:Boston,Nasal perirectal swab,clinical,,,,,SAMN36729176,GCA_032331355.2,"blaI=COMPLETE,blaR1=COMPLETE,blaZ=COMPLETE,blaZ=PARTIAL_END_OF_CONTIG,fosB=COMPLETE,mepA=COMPLETE,tet(38)=COMPLETE",,"ceftaroline=S,ciprofloxacin=S,clindamycin=S,daptomycin=S,erythromycin=S,gentamicin=S,levofloxacin=S,linezolid=S,minocycline=S,moxifloxacin=S,oxacillin=S,rifampin=S,tetracycline=S,tigecycline=S,trimethoprim-sulfamethoxazole=S,vancomycin=S"
Staphylococcus aureus,,"""BWH_800_S_aur"",""SRS18433753""",,PDT001830903.2,2024-02-04T20:07:20Z,USA:Boston,Nasal perirectal swab,clinical,,,,,SAMN36728898,GCA_032330295.2,"blaI=COMPLETE,blaR1=MISTRANSLATION,blaZ=COMPLETE,blaZ=PARTIAL_END_OF_CONTIG,fosB=COMPLETE,mepA=COMPLETE,murA_G257D=POINT,tet(38)=COMPLETE",,"ceftaroline=S,ciprofloxacin=S,clindamycin=S,daptomycin=S,erythromycin=S,gentamicin=S,levofloxacin=S,linezolid=S,minocycline=S,moxifloxacin=S,oxacillin=S,rifampin=S,tetracycline=S,tigecycline=S,trimethoprim-sulfamethoxazole=S,vancomycin=S"
Staphylococcus aureus,,"""BWH_934_S_aur"",""SRS18433745""",,PDT001830908.2,2024-02-19T04:57:01Z,USA:Boston,Nasal perirectal swab,clinical,,,,,SAMN36728964,GCA_032330275.2,"fosB=PARTIAL,mepA=COMPLETE,tet(38)=COMPLETE",,"ceftaroline=S,ciprofloxacin=S,clindamycin=S,daptomycin=S,erythromycin=S,gentamicin=S,levofloxacin=S,linezolid=S,minocycline=S,moxifloxacin=S,oxacillin=S,rifampin=S,tetracycline=S,tigecycline=S,trimethoprim-sulfamethoxazole=S,vancomycin=S"
Staphylococcus aureus,,"""BWH_866_S_aur"",""SRS18433874""",,PDT001830921.2,2024-02-07T17:09:25Z,USA:Boston,Nasal perirectal swab,clinical,,PDS000154297.3,5.0,,SAMN36728952,GCA_032330075.2,"blaI=COMPLETE,blaPC1=COMPLETE,blaR1=COMPLETE,fosB=COMPLETE,glpT_A100V=POINT,glpT_V213I=POINT,ileS_V588F=POINT,mepA=COMPLETE,murA_D278E=POINT,murA_E291D=POINT,tet(38)=COMPLETE",,"ceftaroline=S,ciprofloxacin=S,clindamycin=S,daptomycin=S,erythromycin=S,gentamicin=S,levofloxacin=S,linezolid=S,minocycline=S,moxifloxacin=S,oxacillin=S,rifampin=S,tetracycline=S,tigecycline=S,trimethoprim-sulfamethoxazole=S,vancomycin=S"
Staphylococcus aureus,,"""BWH_775_S_aur"",""SRS18433716""",,PDT001830937.3,2024-02-21T03:17:26Z,USA:Boston,Nasal perirectal swab,clinical,,PDS000115333.6,4.0,,SAMN36729078,GCA_031775495.2,"blaI=COMPLETE,blaR1=COMPLETE,blaZ=COMPLETE,blaZ=PARTIAL_END_OF_CONTIG,glpT_A100V=POINT,mepA=COMPLETE,murA_E291D=POINT,murA_T396N=POINT,tet(38)=COMPLETE",,"ceftaroline=S,ciprofloxacin=S,clindamycin=S,daptomycin=S,erythromycin=S,gentamicin=S,levofloxacin=S,linezolid=S,minocycline=S,moxifloxacin=S,oxacillin=S,rifampin=S,tetracycline=S,tigecycline=S,trimethoprim-sulfamethoxazole=S,vancomycin=S"
Staphylococcus aureus,,"""BWH_1027_S_aur"",""SRS18433702""",,PDT001830949.2,2024-02-17T21:02:38Z,USA:Boston,Nasal perirectal swab,clinical,,,,,SAMN36728905,GCA_032329795.2,"mepA=COMPLETE,tet(38)=COMPLETE",,"ceftaroline=S,ciprofloxacin=S,clindamycin=S,daptomycin=S,erythromycin=S,gentamicin=S,levofloxacin=S,linezolid=S,minocycline=S,moxifloxacin=S,oxacillin=S,rifampin=S,tetracycline=S,tigecycline=S,trimethoprim-sulfamethoxazole=S,vancomycin=S"
Staphylococcus aureus,,"""BWH_803_S_aur"",""SRS18433693""",,PDT001830959.2,2024-02-17T13:16:03Z,USA:Boston,Nasal perirectal swab,clinical,,,,,SAMN36729030,GCA_032329615.2,"blaI=COMPLETE,blaR1=HMM,blaZ=COMPLETE,fosB=COMPLETE,mepA=COMPLETE,tet(38)=COMPLETE",,"ceftaroline=S,ciprofloxacin=S,clindamycin=S,daptomycin=S,erythromycin=S,gentamicin=S,levofloxacin=S,linezolid=S,minocycline=S,moxifloxacin=S,oxacillin=S,rifampin=S,tetracycline=S,tigecycline=S,trimethoprim-sulfamethoxazole=S,vancomycin=S"
Staphylococcus aureus,,"""BWH_818_S_aur"",""SRS18433673""",,PDT001830977.2,2024-02-21T03:17:27Z,USA:Boston,Nasal perirectal swab,clinical,,,,,SAMN36729139,GCA_032329355.2,"fosB=COMPLETE,mepA=COMPLETE,murA_G257D=POINT,tet(38)=COMPLETE",,"ceftaroline=S,ciprofloxacin=S,clindamycin=S,daptomycin=S,erythromycin=S,gentamicin=S,levofloxacin=S,linezolid=S,minocycline=S,moxifloxacin=S,oxacillin=S,rifampin=S,tetracycline=S,tigecycline=S,trimethoprim-sulfamethoxazole=S,vancomycin=S"
Staphylococcus aureus,,"""BWH_820_S_aur"",""SRS18433636""",,PDT001831009.2,2024-02-18T08:07:30Z,USA:Boston,Nasal specimen,clinical,,,,,SAMN36729004,GCA_032328915.2,"glpT_A100V=POINT,mepA=COMPLETE,murA_E291D=POINT,murA_T396N=POINT,tet(38)=COMPLETE",,"ceftaroline=S,ciprofloxacin=S,clindamycin=S,daptomycin=S,erythromycin=S,gentamicin=S,levofloxacin=S,linezolid=S,minocycline=S,moxifloxacin=S,oxacillin=S,rifampin=S,tetracycline=S,tigecycline=S,trimethoprim-sulfamethoxazole=S,vancomycin=S"
Staphylococcus aureus,,"""BWH_1337_S_aur"",""SRS18433630""",,PDT001831015.2,2024-02-21T19:07:42Z,USA:Boston,Nasal perirectal swab,clinical,,,,,SAMN36728999,GCA_032328875.2,"fosB=COMPLETE,mepA=COMPLETE,pbp4_E218K=POINT,tet(38)=COMPLETE",,"ceftaroline=S,ciprofloxacin=S,clindamycin=S,daptomycin=S,erythromycin=S,gentamicin=S,levofloxacin=S,linezolid=S,minocycline=S,moxifloxacin=S,oxacillin=S,rifampin=S,tetracycline=S,tigecycline=S,trimethoprim-sulfamethoxazole=S,vancomycin=S"
Staphylococcus aureus,,"""BWH_1336_S_aur"",""SRS18433627""",,PDT001831018.1,2023-07-27T18:48:30Z,USA:Boston,Nasal perirectal swab,clinical,,,,,SAMN36728996,GCA_032328815.1,"mepA=COMPLETE,tet(38)=COMPLETE",,"ceftaroline=S,ciprofloxacin=S,clindamycin=S,daptomycin=S,erythromycin=S,gentamicin=S,levofloxacin=S,linezolid=S,minocycline=S,moxifloxacin=S,oxacillin=S,rifampin=S,tetracycline=S,tigecycline=S,trimethoprim-sulfamethoxazole=S,vancomycin=S"
Staphylococcus aureus,,"""BWH_1072_S_aur"",""SRS18433933""",,PDT001831068.2,2024-02-17T07:04:52Z,USA:Boston,Nasal perirectal swab,clinical,,PDS000154295.3,0.0,,SAMN36729210,GCA_032328075.2,"dfrB_A135T=POINT,mepA=COMPLETE,tet(38)=COMPLETE",,"ceftaroline=S,ciprofloxacin=S,clindamycin=S,daptomycin=S,erythromycin=S,gentamicin=S,levofloxacin=S,linezolid=S,minocycline=S,moxifloxacin=S,oxacillin=S,rifampin=S,tetracycline=S,tigecycline=S,trimethoprim-sulfamethoxazole=S,vancomycin=S"
Staphylococcus aureus,,"""BWH_1191_S_aur"",""SRS18433917""",,PDT001831075.2,2024-02-18T08:07:30Z,USA:Boston,Nasal perirectal swab,clinical,,,,,SAMN36729195,GCA_032328035.2,"blaI=COMPLETE,blaPC1=COMPLETE,blaR1=COMPLETE,fosB=COMPLETE,glpT_A100V=POINT,glpT_V213I=POINT,mepA=COMPLETE,murA_D278E=POINT,murA_E291D=POINT,tet(38)=COMPLETE",,"ceftaroline=S,ciprofloxacin=S,clindamycin=S,daptomycin=S,erythromycin=S,gentamicin=S,levofloxacin=S,linezolid=S,minocycline=S,moxifloxacin=S,oxacillin=S,rifampin=S,tetracycline=S,tigecycline=S,trimethoprim-sulfamethoxazole=S,vancomycin=S"
Staphylococcus aureus,,"""BWH_1381_S_aur"",""SRS18550504""",,PDT001845627.2,2024-02-07T19:04:03Z,USA:Boston,Nasal perirectal swab,clinical,,PDS000175928.2,2.0,,SAMN36892898,GCA_031835265.2,"blaI=COMPLETE,blaR1=HMM,blaZ=COMPLETE,fosB=COMPLETE,ileS_V588F=POINT,mepA=COMPLETE,tet(38)=COMPLETE",,"ceftaroline=S,ciprofloxacin=S,clindamycin=S,daptomycin=S,erythromycin=S,gentamicin=S,levofloxacin=S,linezolid=S,minocycline=S,moxifloxacin=S,oxacillin=S,rifampin=S,tetracycline=S,tigecycline=S,trimethoprim-sulfamethoxazole=S"
Staphylococcus aureus,,"""BWH_1357_S_aur"",""SRS18550496""",,PDT001845635.2,2024-02-07T05:17:27Z,USA:Boston,Nasal perirectal swab,clinical,,,,,SAMN36892890,GCA_031835185.2,"fosB=COMPLETE,mepA=COMPLETE,murA_G257D=POINT,tet(38)=COMPLETE",,"ceftaroline=S,ciprofloxacin=S,clindamycin=S,daptomycin=S,erythromycin=S,gentamicin=S,levofloxacin=S,linezolid=S,minocycline=S,moxifloxacin=S,oxacillin=S,rifampin=S,tetracycline=S,tigecycline=S,trimethoprim-sulfamethoxazole=S,vancomycin=S"
Staphylococcus aureus,,"""BWH_1430_S_aur"",""SRS18550485""",,PDT001845646.3,2024-02-16T21:25:52Z,USA:Boston,Nasal perirectal swab,clinical,,,,,SAMN36892879,GCA_031766875.2,"blaI=COMPLETE,blaR1=HMM,blaZ=COMPLETE,fosB=COMPLETE,mepA=COMPLETE,tet(38)=COMPLETE",,"ceftaroline=S,ciprofloxacin=S,clindamycin=S,daptomycin=S,erythromycin=S,gentamicin=S,levofloxacin=S,linezolid=S,minocycline=S,moxifloxacin=S,oxacillin=S,rifampin=S,tetracycline=S,tigecycline=S,trimethoprim-sulfamethoxazole=S,vancomycin=S"
Staphylococcus aureus,,"""BWH_1380_S_aur"",""SRS18550475""",,PDT001845654.3,2024-02-17T15:06:10Z,USA:Boston,Nasal perirectal swab,clinical,,,,,SAMN36892871,GCA_033197235.2,"blaI=COMPLETE,blaR1=COMPLETE,blaZ=COMPLETE,blaZ=PARTIAL_END_OF_CONTIG,fosB=COMPLETE,mepA=COMPLETE,tet(38)=COMPLETE",,"ceftaroline=S,ciprofloxacin=S,clindamycin=S,daptomycin=S,erythromycin=S,gentamicin=S,levofloxacin=S,linezolid=S,minocycline=S,moxifloxacin=S,oxacillin=S,rifampin=S,tetracycline=S,tigecycline=S,trimethoprim-sulfamethoxazole=S,vancomycin=S"
Staphylococcus aureus,,"""BWH_1382_S_aur"",""SRS18550458""",,PDT001845671.3,2024-02-07T19:04:03Z,USA:Boston,Nasal perirectal swab,clinical,,,,,SAMN36892855,GCA_031766825.2,"mepA=COMPLETE,tet(38)=COMPLETE",,"ceftaroline=S,ciprofloxacin=S,clindamycin=S,daptomycin=S,erythromycin=S,gentamicin=S,levofloxacin=S,linezolid=S,minocycline=S,moxifloxacin=S,oxacillin=S,rifampin=S,tetracycline=S,tigecycline=S,trimethoprim-sulfamethoxazole=S,vancomycin=S"
Staphylococcus aureus,,"""BWH_1500_S_aur"",""SRS18979538""",,PDT001903537.2,2024-02-18T15:17:44Z,USA:Boston,Nasal perirectal swab,clinical,,,,,SAMN37516950,GCA_032124755.2,"blaI=COMPLETE,blaPC1=COMPLETE,blaR1=COMPLETE,fosB=COMPLETE,glpT_A100V=POINT,glpT_V213I=POINT,mepA=COMPLETE,murA_D278E=POINT,murA_E291D=POINT,tet(38)=COMPLETE",,"ceftaroline=S,ciprofloxacin=S,clindamycin=S,daptomycin=S,erythromycin=S,gentamicin=S,levofloxacin=S,linezolid=S,minocycline=S,moxifloxacin=S,oxacillin=S,rifampin=S,tetracycline=S,tigecycline=S,trimethoprim-sulfamethoxazole=S,vancomycin=S"
Staphylococcus aureus,,"""BWH_1525_S_aur"",""SRS18979497""",,PDT001903576.2,2024-02-16T21:25:55Z,USA:Boston,Nasal perirectal swab,clinical,,,,,SAMN37516913,GCA_032121655.2,"blaI=COMPLETE,blaPC1=COMPLETE,blaR1=MISTRANSLATION,fosB=COMPLETE,glpT_A100V=POINT,glpT_V213I=POINT,mepA=COMPLETE,murA_D278E=POINT,murA_E291D=POINT,tet(38)=COMPLETE",,"ceftaroline=S,ciprofloxacin=S,clindamycin=S,daptomycin=S,erythromycin=S,gentamicin=S,levofloxacin=S,linezolid=S,minocycline=S,moxifloxacin=S,oxacillin=S,rifampin=S,tetracycline=S,tigecycline=S,trimethoprim-sulfamethoxazole=S,vancomycin=S"
Staphylococcus aureus,,"""BWH_1526_S_aur"",""SRS18979496""",,PDT001903578.2,2024-02-07T17:09:30Z,USA:Boston,Nasal perirectal swab,clinical,,,,,SAMN37516912,GCA_032121635.2,"blaI=COMPLETE,blaR1=COMPLETE,blaZ=COMPLETE,blaZ=PARTIAL_END_OF_CONTIG,mepA=COMPLETE,tet(38)=COMPLETE",,"ceftaroline=S,ciprofloxacin=S,clindamycin=S,daptomycin=S,erythromycin=S,gentamicin=S,levofloxacin=S,linezolid=S,minocycline=S,moxifloxacin=S,oxacillin=S,rifampin=S,tetracycline=S,tigecycline=S,trimethoprim-sulfamethoxazole=S,vancomycin=S"
Staphylococcus aureus,,"""BWH_1524_S_aur"",""SRS18979492""",,PDT001903581.2,2024-02-18T08:07:34Z,USA:Boston,Nasal perirectal swab,clinical,,,,,SAMN37516909,GCA_032121535.2,"blaI=COMPLETE,blaR1=HMM,blaZ=COMPLETE,fosB=COMPLETE,mepA=COMPLETE,murA_G257D=POINT,tet(38)=COMPLETE",,"ceftaroline=S,ciprofloxacin=S,clindamycin=S,daptomycin=S,erythromycin=S,gentamicin=S,levofloxacin=S,linezolid=S,minocycline=S,moxifloxacin=S,oxacillin=S,rifampin=S,tetracycline=S,tigecycline=S,trimethoprim-sulfamethoxazole=S,vancomycin=S"
Staphylococcus aureus,,"""BWH_1581_S_aur"",""SRS19518885""",,PDT001986202.1,2023-11-15T22:56:27Z,USA:Boston,Nasal perirectal swab,clinical,,PDS000166742.1,0.0,,SAMN38228881,GCA_033727015.1,"blaI=COMPLETE,blaPC1=COMPLETE,blaR1=COMPLETE,fosB=COMPLETE,glpT_A100V=POINT,glpT_V213I=POINT,mepA=COMPLETE,murA_D278E=POINT,murA_E291D=POINT,tet(38)=COMPLETE",,"ceftaroline=S,ciprofloxacin=S,clindamycin=S,daptomycin=S,erythromycin=S,gentamicin=S,levofloxacin=S,linezolid=S,minocycline=S,moxifloxacin=S,oxacillin=S,rifampin=S,tetracycline=S,tigecycline=S,trimethoprim-sulfamethoxazole=S,vancomycin=S"
Staphylococcus aureus,,"""BWH_1584_S_aur"",""SRS19518872""",,PDT001986211.1,2023-11-15T22:56:29Z,USA:Boston,tracheal aspirate,clinical,,,,,SAMN38228869,GCA_033726935.1,"blaI=COMPLETE,blaPC1=COMPLETE,blaR1=COMPLETE,glpT_A100V=POINT,mepA=COMPLETE,murA_E291D=POINT,murA_T396N=POINT,tet(38)=COMPLETE",,"amikacin=S,cefepime=S,cefoxitin=R,ceftaroline=S,ceftazidime=S,ceftriaxone=S,ciprofloxacin=S,clindamycin=S,ertapenem=S,erythromycin=S,gentamicin=S,levofloxacin=S,linezolid=S,meropenem=S,minocycline=S,moxifloxacin=S,oxacillin=S,piperacillin-tazobactam=S,rifampin=S,tetracycline=S,tigecycline=S,tobramycin=S,trimethoprim-sulfamethoxazole=S,vancomycin=S"
Staphylococcus aureus,,"""BWH_1602_S_aur"",""SRS19518867""",,PDT001986216.1,2023-11-15T22:56:30Z,USA:Boston,Nasal perirectal swab,clinical,,PDS000115333.6,0.0,,SAMN38228865,GCA_033726895.1,"blaI=COMPLETE,blaR1=COMPLETE,blaZ=COMPLETE,blaZ=PARTIAL_END_OF_CONTIG,glpT_A100V=POINT,mepA=COMPLETE,murA_E291D=POINT,murA_T396N=POINT,tet(38)=COMPLETE",,"ceftaroline=S,ciprofloxacin=S,clindamycin=S,daptomycin=S,erythromycin=S,gentamicin=S,levofloxacin=S,linezolid=S,minocycline=S,moxifloxacin=S,oxacillin=S,rifampin=S,tetracycline=S,tigecycline=S,trimethoprim-sulfamethoxazole=S,vancomycin=S"
Staphylococcus aureus,,"""BWH_1629_S_aur"",""SRS19518864""",,PDT001986218.2,2023-12-20T11:56:07Z,USA:Boston,Nasal perirectal swab,clinical,,PDS000115333.6,1.0,,SAMN38228862,GCA_034497805.1,"blaI=COMPLETE,blaR1=COMPLETE,blaZ=COMPLETE,blaZ=PARTIAL_END_OF_CONTIG,glpT_A100V=POINT,mepA=COMPLETE,murA_E291D=POINT,murA_T396N=POINT,tet(38)=COMPLETE",,"ceftaroline=S,ciprofloxacin=S,clindamycin=S,daptomycin=S,erythromycin=S,gentamicin=S,levofloxacin=S,linezolid=S,minocycline=S,moxifloxacin=S,oxacillin=S,rifampin=S,tetracycline=S,tigecycline=S,trimethoprim-sulfamethoxazole=S,vancomycin=S"
Staphylococcus aureus,,"""BWH_1579_S_aur"",""SRS19518853""",,PDT001986228.1,2023-11-15T22:56:32Z,USA:Boston,Nasal perirectal swab,clinical,,,,,SAMN38228852,GCA_033726795.1,"fosB=COMPLETE,mepA=COMPLETE,tet(38)=COMPLETE",,"ceftaroline=S,ciprofloxacin=S,clindamycin=S,daptomycin=S,erythromycin=S,gentamicin=S,levofloxacin=S,linezolid=S,minocycline=S,moxifloxacin=S,oxacillin=S,rifampin=S,tetracycline=S,tigecycline=S,trimethoprim-sulfamethoxazole=S,vancomycin=S"
Staphylococcus aureus,,"""BWH_1605_S_aur"",""SRS19518850""",,PDT001986231.1,2023-11-15T22:56:33Z,USA:Boston,Nasal perirectal swab,clinical,,PDS000166742.1,0.0,,SAMN38228849,GCA_033726755.1,"blaI=COMPLETE,blaPC1=COMPLETE,blaR1=COMPLETE,fosB=COMPLETE,glpT_A100V=POINT,glpT_V213I=POINT,mepA=COMPLETE,murA_D278E=POINT,murA_E291D=POINT,tet(38)=COMPLETE",,"ceftaroline=S,ciprofloxacin=S,clindamycin=S,daptomycin=S,erythromycin=S,gentamicin=S,levofloxacin=S,linezolid=S,minocycline=S,moxifloxacin=S,oxacillin=S,rifampin=S,tetracycline=S,tigecycline=S,trimethoprim-sulfamethoxazole=S,vancomycin=S"
Staphylococcus aureus,,"""BWH_1628_S_aur"",""SRS19518844""",,PDT001986235.1,2023-11-15T22:56:34Z,USA:Boston,Nasal perirectal swab,clinical,,,,,SAMN38228844,GCA_033726675.1,"glpT_A100V=POINT,mepA=COMPLETE,murA_E291D=POINT,murA_T396N=POINT,tet(38)=COMPLETE",,"ceftaroline=S,ciprofloxacin=S,clindamycin=S,daptomycin=S,erythromycin=S,gentamicin=S,levofloxacin=S,linezolid=S,minocycline=S,moxifloxacin=S,oxacillin=S,rifampin=S,tetracycline=S,tigecycline=S,trimethoprim-sulfamethoxazole=S,vancomycin=S"
Staphylococcus aureus,,"""BWH_1604_S_aur"",""SRS19518834""",,PDT001986242.1,2023-11-15T22:56:36Z,USA:Boston,Nasal perirectal swab,clinical,,,,,SAMN38228835,GCA_033726655.1,"mepA=COMPLETE,tet(38)=COMPLETE",,"ceftaroline=S,ciprofloxacin=S,clindamycin=S,daptomycin=S,erythromycin=S,gentamicin=S,levofloxacin=S,linezolid=S,minocycline=S,moxifloxacin=S,oxacillin=S,rifampin=S,tetracycline=S,tigecycline=S,trimethoprim-sulfamethoxazole=S,vancomycin=S"
Staphylococcus aureus,,"""BWH_1582_S_aur"",""SRS19518833""",,PDT001986243.1,2023-11-15T22:56:36Z,USA:Boston,Nasal perirectal swab,clinical,,PDS000115333.6,3.0,,SAMN38228834,GCA_033726635.1,"blaI=COMPLETE,blaR1=COMPLETE,blaZ=COMPLETE,blaZ=PARTIAL_END_OF_CONTIG,glpT_A100V=POINT,mepA=COMPLETE,murA_E291D=POINT,murA_T396N=POINT,tet(38)=COMPLETE",,"ceftaroline=S,ciprofloxacin=S,clindamycin=S,daptomycin=S,erythromycin=S,gentamicin=S,levofloxacin=S,linezolid=S,minocycline=S,moxifloxacin=S,oxacillin=S,rifampin=S,tetracycline=S,tigecycline=S,trimethoprim-sulfamethoxazole=S,vancomycin=S"
Staphylococcus aureus,,"""BWH_1626_S_aur"",""SRS19518815""",,PDT001986255.1,2023-11-15T22:56:39Z,USA:Boston,Nasal perirectal swab,clinical,,,,,SAMN38228809,GCA_033726475.1,"blaI=COMPLETE,blaR1=COMPLETE,blaZ=COMPLETE,blaZ=PARTIAL_END_OF_CONTIG,mepA=COMPLETE,tet(38)=COMPLETE",,"ceftaroline=S,ciprofloxacin=S,clindamycin=S,daptomycin=S,erythromycin=S,gentamicin=S,levofloxacin=S,linezolid=S,minocycline=S,moxifloxacin=S,oxacillin=S,rifampin=S,tetracycline=S,tigecycline=S,trimethoprim-sulfamethoxazole=S,vancomycin=S"
Staphylococcus aureus,BSN62,"""BSN62"",""Staphylococcus aureus str BSN62""",,PDT002018719.1,2023-12-06T05:11:08Z,"USA: Detroit, MI",blood,clinical,,PDS000187666.1,0.0,,SAMN38351594,GCA_034105595.1,"blaI=COMPLETE,blaR1=COMPLETE,blaZ=COMPLETE,fexA=COMPLETE,fexA_A37V=POINT,fexA_G33A=POINT,fosB=COMPLETE,mecA=COMPLETE,mecR1=PARTIAL,mepA=COMPLETE,tet(38)=COMPLETE,tet(M)=COMPLETE",,"clindamycin=S,daptomycin=S,erythromycin=S,gentamicin=S,linezolid=S,oxacillin=R,rifampin=S,trimethoprim-sulfamethoxazole=S,vancomycin=S"
Staphylococcus aureus,,"""BWH_1580_S_aur"",""SRS19518849""",,PDT002035966.1,2023-12-20T12:53:40Z,USA:Boston,Nasal perirectal swab,clinical,,PDS000115333.6,0.0,,SAMN38228848,GCA_034512535.1,"blaI=COMPLETE,blaR1=COMPLETE,blaZ=COMPLETE,blaZ=PARTIAL_END_OF_CONTIG,glpT_A100V=POINT,mepA=COMPLETE,murA_E291D=POINT,murA_T396N=POINT,tet(38)=COMPLETE",,"ceftaroline=S,ciprofloxacin=S,clindamycin=S,daptomycin=S,erythromycin=S,gentamicin=S,levofloxacin=S,linezolid=S,minocycline=S,moxifloxacin=S,oxacillin=S,rifampin=S,tetracycline=S,tigecycline=S,trimethoprim-sulfamethoxazole=S,vancomycin=S"
Staphylococcus aureus,BSN42,"""B0587"",""BSN42"",""Staphylococcus aureus str BSN42""",,PDT002036669.2,2024-07-19T17:05:44Z,"USA: Detroit, MI",blood,clinical,,,,,SAMN38759728,GCA_034424945.2,"fosB=COMPLETE,mecA=COMPLETE,mecR1=PARTIAL,mepA=COMPLETE,murA_G257D=POINT,tet(38)=COMPLETE",,"clindamycin=S,daptomycin=S,erythromycin=S,gentamicin=S,linezolid=S,oxacillin=R,rifampin=S,trimethoprim-sulfamethoxazole=S,vancomycin=S"
Staphylococcus aureus,BSN43,"""B0589"",""BSN43"",""Staphylococcus aureus str BSN43""",,PDT002036670.2,2024-07-26T19:48:15Z,"USA: Detroit, MI",blood,clinical,,,,,SAMN38761804,GCA_034424965.2,"fexA=COMPLETE,fexA_A37V=POINT,fexA_G33A=POINT,fosB=COMPLETE,mecA=COMPLETE,mecR1=PARTIAL,mepA=COMPLETE,tet(38)=COMPLETE,tet(M)=COMPLETE",,"clindamycin=S,daptomycin=S,erythromycin=S,gentamicin=S,linezolid=S,oxacillin=R,rifampin=S,trimethoprim-sulfamethoxazole=S,vancomycin=S"
Staphylococcus aureus,BSN44,"""B0590"",""BSN44"",""Staphylococcus aureus str BSN44""",,PDT002036671.2,2024-07-26T18:05:40Z,"USA: Detroit, MI",blood,clinical,,,,,SAMN38761805,GCA_034425095.2,"blaI=COMPLETE,blaR1=COMPLETE,blaZ=COMPLETE,fexA=COMPLETE,fexA_A37V=POINT,fexA_G33A=POINT,fosB=COMPLETE,mecA=COMPLETE,mecR1=PARTIAL,mepA=COMPLETE,tet(38)=COMPLETE,tet(M)=COMPLETE",,"clindamycin=S,daptomycin=S,erythromycin=S,gentamicin=S,linezolid=S,oxacillin=R,rifampin=S,trimethoprim-sulfamethoxazole=S,vancomycin=S"
Staphylococcus aureus,BSN63,"""BSN63"",""Staphylococcus aureus str BSN63""",,PDT002036676.1,2023-12-18T13:57:27Z,"USA: Detroit, MI",blood,clinical,,PDS000093475.4,29.0,,SAMN38351596,GCA_034427615.1,"blaI=COMPLETE,blaR1=COMPLETE,blaZ=COMPLETE,dfrG=COMPLETE,folP_E208K=POINT,folP_F17L=POINT,fosB=COMPLETE,gyrA_S84L=POINT,gyrA_S85P=POINT,mecA=COMPLETE,mecR1=PARTIAL,mepA=COMPLETE,murA_G257D=POINT,parC_S80F=POINT,parE_D432V=POINT,tet(38)=COMPLETE",,"clindamycin=S,daptomycin=S,erythromycin=S,gentamicin=S,linezolid=S,oxacillin=R,rifampin=S,trimethoprim-sulfamethoxazole=S,vancomycin=S"
Staphylococcus aureus,BSN40,"""B0581"",""BSN40"",""Staphylococcus aureus str BSN40""",,PDT002036677.2,2024-07-10T15:58:16Z,"USA: Detroit, MI",blood,clinical,,,,,SAMN38752237,GCA_034427895.2,"blaI=COMPLETE,blaR1=COMPLETE,blaZ=COMPLETE,fosB=PARTIAL,mecA=COMPLETE,mecR1=PARTIAL,mepA=COMPLETE,tet(38)=COMPLETE",,"clindamycin=S,daptomycin=S,erythromycin=S,gentamicin=S,linezolid=S,oxacillin=R,rifampin=S,trimethoprim-sulfamethoxazole=S,vancomycin=S"
Staphylococcus aureus,,"""BWH_1755_S_aur"",""SRS20473108""",,PDT002080301.1,2024-02-16T01:09:47Z,USA:Boston,Nasal perirectal swab,clinical,,,,,SAMN39956421,GCA_036631805.1,"glpT_A100V=POINT,mepA=COMPLETE,murA_E291D=POINT,murA_T396N=POINT,tet(38)=COMPLETE",,"ceftaroline=S,ciprofloxacin=S,clindamycin=S,daptomycin=S,erythromycin=S,gentamicin=S,levofloxacin=S,linezolid=S,minocycline=S,moxifloxacin=S,oxacillin=S,rifampin=S,tetracycline=S,tigecycline=S,trimethoprim-sulfamethoxazole=S,vancomycin=S"
Staphylococcus aureus,BSN39,"""BSN39"",""Staphylococcus aureus str BSN39""",,PDT002081357.1,2024-02-15T05:10:28Z,"USA: Detroit, MI",blood,clinical,,,,,SAMN39896512,GCA_036628495.1,"blaI=COMPLETE,blaR1=HMM,blaZ=COMPLETE,fosB=COMPLETE,mepA=COMPLETE,tet(38)=COMPLETE",,"clindamycin=S,erythromycin=S,gentamicin=S,oxacillin=S,penicillin=R,rifampin=S,trimethoprim-sulfamethoxazole=S,vancomycin=S"
Staphylococcus aureus,BSN31-2,"""BSN31-2"",""Staphylococcus aureus str BSN31-2""",,PDT002088940.2,2024-05-17T20:13:24Z,"USA: Detroit, MI",blood,clinical,,PDS000182928.1,15.0,,SAMN39958769,GCA_036867165.2,"blaI=COMPLETE,blaR1=COMPLETE,blaZ=COMPLETE,fosB=COMPLETE,mecA=COMPLETE,mecR1=PARTIAL,mepA=COMPLETE,tet(38)=COMPLETE",,"clindamycin=S,daptomycin=S,erythromycin=S,gentamicin=S,linezolid=S,oxacillin=R,rifampin=S,trimethoprim-sulfamethoxazole=S,vancomycin=S"
Staphylococcus aureus,BSN31,"""BSN31"",""Staphylococcus aureus str BSN31""",,PDT002088941.2,2024-05-17T19:57:44Z,"USA: Detroit, MI",blood,clinical,,PDS000182928.1,15.0,,SAMN39958768,GCA_036867125.2,"blaI=COMPLETE,blaR1=COMPLETE,blaZ=COMPLETE,fosB=COMPLETE,mecA=COMPLETE,mecR1=PARTIAL,mepA=COMPLETE,tet(38)=COMPLETE",,"clindamycin=S,daptomycin=S,erythromycin=S,gentamicin=S,linezolid=S,oxacillin=R,rifampin=S,trimethoprim-sulfamethoxazole=S,vancomycin=S"
Staphylococcus aureus,BSN38-MRSA4,"""BSN38-MRSA4"",""Staphylococcus aureus str BSN38-MRSA4""",,PDT002096925.1,2024-03-03T04:15:39Z,"USA: Detroit, MI",blood,clinical,,PDS000126548.6,1.0,,SAMN39933412,GCA_036961505.1,"ant(6)-Ia=MISTRANSLATION,aph(3')-IIIa=COMPLETE,blaI=COMPLETE,blaR1=COMPLETE,blaZ=COMPLETE,fosB=COMPLETE,gyrA_S84L=POINT,mecA=COMPLETE,mecR1=PARTIAL,mepA=COMPLETE,mph(C)=COMPLETE,mprF_L826F=POINT,msr(A)=COMPLETE,murA_G257D=POINT,parC_S80Y=POINT,sat4=COMPLETE,tet(38)=COMPLETE",,"clindamycin=S,daptomycin=R,erythromycin=S,gentamicin=S,linezolid=S,oxacillin=R,rifampin=S,trimethoprim-sulfamethoxazole=S,vancomycin=S"
Staphylococcus aureus,BSN70,"""BSN70"",""SRS20483042"",""Staphylococcus aureus str BSN70""",,PDT002096926.1,2024-03-03T04:15:45Z,"USA: Detroit, MI",blood,clinical,,,,,SAMN38637656,GCA_036961495.1,"glpT_A100V=POINT,mepA=COMPLETE,murA_E291D=POINT,murA_T396N=POINT,tet(38)=COMPLETE",,"clindamycin=S,erythromycin=S,gentamicin=S,oxacillin=S,penicillin=S,rifampin=S,trimethoprim-sulfamethoxazole=S,vancomycin=S"
Staphylococcus aureus,BSN30,"""BSN30"",""SRS20561085"",""Staphylococcus aureus str BSN30""",,PDT002103398.2,2024-05-17T19:26:19Z,"USA: Detroit, MI",blood,clinical,,,,,SAMN38637630,GCA_037046245.2,"fosB=COMPLETE,mecA=COMPLETE,mecR1=PARTIAL,mepA=COMPLETE,murA_G257D=POINT,tet(38)=COMPLETE",,"clindamycin=S,daptomycin=S,erythromycin=S,gentamicin=S,linezolid=S,oxacillin=R,rifampin=S,trimethoprim-sulfamethoxazole=S,vancomycin=S"
Staphylococcus aureus,BSN68,"""BSN68"",""SRS20483040"",""Staphylococcus aureus str BSN68""",,PDT002103399.2,2024-06-03T18:05:26Z,"USA: Detroit, MI",blood,clinical,,,,,SAMN38637654,GCA_037046385.2,"blaI=COMPLETE,blaR1=HMM,blaZ=COMPLETE,fosB=COMPLETE,mepA=COMPLETE,tet(38)=COMPLETE",,"clindamycin=S,erythromycin=S,gentamicin=S,oxacillin=S,penicillin=R,rifampin=S,trimethoprim-sulfamethoxazole=S,vancomycin=S"
Staphylococcus aureus,BSN70-2,"""BSN70-2"",""SRS20483086"",""Staphylococcus aureus str BSN70-2""",,PDT002109431.1,2024-03-10T16:38:28Z,"USA: Detroit, MI",blood,clinical,,,,,SAMN38637657,GCA_037083645.1,"fosB=COMPLETE,mepA=COMPLETE,tet(38)=COMPLETE",,"clindamycin=S,erythromycin=S,gentamicin=S,oxacillin=S,penicillin=S,rifampin=S,trimethoprim-sulfamethoxazole=S,vancomycin=S"
Staphylococcus aureus,BSN89,"""BSN89"",""SRS20485610"",""Staphylococcus aureus str BSN89""",,PDT002109433.2,2024-06-12T17:56:30Z,"USA: Detroit, MI",blood,clinical,,,,,SAMN38637677,GCA_037083885.2,"blaI=COMPLETE,blaR1=COMPLETE,blaZ=COMPLETE,glpT_A100V=POINT,mecA=COMPLETE,mecR1=PARTIAL,mepA=COMPLETE,murA_E291D=POINT,murA_T396N=POINT,tet(38)=COMPLETE",,"clindamycin=S,daptomycin=S,erythromycin=S,gentamicin=S,linezolid=S,oxacillin=R,rifampin=S,trimethoprim-sulfamethoxazole=S,vancomycin=S"
Staphylococcus aureus,BSN95,"""BSN95"",""SRS20485598"",""Staphylococcus aureus str BSN95""",,PDT002115216.2,2024-05-17T17:05:42Z,"USA: Detroit, MI",blood,clinical,,,,,SAMN38637683,GCA_037199565.2,"blaI=COMPLETE,blaR1=COMPLETE,blaZ=COMPLETE,fexA=COMPLETE,fexA_A37V=POINT,fexA_G33A=POINT,fosB=COMPLETE,mecA=COMPLETE,mecR1=PARTIAL,mepA=COMPLETE,tet(38)=COMPLETE",,"clindamycin=S,daptomycin=S,erythromycin=S,gentamicin=S,linezolid=S,oxacillin=R,rifampin=S,trimethoprim-sulfamethoxazole=S,vancomycin=S"
Staphylococcus aureus,BSN88,"""BSN88"",""SRS20485609"",""Staphylococcus aureus str BSN88""",,PDT002115217.2,2024-06-25T20:47:28Z,"USA: Detroit, MI",blood,clinical,,,,,SAMN38637676,GCA_037199585.2,"fosB=COMPLETE,gyrA_S84L=POINT,mepA=COMPLETE,murA_G257D=POINT,parC_S80Y=POINT,tet(38)=COMPLETE",,"clindamycin=S,erythromycin=S,gentamicin=S,oxacillin=S,penicillin=S,rifampin=S,trimethoprim-sulfamethoxazole=S,vancomycin=S"
Staphylococcus aureus,BSN117,"""BSN117"",""SRS20598509"",""Staphylococcus aureus str BSN117""",,PDT002115219.2,2024-06-12T18:27:56Z,"USA: Detroit, MI",blood,clinical,,,,,SAMN38637695,GCA_037199635.2,"blaI=COMPLETE,blaR1=HMM,blaZ=COMPLETE,fosB=COMPLETE,mepA=COMPLETE,tet(38)=COMPLETE",,"clindamycin=S,erythromycin=S,gentamicin=S,oxacillin=S,penicillin=R,rifampin=S,trimethoprim-sulfamethoxazole=S,vancomycin=S"
Staphylococcus aureus,BSN81,"""BSN81"",""SRS20483039"",""Staphylococcus aureus str BSN81""",,PDT002115220.2,2024-06-03T19:24:20Z,"USA: Detroit, MI",blood,clinical,,,,,SAMN38637669,GCA_037199685.2,"blaI=COMPLETE,blaPC1=COMPLETE,blaR1=MISTRANSLATION,fosB=MISTRANSLATION,glpT_A100V=POINT,glpT_V213I=POINT,mepA=COMPLETE,murA_D278E=POINT,murA_E291D=POINT,tet(38)=COMPLETE",,"clindamycin=S,erythromycin=S,gentamicin=S,oxacillin=S,penicillin=R,rifampin=S,trimethoprim-sulfamethoxazole=S,vancomycin=S"
Staphylococcus aureus,BSN83,"""BSN83"",""SRS20485604"",""Staphylococcus aureus str BSN83""",,PDT002115221.2,2024-06-03T20:43:37Z,"USA: Detroit, MI",blood,clinical,,,,,SAMN38637671,GCA_037199675.2,"fosB=COMPLETE,mepA=COMPLETE,tet(38)=COMPLETE",,"clindamycin=S,erythromycin=S,gentamicin=S,oxacillin=S,penicillin=S,rifampin=S,trimethoprim-sulfamethoxazole=S,vancomycin=S"
Staphylococcus aureus,BSN38-MSSA1,"""BSN38-MSSA1"",""Staphylococcus aureus str BSN38-MSSA1""",,PDT002115224.2,2024-08-02T13:53:28Z,"USA: Detroit, MI",blood,clinical,,PDS000178865.2,3.0,,SAMN39933410,GCA_037199815.2,"blaI=COMPLETE,blaR1=COMPLETE,blaZ=COMPLETE,mepA=COMPLETE,tet(38)=COMPLETE",,"clindamycin=S,erythromycin=S,gentamicin=S,oxacillin=S,penicillin=R,rifampin=S,trimethoprim-sulfamethoxazole=S,vancomycin=S"
Staphylococcus aureus,BSN71,"""BSN71"",""SRS20483044"",""Staphylococcus aureus str BSN71""",,PDT002115226.2,2024-06-03T20:27:54Z,"USA: Detroit, MI",blood,clinical,,,,,SAMN38637659,GCA_037199715.2,"blaI=COMPLETE,blaR1=COMPLETE,blaZ=COMPLETE,dfrG=COMPLETE,folP_E208K=POINT,folP_F17L=POINT,fosB=COMPLETE,gyrA_S84L=POINT,gyrA_S85P=POINT,mecA=COMPLETE,mecR1=PARTIAL,mepA=COMPLETE,murA_G257D=POINT,parC_S80F=POINT,parE_D432V=POINT,tet(38)=COMPLETE",,"clindamycin=S,daptomycin=S,erythromycin=S,gentamicin=S,linezolid=S,oxacillin=R,rifampin=S,trimethoprim-sulfamethoxazole=R,vancomycin=S"
Staphylococcus aureus,BSN38-MSSA2,"""BSN38-MSSA2"",""Staphylococcus aureus str BSN38-MSSA2""",,PDT002115227.1,2024-03-17T03:29:30Z,"USA: Detroit, MI",blood,clinical,,PDS000178865.2,3.0,,SAMN39933411,GCA_037199865.1,"blaI=COMPLETE,blaR1=COMPLETE,blaZ=COMPLETE,mepA=COMPLETE,tet(38)=COMPLETE",,"ceftaroline=S,clindamycin=S,erythromycin=S,gentamicin=S,oxacillin=S,penicillin=R,rifampin=S,trimethoprim-sulfamethoxazole=S,vancomycin=S"
Staphylococcus aureus,BSN139,"""BSN139"",""SRS20598173"",""Staphylococcus aureus str BSN139""",,PDT002115866.1,2024-03-17T19:04:34Z,"USA: Detroit, MI",blood,clinical,,,,,SAMN38637718,GCA_037201955.1,"blaI=COMPLETE,blaR1=COMPLETE,blaZ=COMPLETE,fosB=COMPLETE,gyrA_S84L=POINT,mepA=COMPLETE,murA_G257D=POINT,parC_S80Y=POINT,tet(38)=COMPLETE",,"clindamycin=S,erythromycin=S,gentamicin=S,oxacillin=S,penicillin=R,rifampin=S,trimethoprim-sulfamethoxazole=S,vancomycin=S"
Staphylococcus aureus,BSN101,"""BSN101"",""SRS20598156"",""Staphylococcus aureus str BSN101""",,PDT002115867.1,2024-03-17T20:22:20Z,"USA: Detroit, MI",blood,clinical,,,,,SAMN38637689,GCA_037202005.1,"fosB=COMPLETE,mepA=COMPLETE,murA_G257D=POINT,tet(38)=COMPLETE",,"clindamycin=S,erythromycin=S,gentamicin=S,oxacillin=S,penicillin=S,rifampin=S,trimethoprim-sulfamethoxazole=S,vancomycin=S"
Staphylococcus aureus,BSN149,"""BSN149"",""SRS20598175"",""Staphylococcus aureus str BSN149""",,PDT002117604.1,2024-03-18T14:46:00Z,"USA: Detroit, MI",blood,clinical,,,,,SAMN38637728,GCA_037217245.1,"blaI=COMPLETE,blaR1=COMPLETE,blaZ=COMPLETE,fosB=COMPLETE,mecA=COMPLETE,mecR1=PARTIAL,mepA=COMPLETE,tet(38)=COMPLETE",,"clindamycin=S,daptomycin=S,erythromycin=S,gentamicin=S,linezolid=S,oxacillin=R,rifampin=S,trimethoprim-sulfamethoxazole=S,vancomycin=S"
Staphylococcus aureus,BSN105,"""BSN105"",""SRS20598177"",""Staphylococcus aureus str BSN105""",,PDT002117610.1,2024-03-18T16:19:30Z,"USA: Detroit, MI",blood,clinical,,,,,SAMN38637694,GCA_037221085.1,"blaI=COMPLETE,blaR1=COMPLETE,blaZ=COMPLETE,fosB=PARTIAL,mepA=COMPLETE,tet(38)=COMPLETE",,"clindamycin=S,erythromycin=S,gentamicin=S,oxacillin=S,penicillin=R,rifampin=S,trimethoprim-sulfamethoxazole=S,vancomycin=S"
Staphylococcus aureus,BSN136,"""BSN136"",""SRS20598162"",""Staphylococcus aureus str BSN136""",,PDT002117612.1,2024-03-18T16:51:05Z,"USA: Detroit, MI",blood,clinical,,,,,SAMN38637715,GCA_037222485.1,"blaI=COMPLETE,blaR1=COMPLETE,blaZ=COMPLETE,fexA=COMPLETE,fexA_A37V=POINT,fexA_G33A=POINT,fosB=COMPLETE,mecA=COMPLETE,mecR1=PARTIAL,mepA=COMPLETE,tet(38)=COMPLETE,tet(M)=COMPLETE",,"clindamycin=S,daptomycin=S,erythromycin=S,gentamicin=S,linezolid=S,oxacillin=R,rifampin=S,trimethoprim-sulfamethoxazole=S,vancomycin=S"
Staphylococcus aureus,BSN148,"""BSN148"",""SRS20598174"",""Staphylococcus aureus str BSN148""",,PDT002118702.1,2024-03-19T17:11:31Z,"USA: Detroit, MI",blood,clinical,,,,,SAMN38637727,GCA_037340935.1,"blaI=COMPLETE,blaR1=COMPLETE,blaZ=COMPLETE,fexA=COMPLETE,fexA_A37V=POINT,fexA_G33A=POINT,fosB=COMPLETE,mecA=COMPLETE,mecR1=PARTIAL,mepA=COMPLETE,tet(38)=COMPLETE,tet(M)=COMPLETE",,"clindamycin=S,daptomycin=S,erythromycin=S,gentamicin=S,linezolid=S,oxacillin=R,rifampin=S,trimethoprim-sulfamethoxazole=S,vancomycin=S"
Staphylococcus aureus,BSN150,"""BSN150"",""SRS20598176"",""Staphylococcus aureus str BSN150""",,PDT002122858.1,2024-03-24T13:42:01Z,"USA: Detroit, MI",blood,clinical,,,,,SAMN38637729,GCA_037482155.1,"fosB=COMPLETE,mepA=COMPLETE,tet(38)=COMPLETE",,"clindamycin=S,erythromycin=S,gentamicin=S,oxacillin=S,penicillin=S,rifampin=S,trimethoprim-sulfamethoxazole=S,vancomycin=S"
Staphylococcus aureus,BSN156,"""BSN156"",""SRS20736345"",""Staphylococcus aureus str BSN156""",,PDT002122859.1,2024-03-24T14:31:02Z,"USA: Detroit, MI",blood,clinical,,,,,SAMN38637736,GCA_037482185.1,"blaI=COMPLETE,blaR1=HMM,blaZ=COMPLETE,glpT_A100V=POINT,mepA=COMPLETE,murA_E291D=POINT,murA_T396N=POINT,tet(38)=COMPLETE",,"clindamycin=S,erythromycin=S,gentamicin=S,oxacillin=S,penicillin=S,rifampin=S,trimethoprim-sulfamethoxazole=S,vancomycin=S"
Staphylococcus aureus,BSN122,"""BSN122"",""SRS20598626"",""Staphylococcus aureus str BSN122""",,PDT002130909.1,2024-04-03T04:04:56Z,"USA: Detroit, MI",blood,clinical,,,,,SAMN38637700,GCA_037939205.1,"blaI=COMPLETE,blaR1=COMPLETE,blaZ=COMPLETE,fosB=COMPLETE,mepA=COMPLETE,murA_G257D=POINT,tet(38)=COMPLETE",,"clindamycin=S,erythromycin=S,gentamicin=S,oxacillin=S,penicillin=R,rifampin=S,trimethoprim-sulfamethoxazole=S,vancomycin=S"
Staphylococcus aureus,BSN203,"""BSN203"",""SRS20736332"",""Staphylococcus aureus str BSN203""",,PDT002131981.1,2024-04-03T15:03:46Z,"USA: Detroit, MI",blood,clinical,,,,,SAMN38637783,GCA_037952035.1,"blaI=COMPLETE,blaR1=HMM,blaZ=COMPLETE,fosB=COMPLETE,mecA=COMPLETE,mecR1=PARTIAL,mepA=COMPLETE,tet(38)=COMPLETE",,"clindamycin=S,daptomycin=S,erythromycin=S,gentamicin=S,linezolid=S,oxacillin=R,rifampin=S,trimethoprim-sulfamethoxazole=S,vancomycin=S"
Staphylococcus aureus,BSN214,"""BSN214"",""SRS20736344"",""Staphylococcus aureus str BSN214""",,PDT002135207.1,2024-04-08T19:41:03Z,"USA: Detroit, MI",blood,clinical,,,,,SAMN38637794,GCA_038024225.1,"blaI=COMPLETE,blaR1=COMPLETE,blaZ=COMPLETE,fosB=COMPLETE,mecA=COMPLETE,mecR1=PARTIAL,mepA=COMPLETE,murA_G257D=POINT,tet(38)=COMPLETE",,"clindamycin=S,daptomycin=S,erythromycin=S,gentamicin=S,linezolid=S,oxacillin=R,rifampin=S,trimethoprim-sulfamethoxazole=S,vancomycin=S"
Staphylococcus aureus,,"""BWH_1827_S_aur"",""SRS20993221""",,PDT002136320.1,2024-04-11T17:50:33Z,USA:Boston,Nasal perirectal swab,clinical,,,,,SAMN40930633,GCA_038079285.1,"blaI=COMPLETE,blaR1=HMM,blaZ=PARTIAL,fosB=COMPLETE,mepA=COMPLETE,tet(38)=COMPLETE",,"ceftaroline=S,ciprofloxacin=S,clindamycin=S,daptomycin=S,erythromycin=S,gentamicin=S,levofloxacin=S,linezolid=S,minocycline=S,moxifloxacin=S,oxacillin=S,rifampin=S,tetracycline=S,tigecycline=S,trimethoprim-sulfamethoxazole=S,vancomycin=S"
Staphylococcus aureus,BSN180,"""BSN180"",""SRS20736309"",""Staphylococcus aureus str BSN180""",,PDT002137353.1,2024-04-10T14:44:17Z,"USA: Detroit, MI",blood,clinical,,,,,SAMN38637760,GCA_038050005.1,"blaI=COMPLETE,blaR1=HMM,blaZ=COMPLETE,fosB=COMPLETE,mepA=COMPLETE,tet(38)=COMPLETE",,"clindamycin=S,erythromycin=S,gentamicin=S,oxacillin=S,penicillin=R,rifampin=S,trimethoprim-sulfamethoxazole=S,vancomycin=S"
Staphylococcus aureus,BSN158,"""BSN158"",""SRS20736343"",""Staphylococcus aureus str BSN158""",,PDT002138408.1,2024-04-14T16:09:57Z,"USA: Detroit, MI",blood,clinical,,,,,SAMN38637738,GCA_038096255.1,"blaI=COMPLETE,blaR1=COMPLETE,blaZ=COMPLETE,glpT_A100V=POINT,mepA=COMPLETE,murA_E291D=POINT,murA_T396N=POINT,tet(38)=COMPLETE",,"clindamycin=S,erythromycin=S,gentamicin=S,oxacillin=S,penicillin=R,rifampin=S,trimethoprim-sulfamethoxazole=S,vancomycin=S"
Staphylococcus aureus,BSN154,"""BSN154"",""SRS20736307"",""Staphylococcus aureus str BSN154""",,PDT002138409.1,2024-04-14T16:25:30Z,"USA: Detroit, MI",blood,clinical,,,,,SAMN38637733,GCA_038096265.1,"blaI=COMPLETE,blaR1=COMPLETE,blaZ=COMPLETE,dfrB_F99Y=POINT,dfrB_H150R=POINT,fosB=COMPLETE,gyrA_S84L=POINT,mecA=COMPLETE,mecR1=PARTIAL,mepA=COMPLETE,murA_G257D=POINT,parC_S80Y=POINT,tet(38)=COMPLETE",,"clindamycin=S,daptomycin=S,erythromycin=S,gentamicin=S,linezolid=S,oxacillin=R,rifampin=S,trimethoprim-sulfamethoxazole=S,vancomycin=S"
Staphylococcus aureus,BSN91,"""BSN91"",""SRS20485594"",""Staphylococcus aureus str BSN91""",,PDT002138410.1,2024-04-14T16:42:44Z,"USA: Detroit, MI",blood,clinical,,,,,SAMN38637679,GCA_038096275.1,"blaI=COMPLETE,blaR1=COMPLETE,blaZ=COMPLETE,fosB=COMPLETE,mepA=COMPLETE,murA_G257D=POINT,tet(38)=COMPLETE",,"clindamycin=S,erythromycin=S,gentamicin=S,oxacillin=S,penicillin=R,rifampin=S,trimethoprim-sulfamethoxazole=S,vancomycin=S"
Staphylococcus aureus,BSN164,"""BSN164"",""SRS20736286"",""Staphylococcus aureus str BSN164""",,PDT002138413.1,2024-04-14T17:44:48Z,"USA: Detroit, MI",blood,clinical,,,,,SAMN38637744,GCA_038096305.1,"blaI=COMPLETE,blaR1=COMPLETE,blaZ=COMPLETE,fexA=COMPLETE,fexA_A37V=POINT,fexA_G33A=POINT,fosB=COMPLETE,mecA=COMPLETE,mecR1=PARTIAL,mepA=COMPLETE,tet(38)=COMPLETE",,"clindamycin=S,daptomycin=S,erythromycin=S,gentamicin=S,linezolid=S,oxacillin=R,rifampin=S,trimethoprim-sulfamethoxazole=S,vancomycin=S"
Staphylococcus aureus,BSN168,"""BSN168"",""SRS20736292"",""Staphylococcus aureus str BSN168""",,PDT002140413.1,2024-04-15T15:13:51Z,"USA: Detroit, MI",blood,clinical,,,,,SAMN38637748,GCA_038111625.1,"blaI=COMPLETE,blaR1=COMPLETE,blaZ=COMPLETE,fosB=PARTIAL,mepA=COMPLETE,tet(38)=COMPLETE",,"clindamycin=S,erythromycin=S,gentamicin=S,oxacillin=S,penicillin=R,rifampin=S,trimethoprim-sulfamethoxazole=S,vancomycin=S"
Staphylococcus aureus,BSN160,"""BSN160"",""SRS20736285"",""Staphylococcus aureus str BSN160""",,PDT002140414.1,2024-04-15T15:29:33Z,"USA: Detroit, MI",blood,clinical,,,,,SAMN38637740,GCA_038113395.1,"blaI=COMPLETE,blaR1=HMM,blaZ=COMPLETE,fosB=COMPLETE,mepA=COMPLETE,tet(38)=PARTIAL",,"clindamycin=S,erythromycin=S,gentamicin=S,oxacillin=S,penicillin=R,rifampin=S,trimethoprim-sulfamethoxazole=S,vancomycin=S"
Staphylococcus aureus,BSN176,"""BSN176"",""SRS20736303"",""Staphylococcus aureus str BSN176""",,PDT002143987.1,2024-04-21T12:52:22Z,"USA: Detroit, MI",blood,clinical,,,,,SAMN38637756,GCA_038396865.1,"abc-f=HMM,dfrG=COMPLETE,fosB=COMPLETE,mepA=COMPLETE,tet(38)=COMPLETE",,"clindamycin=S,erythromycin=S,gentamicin=S,oxacillin=S,penicillin=S,rifampin=S,trimethoprim-sulfamethoxazole=S,vancomycin=S"
Staphylococcus aureus,BSN171,"""BSN171"",""SRS20736297"",""Staphylococcus aureus str BSN171""",,PDT002143990.1,2024-04-21T13:57:16Z,"USA: Detroit, MI",blood,clinical,,,,,SAMN38637751,GCA_038396905.1,"abc-f=HMM,blaI=COMPLETE,blaR1=MISTRANSLATION,blaZ=COMPLETE,fosB=COMPLETE,mepA=COMPLETE,tet(38)=COMPLETE",,"clindamycin=S,erythromycin=S,gentamicin=S,oxacillin=S,penicillin=S,rifampin=S,trimethoprim-sulfamethoxazole=S,vancomycin=S"
Staphylococcus aureus,BSN175,"""BSN175"",""SRS20736302"",""Staphylococcus aureus str BSN175""",,PDT002143994.1,2024-04-21T14:59:54Z,"USA: Detroit, MI",blood,clinical,,,,,SAMN38637755,GCA_038396945.1,"abc-f=HMM,blaI=COMPLETE,blaR1=COMPLETE,blaZ=COMPLETE,fosB=COMPLETE,mepA=COMPLETE,murA_G257D=POINT,tet(38)=COMPLETE",,"clindamycin=S,erythromycin=S,gentamicin=S,oxacillin=S,penicillin=R,rifampin=S,trimethoprim-sulfamethoxazole=S,vancomycin=S"
Staphylococcus aureus,BSN202,"""BSN202"",""SRS20736331"",""Staphylococcus aureus str BSN202""",,PDT002143996.1,2024-04-21T15:31:14Z,"USA: Detroit, MI",blood,clinical,,,,,SAMN38637782,GCA_038396965.1,"abc-f=HMM,blaI=COMPLETE,blaR1=COMPLETE,blaZ=COMPLETE,fexA=COMPLETE,fosB=COMPLETE,mecA=COMPLETE,mecR1=PARTIAL,mepA=COMPLETE,tet(38)=COMPLETE",,"clindamycin=S,daptomycin=S,erythromycin=S,gentamicin=S,linezolid=S,oxacillin=R,rifampin=S,trimethoprim-sulfamethoxazole=S,vancomycin=S"
Staphylococcus aureus,BSN162,"""BSN162"",""SRS20736290"",""Staphylococcus aureus str BSN162""",,PDT002146331.1,2024-04-24T21:30:13Z,"USA: Detroit, MI",blood,clinical,,,,,SAMN38637742,GCA_038445925.1,"abc-f=HMM,blaI=COMPLETE,blaR1=COMPLETE,blaZ=COMPLETE,fexA=COMPLETE,fosB=COMPLETE,mecA=COMPLETE,mecR1=PARTIAL,mepA=COMPLETE,tet(38)=COMPLETE,tet(M)=COMPLETE",,"clindamycin=S,daptomycin=S,erythromycin=S,gentamicin=S,linezolid=S,oxacillin=R,rifampin=S,trimethoprim-sulfamethoxazole=S,vancomycin=S"
Staphylococcus aureus,,"""BWH_1895_S_aur"",""SRS21133315""",,PDT002147341.1,2024-04-26T18:53:50Z,USA:Boston,Nasal perirectal swab,clinical,,PDS000181459.1,1.0,,SAMN41091881,GCA_038508755.1,"blaI=COMPLETE,blaR1=HMM,blaZ=COMPLETE,glpT_A100V=POINT,mepA=COMPLETE,murA_E291D=POINT,murA_T396N=POINT,tet(38)=COMPLETE",,"ceftaroline=S,ciprofloxacin=S,clindamycin=S,daptomycin=S,erythromycin=S,gentamicin=S,levofloxacin=S,linezolid=S,minocycline=S,moxifloxacin=S,oxacillin=S,rifampin=S,tetracycline=S,tigecycline=S,trimethoprim-sulfamethoxazole=S,vancomycin=S"
Staphylococcus aureus,,"""BWH_1896_S_aur"",""SRS21133314""",,PDT002147342.1,2024-04-26T18:53:51Z,USA:Boston,Nasal perirectal swab,clinical,,PDS000181459.1,1.0,,SAMN41091880,GCA_038509345.1,"blaI=COMPLETE,blaR1=HMM,blaZ=COMPLETE,glpT_A100V=POINT,mepA=COMPLETE,murA_E291D=POINT,murA_T396N=POINT,tet(38)=COMPLETE",,"ceftaroline=S,ciprofloxacin=S,clindamycin=S,daptomycin=S,erythromycin=S,gentamicin=S,levofloxacin=S,linezolid=S,minocycline=S,moxifloxacin=S,oxacillin=S,rifampin=S,tetracycline=S,tigecycline=S,trimethoprim-sulfamethoxazole=S,vancomycin=S"
Staphylococcus aureus,,"""BWH_1901_S_aur"",""SRS21133308""",,PDT002147348.1,2024-04-26T18:53:54Z,USA:Boston,Nasal perirectal swab,clinical,,,,,SAMN41091875,GCA_038509215.1,"glpT_A100V=POINT,mepA=COMPLETE,murA_E291D=POINT,murA_T396N=POINT,tet(38)=COMPLETE",,"ceftaroline=S,ciprofloxacin=S,clindamycin=S,daptomycin=S,erythromycin=S,gentamicin=S,levofloxacin=S,linezolid=S,minocycline=S,moxifloxacin=S,oxacillin=S,rifampin=S,tetracycline=S,tigecycline=S,trimethoprim-sulfamethoxazole=S,vancomycin=S"
Staphylococcus aureus,,"""BWH_1902_S_aur"",""SRS21133307""",,PDT002147349.1,2024-04-26T18:53:54Z,USA:Boston,Nasal perirectal swab,clinical,,PDS000181461.1,2.0,,SAMN41091874,GCA_038509065.1,"fosB=COMPLETE,mepA=COMPLETE,murA_G257D=POINT,tet(38)=COMPLETE",,"ceftaroline=S,ciprofloxacin=S,clindamycin=S,daptomycin=S,erythromycin=S,gentamicin=S,levofloxacin=S,linezolid=S,minocycline=S,moxifloxacin=S,oxacillin=S,rifampin=S,tetracycline=S,tigecycline=S,trimethoprim-sulfamethoxazole=S,vancomycin=S"
Staphylococcus aureus,BSN129,"""BSN129"",""SRS20598160"",""Staphylococcus aureus str BSN129""",,PDT002147740.1,2024-04-25T05:20:48Z,"USA: Detroit, MI",blood,clinical,,,,,SAMN38637707,GCA_038449145.1,"abc-f=HMM,blaI=COMPLETE,blaR1=COMPLETE,blaZ=COMPLETE,fosB=COMPLETE,mepA=COMPLETE,murA_G257D=POINT,tet(38)=COMPLETE",,"clindamycin=S,erythromycin=S,gentamicin=S,oxacillin=S,penicillin=R,rifampin=S,trimethoprim-sulfamethoxazole=S,vancomycin=S"
Staphylococcus aureus,BSN186,"""BSN186"",""SRS20736312"",""Staphylococcus aureus str BSN186""",,PDT002148268.2,2024-04-27T13:38:13Z,"USA: Detroit, MI",blood,clinical,,,,,SAMN38637766,GCA_038561995.1,"blaI=COMPLETE,blaR1=COMPLETE,blaZ=COMPLETE,mepA=COMPLETE,tet(38)=COMPLETE",,"clindamycin=S,erythromycin=S,gentamicin=S,oxacillin=S,penicillin=R,rifampin=S,trimethoprim-sulfamethoxazole=S,vancomycin=S"
Staphylococcus aureus,BSN128,"""BSN128"",""SRS20598161"",""Staphylococcus aureus str BSN128""",,PDT002149969.1,2024-04-29T21:56:01Z,"USA: Detroit, MI",blood,clinical,,,,,SAMN38637706,GCA_038667655.1,"blaI=COMPLETE,blaR1=COMPLETE,blaZ=COMPLETE,fexA=COMPLETE,fexA_A37V=POINT,fexA_G33A=POINT,fosB=COMPLETE,mecA=COMPLETE,mecR1=PARTIAL,mepA=COMPLETE,tet(38)=COMPLETE,tet(M)=COMPLETE",,"clindamycin=S,daptomycin=S,erythromycin=S,gentamicin=S,linezolid=S,oxacillin=R,rifampin=S,trimethoprim-sulfamethoxazole=S,vancomycin=S"
Staphylococcus aureus,BSN135,"""BSN135"",""SRS20598171"",""Staphylococcus aureus str BSN135""",,PDT002152305.1,2024-04-30T03:06:57Z,"USA: Detroit, MI",blood,clinical,,,,,SAMN38637714,GCA_038707595.1,"aadD1=COMPLETE,blaI=COMPLETE,blaR1=COMPLETE,blaZ=COMPLETE,fosB=COMPLETE,mepA=COMPLETE,tet(38)=COMPLETE,tet(K)=COMPLETE",,"clindamycin=S,erythromycin=S,gentamicin=S,oxacillin=S,penicillin=R,rifampin=S,trimethoprim-sulfamethoxazole=S,vancomycin=S"
Staphylococcus aureus,BSN137,"""BSN137"",""SRS20598505"",""Staphylococcus aureus str BSN137""",,PDT002152309.1,2024-04-30T07:45:37Z,"USA: Detroit, MI",blood,clinical,,,,,SAMN38637716,GCA_038745265.1,"blaI=COMPLETE,blaR1=COMPLETE,blaZ=COMPLETE,fosB=COMPLETE,mepA=COMPLETE,murA_G257D=POINT,tet(38)=COMPLETE",,"clindamycin=S,erythromycin=S,gentamicin=S,oxacillin=S,penicillin=R,rifampin=S,trimethoprim-sulfamethoxazole=S,vancomycin=S"
Staphylococcus aureus,BSN127,"""BSN127"",""SRS20598159"",""Staphylococcus aureus str BSN127""",,PDT002152311.1,2024-04-30T12:54:26Z,"USA: Detroit, MI",blood,clinical,,,,,SAMN38637705,GCA_038784845.1,"aadD1=COMPLETE,blaI=COMPLETE,blaR1=COMPLETE,blaZ=COMPLETE,fosB=COMPLETE,lnu(A)=COMPLETE,mepA=COMPLETE,tet(38)=COMPLETE",,"clindamycin=S,erythromycin=S,gentamicin=S,oxacillin=S,penicillin=R,rifampin=S,trimethoprim-sulfamethoxazole=S,vancomycin=S"
Staphylococcus aureus,BSN194,"""BSN194"",""SRS20736322"",""Staphylococcus aureus str BSN194""",,PDT002157240.1,2024-05-06T20:23:37Z,"USA: Detroit, MI",blood,clinical,,,,,SAMN38637774,GCA_039522825.1,"blaI=COMPLETE,blaR1=COMPLETE,blaZ=COMPLETE,fosB=COMPLETE,gyrA_S84L=POINT,mecA=COMPLETE,mecR1=PARTIAL,mepA=COMPLETE,murA_G257D=POINT,parC_S80Y=POINT,tet(38)=COMPLETE",,"clindamycin=S,daptomycin=S,erythromycin=S,gentamicin=S,linezolid=S,oxacillin=R,rifampin=S,trimethoprim-sulfamethoxazole=S,vancomycin=S"
Staphylococcus aureus,BSN196,"""BSN196"",""SRS20736324"",""Staphylococcus aureus str BSN196""",,PDT002157245.1,2024-05-06T21:57:20Z,"USA: Detroit, MI",blood,clinical,,,,,SAMN38637776,GCA_039535615.1,"blaI=COMPLETE,blaR1=COMPLETE,blaZ=COMPLETE,fosB=COMPLETE,mecA=COMPLETE,mecR1=PARTIAL,mepA=COMPLETE,mph(C)=COMPLETE,msr(A)=COMPLETE,murA_G257D=POINT,parC_S80F=POINT,tet(38)=COMPLETE",,"clindamycin=S,daptomycin=S,erythromycin=S,gentamicin=S,linezolid=S,oxacillin=R,rifampin=S,trimethoprim-sulfamethoxazole=S,vancomycin=S"
Staphylococcus aureus,BSN79,"""BSN79"",""SRS20483037"",""Staphylococcus aureus str BSN79""",,PDT002172331.1,2024-05-20T14:53:22Z,"USA: Detroit, MI",blood,clinical,,,,,SAMN38637667,GCA_039699835.1,"mepA=COMPLETE,tet(38)=COMPLETE",,"ciprofloxacin=S,clindamycin=S,erythromycin=S,gentamicin=S,levofloxacin=S,oxacillin=S,penicillin=S,rifampin=S,trimethoprim-sulfamethoxazole=S,vancomycin=S"
Staphylococcus aureus,BSN133-2,"""BSN133-2"",""SRS20598168"",""Staphylococcus aureus str BSN133-2""",,PDT002178670.1,2024-05-27T05:30:13Z,"USA: Detroit, MI",blood,clinical,,,,,SAMN38637712,GCA_039848565.1,"fosB=COMPLETE,gyrA_S84L=POINT,mecA=COMPLETE,mecR1=PARTIAL,mepA=COMPLETE,murA_G257D=POINT,parC_S80Y=POINT,tet(38)=COMPLETE",,"clindamycin=S,daptomycin=S,erythromycin=S,gentamicin=S,linezolid=S,oxacillin=R,rifampin=S,trimethoprim-sulfamethoxazole=S,vancomycin=S"
Staphylococcus aureus,BSN35-3,"""BSN35-3"",""SRS25348659"",""Staphylococcus aureus str BSN35-3""",,PDT002182540.1,2024-05-29T13:07:50Z,"USA: Detroit, MI",blood,clinical,,,,,SAMN38637633,GCA_039905805.1,"blaI=COMPLETE,blaR1=COMPLETE,blaZ=COMPLETE,fosB=COMPLETE,mepA=COMPLETE,murA_G257D=POINT,tet(38)=COMPLETE",,"clindamycin=S,erythromycin=S,gentamicin=S,oxacillin=S,penicillin=R,rifampin=S,trimethoprim-sulfamethoxazole=S,vancomycin=S"
Staphylococcus aureus,BSN09-2,"""BSN09-2"",""SRS26262824"",""Staphylococcus aureus str BSN09-2""",,PDT002183331.1,2024-05-30T12:05:33Z,"USA: Detroit, MI",blood,clinical,,PDS000126533.2,2.0,,SAMN38637627,GCA_039953855.1,"blaI=COMPLETE,blaR1=COMPLETE,blaZ=COMPLETE,fosB=COMPLETE,gyrA_S84L=POINT,mecA=COMPLETE,mecR1=PARTIAL,mepA=COMPLETE,mph(C)=COMPLETE,msr(A)=PARTIAL_END_OF_CONTIG,murA_G257D=POINT,parC_S80Y=POINT,tet(38)=COMPLETE",,"clindamycin=S,daptomycin=S,erythromycin=S,gentamicin=S,linezolid=S,oxacillin=R,rifampin=S,trimethoprim-sulfamethoxazole=S,vancomycin=S"
Staphylococcus aureus,BSN09-3,"""BSN09-3"",""SRS26262826"",""Staphylococcus aureus str BSN09-3""",,PDT002187644.2,2024-07-10T22:10:12Z,"USA: Detroit, MI",blood,clinical,,PDS000184187.2,0.0,,SAMN38637628,GCA_040030945.2,"fosB=COMPLETE,mecA=COMPLETE,mecR1=PARTIAL,mepA=COMPLETE,murA_G257D=POINT,tet(38)=COMPLETE",,"clindamycin=S,daptomycin=S,erythromycin=S,gentamicin=S,linezolid=S,oxacillin=R,rifampin=S,trimethoprim-sulfamethoxazole=S,vancomycin=S"
Staphylococcus aureus,BSN166,"""BSN166"",""SRS20736293"",""Staphylococcus aureus str BSN166""",,PDT002199721.1,2024-06-10T16:33:01Z,"USA: Detroit, MI",blood,clinical,,,,,SAMN38637746,GCA_040114725.1,"blaI=COMPLETE,blaZ=COMPLETE,fosB=COMPLETE,mepA=COMPLETE,tet(38)=COMPLETE",,"clindamycin=S,erythromycin=S,gentamicin=S,oxacillin=S,penicillin=R,rifampin=S,trimethoprim-sulfamethoxazole=S,vancomycin=S"
Staphylococcus aureus,BSN207,"""BSN207"",""SRS20736335"",""Staphylococcus aureus str BSN207""",,PDT002225244.1,2024-06-23T16:07:40Z,"USA: Detroit, MI",blood,clinical,,PDS000069917.2,33.0,,SAMN38637787,GCA_040267805.1,"blaI=COMPLETE,blaR1=COMPLETE,blaZ=COMPLETE,dfrG=COMPLETE,folP_E208K=POINT,folP_F17L=POINT,fosB=COMPLETE,gyrA_S84L=POINT,gyrA_S85P=POINT,mecA=COMPLETE,mecR1=PARTIAL,mepA=COMPLETE,mph(C)=COMPLETE,murA_G257D=POINT,parC_S80F=POINT,parE_D432V=POINT,tet(38)=COMPLETE",,"clindamycin=S,daptomycin=S,erythromycin=S,gentamicin=S,linezolid=S,oxacillin=R,rifampin=S,trimethoprim-sulfamethoxazole=R,vancomycin=S"
Staphylococcus aureus,BSN62,"""BSN62"",""Staphylococcus aureus str BSN62""",,PDT002239692.1,2024-07-02T12:52:15Z,"USA: Detroit, MI",blood,clinical,,PDS000187666.1,0.0,,SAMN38351594,GCA_040448595.1,"blaI=COMPLETE,blaR1=COMPLETE,blaZ=COMPLETE,fexA=COMPLETE,fexA_A37V=POINT,fexA_G33A=POINT,fosB=COMPLETE,mecA=COMPLETE,mecR1=PARTIAL,mepA=COMPLETE,tet(38)=COMPLETE,tet(M)=COMPLETE",,"clindamycin=S,daptomycin=S,erythromycin=S,gentamicin=S,linezolid=S,oxacillin=R,rifampin=S,trimethoprim-sulfamethoxazole=S,vancomycin=S"
Staphylococcus aureus,SAMS3,"""SAMS3"",""SRS20996309""",,PDT002432210.1,2024-10-25T08:26:19Z,Argentina: Ciudad Autonoma de Buenos Aires,blood,clinical,,PDS000202953.1,3.0,,SAMN40932247,GCA_043844895.1,"blaI=COMPLETE,blaR1=COMPLETE,blaZ=COMPLETE,fosB=COMPLETE,mepA=COMPLETE,murA_G257D=POINT,tet(38)=COMPLETE",,"ciprofloxacin=S,clindamycin=S,erythromycin=S,gentamicin=S,levofloxacin=S,linezolid=S,minocycline=S,moxifloxacin=S,nitrofurantoin=S,oxacillin=S,quinupristin=S,rifampin=S,teicoplanin=S,tetracycline=S,tigecycline=S,trimethoprim-sulfamethoxazole=S,vancomycin=S"
Staphylococcus aureus,SA2,"""SA2"",""SRS20996310""",,PDT002432211.1,2024-10-25T08:26:22Z,Argentina: Ciudad Autonoma de Buenos Aires,blood,clinical,,PDS000202953.1,5.0,,SAMN40932248,GCA_043844915.1,"blaI=COMPLETE,blaR1=COMPLETE,blaZ=COMPLETE,fosB=COMPLETE,mepA=COMPLETE,murA_G257D=POINT,tet(38)=COMPLETE",,"cefoxitin=S,ciprofloxacin=S,clindamycin=S,erythromycin=S,gentamicin=S,levofloxacin=S,linezolid=S,minocycline=S,moxifloxacin=S,nitrofurantoin=S,oxacillin=R,quinupristin=S,rifampin=S,teicoplanin=S,tetracycline=S,tigecycline=S,trimethoprim-sulfamethoxazole=S,vancomycin=S"
Staphylococcus aureus,SAMS2,"""SAMS2"",""SRS20996308""",,PDT002432212.1,2024-10-25T08:26:31Z,Argentina: Ciudad Autonoma de Buenos Aires,blood,clinical,,PDS000202953.1,4.0,,SAMN40932186,GCA_043844985.1,"blaI=COMPLETE,blaR1=COMPLETE,blaZ=COMPLETE,fosB=COMPLETE,mepA=COMPLETE,murA_G257D=POINT,tet(38)=COMPLETE",,"ciprofloxacin=S,clindamycin=S,erythromycin=S,gentamicin=S,levofloxacin=S,linezolid=S,minocycline=S,moxifloxacin=S,nitrofurantoin=S,oxacillin=S,quinupristin=S,rifampin=S,teicoplanin=S,tetracycline=S,tigecycline=S,trimethoprim-sulfamethoxazole=S,vancomycin=S"
Staphylococcus aureus,SAMS1,"""SAMS1"",""SRS20996307""",,PDT002432213.1,2024-10-25T08:26:31Z,Argentina: Ciudad Autonoma de Buenos Aires,blood,clinical,,PDS000202953.1,3.0,,SAMN40932157,GCA_043845005.1,"blaI=COMPLETE,blaR1=COMPLETE,blaZ=COMPLETE,fosB=COMPLETE,mepA=COMPLETE,murA_G257D=POINT,tet(38)=COMPLETE",,"cefoxitin=S,ciprofloxacin=S,clindamycin=S,erythromycin=S,gentamicin=S,levofloxacin=S,linezolid=S,minocycline=S,moxifloxacin=S,nitrofurantoin=S,oxacillin=S,quinupristin=S,rifampin=S,teicoplanin=S,tetracycline=S,tigecycline=S,trimethoprim-sulfamethoxazole=S,vancomycin=S"
Staphylococcus aureus,BSN210,"""BSN210"",""SRS20736338"",""Staphylococcus aureus str BSN210""",,PDT002498355.1,2024-11-25T20:52:42Z,"USA: Detroit, MI",blood,clinical,,,,,SAMN38637790,GCA_045288935.1,"blaI=COMPLETE,blaR1=COMPLETE,blaZ=COMPLETE,fexA=COMPLETE,fexA_A37V=POINT,fexA_G33A=POINT,fosB=COMPLETE,mecA=COMPLETE,mecR1=PARTIAL,mepA=COMPLETE,tet(38)=COMPLETE,tet(M)=COMPLETE",,"clindamycin=S,daptomycin=S,erythromycin=S,gentamicin=S,linezolid=S,oxacillin=R,rifampin=S,trimethoprim-sulfamethoxazole=S,vancomycin=S"
Staphylococcus aureus,BSN67,"""BSN67"",""SRS20483085"",""Staphylococcus aureus str BSN67""",,PDT002514733.1,2024-12-04T21:35:51Z,"USA: Detroit, MI",blood,clinical,,,,,SAMN38637653,GCA_045689505.1,"ant(6)-Ia=PARTIAL,aph(3')-IIIa=COMPLETE,blaI=COMPLETE,blaZ=COMPLETE,fosB=COMPLETE,mepA=COMPLETE,sat4=COMPLETE,tet(38)=COMPLETE,tet(K)=COMPLETE",,"clindamycin=S,erythromycin=S,gentamicin=S,oxacillin=S,penicillin=R,rifampin=S,trimethoprim-sulfamethoxazole=S,vancomycin=S"
Staphylococcus aureus,BSN90,"""BSN90"",""SRS20485611"",""Staphylococcus aureus str BSN90""",,PDT002514735.1,2024-12-04T21:36:17Z,"USA: Detroit, MI",blood,clinical,,,,,SAMN38637678,GCA_045689525.1,"aadD1=COMPLETE,blaI=COMPLETE,blaR1=COMPLETE,blaZ=COMPLETE,fosB=COMPLETE,mepA=COMPLETE,tet(38)=COMPLETE,tet(K)=COMPLETE",,"clindamycin=S,erythromycin=S,gentamicin=S,oxacillin=S,penicillin=R,rifampin=S,trimethoprim-sulfamethoxazole=S,vancomycin=S"
Staphylococcus aureus,BSN120,"""BSN120"",""SRS20598181"",""Staphylococcus aureus str BSN120""",,PDT002514737.1,2024-12-04T21:36:56Z,"USA: Detroit, MI",blood,clinical,,,,,SAMN38637698,GCA_045689545.1,"erm(C)=COMPLETE,fosB=COMPLETE,gyrA_S84L=POINT,mepA=COMPLETE,murA_G257D=POINT,parC_S80Y=POINT,tet(38)=COMPLETE,tet(M)=COMPLETE",,"clindamycin=S,erythromycin=S,gentamicin=S,oxacillin=S,penicillin=S,rifampin=S,trimethoprim-sulfamethoxazole=S,vancomycin=S"
Staphylococcus aureus,BSN185,"""BSN185"",""SRS20736314"",""Staphylococcus aureus str BSN185""",,PDT002514738.1,2024-12-04T21:37:34Z,"USA: Detroit, MI",blood,clinical,,,,,SAMN38637765,GCA_045689555.1,"blaI=COMPLETE,blaR1=MISTRANSLATION,blaZ=COMPLETE,glpT_A100V=POINT,mepA=COMPLETE,murA_E291D=POINT,murA_T396N=POINT,tet(38)=COMPLETE",,"clindamycin=S,erythromycin=S,gentamicin=S,oxacillin=S,penicillin=R,rifampin=S,trimethoprim-sulfamethoxazole=S,vancomycin=S"
Staphylococcus aureus,,"""205"",""SRS25253183"",""dzd-uci-7289""",,PDT002991236.1,2025-11-20T22:49:27Z,USA: California,"SPUTUM, TRACHEAL ASPIRATE/SUCTION",clinical,,,,,SAMN48878220,GCA_053676855.1,"blaI=COMPLETE,blaR1=HMM,blaZ=COMPLETE,fosB=COMPLETE,glpT_A100V=POINT,glpT_L27F=POINT,mepA=PARTIAL,murA_E291D=POINT,murA_T396N=POINT,tet(38)=COMPLETE",,"clindamycin=S,erythromycin=S,levofloxacin=S,oxacillin=S,rifampin=S,tetracycline=S,trimethoprim-sulfamethoxazole=S"
Staphylococcus aureus,,"""199"",""SRS25253175"",""dzd-uci-7281""",,PDT002991244.1,2025-11-20T22:49:28Z,USA: California,"SPUTUM, TRACHEAL ASPIRATE/SUCTION",clinical,,,,,SAMN48878214,GCA_053676775.1,"glpT_A100V=POINT,mepA=COMPLETE,murA_E291D=POINT,murA_T396N=POINT,tet(38)=COMPLETE",,"clindamycin=S,erythromycin=S,levofloxacin=S,oxacillin=S,rifampin=S,tetracycline=S,trimethoprim-sulfamethoxazole=S"
Staphylococcus aureus,,"""886"",""SRS25253146"",""dzd-uci-8368""",,PDT002991269.1,2025-11-20T22:49:33Z,USA: California,"URINE, NEPHROSTOMY RIGHT",clinical,,PDS000247557.1,0.0,,SAMN48878901,GCA_053676395.1,"blaI=COMPLETE,blaPC1=COMPLETE,blaR1=MISTRANSLATION,fosB=COMPLETE,glpT_A100V=POINT,mepA=COMPLETE,tet(38)=COMPLETE",,"clindamycin=S,erythromycin=S,levofloxacin=S,oxacillin=S,rifampin=S,tetracycline=S,trimethoprim-sulfamethoxazole=S"
Staphylococcus aureus,,"""884"",""SRS25253144"",""dzd-uci-8364""",,PDT002991271.1,2025-11-20T22:49:34Z,USA: California,LESION,clinical,,,,,SAMN48878899,GCA_053676315.1,"blaI=COMPLETE,blaR1=COMPLETE,blaZ=COMPLETE,dfrB_H31N=POINT,fosB=COMPLETE,mecA=COMPLETE,mecR1=PARTIAL,mepA=COMPLETE,tet(38)=COMPLETE",,"clindamycin=S,erythromycin=S,levofloxacin=S,oxacillin=R,rifampin=S,tetracycline=S,trimethoprim-sulfamethoxazole=S"
Staphylococcus aureus,,"""881"",""SRS25253141"",""dzd-uci-8359""",,PDT002991274.1,2025-11-20T22:49:34Z,USA: California,blood,clinical,,,,,SAMN48878896,GCA_053676275.1,"fosB=COMPLETE,mepA=COMPLETE,murA_G257D=POINT,tet(38)=COMPLETE",,"clindamycin=S,erythromycin=S,levofloxacin=S,oxacillin=S,rifampin=S,tetracycline=S,trimethoprim-sulfamethoxazole=S"
Staphylococcus aureus,,"""725"",""SRS25253113"",""dzd-uci-8099""",,PDT002991302.1,2025-11-20T22:49:40Z,USA: California,sputum,clinical,,,,,SAMN48878740,GCA_053653475.1,"mepA=COMPLETE,tet(38)=COMPLETE",,"clindamycin=S,erythromycin=S,levofloxacin=S,oxacillin=S,rifampin=S,tetracycline=S,trimethoprim-sulfamethoxazole=S"
Staphylococcus aureus,,"""715"",""SRS25253101"",""dzd-uci-8087""",,PDT002991313.1,2025-11-20T22:49:43Z,USA: California,SURGICAL/PROCEDURE SPECIMEN,clinical,,,,,SAMN48878730,GCA_053653415.1,"dfrG=COMPLETE,mepA=COMPLETE,tet(38)=COMPLETE",,"clindamycin=S,erythromycin=S,levofloxacin=S,oxacillin=S,rifampin=S,tetracycline=S,trimethoprim-sulfamethoxazole=R"
Staphylococcus aureus,,"""714"",""SRS25253100"",""dzd-uci-8083""",,PDT002991314.1,2025-11-20T22:49:43Z,USA: California,ABSCESS,clinical,,PDS000247567.1,0.0,,SAMN48878729,GCA_053675735.1,"blaI=COMPLETE,blaR1=COMPLETE,blaZ=COMPLETE,fosB=COMPLETE,gyrA_S84L=POINT,mecA=COMPLETE,mecR1=PARTIAL,mepA=COMPLETE,murA_G257D=POINT,parC_S80Y=POINT,tet(38)=COMPLETE",,"clindamycin=S,erythromycin=S,levofloxacin=R,oxacillin=R,rifampin=S,tetracycline=S,trimethoprim-sulfamethoxazole=S"
Staphylococcus aureus,,"""712"",""SRS25253098"",""dzd-uci-8080""",,PDT002991316.1,2025-11-20T22:49:43Z,USA: California,ABSCESS,clinical,,,,,SAMN48878727,GCA_053653395.1,"fosB=COMPLETE,gyrA_S84L=POINT,mecA=COMPLETE,mecR1=PARTIAL,mepA=COMPLETE,murA_G257D=POINT,parC_S80Y=POINT,tet(38)=COMPLETE",,"clindamycin=S,erythromycin=S,levofloxacin=R,oxacillin=R,rifampin=S,tetracycline=S,trimethoprim-sulfamethoxazole=S"
Staphylococcus aureus,,"""71"",""SRS25253095"",""dzd-uci-7058""",,PDT002991319.1,2025-11-20T22:49:44Z,USA: California,"FOOT,RIGHT",clinical,,,,,SAMN48878086,GCA_053648835.1,"blaI=COMPLETE,blaR1=COMPLETE,blaZ=COMPLETE,blaZ=PARTIAL_END_OF_CONTIG,fosB=COMPLETE,mepA=COMPLETE,tet(38)=COMPLETE",,"clindamycin=S,erythromycin=S,levofloxacin=S,oxacillin=S,rifampin=S,tetracycline=S,trimethoprim-sulfamethoxazole=S"
Staphylococcus aureus,,"""624"",""SRS25253073"",""dzd-uci-7963""",,PDT002991340.1,2025-11-20T22:49:49Z,USA: California,"SPUTUM, INDUCED",clinical,,PDS000247552.1,0.0,,SAMN48878639,GCA_053675475.1,"glpT_A100V=POINT,mepA=COMPLETE,murA_E291D=POINT,murA_T396N=POINT,tet(38)=COMPLETE",,"clindamycin=S,erythromycin=S,levofloxacin=S,oxacillin=S,rifampin=S,tetracycline=S,trimethoprim-sulfamethoxazole=S"
Staphylococcus aureus,,"""551"",""SRS25253063"",""dzd-uci-7854""",,PDT002991348.1,2025-11-20T22:49:50Z,USA: California,blood,clinical,,,,,SAMN48878566,GCA_053652055.1,"blaI=COMPLETE,blaPC1=COMPLETE,blaR1=COMPLETE,glpT_A100V=POINT,gyrA_S84L=POINT,mecA=COMPLETE,mepA=COMPLETE,murA_E291D=POINT,murA_T396N=POINT,parC_S80F=POINT,parE_D432N=POINT,tet(38)=COMPLETE,tet(K)=COMPLETE",,"clindamycin=S,erythromycin=S,levofloxacin=R,oxacillin=R,rifampin=S,tetracycline=R,trimethoprim-sulfamethoxazole=S"
Staphylococcus aureus,,"""548"",""SRS25253059"",""dzd-uci-7851""",,PDT002991352.1,2025-11-20T22:49:51Z,USA: California,blood,clinical,,,,,SAMN48878563,GCA_053675335.1,"blaI=COMPLETE,blaR1=HMM,blaZ=COMPLETE,fosB=COMPLETE,mepA=COMPLETE,tet(38)=COMPLETE",,"clindamycin=S,erythromycin=S,levofloxacin=S,oxacillin=S,rifampin=S,tetracycline=S,trimethoprim-sulfamethoxazole=S"
Staphylococcus aureus,,"""547"",""SRS25253058"",""dzd-uci-7850""",,PDT002991353.1,2025-11-20T22:49:51Z,USA: California,"BLOOD,PERIPHERAL",clinical,,PDS000247543.1,0.0,,SAMN48878562,GCA_053675295.1,"fosB=PARTIAL,mepA=PARTIAL,tet(38)=COMPLETE",,"clindamycin=S,erythromycin=S,levofloxacin=S,oxacillin=S,rifampin=S,tetracycline=S,trimethoprim-sulfamethoxazole=S"
Staphylococcus aureus,,"""543"",""SRS25253055"",""dzd-uci-7845""",,PDT002991357.1,2025-11-20T22:49:52Z,USA: California,blood,clinical,,PDS000247543.1,0.0,,SAMN48878558,GCA_053675235.1,"fosB=PARTIAL,mepA=PARTIAL,tet(38)=COMPLETE",,"clindamycin=S,erythromycin=S,levofloxacin=S,oxacillin=S,rifampin=S,tetracycline=S,trimethoprim-sulfamethoxazole=S"
Staphylococcus aureus,,"""541"",""SRS25253052"",""dzd-uci-7839""",,PDT002991359.1,2025-11-20T22:49:52Z,USA: California,DRAINAGE,clinical,,,,,SAMN48878556,GCA_053675195.1,"aac(6')-Ie/aph(2'')-Ia=COMPLETE,blaI=COMPLETE,blaR1=HMM,blaZ=COMPLETE,fosB=COMPLETE,fusC=COMPLETE,glpT_A100V=POINT,glpT_L27F=POINT,mecA=COMPLETE,mepA=COMPLETE,murA_E291D=POINT,murA_T396N=POINT,tet(38)=COMPLETE",,"clindamycin=S,erythromycin=S,levofloxacin=S,oxacillin=R,rifampin=S,tetracycline=S,trimethoprim-sulfamethoxazole=S"
Staphylococcus aureus,,"""539"",""SRS25253049"",""dzd-uci-7836""",,PDT002991362.1,2025-11-20T22:49:53Z,USA: California,sputum,clinical,,PDS000247554.1,9.0,,SAMN48878554,GCA_053675175.1,"blaI=COMPLETE,blaR1=MISTRANSLATION,blaZ=COMPLETE,fosB=COMPLETE,mepA=COMPLETE,tet(38)=COMPLETE",,"clindamycin=S,erythromycin=S,levofloxacin=S,oxacillin=S,rifampin=S,tetracycline=S,trimethoprim-sulfamethoxazole=S"
Staphylococcus aureus,,"""535"",""SRS25253045"",""dzd-uci-7830""",,PDT002991366.1,2025-11-20T22:49:54Z,USA: California,blood,clinical,,PDS000247541.1,1.0,,SAMN48878550,GCA_053675135.1,"fosB=COMPLETE,gyrA_S84L=POINT,mecA=COMPLETE,mecR1=PARTIAL,mepA=COMPLETE,murA_G257D=POINT,parC_S80F=POINT,tet(38)=COMPLETE",,"clindamycin=S,erythromycin=S,levofloxacin=R,oxacillin=R,rifampin=S,tetracycline=S,trimethoprim-sulfamethoxazole=S"
Staphylococcus aureus,,"""451"",""SRS25253023"",""dzd-uci-7684""",,PDT002991386.1,2025-11-20T22:49:57Z,USA: California,DRAINAGE,clinical,,,,,SAMN48878466,GCA_053674895.1,"fosB=COMPLETE,mepA=COMPLETE,tet(38)=COMPLETE",,"clindamycin=S,erythromycin=S,levofloxacin=S,oxacillin=S,rifampin=S,tetracycline=S,trimethoprim-sulfamethoxazole=S"
Staphylococcus aureus,,"""448"",""SRS25253020"",""dzd-uci-7681""",,PDT002991389.1,2025-11-20T22:49:58Z,USA: California,SURGICAL/PROCEDURE SPECIMEN,clinical,,,,,SAMN48878463,GCA_053674835.1,"aac(6')-Ie/aph(2'')-Ia=COMPLETE,aadD1=COMPLETE,blaI=COMPLETE,blaR1=COMPLETE,blaZ=COMPLETE,lnu(A)=COMPLETE,mepA=COMPLETE,mupA=COMPLETE,tet(38)=COMPLETE,tet(M)=COMPLETE",,"clindamycin=S,erythromycin=S,levofloxacin=S,oxacillin=S,rifampin=S,tetracycline=R,trimethoprim-sulfamethoxazole=S"
Staphylococcus aureus,,"""395"",""SRS25253009"",""dzd-uci-7599""",,PDT002991399.1,2025-11-20T22:49:59Z,USA: California,blood,clinical,,,,,SAMN48878410,GCA_053674695.1,"blaI=COMPLETE,blaR1=HMM,blaZ=COMPLETE,erm(T)=COMPLETE,glpT_A100V=POINT,glpT_F3I=POINT,mepA=COMPLETE,murA_D278E=POINT,murA_E291D=POINT,tet(38)=COMPLETE",,"clindamycin=S,erythromycin=S,levofloxacin=S,oxacillin=S,rifampin=S,tetracycline=S,trimethoprim-sulfamethoxazole=S"
Staphylococcus aureus,,"""139"",""SRS25252965"",""dzd-uci-7179""",,PDT002991440.1,2025-11-20T22:50:07Z,USA: California,blood,clinical,,PDS000247564.1,0.0,,SAMN48878154,GCA_053649955.1,"blaI=COMPLETE,blaR1=HMM,blaZ=COMPLETE,fosB=COMPLETE,mepA=COMPLETE,tet(38)=COMPLETE",,"clindamycin=S,erythromycin=S,levofloxacin=S,oxacillin=S,rifampin=S,tetracycline=S,trimethoprim-sulfamethoxazole=S"
Staphylococcus aureus,,"""133"",""SRS25252959"",""dzd-uci-7169""",,PDT002991446.1,2025-11-20T22:50:08Z,USA: California,SURGICAL/PROCEDURE SPECIMEN,clinical,,,,,SAMN48878148,GCA_053653005.1,"mepA=COMPLETE,tet(38)=COMPLETE",,"clindamycin=S,erythromycin=S,levofloxacin=S,oxacillin=S,rifampin=S,tetracycline=S,trimethoprim-sulfamethoxazole=S"
Staphylococcus aureus,,"""127"",""SRS25252952"",""dzd-uci-7160""",,PDT002991453.1,2025-11-20T22:50:10Z,USA: California,"URINE, STRAIGHT CATH",clinical,,,,,SAMN48878142,GCA_053674115.1,"blaI=COMPLETE,blaR1=COMPLETE,blaZ=COMPLETE,blaZ=PARTIAL_END_OF_CONTIG,fosB=COMPLETE,mepA=COMPLETE,tet(38)=COMPLETE",,"clindamycin=S,erythromycin=S,levofloxacin=S,oxacillin=S,rifampin=S,tetracycline=S,trimethoprim-sulfamethoxazole=S"
Staphylococcus aureus,,"""930"",""SRS25253442"",""dzd-uci-8459""",,PDT002991473.1,2025-11-20T22:50:14Z,USA: California,sputum,clinical,,PDS000247561.1,1.0,,SAMN48878945,GCA_053673775.1,"blaI=COMPLETE,blaR1=COMPLETE,blaZ=COMPLETE,blaZ=PARTIAL_END_OF_CONTIG,fosB=COMPLETE,mepA=COMPLETE,tet(38)=COMPLETE",,"clindamycin=S,erythromycin=S,levofloxacin=S,oxacillin=S,rifampin=S,tetracycline=S,trimethoprim-sulfamethoxazole=S"
Staphylococcus aureus,,"""852"",""SRS25253427"",""dzd-uci-8312""",,PDT002991487.1,2025-11-20T22:50:17Z,USA: California,sputum,clinical,,,,,SAMN48878867,GCA_053673615.1,"fosB=COMPLETE,gyrA_S84L=POINT,mepA=COMPLETE,murA_G257D=POINT,parC_S80F=POINT,tet(38)=COMPLETE",,"clindamycin=S,erythromycin=S,levofloxacin=R,oxacillin=S,rifampin=S,tetracycline=S,trimethoprim-sulfamethoxazole=S"
Staphylococcus aureus,,"""765"",""SRS25253402"",""dzd-uci-8168""",,PDT002991510.1,2025-11-20T22:50:22Z,USA: California,JOINT FLUID,clinical,,PDS000247552.1,26.0,,SAMN48878780,GCA_053657515.1,"blaI=COMPLETE,blaR1=COMPLETE,blaZ=COMPLETE,blaZ=PARTIAL_END_OF_CONTIG,dfrG=COMPLETE,glpT_A100V=POINT,mepA=COMPLETE,murA_E291D=POINT,murA_T396N=POINT,tet(38)=COMPLETE",,"clindamycin=S,erythromycin=S,levofloxacin=S,oxacillin=S,rifampin=S,tetracycline=S,trimethoprim-sulfamethoxazole=R"
Staphylococcus aureus,,"""764"",""SRS25253401"",""dzd-uci-8167""",,PDT002991511.1,2025-11-20T22:50:23Z,USA: California,LESION,clinical,,,,,SAMN48878779,GCA_053673395.1,"aac(6')-Ie/aph(2'')-Ia=COMPLETE,blaI=COMPLETE,blaR1=HMM,blaZ=COMPLETE,mepA=COMPLETE,tet(38)=COMPLETE",,"clindamycin=S,erythromycin=S,levofloxacin=S,oxacillin=S,rifampin=S,tetracycline=S,trimethoprim-sulfamethoxazole=S"
Staphylococcus aureus,,"""750"",""SRS25253386"",""dzd-uci-8143""",,PDT002991526.1,2025-11-20T22:50:26Z,USA: California,NONBIOLOGICAL,clinical,,,,,SAMN48878765,GCA_053673255.1,"blaI=COMPLETE,blaPC1=COMPLETE,blaR1=COMPLETE,dfrG=PARTIAL,glpT_A100V=POINT,mepA=COMPLETE,murA_E291D=POINT,murA_T396N=POINT,tet(38)=COMPLETE",,"clindamycin=S,erythromycin=S,levofloxacin=S,oxacillin=S,rifampin=S,tetracycline=S,trimethoprim-sulfamethoxazole=S"
Staphylococcus aureus,,"""666"",""SRS25253364"",""dzd-uci-8019""",,PDT002991546.1,2025-11-20T22:50:30Z,USA: California,blood,clinical,,,,,SAMN48878681,GCA_053657295.1,"fosB=COMPLETE,mepA=COMPLETE,tet(38)=COMPLETE",,"clindamycin=S,erythromycin=S,levofloxacin=S,oxacillin=S,rifampin=S,tetracycline=S,trimethoprim-sulfamethoxazole=S"
Staphylococcus aureus,,"""598"",""SRS25253360"",""dzd-uci-7927""",,PDT002991550.1,2025-11-20T22:50:31Z,USA: California,"SPUTUM, TRACHEAL ASPIRATE/SUCTION",clinical,,PDS000247550.1,4.0,,SAMN48878613,GCA_053651735.1,"blaI=COMPLETE,blaR1=MISTRANSLATION,blaZ=COMPLETE,fosB=COMPLETE,mepA=COMPLETE,tet(38)=COMPLETE",,"clindamycin=S,erythromycin=S,levofloxacin=S,oxacillin=S,rifampin=S,tetracycline=S,trimethoprim-sulfamethoxazole=S"
Staphylococcus aureus,,"""591"",""SRS25253353"",""dzd-uci-7916""",,PDT002991557.1,2025-11-20T22:50:33Z,USA: California,"SPUTUM, TRACHEAL ASPIRATE/SUCTION",clinical,,,,,SAMN48878606,GCA_053652955.1,"blaI=COMPLETE,blaR1=COMPLETE,blaZ=COMPLETE,fosB=COMPLETE,gyrA_S84L=POINT,mecA=COMPLETE,mecR1=PARTIAL,mepA=COMPLETE,mph(C)=COMPLETE,murA_G257D=POINT,parC_S80Y=POINT,tet(38)=COMPLETE",,"clindamycin=S,erythromycin=S,levofloxacin=R,oxacillin=R,rifampin=S,tetracycline=S,trimethoprim-sulfamethoxazole=S"
Staphylococcus aureus,,"""588"",""SRS25253349"",""dzd-uci-7910""",,PDT002991561.1,2025-11-20T22:50:33Z,USA: California,"SPUTUM, TRACHEAL ASPIRATE/SUCTION",clinical,,PDS000247554.1,9.0,,SAMN48878603,GCA_053651695.1,"blaI=COMPLETE,blaR1=MISTRANSLATION,blaZ=COMPLETE,fosB=COMPLETE,mepA=COMPLETE,tet(38)=COMPLETE",,"clindamycin=S,erythromycin=S,levofloxacin=S,oxacillin=S,rifampin=S,tetracycline=S,trimethoprim-sulfamethoxazole=S"
Staphylococcus aureus,,"""496"",""SRS25253319"",""dzd-uci-7760""",,PDT002991591.1,2025-11-20T22:50:39Z,USA: California,blood,clinical,,,,,SAMN48878511,GCA_053672695.1,"blaI=COMPLETE,blaR1=HMM,blaZ=COMPLETE,fosB=COMPLETE,mepA=COMPLETE,pbp4_E218K=POINT,tet(38)=COMPLETE",,"clindamycin=S,erythromycin=S,levofloxacin=S,oxacillin=S,rifampin=S,tetracycline=S,trimethoprim-sulfamethoxazole=S"
Staphylococcus aureus,,"""495"",""SRS25253318"",""dzd-uci-7759""",,PDT002991592.1,2025-11-20T22:50:39Z,USA: California,blood,clinical,,PDS000247541.1,1.0,,SAMN48878510,GCA_053652895.1,"fosB=COMPLETE,gyrA_S84L=POINT,mecA=COMPLETE,mecR1=PARTIAL,mepA=COMPLETE,murA_G257D=POINT,parC_S80F=POINT,tet(38)=COMPLETE",,"clindamycin=S,erythromycin=S,levofloxacin=R,oxacillin=R,rifampin=S,tetracycline=S,trimethoprim-sulfamethoxazole=S"
Staphylococcus aureus,,"""307"",""SRS25253303"",""dzd-uci-7465""",,PDT002991608.1,2025-11-20T22:50:42Z,USA: California,"AXILLA,LEFT",clinical,,,,,SAMN48878322,GCA_053672535.1,"blaI=COMPLETE,blaR1=COMPLETE,blaZ=COMPLETE,blaZ=PARTIAL_END_OF_CONTIG,fosB=COMPLETE,mepA=COMPLETE,tet(38)=COMPLETE",,"clindamycin=S,erythromycin=S,levofloxacin=S,oxacillin=S,rifampin=S,tetracycline=S,trimethoprim-sulfamethoxazole=S"
Staphylococcus aureus,,"""299"",""SRS25253292"",""dzd-uci-7454""",,PDT002991618.1,2025-11-20T22:50:44Z,USA: California,abdomen,clinical,,PDS000247551.1,5.0,,SAMN48878314,GCA_053672375.1,"aac(6')-Ie/aph(2'')-Ia=COMPLETE,blaI=COMPLETE,blaR1=COMPLETE,blaR1=HMM,blaZ=COMPLETE,blaZ=PARTIAL,blaZ=PARTIAL_END_OF_CONTIG,mepA=COMPLETE,tet(38)=COMPLETE",,"clindamycin=S,erythromycin=S,levofloxacin=S,oxacillin=S,rifampin=S,tetracycline=S,trimethoprim-sulfamethoxazole=S"
Staphylococcus aureus,,"""298"",""SRS25253291"",""dzd-uci-7453""",,PDT002991619.1,2025-11-20T22:50:44Z,USA: California,abdomen,clinical,,PDS000247551.1,5.0,,SAMN48878313,GCA_053672355.1,"aac(6')-Ie/aph(2'')-Ia=COMPLETE,blaI=COMPLETE,blaR1=COMPLETE,blaR1=HMM,blaZ=COMPLETE,blaZ=PARTIAL,blaZ=PARTIAL_END_OF_CONTIG,mepA=COMPLETE,tet(38)=COMPLETE",,"clindamycin=S,erythromycin=S,levofloxacin=S,oxacillin=S,rifampin=S,tetracycline=S,trimethoprim-sulfamethoxazole=S"
Staphylococcus aureus,,"""242"",""SRS25253277"",""dzd-uci-7347""",,PDT002991632.1,2025-11-20T22:50:47Z,USA: California,"CATHETER,PORTA CATH",clinical,,,,,SAMN48878257,GCA_053672195.1,"fosB=COMPLETE,mepA=COMPLETE,murA_G257D=POINT,tet(38)=COMPLETE",,"clindamycin=S,erythromycin=S,levofloxacin=S,oxacillin=S,rifampin=S,tetracycline=S,trimethoprim-sulfamethoxazole=S"
Staphylococcus aureus,,"""181"",""SRS25253258"",""dzd-uci-7243""",,PDT002991651.1,2025-11-20T22:50:50Z,USA: California,blood,clinical,,PDS000247564.1,0.0,,SAMN48878196,GCA_053671975.1,"blaI=COMPLETE,blaR1=HMM,blaZ=COMPLETE,fosB=COMPLETE,mepA=COMPLETE,tet(38)=COMPLETE",,"clindamycin=S,erythromycin=S,levofloxacin=S,oxacillin=S,rifampin=S,tetracycline=S,trimethoprim-sulfamethoxazole=S"
Staphylococcus aureus,,"""120"",""SRS25253239"",""dzd-uci-7147""",,PDT002991670.1,2025-11-20T22:50:54Z,USA: California,blood,clinical,,PDS000247564.1,0.0,,SAMN48878135,GCA_053671815.1,"blaI=COMPLETE,blaR1=HMM,blaZ=COMPLETE,fosB=COMPLETE,mepA=COMPLETE,tet(38)=COMPLETE",,"clindamycin=S,erythromycin=S,levofloxacin=S,oxacillin=S,rifampin=S,tetracycline=S,trimethoprim-sulfamethoxazole=S"
Staphylococcus aureus,,"""117"",""SRS25253236"",""dzd-uci-7141""",,PDT002991674.1,2025-11-20T22:50:55Z,USA: California,blood,clinical,,PDS000247564.1,0.0,,SAMN48878132,GCA_053671755.1,"blaI=COMPLETE,blaR1=HMM,blaZ=COMPLETE,fosB=COMPLETE,mepA=COMPLETE,tet(38)=COMPLETE",,"clindamycin=S,erythromycin=S,levofloxacin=S,oxacillin=S,rifampin=S,tetracycline=S,trimethoprim-sulfamethoxazole=S"
Staphylococcus aureus,,"""916"",""SRS25253210"",""dzd-uci-8431""",,PDT002991697.1,2025-11-20T22:50:59Z,USA: California,sputum,clinical,,,,,SAMN48878931,GCA_053671615.1,"blaI=COMPLETE,blaR1=MISTRANSLATION,blaZ=COMPLETE,fosB=COMPLETE,mepA=COMPLETE,tet(38)=COMPLETE",,"clindamycin=S,erythromycin=S,levofloxacin=S,oxacillin=S,rifampin=S,tetracycline=S,trimethoprim-sulfamethoxazole=S"
Staphylococcus aureus,,"""905"",""SRS25253708"",""dzd-uci-8407""",,PDT002991709.1,2025-11-20T22:51:01Z,USA: California,sputum,clinical,,PDS000247561.1,1.0,,SAMN48878920,GCA_053655775.1,"blaI=COMPLETE,blaR1=COMPLETE,blaZ=COMPLETE,blaZ=PARTIAL_END_OF_CONTIG,fosB=COMPLETE,mepA=COMPLETE,tet(38)=COMPLETE",,"clindamycin=S,erythromycin=S,levofloxacin=S,oxacillin=S,rifampin=S,tetracycline=S,trimethoprim-sulfamethoxazole=S"
Staphylococcus aureus,,"""903"",""SRS25253706"",""dzd-uci-8399""",,PDT002991711.1,2025-11-20T22:51:02Z,USA: California,sputum,clinical,,,,,SAMN48878918,GCA_053671495.1,"fosB=COMPLETE,mepA=COMPLETE,tet(38)=COMPLETE",,"clindamycin=S,erythromycin=S,levofloxacin=S,oxacillin=S,rifampin=S,tetracycline=S,trimethoprim-sulfamethoxazole=S"
Staphylococcus aureus,,"""902"",""SRS25253703"",""dzd-uci-8398""",,PDT002991712.1,2025-11-20T22:51:02Z,USA: California,blood,clinical,,,,,SAMN48878917,GCA_053651175.1,"dfrG=COMPLETE,glpT_A100V=POINT,mepA=COMPLETE,murA_E291D=POINT,murA_T396N=POINT,tet(38)=COMPLETE",,"clindamycin=S,erythromycin=S,levofloxacin=S,oxacillin=S,rifampin=S,tetracycline=S,trimethoprim-sulfamethoxazole=R"
Staphylococcus aureus,,"""816"",""SRS25253681"",""dzd-uci-8255""",,PDT002991735.1,2025-11-20T22:51:07Z,USA: California,"URINE,TYPE NOT SPECIFIED",clinical,,,,,SAMN48878831,GCA_053671295.1,"dfrG=COMPLETE,fosB=COMPLETE,mepA=COMPLETE,tet(38)=COMPLETE",,"clindamycin=S,erythromycin=S,levofloxacin=S,oxacillin=S,rifampin=S,tetracycline=S,trimethoprim-sulfamethoxazole=R"
Staphylococcus aureus,,"""659"",""SRS25253650"",""dzd-uci-8008""",,PDT002991765.1,2025-11-20T22:51:13Z,USA: California,BRONCHIAL WASHING,clinical,,PDS000247550.1,0.0,,SAMN48878674,GCA_053652795.1,"blaI=COMPLETE,blaR1=MISTRANSLATION,blaZ=COMPLETE,fosB=COMPLETE,mepA=COMPLETE,tet(38)=COMPLETE",,"clindamycin=S,erythromycin=S,levofloxacin=S,oxacillin=S,rifampin=S,tetracycline=S,trimethoprim-sulfamethoxazole=S"
Staphylococcus aureus,,"""575"",""SRS25253629"",""dzd-uci-7885""",,PDT002991786.1,2025-11-20T22:51:17Z,USA: California,"URINE, CLEAN VOID",clinical,,,,,SAMN48878590,GCA_053667735.1,"blaI=COMPLETE,blaR1=HMM,blaZ=COMPLETE,fosB=COMPLETE,mepA=COMPLETE,tet(38)=COMPLETE",,"clindamycin=S,erythromycin=S,levofloxacin=S,oxacillin=S,rifampin=S,tetracycline=S,trimethoprim-sulfamethoxazole=S"
Staphylococcus aureus,,"""564"",""SRS25253617"",""dzd-uci-7872""",,PDT002991796.1,2025-11-20T22:51:19Z,USA: California,ABSCESS,clinical,,,,,SAMN48878579,GCA_053655195.1,"blaI=COMPLETE,blaR1=COMPLETE,blaZ=COMPLETE,blaZ=PARTIAL_END_OF_CONTIG,fosB=COMPLETE,mepA=COMPLETE,tet(38)=MISTRANSLATION",,"clindamycin=S,erythromycin=S,levofloxacin=S,oxacillin=S,rifampin=S,tetracycline=S,trimethoprim-sulfamethoxazole=S"
Staphylococcus aureus,,"""563"",""SRS25253615"",""dzd-uci-7871""",,PDT002991797.1,2025-11-20T22:51:19Z,USA: California,sputum,clinical,,PDS000247542.1,0.0,,SAMN48878578,GCA_053667595.1,"fosB=COMPLETE,mepA=COMPLETE,tet(38)=COMPLETE",,"clindamycin=S,erythromycin=S,levofloxacin=S,oxacillin=S,rifampin=S,tetracycline=S,trimethoprim-sulfamethoxazole=S"
Staphylococcus aureus,,"""562"",""SRS25253613"",""dzd-uci-7870""",,PDT002991798.1,2025-11-20T22:51:19Z,USA: California,"SPUTUM, INDUCED",clinical,,,,,SAMN48878577,GCA_053667555.1,"blaI=COMPLETE,blaR1=MISTRANSLATION,blaZ=COMPLETE,fosB=COMPLETE,mepA=COMPLETE,tet(38)=COMPLETE",,"clindamycin=S,erythromycin=S,levofloxacin=S,oxacillin=S,rifampin=S,tetracycline=S,trimethoprim-sulfamethoxazole=S"
Staphylococcus aureus,,"""489"",""SRS25253605"",""dzd-uci-7749""",,PDT002991808.1,2025-11-20T22:51:21Z,USA: California,blood,clinical,,,,,SAMN48878504,GCA_053649525.1,"glpT_A100V=POINT,mepA=COMPLETE,murA_E291D=POINT,murA_T396N=POINT,tet(38)=COMPLETE",,"clindamycin=S,erythromycin=S,levofloxacin=S,oxacillin=S,rifampin=S,tetracycline=S,trimethoprim-sulfamethoxazole=S"
Staphylococcus aureus,,"""487"",""SRS25253604"",""dzd-uci-7747""",,PDT002991809.1,2025-11-20T22:51:22Z,USA: California,blood,clinical,,,,,SAMN48878502,GCA_053652605.1,"blaI=COMPLETE,blaR1=COMPLETE,blaZ=PARTIAL,fosB=COMPLETE,glpT_A100V=POINT,glpT_V213I=POINT,mepA=COMPLETE,murA_D278E=POINT,murA_E291D=POINT,tet(38)=COMPLETE",,"clindamycin=S,erythromycin=S,levofloxacin=S,oxacillin=S,rifampin=S,tetracycline=S,trimethoprim-sulfamethoxazole=S"
Staphylococcus aureus,,"""474"",""SRS25253588"",""dzd-uci-7728""",,PDT002991823.1,2025-11-20T22:51:24Z,USA: California,eye,clinical,,,,,SAMN48878489,GCA_053666215.1,"fosB=COMPLETE,mepA=COMPLETE,tet(38)=COMPLETE",,"clindamycin=S,erythromycin=S,levofloxacin=S,oxacillin=S,rifampin=S,tetracycline=S,trimethoprim-sulfamethoxazole=S"
Staphylococcus aureus,,"""419"",""SRS25253575"",""dzd-uci-7635""",,PDT002991835.1,2025-11-20T22:51:27Z,USA: California,DRAINAGE,clinical,,,,,SAMN48878434,GCA_053655115.1,"blaI=COMPLETE,blaR1=COMPLETE,blaZ=COMPLETE,fosB=COMPLETE,mepA=COMPLETE,tet(38)=COMPLETE",,"clindamycin=S,erythromycin=S,levofloxacin=S,oxacillin=S,rifampin=S,tetracycline=S,trimethoprim-sulfamethoxazole=S"
Staphylococcus aureus,,"""279"",""SRS25253516"",""dzd-uci-7420""",,PDT002991894.1,2025-11-20T22:51:39Z,USA: California,ABSCESS,clinical,,,,,SAMN48878294,GCA_053671095.1,"fosB=COMPLETE,mepA=COMPLETE,tet(38)=COMPLETE",,"clindamycin=S,erythromycin=S,levofloxacin=S,oxacillin=S,rifampin=S,tetracycline=S,trimethoprim-sulfamethoxazole=S"
Staphylococcus aureus,,"""209"",""SRS25253487"",""dzd-uci-7296""",,PDT002991921.1,2025-11-20T22:51:44Z,USA: California,blood,clinical,,,,,SAMN48878224,GCA_053661695.1,"fosB=COMPLETE,mepA=COMPLETE,murA_G257D=POINT,tet(38)=COMPLETE",,"clindamycin=S,erythromycin=S,levofloxacin=S,oxacillin=S,rifampin=S,tetracycline=S,trimethoprim-sulfamethoxazole=S"
Staphylococcus aureus,,"""149"",""SRS25253468"",""dzd-uci-7197""",,PDT002991940.1,2025-11-20T22:51:48Z,USA: California,ABSCESS,clinical,,,,,SAMN48878164,GCA_053664935.1,"fosB=PARTIAL,mepA=COMPLETE,tet(38)=COMPLETE",,"clindamycin=S,erythromycin=S,levofloxacin=S,oxacillin=S,rifampin=S,tetracycline=S,trimethoprim-sulfamethoxazole=S"
Staphylococcus aureus,,"""148"",""SRS25253466"",""dzd-uci-7195""",,PDT002991941.1,2025-11-20T22:51:48Z,USA: California,blood,clinical,,,,,SAMN48878163,GCA_053649395.1,"fosB=COMPLETE,mepA=COMPLETE,tet(38)=COMPLETE",,"clindamycin=S,erythromycin=S,levofloxacin=S,oxacillin=S,rifampin=S,tetracycline=S,trimethoprim-sulfamethoxazole=S"
Staphylococcus aureus,,"""146"",""SRS25253465"",""dzd-uci-7191""",,PDT002991943.1,2025-11-20T22:51:49Z,USA: California,ABSCESS,clinical,,,,,SAMN48878161,GCA_053648495.1,"glpT_A100V=POINT,mepA=COMPLETE,murA_E291D=POINT,murA_T396N=POINT,tet(38)=COMPLETE",,"clindamycin=S,erythromycin=S,levofloxacin=S,oxacillin=S,rifampin=S,tetracycline=S,trimethoprim-sulfamethoxazole=S"
Staphylococcus aureus,,"""873"",""SRS25253881"",""dzd-uci-8346""",,PDT002991971.1,2025-11-20T22:51:55Z,USA: California,"URINE, NEPHROSTOMY LEFT",clinical,,PDS000247557.1,0.0,,SAMN48878888,GCA_053663845.1,"blaI=COMPLETE,blaPC1=COMPLETE,blaR1=MISTRANSLATION,fosB=COMPLETE,glpT_A100V=POINT,mepA=COMPLETE,tet(38)=COMPLETE",,"clindamycin=S,erythromycin=S,levofloxacin=S,oxacillin=S,rifampin=S,tetracycline=S,trimethoprim-sulfamethoxazole=S"
Staphylococcus aureus,,"""695"",""SRS25253828"",""dzd-uci-8060""",,PDT002992023.1,2025-11-20T22:52:05Z,USA: California,"URINE, CLEAN VOID",clinical,,,,,SAMN48878710,GCA_053652475.1,"blaI=COMPLETE,blaR1=HMM,blaZ=COMPLETE,fosB=COMPLETE,mepA=COMPLETE,tet(38)=COMPLETE",,"clindamycin=S,erythromycin=S,levofloxacin=S,oxacillin=S,rifampin=S,tetracycline=S,trimethoprim-sulfamethoxazole=S"
Staphylococcus aureus,,"""615"",""SRS25253812"",""dzd-uci-7952""",,PDT002992038.1,2025-11-20T22:52:08Z,USA: California,blood,clinical,,,,,SAMN48878630,GCA_053650935.1,"glpT_A100V=POINT,mepA=COMPLETE,murA_E291D=POINT,murA_T396N=POINT,tet(38)=COMPLETE",,"clindamycin=S,erythromycin=S,levofloxacin=S,oxacillin=S,rifampin=S,tetracycline=S,trimethoprim-sulfamethoxazole=S"
Staphylococcus aureus,,"""599"",""SRS25253794"",""dzd-uci-7929""",,PDT002992057.1,2025-11-20T22:52:12Z,USA: California,"SPUTUM, TRACHEAL ASPIRATE/SUCTION",clinical,,PDS000247552.1,0.0,,SAMN48878614,GCA_053650155.1,"glpT_A100V=POINT,mepA=COMPLETE,murA_E291D=POINT,murA_T396N=POINT,tet(38)=COMPLETE",,"clindamycin=S,erythromycin=S,levofloxacin=S,oxacillin=S,rifampin=S,tetracycline=S,trimethoprim-sulfamethoxazole=S"
Staphylococcus aureus,,"""519"",""SRS25253778"",""dzd-uci-7806""",,PDT002992073.1,2025-11-20T22:52:16Z,USA: California,sputum,clinical,,PDS000247549.1,17.0,,SAMN48878534,GCA_053649195.1,"mepA=COMPLETE,tet(38)=COMPLETE",,"clindamycin=S,erythromycin=S,levofloxacin=S,oxacillin=S,rifampin=S,tetracycline=S,trimethoprim-sulfamethoxazole=S"
Staphylococcus aureus,,"""360"",""SRS25253723"",""dzd-uci-7544""",,PDT002992125.1,2025-11-20T22:52:26Z,USA: California,LESION,clinical,,,,,SAMN48878375,GCA_053664295.1,"fosB=COMPLETE,mepA=COMPLETE,tet(38)=COMPLETE",,"clindamycin=S,erythromycin=S,levofloxacin=S,oxacillin=S,rifampin=S,tetracycline=S,trimethoprim-sulfamethoxazole=S"
Staphylococcus aureus,,"""269"",""SRS25253715"",""dzd-uci-7403""",,PDT002992131.1,2025-11-20T22:52:27Z,USA: California,"FOOT,RIGHT",clinical,,,,,SAMN48878284,GCA_053660515.1,"blaI=COMPLETE,blaR1=HMM,blaZ=COMPLETE,fosB=COMPLETE,mepA=COMPLETE,tet(38)=COMPLETE",,"clindamycin=S,erythromycin=S,levofloxacin=S,oxacillin=S,rifampin=S,tetracycline=S,trimethoprim-sulfamethoxazole=S"
