#Organism group,Strain,Isolate identifiers,Serovar,Isolate,Create date,Location,Isolation source,Isolation type,Food origin,SNP cluster,Min-same,Min-diff,BioSample,Assembly,AMR genotypes,Computed types,AST phenotypes,label
Staphylococcus aureus,,"""5"",""SRS25253322"",""dzd-uci-6963""",,PDT002991587.1,2025-11-20T22:50:38Z,USA: California,sputum,clinical,,,,,SAMN48878020,GCA_053648685.1,"aac(6')-Ie/aph(2'')-Ia=COMPLETE,blaI=COMPLETE,blaPC1=COMPLETE,blaR1=COMPLETE,erm(C)=COMPLETE,glpT_A100V=POINT,gyrA_S84L=POINT,mecA=COMPLETE,mepA=COMPLETE,murA_E291D=POINT,murA_T396N=POINT,parC_S80F=POINT,parE_D432N=POINT,tet(38)=COMPLETE,tet(K)=COMPLETE",,"clindamycin=R,erythromycin=R,levofloxacin=R,oxacillin=R,rifampin=S,tetracycline=R,trimethoprim-sulfamethoxazole=S",1
Staphylococcus aureus,,"""711"",""SRS25253097"",""dzd-uci-8079""",,PDT002991317.1,2025-11-20T22:49:44Z,USA: California,DRAINAGE,clinical,,,,,SAMN48878726,GCA_053653335.1,"ant(6)-Ia=MISTRANSLATION,aph(3')-IIIa=COMPLETE,blaI=COMPLETE,blaR1=COMPLETE,blaZ=COMPLETE,fosB=COMPLETE,gyrA_S84L=POINT,mecA=COMPLETE,mecR1=PARTIAL,mepA=COMPLETE,mph(C)=COMPLETE,msr(A)=COMPLETE,murA_G257D=POINT,parC_S80Y=POINT,sat4=COMPLETE,tet(38)=COMPLETE",,"clindamycin=S,erythromycin=R,levofloxacin=R,oxacillin=R,rifampin=S,tetracycline=S,trimethoprim-sulfamethoxazole=S",1
Staphylococcus aureus,,"""PN0213"",""PN0213b-S0359"",""SRS11792572""",,PDT001516301.1,2022-12-07T22:43:55Z,Australia: Queensland,Swab oral,clinical,,PDS000127137.1,2.0,,SAMN25296001,GCA_026740795.1,"ant(9)-Ia=COMPLETE,blaI=COMPLETE,blaZ=COMPLETE,erm(A)=COMPLETE,fosB=COMPLETE,glpT_A100V=POINT,glpT_L27F=POINT,ileS_V588F=POINT,mepA=COMPLETE,murA_E291D=POINT,murA_T396N=POINT,tet(38)=COMPLETE",,"ciprofloxacin=S,clindamycin=R,daptomycin=S,erythromycin=R,fusidic acid=S,gentamicin=S,linezolid=S,mupirocin=R,nitrofurantoin=S,oxacillin=S,penicillin=R,rifampin=S,teicoplanin=S,tetracycline=S,vancomycin=S",1
Staphylococcus aureus,,"""BWH_1827_S_aur"",""SRS20993221""",,PDT002136320.1,2024-04-11T17:50:33Z,USA:Boston,Nasal perirectal swab,clinical,,,,,SAMN40930633,GCA_038079285.1,"blaI=COMPLETE,blaR1=HMM,blaZ=PARTIAL,fosB=COMPLETE,mepA=COMPLETE,tet(38)=COMPLETE",,"ceftaroline=S,ciprofloxacin=S,clindamycin=S,daptomycin=S,erythromycin=S,gentamicin=S,levofloxacin=S,linezolid=S,minocycline=S,moxifloxacin=S,oxacillin=S,rifampin=S,tetracycline=S,tigecycline=S,trimethoprim-sulfamethoxazole=S,vancomycin=S",0
Staphylococcus aureus,,"""PC0009"",""PC0009a-S0009"",""SRS11792521""",,PDT001516352.1,2022-12-07T22:44:04Z,Australia: Queensland,sputum,clinical,,PDS000127174.1,22.0,,SAMN25295651,GCA_026752255.1,"ant(9)-Ia=PARTIAL,blaI=COMPLETE,blaZ=COMPLETE,erm(A)=COMPLETE,fosB=COMPLETE,mepA=COMPLETE,tet(38)=COMPLETE",,"ciprofloxacin=S,clindamycin=R,daptomycin=S,erythromycin=R,fusidic acid=S,gentamicin=S,linezolid=S,mupirocin=S,nitrofurantoin=S,oxacillin=S,penicillin=R,rifampin=S,teicoplanin=S,tetracycline=S,vancomycin=S",1
Staphylococcus aureus,,"""323"",""BWH_323_S_aur"",""SRS13579671""",,PDT001343042.1,2022-06-25T02:38:50Z,USA:Boston,swab,clinical,,PDS000112058.12,1.0,,SAMN29334805,GCA_023986275.1,"ant(9)-Ia=COMPLETE,blaI=COMPLETE,blaPC1=COMPLETE,blaR1=COMPLETE,erm(A)=COMPLETE,fosB=COMPLETE,glpT_A100V=POINT,glpT_V213I=POINT,mepA=COMPLETE,murA_D278E=POINT,murA_E291D=POINT,tet(38)=COMPLETE",,"ceftaroline=S,ciprofloxacin=S,clindamycin=R,daptomycin=S,erythromycin=R,gentamicin=S,levofloxacin=S,linezolid=S,minocycline=S,moxifloxacin=S,oxacillin=S,rifampin=S,tetracycline=S,tigecycline=S,trimethoprim-sulfamethoxazole=S,vancomycin=S",1
Staphylococcus aureus,,"""PN0217"",""PN0217-S0361"",""SRS11792574""",,PDT001516299.1,2022-12-07T22:43:55Z,Australia: Queensland,"Aspirate left, breast",clinical,,,,,SAMN25296003,GCA_026744525.1,"fosB=COMPLETE,glpT_A100V=POINT,glpT_V213I=POINT,mepA=COMPLETE,murA_D278E=POINT,murA_E291D=POINT,tet(38)=COMPLETE",,"ciprofloxacin=S,clindamycin=S,daptomycin=S,erythromycin=S,fusidic acid=S,gentamicin=S,linezolid=S,mupirocin=S,nitrofurantoin=S,oxacillin=S,penicillin=S,rifampin=S,teicoplanin=S,tetracycline=S,vancomycin=S",0
Staphylococcus aureus,BSN167,"""BSN167"",""SRS20736291"",""Staphylococcus aureus str BSN167""",,PDT002216042.1,2024-06-17T17:39:11Z,"USA: Detroit, MI",blood,clinical,,PDS000180827.6,5.0,,SAMN38637747,GCA_040209845.1,"aac(6')-Ie/aph(2'')-Ia=COMPLETE,aadD1=COMPLETE,ant(9)-Ia=COMPLETE,blaI=COMPLETE,blaR1=COMPLETE,blaZ=COMPLETE,bleO=COMPLETE,erm(A)=COMPLETE,erm(C)=COMPLETE,fosB=COMPLETE,gyrA_S84L=POINT,mecA=COMPLETE,mecI=COMPLETE,mecR1=COMPLETE,mepA=COMPLETE,parC_E84G=POINT,parC_S80Y=POINT,tet(38)=COMPLETE",,"clindamycin=R,daptomycin=S,erythromycin=R,gentamicin=R,linezolid=S,oxacillin=R,rifampin=S,trimethoprim-sulfamethoxazole=S,vancomycin=S",1
Staphylococcus aureus,,"""149"",""SRS25253468"",""dzd-uci-7197""",,PDT002991940.1,2025-11-20T22:51:48Z,USA: California,ABSCESS,clinical,,,,,SAMN48878164,GCA_053664935.1,"fosB=PARTIAL,mepA=COMPLETE,tet(38)=COMPLETE",,"clindamycin=S,erythromycin=S,levofloxacin=S,oxacillin=S,rifampin=S,tetracycline=S,trimethoprim-sulfamethoxazole=S",0
Staphylococcus aureus,BSN83,"""BSN83"",""SRS20485604"",""Staphylococcus aureus str BSN83""",,PDT002115221.2,2024-06-03T20:43:37Z,"USA: Detroit, MI",blood,clinical,,,,,SAMN38637671,GCA_037199675.2,"fosB=COMPLETE,mepA=COMPLETE,tet(38)=COMPLETE",,"clindamycin=S,erythromycin=S,gentamicin=S,oxacillin=S,penicillin=S,rifampin=S,trimethoprim-sulfamethoxazole=S,vancomycin=S",0
Staphylococcus aureus,,"""PN0247"",""PN0247-S0386"",""SRS11792264""",,PDT001516209.1,2022-12-07T22:43:40Z,Australia: Queensland,Swab knee abscess,clinical,,,,,SAMN25296026,GCA_026744095.1,"blaI=COMPLETE,blaR1=HMM,blaZ=COMPLETE,fosB=COMPLETE,glpT_A100V=POINT,glpT_L27F=POINT,mepA=COMPLETE,murA_E291D=POINT,murA_T396N=POINT,tet(38)=COMPLETE",,"ciprofloxacin=S,clindamycin=S,daptomycin=S,erythromycin=S,fusidic acid=S,gentamicin=S,linezolid=S,mupirocin=S,nitrofurantoin=S,oxacillin=S,penicillin=R,rifampin=S,teicoplanin=S,tetracycline=S,vancomycin=S",0
Staphylococcus aureus,,"""BWH_799_S_aur"",""SRS18433826""",,PDT001830832.2,2024-02-18T15:17:41Z,USA:Boston,Nasal perirectal swab,clinical,,,,,SAMN36729176,GCA_032331355.2,"blaI=COMPLETE,blaR1=COMPLETE,blaZ=COMPLETE,blaZ=PARTIAL_END_OF_CONTIG,fosB=COMPLETE,mepA=COMPLETE,tet(38)=COMPLETE",,"ceftaroline=S,ciprofloxacin=S,clindamycin=S,daptomycin=S,erythromycin=S,gentamicin=S,levofloxacin=S,linezolid=S,minocycline=S,moxifloxacin=S,oxacillin=S,rifampin=S,tetracycline=S,tigecycline=S,trimethoprim-sulfamethoxazole=S,vancomycin=S",0
Staphylococcus aureus,BSN168,"""BSN168"",""SRS20736292"",""Staphylococcus aureus str BSN168""",,PDT002140413.1,2024-04-15T15:13:51Z,"USA: Detroit, MI",blood,clinical,,,,,SAMN38637748,GCA_038111625.1,"blaI=COMPLETE,blaR1=COMPLETE,blaZ=COMPLETE,fosB=PARTIAL,mepA=COMPLETE,tet(38)=COMPLETE",,"clindamycin=S,erythromycin=S,gentamicin=S,oxacillin=S,penicillin=R,rifampin=S,trimethoprim-sulfamethoxazole=S,vancomycin=S",0
Staphylococcus aureus,,"""BWH_1097_S_aur"",""SRS18432483""",,PDT001830538.2,2024-02-19T19:59:59Z,USA:Boston,Nasal perirectal swab,clinical,,,,,SAMN36726635,GCA_032336015.2,"blaI=COMPLETE,blaR1=COMPLETE,blaZ=COMPLETE,blaZ=PARTIAL_END_OF_CONTIG,mepA=COMPLETE,tet(38)=COMPLETE",,"ceftaroline=S,ciprofloxacin=S,clindamycin=S,daptomycin=S,erythromycin=S,gentamicin=S,levofloxacin=S,linezolid=S,minocycline=S,moxifloxacin=S,oxacillin=S,rifampin=S,tetracycline=S,tigecycline=S,trimethoprim-sulfamethoxazole=S,vancomycin=S",0
Staphylococcus aureus,BSN135,"""BSN135"",""SRS20598171"",""Staphylococcus aureus str BSN135""",,PDT002152305.1,2024-04-30T03:06:57Z,"USA: Detroit, MI",blood,clinical,,,,,SAMN38637714,GCA_038707595.1,"aadD1=COMPLETE,blaI=COMPLETE,blaR1=COMPLETE,blaZ=COMPLETE,fosB=COMPLETE,mepA=COMPLETE,tet(38)=COMPLETE,tet(K)=COMPLETE",,"clindamycin=S,erythromycin=S,gentamicin=S,oxacillin=S,penicillin=R,rifampin=S,trimethoprim-sulfamethoxazole=S,vancomycin=S",0
Staphylococcus aureus,,"""PC0057"",""PC0057c-S0299"",""SRS11792379""",,PDT001516494.1,2022-12-07T22:44:29Z,Australia: Queensland,sputum,clinical,,PDS000127161.1,10.0,,SAMN25295751,GCA_026742195.1,"blaI=COMPLETE,blaR1=COMPLETE,blaZ=COMPLETE,blaZ=PARTIAL_END_OF_CONTIG,fosB=PARTIAL,mepA=COMPLETE,tet(38)=COMPLETE",,"ciprofloxacin=S,clindamycin=S,daptomycin=S,erythromycin=S,fusidic acid=S,gentamicin=S,linezolid=S,mupirocin=S,nitrofurantoin=S,oxacillin=S,penicillin=R,rifampin=S,teicoplanin=S,tetracycline=S,vancomycin=S",0
Staphylococcus aureus,,"""BWH_1545_S_aur"",""SRS19518887""",,PDT001986200.2,2023-12-20T12:53:42Z,USA:Boston,Nasal perirectal swab,clinical,,,,,SAMN38228817,GCA_034511535.1,"blaI=COMPLETE,blaR1=HMM,blaZ=COMPLETE,erm(T)=COMPLETE,glpT_A100V=POINT,glpT_F3I=POINT,mepA=COMPLETE,murA_D278E=POINT,murA_E291D=POINT,tet(38)=COMPLETE",,"ceftaroline=S,ciprofloxacin=S,clindamycin=R,daptomycin=S,erythromycin=R,gentamicin=S,levofloxacin=S,linezolid=S,minocycline=S,moxifloxacin=S,oxacillin=S,rifampin=S,tetracycline=S,tigecycline=S,trimethoprim-sulfamethoxazole=S,vancomycin=S",1
Staphylococcus aureus,BSN164,"""BSN164"",""SRS20736286"",""Staphylococcus aureus str BSN164""",,PDT002138413.1,2024-04-14T17:44:48Z,"USA: Detroit, MI",blood,clinical,,,,,SAMN38637744,GCA_038096305.1,"blaI=COMPLETE,blaR1=COMPLETE,blaZ=COMPLETE,fexA=COMPLETE,fexA_A37V=POINT,fexA_G33A=POINT,fosB=COMPLETE,mecA=COMPLETE,mecR1=PARTIAL,mepA=COMPLETE,tet(38)=COMPLETE",,"clindamycin=S,daptomycin=S,erythromycin=S,gentamicin=S,linezolid=S,oxacillin=R,rifampin=S,trimethoprim-sulfamethoxazole=S,vancomycin=S",0
Staphylococcus aureus,,"""PC0003"",""PC0003b-S0067"",""SRS11792351""",,PDT001516122.1,2022-12-07T22:43:25Z,Australia: Queensland,sputum,clinical,,PDS000127177.1,7.0,,SAMN25295640,GCA_026745855.1,"erm(T)=COMPLETE,glpT_A100V=POINT,glpT_F3I=POINT,mepA=COMPLETE,murA_D278E=POINT,murA_E291D=POINT,tet(38)=COMPLETE",,"ciprofloxacin=S,clindamycin=R,daptomycin=S,erythromycin=R,fusidic acid=S,gentamicin=S,linezolid=S,mupirocin=S,nitrofurantoin=S,oxacillin=S,penicillin=R,rifampin=S,teicoplanin=S,tetracycline=S,vancomycin=S",1
Staphylococcus aureus,BSN33,"""B0568"",""BSN33"",""Staphylococcus aureus str BSN33""",,PDT002036674.1,2023-12-18T11:01:10Z,"USA: Detroit, MI",blood,clinical,,PDS000180828.1,4.0,,SAMN38748752,GCA_034425575.1,"ant(6)-Ia=MISTRANSLATION,aph(3')-IIIa=COMPLETE,blaI=COMPLETE,blaR1=COMPLETE,blaZ=COMPLETE,fosB=COMPLETE,mecA=COMPLETE,mecR1=PARTIAL,mepA=COMPLETE,mph(C)=COMPLETE,msr(A)=COMPLETE,murA_G257D=POINT,sat4=COMPLETE,tet(38)=COMPLETE",,"clindamycin=S,daptomycin=S,erythromycin=R,gentamicin=S,linezolid=S,oxacillin=R,rifampin=S,trimethoprim-sulfamethoxazole=S,vancomycin=S",1
Staphylococcus aureus,BSN179,"""BSN179"",""SRS20736306"",""Staphylococcus aureus str BSN179""",,PDT002144301.1,2024-04-22T15:46:37Z,"USA: Detroit, MI",blood,clinical,,,,,SAMN38637759,GCA_038406575.1,"aac(6')-Ie/aph(2'')-Ia=COMPLETE,aadD1=COMPLETE,abc-f=HMM,ant(9)-Ia=COMPLETE,blaI=COMPLETE,blaR1=COMPLETE,blaZ=COMPLETE,bleO=COMPLETE,erm(A)=COMPLETE,fosB=COMPLETE,gyrA_S84L=POINT,ileS_V588F=POINT,mecA=COMPLETE,mecI=COMPLETE,mecR1=COMPLETE,mepA=COMPLETE,mph(C)=COMPLETE,msr(A)=COMPLETE,parC_S80F=POINT,parE_P585S=POINT,tet(38)=COMPLETE",,"clindamycin=R,daptomycin=S,erythromycin=R,gentamicin=R,linezolid=S,oxacillin=R,rifampin=S,trimethoprim-sulfamethoxazole=S,vancomycin=S",1
Staphylococcus aureus,,"""725"",""SRS25253113"",""dzd-uci-8099""",,PDT002991302.1,2025-11-20T22:49:40Z,USA: California,sputum,clinical,,,,,SAMN48878740,GCA_053653475.1,"mepA=COMPLETE,tet(38)=COMPLETE",,"clindamycin=S,erythromycin=S,levofloxacin=S,oxacillin=S,rifampin=S,tetracycline=S,trimethoprim-sulfamethoxazole=S",0
Staphylococcus aureus,,"""BWH_797_S_aur"",""SRS18433667""",,PDT001830981.1,2023-07-27T18:48:23Z,USA:Boston,Nasal perirectal swab,clinical,,PDS000181460.1,24.0,,SAMN36729133,GCA_032329305.1,"erm(T)=COMPLETE,glpT_A100V=POINT,glpT_F3I=POINT,mepA=COMPLETE,murA_D278E=POINT,murA_E291D=POINT,tet(38)=COMPLETE",,"ceftaroline=S,ciprofloxacin=S,clindamycin=R,daptomycin=S,erythromycin=R,gentamicin=S,levofloxacin=S,linezolid=S,minocycline=S,moxifloxacin=S,oxacillin=S,rifampin=S,tetracycline=S,tigecycline=S,trimethoprim-sulfamethoxazole=S,vancomycin=S",1
Staphylococcus aureus,,"""PC0028"",""PC0028e-S0238"",""SRS11792349""",,PDT001516124.1,2022-12-07T22:43:25Z,Australia: Queensland,sputum,clinical,,PDS000127168.1,8.0,,SAMN25295692,GCA_026745795.1,"blaI=COMPLETE,blaZ=COMPLETE,fosB=COMPLETE,mepA=COMPLETE,tet(38)=COMPLETE",,"ciprofloxacin=S,clindamycin=S,daptomycin=S,erythromycin=S,fusidic acid=S,gentamicin=S,linezolid=S,mupirocin=S,nitrofurantoin=S,oxacillin=S,penicillin=R,rifampin=S,teicoplanin=S,tetracycline=S,vancomycin=S",0
Staphylococcus aureus,,"""BWH_1049_S_aur"",""SRS18432675""",,PDT001830622.3,2024-02-03T12:03:30Z,USA:Boston,Nasal perirectal swab,clinical,,,,,SAMN36727323,GCA_031776535.2,"fosB=COMPLETE,mepA=COMPLETE,murA_G257D=POINT,tet(38)=COMPLETE",,"ceftaroline=S,ciprofloxacin=S,clindamycin=S,daptomycin=S,erythromycin=S,gentamicin=S,levofloxacin=S,linezolid=S,minocycline=S,moxifloxacin=S,oxacillin=S,rifampin=S,tetracycline=S,tigecycline=S,trimethoprim-sulfamethoxazole=S,vancomycin=S",0
Staphylococcus aureus,,"""712"",""SRS25253098"",""dzd-uci-8080""",,PDT002991316.1,2025-11-20T22:49:43Z,USA: California,ABSCESS,clinical,,,,,SAMN48878727,GCA_053653395.1,"fosB=COMPLETE,gyrA_S84L=POINT,mecA=COMPLETE,mecR1=PARTIAL,mepA=COMPLETE,murA_G257D=POINT,parC_S80Y=POINT,tet(38)=COMPLETE",,"clindamycin=S,erythromycin=S,levofloxacin=R,oxacillin=R,rifampin=S,tetracycline=S,trimethoprim-sulfamethoxazole=S",0
Staphylococcus aureus,,"""PC0036"",""PC0036-S0036"",""SRS11792484""",,PDT001516389.1,2022-12-07T22:44:10Z,Australia: Queensland,sputum,clinical,,,,,SAMN25295713,GCA_026742675.1,"blaI=COMPLETE,blaR1=COMPLETE,blaZ=COMPLETE,mepA=COMPLETE,tet(38)=COMPLETE",,"ciprofloxacin=S,clindamycin=S,daptomycin=S,erythromycin=S,fusidic acid=S,gentamicin=S,linezolid=S,mupirocin=S,nitrofurantoin=S,oxacillin=S,penicillin=R,rifampin=S,teicoplanin=S,tetracycline=S,vancomycin=S",0
Staphylococcus aureus,ll 7,"""BWH_1825_S_aur"",""SRS20993211"",""ll 7""",,PDT002136332.1,2024-04-11T17:50:37Z,USA:Boston,Nasal perirectal swab,clinical,,PDS000155342.6,3.0,,SAMN40930631,GCA_038081215.1,"erm(C)=COMPLETE,fosB=COMPLETE,mepA=COMPLETE,tet(38)=COMPLETE",,"ceftaroline=S,ciprofloxacin=S,clindamycin=R,daptomycin=S,erythromycin=R,gentamicin=S,levofloxacin=S,linezolid=S,minocycline=S,moxifloxacin=S,oxacillin=S,rifampin=S,tetracycline=S,tigecycline=S,trimethoprim-sulfamethoxazole=S,vancomycin=S",1
Staphylococcus aureus,BSN50-3,"""BSN50-3"",""Staphylococcus aureus str BSN50-3""",,PDT002221216.1,2024-06-20T13:28:56Z,"USA: Detroit, MI",blood,clinical,,PDS000170052.2,0.0,,SAMN36733054,GCA_040255015.1,"blaI=COMPLETE,blaR1=COMPLETE,blaZ=COMPLETE,erm(C)=COMPLETE,fosB=COMPLETE,mecA=COMPLETE,mecR1=PARTIAL,mepA=COMPLETE,murA_G257D=POINT,parC_S80F=POINT,tet(38)=COMPLETE",,"clindamycin=R,daptomycin=S,erythromycin=R,gentamicin=S,linezolid=S,oxacillin=R,rifampin=S,trimethoprim-sulfamethoxazole=S,vancomycin=S",1
Staphylococcus aureus,AR462,"""AR462"",""AR_0462"",""SRS3163155""",,PDT000313598.2,2018-04-30T13:06:07Z,,,clinical,,,,,SAMN07291555,GCA_003073775.1,"blaI=COMPLETE,blaR1=COMPLETE,blaZ=COMPLETE,fosB=COMPLETE,gyrA_E88K=POINT,mecA=COMPLETE,mecR1=PARTIAL,mepA=COMPLETE,parC_S80F=POINT,tet(38)=COMPLETE",,"cefoxitin=R,ceftaroline=S,clindamycin=S,daptomycin=NS,doxycycline=S,erythromycin=S,gentamicin=S,levofloxacin=R,linezolid=S,mupirocin=ND,oxacillin=S,penicillin=R,rifampin=S,tetracycline=S,trimethoprim-sulfamethoxazole=S,vancomycin=I",0
Staphylococcus aureus,,"""226"",""BWH_226_S_aur"",""SRS13579681""",,PDT001343033.1,2022-06-25T02:38:48Z,USA:Boston,swab,clinical,,PDS000112058.12,1.0,,SAMN29334801,GCA_023986475.1,"ant(9)-Ia=COMPLETE,blaI=COMPLETE,blaPC1=COMPLETE,blaR1=COMPLETE,erm(A)=COMPLETE,fosB=COMPLETE,glpT_A100V=POINT,glpT_V213I=POINT,mepA=COMPLETE,murA_D278E=POINT,murA_E291D=POINT,tet(38)=COMPLETE",,"ceftaroline=S,ciprofloxacin=S,clindamycin=R,daptomycin=S,erythromycin=R,gentamicin=S,levofloxacin=S,linezolid=S,minocycline=S,moxifloxacin=S,oxacillin=S,rifampin=S,tetracycline=S,tigecycline=S,trimethoprim-sulfamethoxazole=S,vancomycin=S",1
Staphylococcus aureus,,"""419"",""SRS25253575"",""dzd-uci-7635""",,PDT002991835.1,2025-11-20T22:51:27Z,USA: California,DRAINAGE,clinical,,,,,SAMN48878434,GCA_053655115.1,"blaI=COMPLETE,blaR1=COMPLETE,blaZ=COMPLETE,fosB=COMPLETE,mepA=COMPLETE,tet(38)=COMPLETE",,"clindamycin=S,erythromycin=S,levofloxacin=S,oxacillin=S,rifampin=S,tetracycline=S,trimethoprim-sulfamethoxazole=S",0
Staphylococcus aureus,BSN91,"""BSN91"",""SRS20485594"",""Staphylococcus aureus str BSN91""",,PDT002138410.1,2024-04-14T16:42:44Z,"USA: Detroit, MI",blood,clinical,,,,,SAMN38637679,GCA_038096275.1,"blaI=COMPLETE,blaR1=COMPLETE,blaZ=COMPLETE,fosB=COMPLETE,mepA=COMPLETE,murA_G257D=POINT,tet(38)=COMPLETE",,"clindamycin=S,erythromycin=S,gentamicin=S,oxacillin=S,penicillin=R,rifampin=S,trimethoprim-sulfamethoxazole=S,vancomycin=S",0
Staphylococcus aureus,,"""PC0086"",""PC0086a-S0086"",""SRS11792518""",,PDT001516355.1,2022-12-07T22:44:05Z,Australia: Queensland,sputum,clinical,,PDS000127151.1,41.0,,SAMN25295801,GCA_026743295.1,"blaI=COMPLETE,blaR1=COMPLETE,blaZ=COMPLETE,fosB=COMPLETE,mepA=COMPLETE,tet(38)=COMPLETE",,"ciprofloxacin=S,clindamycin=R,daptomycin=S,erythromycin=R,fusidic acid=S,gentamicin=S,linezolid=S,mupirocin=S,nitrofurantoin=S,oxacillin=S,penicillin=R,rifampin=S,teicoplanin=S,tetracycline=S,vancomycin=S",1
Staphylococcus aureus,,"""PC0059"",""PC0059c-S0089"",""SRS11792389""",,PDT001516484.1,2022-12-07T22:44:27Z,Australia: Queensland,sputum,clinical,,PDS000127158.1,7.0,,SAMN25295760,GCA_026741355.1,"ant(9)-Ia=COMPLETE,blaI=COMPLETE,blaPC1=COMPLETE,erm(A)=COMPLETE,fosB=COMPLETE,glpT_A100V=POINT,glpT_V213I=POINT,mepA=COMPLETE,murA_D278E=POINT,murA_E291D=POINT,tet(38)=COMPLETE",,"ciprofloxacin=S,clindamycin=R,daptomycin=S,erythromycin=R,fusidic acid=S,gentamicin=S,linezolid=S,mupirocin=S,nitrofurantoin=S,oxacillin=S,penicillin=R,rifampin=S,teicoplanin=S,tetracycline=S,vancomycin=S",1
Staphylococcus aureus,,"""150"",""SRS25253470"",""dzd-uci-7198""",,PDT002991938.1,2025-11-20T22:51:48Z,USA: California,VESICLE FLUID,clinical,,,,,SAMN48878165,GCA_053670935.1,"aadD1=COMPLETE,ant(6)-Ia=PARTIAL,aph(3')-IIIa=COMPLETE,blaI=COMPLETE,blaPC1=COMPLETE,blaR1=COMPLETE,bleO=COMPLETE,dfrS1=COMPLETE,fosB=COMPLETE,glpT_A100V=POINT,glpT_V213I=POINT,mecA=COMPLETE,mecR1=PARTIAL,mepA=COMPLETE,mph(C)=COMPLETE,msr(A)=COMPLETE,murA_D278E=POINT,murA_E291D=POINT,sat4=COMPLETE,tet(38)=COMPLETE,tet(K)=COMPLETE",,"clindamycin=S,erythromycin=R,levofloxacin=S,oxacillin=R,rifampin=S,tetracycline=R,trimethoprim-sulfamethoxazole=S",1
Staphylococcus aureus,,"""PC0138"",""PC0138b-S0244"",""SRS11792426""",,PDT001516447.1,2022-12-07T22:44:21Z,Australia: Queensland,Swab (Sputum),clinical,,,,,SAMN25295869,GCA_026741555.1,"blaI=COMPLETE,blaR1=HMM,blaZ=COMPLETE,fosB=COMPLETE,mepA=COMPLETE,tet(38)=COMPLETE",,"ciprofloxacin=S,clindamycin=S,daptomycin=S,erythromycin=S,fusidic acid=S,gentamicin=S,linezolid=S,mupirocin=S,nitrofurantoin=S,oxacillin=S,penicillin=R,rifampin=S,teicoplanin=S,tetracycline=S,vancomycin=S",0
Staphylococcus aureus,,"""PC0120"",""PC0120-S0120"",""SRS11792295""",,PDT001516178.1,2022-12-07T22:43:34Z,Australia: Queensland,Swab (Sputum),clinical,,,,,SAMN25295852,GCA_026744585.1,"blaI=COMPLETE,blaR1=MISTRANSLATION,blaZ=COMPLETE,blaZ=PARTIAL_END_OF_CONTIG,fosB=COMPLETE,mepA=COMPLETE,tet(38)=COMPLETE",,"ciprofloxacin=S,clindamycin=S,daptomycin=S,erythromycin=S,fusidic acid=S,gentamicin=S,linezolid=S,mupirocin=S,nitrofurantoin=S,oxacillin=S,penicillin=R,rifampin=S,teicoplanin=S,tetracycline=S,vancomycin=S",0
Staphylococcus aureus,,"""BWH_913_S_aur"",""SRS18433637""",,PDT001831008.2,2024-02-18T00:57:30Z,USA:Boston,Nasal perirectal swab,clinical,,PDS000120115.8,2.0,,SAMN36729005,GCA_032328955.2,"ant(9)-Ia=COMPLETE,blaI=COMPLETE,blaPC1=COMPLETE,blaR1=COMPLETE,erm(A)=COMPLETE,fosB=COMPLETE,glpT_A100V=POINT,glpT_V213I=POINT,mepA=COMPLETE,murA_D278E=POINT,murA_E291D=POINT,tet(38)=COMPLETE",,"ceftaroline=S,ciprofloxacin=S,daptomycin=S,erythromycin=R,gentamicin=S,levofloxacin=S,minocycline=S,moxifloxacin=S,oxacillin=S,rifampin=S,tetracycline=S,tigecycline=S,trimethoprim-sulfamethoxazole=S,vancomycin=S",1
Staphylococcus aureus,,"""PC0038"",""PC0038b-S0312"",""SRS11792491""",,PDT001516382.1,2022-12-07T22:44:09Z,Australia: Queensland,sputum,clinical,,,,,SAMN25295719,GCA_026741915.1,"blaI=COMPLETE,blaZ=COMPLETE,glpT_A100V=POINT,mepA=COMPLETE,murA_E291D=POINT,murA_T396N=POINT,tet(38)=COMPLETE",,"ciprofloxacin=S,clindamycin=S,daptomycin=S,erythromycin=S,fusidic acid=S,gentamicin=S,linezolid=S,mupirocin=S,nitrofurantoin=S,oxacillin=S,penicillin=R,rifampin=S,teicoplanin=S,tetracycline=S,vancomycin=S",0
Staphylococcus aureus,,"""BWH_1898_S_aur"",""SRS21133311""",,PDT002147345.1,2024-04-26T18:53:53Z,USA:Boston,Nasal perirectal swab,clinical,,,,,SAMN41091878,GCA_039518855.1,"blaI=COMPLETE,blaR1=HMM,blaZ=COMPLETE,erm(T)=COMPLETE,glpT_A100V=POINT,glpT_F3I=POINT,mepA=COMPLETE,murA_D278E=POINT,murA_E291D=POINT,tet(38)=COMPLETE",,"ceftaroline=S,ciprofloxacin=S,clindamycin=R,daptomycin=S,erythromycin=R,gentamicin=S,levofloxacin=S,linezolid=S,minocycline=S,moxifloxacin=S,oxacillin=S,rifampin=S,tetracycline=S,tigecycline=S,trimethoprim-sulfamethoxazole=S,vancomycin=S",1
Staphylococcus aureus,,"""852"",""SRS25253427"",""dzd-uci-8312""",,PDT002991487.1,2025-11-20T22:50:17Z,USA: California,sputum,clinical,,,,,SAMN48878867,GCA_053673615.1,"fosB=COMPLETE,gyrA_S84L=POINT,mepA=COMPLETE,murA_G257D=POINT,parC_S80F=POINT,tet(38)=COMPLETE",,"clindamycin=S,erythromycin=S,levofloxacin=R,oxacillin=S,rifampin=S,tetracycline=S,trimethoprim-sulfamethoxazole=S",0
Staphylococcus aureus,,"""PC0018"",""PC0018d-S0298"",""SRS11792447""",,PDT001516426.1,2022-12-07T22:44:17Z,Australia: Queensland,sputum,clinical,,PDS000127172.1,7.0,,SAMN25295667,GCA_026742475.1,"blaI=COMPLETE,blaR1=PARTIAL_END_OF_CONTIG,blaZ=COMPLETE,fosB=COMPLETE,mepA=COMPLETE,tet(38)=COMPLETE",,"ciprofloxacin=S,clindamycin=S,daptomycin=S,erythromycin=S,fusidic acid=S,gentamicin=S,linezolid=S,mupirocin=S,nitrofurantoin=S,oxacillin=S,penicillin=R,rifampin=S,teicoplanin=S,tetracycline=S,vancomycin=S",0
Staphylococcus aureus,BSN165,"""BSN165"",""SRS20736295"",""Staphylococcus aureus str BSN165""",,PDT002138404.1,2024-04-14T14:28:35Z,"USA: Detroit, MI",blood,clinical,,,,,SAMN38637745,GCA_038096215.1,"ant(9)-Ia=COMPLETE,blaI=COMPLETE,blaR1=MISTRANSLATION,blaZ=COMPLETE,erm(A)=COMPLETE,glpT_A100V=POINT,mepA=COMPLETE,murA_E291D=POINT,murA_T396N=POINT,tet(38)=COMPLETE",,"clindamycin=R,erythromycin=R,gentamicin=S,oxacillin=S,penicillin=R,rifampin=S,trimethoprim-sulfamethoxazole=S,vancomycin=S",1
Staphylococcus aureus,,"""PC0109"",""PC0109b-S0392"",""SRS11792281""",,PDT001516192.1,2022-12-07T22:43:37Z,Australia: Queensland,sputum,clinical,,,,,SAMN25295839,GCA_026744245.1,"blaI=COMPLETE,blaR1=COMPLETE,blaZ=COMPLETE,fusC=COMPLETE,mepA=COMPLETE,tet(38)=COMPLETE",,"ciprofloxacin=S,clindamycin=S,daptomycin=S,erythromycin=S,fusidic acid=R,gentamicin=S,linezolid=S,mupirocin=S,nitrofurantoin=S,oxacillin=S,penicillin=R,rifampin=S,teicoplanin=S,tetracycline=S,vancomycin=S",0
Staphylococcus aureus,1014-2602-2015,"""1014-2602-2015"",""SRS3745663""",,PDT000302342.2,2018-03-26T17:25:30Z,Russia: Moscow,Skin lesions,clinical,,,,,SAMN08456662,GCA_003017735.1,"mepA=COMPLETE,tet(38)=COMPLETE",,"amoxicillin-clavulanic acid=S,ampicillin-sulbactam=S,cefazolin=S,ceftriaxone=S,chloramphenicol=S,ciprofloxacin=S,clindamycin=S,daptomycin=S,erythromycin=S,gentamicin=S,imipenem=S,levofloxacin=S,linezolid=S,meropenem=S,moxifloxacin=S,oxacillin=S,rifampin=S,tetracycline=S,trimethoprim-sulfamethoxazole=S,vancomycin=S",0
Staphylococcus aureus,,"""BWH_1004_S_aur"",""SRS18432631""",,PDT001830666.1,2023-07-27T17:50:11Z,USA:Boston,Nasal perirectal swab,clinical,,PDS000154298.5,2.0,,SAMN36727297,GCA_032333475.1,"aac(6')-Ie/aph(2'')-Ia=COMPLETE,blaI=COMPLETE,blaR1=HMM,blaZ=COMPLETE,erm(T)=COMPLETE,glpT_A100V=POINT,glpT_F3I=POINT,mepA=COMPLETE,murA_D278E=POINT,murA_E291D=POINT,tet(38)=COMPLETE",,"ceftaroline=S,ciprofloxacin=S,clindamycin=R,daptomycin=S,erythromycin=R,gentamicin=S,levofloxacin=S,linezolid=S,minocycline=S,moxifloxacin=S,oxacillin=S,rifampin=S,tetracycline=S,tigecycline=S,trimethoprim-sulfamethoxazole=S,vancomycin=S",1
Staphylococcus aureus,,"""PC0038"",""PC0038a-S0038"",""SRS11792490""",,PDT001516383.1,2022-12-07T22:44:09Z,Australia: Queensland,sputum,clinical,,PDS000127143.1,17.0,,SAMN25295718,GCA_026740595.1,"ant(9)-Ia=COMPLETE,blaI=COMPLETE,blaR1=HMM,blaZ=COMPLETE,erm(A)=COMPLETE,fosB=COMPLETE,glpT_A100V=POINT,glpT_V213I=POINT,mepA=COMPLETE,murA_D278E=POINT,murA_E291D=POINT,tet(38)=COMPLETE",,"ciprofloxacin=S,clindamycin=R,daptomycin=S,erythromycin=R,fusidic acid=S,gentamicin=S,linezolid=S,mupirocin=S,nitrofurantoin=S,oxacillin=S,penicillin=R,rifampin=S,teicoplanin=S,tetracycline=S,vancomycin=S",1
Staphylococcus aureus,,"""598"",""SRS25253360"",""dzd-uci-7927""",,PDT002991550.1,2025-11-20T22:50:31Z,USA: California,"SPUTUM, TRACHEAL ASPIRATE/SUCTION",clinical,,PDS000247550.1,4.0,,SAMN48878613,GCA_053651735.1,"blaI=COMPLETE,blaR1=MISTRANSLATION,blaZ=COMPLETE,fosB=COMPLETE,mepA=COMPLETE,tet(38)=COMPLETE",,"clindamycin=S,erythromycin=S,levofloxacin=S,oxacillin=S,rifampin=S,tetracycline=S,trimethoprim-sulfamethoxazole=S",0
Staphylococcus aureus,,"""PC0073"",""PC0073a-S0073"",""SRS11792498""",,PDT001516375.1,2022-12-07T22:44:08Z,Australia: Queensland,sputum,clinical,,PDS000127155.1,7.0,,SAMN25295783,GCA_026743315.1,"blaI=COMPLETE,blaR1=HMM,blaZ=COMPLETE,fosB=COMPLETE,mepA=COMPLETE,tet(38)=COMPLETE",,"ciprofloxacin=S,clindamycin=S,daptomycin=S,erythromycin=S,fusidic acid=S,gentamicin=S,linezolid=S,mupirocin=S,nitrofurantoin=S,oxacillin=S,penicillin=R,rifampin=S,teicoplanin=S,tetracycline=S,vancomycin=S",0
Staphylococcus aureus,,"""192"",""SRS25253168"",""dzd-uci-7260""",,PDT002991250.1,2025-11-20T22:49:29Z,USA: California,"SPUTUM, TRACHEAL ASPIRATE/SUCTION",clinical,,PDS000247544.1,0.0,,SAMN48878207,GCA_053676715.1,"ant(6)-Ia=MISTRANSLATION,aph(3')-IIIa=COMPLETE,blaI=COMPLETE,blaR1=COMPLETE,blaZ=COMPLETE,fosB=COMPLETE,gyrA_S84L=POINT,mecA=COMPLETE,mecR1=PARTIAL,mepA=COMPLETE,mph(C)=COMPLETE,msr(A)=COMPLETE,murA_G257D=POINT,parC_S80Y=POINT,tet(38)=COMPLETE,vga=HMM",,"clindamycin=R,erythromycin=R,levofloxacin=R,oxacillin=R,rifampin=S,tetracycline=S,trimethoprim-sulfamethoxazole=S",1
Staphylococcus aureus,,"""BWH_1584_S_aur"",""SRS19518872""",,PDT001986211.1,2023-11-15T22:56:29Z,USA:Boston,tracheal aspirate,clinical,,,,,SAMN38228869,GCA_033726935.1,"blaI=COMPLETE,blaPC1=COMPLETE,blaR1=COMPLETE,glpT_A100V=POINT,mepA=COMPLETE,murA_E291D=POINT,murA_T396N=POINT,tet(38)=COMPLETE",,"amikacin=S,cefepime=S,cefoxitin=R,ceftaroline=S,ceftazidime=S,ceftriaxone=S,ciprofloxacin=S,clindamycin=S,ertapenem=S,erythromycin=S,gentamicin=S,levofloxacin=S,linezolid=S,meropenem=S,minocycline=S,moxifloxacin=S,oxacillin=S,piperacillin-tazobactam=S,rifampin=S,tetracycline=S,tigecycline=S,tobramycin=S,trimethoprim-sulfamethoxazole=S,vancomycin=S",0
Staphylococcus aureus,,"""PC0148"",""PC0148-S0148"",""SRS11792434""",,PDT001516439.1,2022-12-07T22:44:20Z,Australia: Queensland,sputum,clinical,,,,,SAMN25295876,GCA_026742495.1,"blaI=COMPLETE,blaPC1=COMPLETE,blaR1=COMPLETE,fosB=COMPLETE,glpT_A100V=POINT,glpT_V213I=POINT,mepA=COMPLETE,murA_D278E=POINT,murA_E291D=POINT,tet(38)=COMPLETE",,"ciprofloxacin=S,clindamycin=S,daptomycin=S,erythromycin=S,fusidic acid=S,gentamicin=S,linezolid=S,mupirocin=S,nitrofurantoin=R,oxacillin=S,penicillin=R,rifampin=S,teicoplanin=S,tetracycline=S,vancomycin=S",0
Staphylococcus aureus,,"""551"",""SRS25253063"",""dzd-uci-7854""",,PDT002991348.1,2025-11-20T22:49:50Z,USA: California,blood,clinical,,,,,SAMN48878566,GCA_053652055.1,"blaI=COMPLETE,blaPC1=COMPLETE,blaR1=COMPLETE,glpT_A100V=POINT,gyrA_S84L=POINT,mecA=COMPLETE,mepA=COMPLETE,murA_E291D=POINT,murA_T396N=POINT,parC_S80F=POINT,parE_D432N=POINT,tet(38)=COMPLETE,tet(K)=COMPLETE",,"clindamycin=S,erythromycin=S,levofloxacin=R,oxacillin=R,rifampin=S,tetracycline=R,trimethoprim-sulfamethoxazole=S",0
Staphylococcus aureus,BSN172,"""BSN172"",""SRS20736300"",""Staphylococcus aureus str BSN172""",,PDT002143991.1,2024-04-21T14:12:55Z,"USA: Detroit, MI",blood,clinical,,,,,SAMN38637752,GCA_038396915.1,"abc-f=HMM,ant(9)-Ia=COMPLETE,blaI=COMPLETE,blaR1=COMPLETE,blaZ=COMPLETE,erm(A)=COMPLETE,fosB=COMPLETE,gyrA_S84L=POINT,mecA=COMPLETE,mecI=COMPLETE,mecR1=COMPLETE,mepA=COMPLETE,parC_E84G=POINT,parC_S80Y=POINT,tet(38)=COMPLETE",,"clindamycin=R,daptomycin=S,erythromycin=R,gentamicin=S,linezolid=S,oxacillin=R,rifampin=S,trimethoprim-sulfamethoxazole=S,vancomycin=S",1
Staphylococcus aureus,,"""BWH_800_S_aur"",""SRS18433753""",,PDT001830903.2,2024-02-04T20:07:20Z,USA:Boston,Nasal perirectal swab,clinical,,,,,SAMN36728898,GCA_032330295.2,"blaI=COMPLETE,blaR1=MISTRANSLATION,blaZ=COMPLETE,blaZ=PARTIAL_END_OF_CONTIG,fosB=COMPLETE,mepA=COMPLETE,murA_G257D=POINT,tet(38)=COMPLETE",,"ceftaroline=S,ciprofloxacin=S,clindamycin=S,daptomycin=S,erythromycin=S,gentamicin=S,levofloxacin=S,linezolid=S,minocycline=S,moxifloxacin=S,oxacillin=S,rifampin=S,tetracycline=S,tigecycline=S,trimethoprim-sulfamethoxazole=S,vancomycin=S",0
Staphylococcus aureus,,"""PC0055"",""PC0055-S0055"",""SRS11792374""",,PDT001516499.1,2022-12-07T22:44:30Z,Australia: Queensland,sputum,clinical,,,,,SAMN25295746,GCA_026740155.1,"mepA=COMPLETE,tet(38)=COMPLETE",,"ciprofloxacin=S,clindamycin=S,daptomycin=S,erythromycin=S,fusidic acid=S,gentamicin=S,linezolid=S,mupirocin=S,nitrofurantoin=S,oxacillin=S,penicillin=S,rifampin=S,teicoplanin=S,tetracycline=S,vancomycin=S",0
Staphylococcus aureus,BSN9S,"""BSN9S""",,PDT000567728.2,2019-08-11T11:56:06Z,USA: Detroit,"Tricuspid valve, anterior leaflet",clinical,,PDS000068693.2,1.0,,SAMN12476135,GCA_007954445.1,"fosB=COMPLETE,gyrA_S84L=POINT,mecA=COMPLETE,mecR1=PARTIAL,mepA=COMPLETE,murA_G257D=POINT,parC_S80Y=POINT,tet(38)=COMPLETE",,"clindamycin=S,daptomycin=S,erythromycin=R,gentamicin=S,linezolid=S,minocycline=S,oxacillin=R,rifampin=S,tetracycline=S,trimethoprim-sulfamethoxazole=S,vancomycin=S",1
Staphylococcus aureus,AR_475,"""AR_0475"",""AR_475"",""SRS3163164""",,PDT000343388.2,2018-07-05T11:52:14Z,,,clinical,,,,,SAMN07291568,GCA_003288395.1,"ant(6)-Ia=PARTIAL,aph(3')-IIIa=COMPLETE,blaI=COMPLETE,blaR1=COMPLETE,blaZ=COMPLETE,glpT_A100V=POINT,mecA=COMPLETE,mecR1=PARTIAL,mepA=COMPLETE,mph(C)=COMPLETE,msr(A)=COMPLETE,murA_E291D=POINT,murA_T396N=POINT,sat4=COMPLETE,tet(38)=COMPLETE",,"cefoxitin=R,ceftaroline=S,clindamycin=S,daptomycin=S,doxycycline=S,erythromycin=R,gentamicin=S,levofloxacin=S,linezolid=S,mupirocin=ND,oxacillin=R,penicillin=R,rifampin=S,tetracycline=S,trimethoprim-sulfamethoxazole=S,vancomycin=S",1
Staphylococcus aureus,,"""71"",""SRS25253095"",""dzd-uci-7058""",,PDT002991319.1,2025-11-20T22:49:44Z,USA: California,"FOOT,RIGHT",clinical,,,,,SAMN48878086,GCA_053648835.1,"blaI=COMPLETE,blaR1=COMPLETE,blaZ=COMPLETE,blaZ=PARTIAL_END_OF_CONTIG,fosB=COMPLETE,mepA=COMPLETE,tet(38)=COMPLETE",,"clindamycin=S,erythromycin=S,levofloxacin=S,oxacillin=S,rifampin=S,tetracycline=S,trimethoprim-sulfamethoxazole=S",0
Staphylococcus aureus,,"""681"",""SRS25253381"",""dzd-uci-8042""",,PDT002991531.1,2025-11-20T22:50:27Z,USA: California,DRAINAGE,clinical,,PDS000247553.1,0.0,,SAMN48878696,GCA_053657455.1,"aac(6')-Ie/aph(2'')-Ia=COMPLETE,blaI=COMPLETE,blaR1=HMM,blaZ=COMPLETE,erm(T)=COMPLETE,glpT_A100V=POINT,glpT_F3I=POINT,mepA=COMPLETE,murA_D278E=POINT,murA_E291D=POINT,tet(38)=COMPLETE",,"erythromycin=R,levofloxacin=S,oxacillin=S,rifampin=S,tetracycline=S,trimethoprim-sulfamethoxazole=S",1
Staphylococcus aureus,,"""225"",""BWH_225_S_aur"",""SRS13579680""",,PDT001343034.1,2022-06-25T02:38:48Z,USA:Boston,swab,clinical,,PDS000112059.3,0.0,,SAMN29334800,GCA_023986435.1,"ant(9)-Ia=COMPLETE,blaI=COMPLETE,blaPC1=COMPLETE,blaR1=COMPLETE,erm(A)=COMPLETE,fosB=COMPLETE,glpT_A100V=POINT,glpT_V213I=POINT,mepA=COMPLETE,murA_D278E=POINT,murA_E291D=POINT,tet(38)=COMPLETE",,"ceftaroline=S,ciprofloxacin=S,clindamycin=R,daptomycin=S,erythromycin=R,gentamicin=S,levofloxacin=S,linezolid=S,minocycline=S,moxifloxacin=S,oxacillin=S,rifampin=S,tetracycline=S,tigecycline=S,trimethoprim-sulfamethoxazole=S,vancomycin=S",1
Staphylococcus aureus,,"""PC0059"",""PC0059a-S0059"",""SRS11792387""",,PDT001516486.1,2022-12-07T22:44:28Z,Australia: Queensland,sputum,clinical,,PDS000127159.1,19.0,,SAMN25295758,GCA_026740195.1,"ant(9)-Ia=COMPLETE,blaI=COMPLETE,blaI=PARTIAL_END_OF_CONTIG,blaZ=COMPLETE,erm(A)=COMPLETE,fosB=COMPLETE,mepA=COMPLETE,tet(38)=COMPLETE",,"ciprofloxacin=S,clindamycin=S,erythromycin=R,gentamicin=S,nitrofurantoin=S,oxacillin=S,penicillin=R,rifampin=S,tetracycline=S,vancomycin=S",1
Staphylococcus aureus,,"""843"",""SRS25253417"",""dzd-uci-8298""",,PDT002991496.1,2025-11-20T22:50:19Z,USA: California,"URINE, CLEAN VOID",clinical,,,,,SAMN48878858,GCA_053657635.1,"ant(9)-Ia=COMPLETE,blaI=COMPLETE,blaR1=COMPLETE,blaZ=COMPLETE,blaZ=PARTIAL_END_OF_CONTIG,erm(A)=HMM,glpT_A100V=POINT,glpT_F3I=POINT,mecA=COMPLETE,mepA=COMPLETE,murA_D278E=POINT,murA_E291D=POINT,tet(38)=COMPLETE,tet(K)=COMPLETE",,"clindamycin=R,erythromycin=R,levofloxacin=S,oxacillin=R,rifampin=S,tetracycline=R,trimethoprim-sulfamethoxazole=S",1
Staphylococcus aureus,,"""362"",""SRS25253722"",""dzd-uci-7547""",,PDT002992123.1,2025-11-20T22:52:26Z,USA: California,sputum,clinical,,,,,SAMN48878377,GCA_053666575.1,"aadD1=COMPLETE,ant(6)-Ia=MISTRANSLATION,aph(3')-IIIa=COMPLETE,blaI=COMPLETE,blaR1=COMPLETE,blaZ=COMPLETE,fosB=COMPLETE,gyrA_S84L=POINT,mecA=COMPLETE,mecR1=PARTIAL,mepA=COMPLETE,mph(C)=COMPLETE,msr(A)=COMPLETE,mupA=COMPLETE,murA_G257D=POINT,parC_S80Y=POINT,tet(38)=COMPLETE",,"clindamycin=S,erythromycin=R,levofloxacin=R,oxacillin=R,rifampin=S,tetracycline=S,trimethoprim-sulfamethoxazole=S",1
Staphylococcus aureus,BSN77,"""BSN77"",""SRS20483083"",""Staphylococcus aureus str BSN77""",,PDT002109436.2,2024-06-03T22:49:22Z,"USA: Detroit, MI",blood,clinical,,,,,SAMN38637665,GCA_037095045.2,"ant(6)-Ia=MISTRANSLATION,aph(3')-IIIa=COMPLETE,blaI=COMPLETE,blaR1=COMPLETE,blaZ=COMPLETE,fosB=COMPLETE,gyrA_S84L=POINT,mecA=COMPLETE,mecR1=PARTIAL,mepA=COMPLETE,mph(C)=COMPLETE,msr(A)=COMPLETE,murA_G257D=POINT,parC_S80Y=POINT,sat4=COMPLETE,tet(38)=COMPLETE",,"clindamycin=S,daptomycin=S,erythromycin=R,gentamicin=S,linezolid=S,oxacillin=R,rifampin=S,trimethoprim-sulfamethoxazole=S,vancomycin=S",1
Staphylococcus aureus,BSN204,"""BSN204"",""SRS20736334"",""Staphylococcus aureus str BSN204""",,PDT002498353.1,2024-11-25T20:51:35Z,"USA: Detroit, MI",blood,clinical,,,,,SAMN38637784,GCA_045288785.1,"ant(6)-Ia=MISTRANSLATION,aph(3')-IIIa=COMPLETE,blaI=COMPLETE,blaR1=COMPLETE,blaZ=COMPLETE,fosB=COMPLETE,mecA=COMPLETE,mecR1=PARTIAL,mepA=COMPLETE,mph(C)=COMPLETE,msr(A)=COMPLETE,murA_G257D=POINT,sat4=COMPLETE,tet(38)=COMPLETE",,"clindamycin=S,daptomycin=S,erythromycin=R,gentamicin=S,linezolid=S,oxacillin=R,rifampin=S,trimethoprim-sulfamethoxazole=S,vancomycin=S",1
Staphylococcus aureus,BSN140,"""BSN140"",""SRS20614745"",""Staphylococcus aureus str BSN140""",,PDT002118703.1,2024-03-19T17:27:02Z,"USA: Detroit, MI",blood,clinical,,,,,SAMN38637719,GCA_037343325.1,"ant(6)-Ia=MISTRANSLATION,aph(3')-IIIa=COMPLETE,blaI=COMPLETE,blaR1=COMPLETE,blaR1=HMM,blaZ=PARTIAL,fosB=COMPLETE,mepA=COMPLETE,mph(C)=COMPLETE,msr(A)=COMPLETE,sat4=PARTIAL,tet(38)=COMPLETE",,"clindamycin=S,erythromycin=R,gentamicin=S,oxacillin=S,penicillin=R,rifampin=S,trimethoprim-sulfamethoxazole=S,vancomycin=S",1
Staphylococcus aureus,BSN50,"""BSN50"",""Staphylococcus aureus str BSN50""",,PDT002221214.1,2024-06-20T12:58:33Z,"USA: Detroit, MI",sputum,clinical,,PDS000170052.2,0.0,,SAMN36733052,GCA_040254855.1,"ant(6)-Ia=MISTRANSLATION,aph(3')-IIIa=COMPLETE,blaI=COMPLETE,blaR1=COMPLETE,blaZ=COMPLETE,fosB=COMPLETE,mecA=COMPLETE,mecR1=PARTIAL,mepA=COMPLETE,mph(C)=COMPLETE,msr(A)=COMPLETE,murA_G257D=POINT,parC_S80F=POINT,sat4=COMPLETE,tet(38)=COMPLETE",,"ceftaroline=S,clindamycin=S,erythromycin=R,gentamicin=S,linezolid=S,oxacillin=R,rifampin=S,tetracycline=S,trimethoprim-sulfamethoxazole=S,vancomycin=S",1
Staphylococcus aureus,,"""PC0018"",""PC0018c-S0163"",""SRS11792324""",,PDT001516149.1,2022-12-07T22:43:30Z,Australia: Queensland,sputum,clinical,,PDS000127172.1,7.0,,SAMN25295666,GCA_026745015.1,"blaZ=COMPLETE,fosB=COMPLETE,mepA=COMPLETE,tet(38)=COMPLETE",,"ciprofloxacin=S,clindamycin=R,daptomycin=S,erythromycin=R,fusidic acid=S,gentamicin=S,linezolid=S,mupirocin=R,nitrofurantoin=S,oxacillin=S,penicillin=R,rifampin=S,teicoplanin=S,tetracycline=S,vancomycin=S",1
Staphylococcus aureus,BSN71,"""BSN71"",""SRS20483044"",""Staphylococcus aureus str BSN71""",,PDT002115226.2,2024-06-03T20:27:54Z,"USA: Detroit, MI",blood,clinical,,,,,SAMN38637659,GCA_037199715.2,"blaI=COMPLETE,blaR1=COMPLETE,blaZ=COMPLETE,dfrG=COMPLETE,folP_E208K=POINT,folP_F17L=POINT,fosB=COMPLETE,gyrA_S84L=POINT,gyrA_S85P=POINT,mecA=COMPLETE,mecR1=PARTIAL,mepA=COMPLETE,murA_G257D=POINT,parC_S80F=POINT,parE_D432V=POINT,tet(38)=COMPLETE",,"clindamycin=S,daptomycin=S,erythromycin=S,gentamicin=S,linezolid=S,oxacillin=R,rifampin=S,trimethoprim-sulfamethoxazole=R,vancomycin=S",0
Staphylococcus aureus,,"""948"",""SRS25253893"",""dzd-uci-8483""",,PDT002991961.1,2025-11-20T22:51:53Z,USA: California,sputum,clinical,,,,,SAMN48878963,GCA_053661555.1,"ant(6)-Ia=MISTRANSLATION,aph(3')-IIIa=COMPLETE,blaI=COMPLETE,blaR1=COMPLETE,blaZ=COMPLETE,fosB=COMPLETE,gyrA_S84L=POINT,mecA=COMPLETE,mecR1=PARTIAL,mepA=COMPLETE,mph(C)=COMPLETE,msr(A)=COMPLETE,murA_G257D=POINT,parC_S80Y=POINT,sat4=COMPLETE,tet(38)=COMPLETE",,"clindamycin=S,erythromycin=R,levofloxacin=R,oxacillin=R,rifampin=S,tetracycline=S,trimethoprim-sulfamethoxazole=S",1
Staphylococcus aureus,,"""PC0024"",""PC0024-S0024"",""SRS11792337""",,PDT001516136.1,2022-12-07T22:43:28Z,Australia: Queensland,sputum,clinical,,,,,SAMN25295681,GCA_026745225.1,"ant(9)-Ia=COMPLETE,blaI=COMPLETE,blaR1=PARTIAL_END_OF_CONTIG,blaZ=PARTIAL,erm(A)=COMPLETE,fosB=COMPLETE,glpT_A100V=POINT,glpT_V213I=POINT,mepA=COMPLETE,murA_D278E=POINT,murA_E291D=POINT,tet(38)=COMPLETE",,"ciprofloxacin=S,clindamycin=R,daptomycin=S,erythromycin=R,fusidic acid=S,gentamicin=S,linezolid=S,mupirocin=S,nitrofurantoin=S,oxacillin=S,penicillin=S,rifampin=S,teicoplanin=S,tetracycline=S,vancomycin=S",1
Staphylococcus aureus,,"""PN0206"",""PN0206-S0353"",""SRS11792565""",,PDT001516308.1,2022-12-07T22:43:57Z,Australia: Queensland,Swab finger,clinical,,,,,SAMN25295994,GCA_026743015.1,"blaI=COMPLETE,blaPC1=COMPLETE,blaR1=COMPLETE,fosB=COMPLETE,glpT_A100V=POINT,glpT_V213I=POINT,mecA=COMPLETE,mecR1=PARTIAL,mepA=COMPLETE,murA_D278E=POINT,murA_E291D=POINT,tet(38)=COMPLETE",,"ciprofloxacin=S,clindamycin=S,daptomycin=S,erythromycin=S,fusidic acid=S,gentamicin=S,linezolid=S,mupirocin=S,nitrofurantoin=S,oxacillin=R,penicillin=R,rifampin=S,teicoplanin=S,tetracycline=S,vancomycin=S",0
Staphylococcus aureus,BSN201,"""BSN201"",""SRS20736329"",""Staphylococcus aureus str BSN201""",,PDT002143997.1,2024-04-21T15:46:56Z,"USA: Detroit, MI",blood,clinical,,,,,SAMN38637781,GCA_038396975.1,"abc-f=HMM,blaI=COMPLETE,blaR1=COMPLETE,blaZ=COMPLETE,fosB=COMPLETE,gyrA_S84L=POINT,mecA=COMPLETE,mecR1=PARTIAL,mepA=COMPLETE,mph(C)=COMPLETE,msr(A)=COMPLETE,murA_G257D=POINT,parC_S80Y=POINT,tet(38)=COMPLETE",,"clindamycin=S,daptomycin=S,erythromycin=R,gentamicin=S,linezolid=S,oxacillin=R,rifampin=S,trimethoprim-sulfamethoxazole=S,vancomycin=S",1
Staphylococcus aureus,,"""PC0060"",""PC0060b-S0276"",""SRS11792392""",,PDT001516481.1,2022-12-07T22:44:27Z,Australia: Queensland,sputum,clinical,,,,,SAMN25295763,GCA_026742315.1,"blaI=COMPLETE,blaPC1=COMPLETE,blaR1=COMPLETE,fosB=COMPLETE,glpT_A100V=POINT,glpT_V213I=POINT,mepA=COMPLETE,murA_D278E=POINT,murA_E291D=POINT,parC_E84K=POINT,tet(38)=COMPLETE",,"ciprofloxacin=S,clindamycin=R,erythromycin=R,gentamicin=R,oxacillin=S,penicillin=R,vancomycin=S",1
Staphylococcus aureus,,"""PC0098"",""PC0098-S0098"",""SRS11792607""",,PDT001516266.1,2022-12-07T22:43:50Z,Australia: Queensland,sputum,clinical,,,,,SAMN25295823,GCA_026743635.1,"ant(9)-Ia=COMPLETE,blaI=COMPLETE,blaZ=COMPLETE,erm(A)=COMPLETE,fosB=COMPLETE,glpT_A100V=POINT,glpT_L27F=POINT,ileS_V588F=POINT,mepA=COMPLETE,murA_E291D=POINT,murA_T396N=POINT,tet(38)=COMPLETE",,"ciprofloxacin=S,clindamycin=R,daptomycin=S,erythromycin=R,fusidic acid=S,gentamicin=S,linezolid=S,mupirocin=R,nitrofurantoin=S,oxacillin=S,penicillin=R,rifampin=S,teicoplanin=S,tetracycline=S,vancomycin=S",1
Staphylococcus aureus,,"""PC0258"",""PC0258-S0258"",""SRS11792312""",,PDT001516161.1,2022-12-07T22:43:32Z,Australia: Queensland,sputum,clinical,,,,,SAMN25295943,GCA_026744765.1,"fosB=COMPLETE,mepA=COMPLETE,tet(38)=COMPLETE",,"ciprofloxacin=S,clindamycin=S,daptomycin=S,erythromycin=S,fusidic acid=S,gentamicin=S,linezolid=S,mupirocin=S,nitrofurantoin=S,oxacillin=S,penicillin=S,rifampin=S,teicoplanin=S,tetracycline=S,vancomycin=S",0
Staphylococcus aureus,,"""310"",""SRS25253306"",""dzd-uci-7468""",,PDT002991604.1,2025-11-20T22:50:41Z,USA: California,"SPUTUM, TRACHEAL ASPIRATE/SUCTION",clinical,,PDS000247562.1,6.0,,SAMN48878325,GCA_053672595.1,"aac(6')-Ie/aph(2'')-Ia=COMPLETE,blaI=COMPLETE,blaR1=COMPLETE,blaZ=COMPLETE,blaZ=PARTIAL_END_OF_CONTIG,dfrE=COMPLETE,erm(B)=COMPLETE,gyrA_S84L=POINT,mecA=COMPLETE,mecR1=PARTIAL,mepA=COMPLETE,parC_S80F=POINT,rpoB_H481Y=POINT,tet(38)=COMPLETE",,"clindamycin=R,erythromycin=R,levofloxacin=R,oxacillin=R,rifampin=R,tetracycline=S,trimethoprim-sulfamethoxazole=R",1
Staphylococcus aureus,BSN152,"""BSN152"",""SRS20736289"",""Staphylococcus aureus str BSN152""",,PDT002138411.1,2024-04-14T16:58:21Z,"USA: Detroit, MI",blood,clinical,,,,,SAMN38637731,GCA_038096285.1,"aadD1=COMPLETE,ant(6)-Ia=MISTRANSLATION,ant(9)-Ia=COMPLETE,aph(3')-IIIa=COMPLETE,blaI=COMPLETE,blaR1=COMPLETE,blaZ=COMPLETE,bleO=COMPLETE,erm(A)=COMPLETE,erm(C)=COMPLETE,fosB=COMPLETE,gyrA_S84L=POINT,lnu(A)=COMPLETE,mecA=COMPLETE,mecI=COMPLETE,mecR1=COMPLETE,mepA=COMPLETE,mph(C)=COMPLETE,msr(A)=COMPLETE,mupA=COMPLETE,parC_E84G=POINT,parC_S80Y=POINT,sat4=COMPLETE,tet(38)=COMPLETE,tet(K)=COMPLETE",,"clindamycin=R,daptomycin=S,erythromycin=R,gentamicin=S,linezolid=S,oxacillin=R,rifampin=S,trimethoprim-sulfamethoxazole=S,vancomycin=S",1
Staphylococcus aureus,,"""404"",""SRS25253560"",""dzd-uci-7610""",,PDT002991850.1,2025-11-20T22:51:30Z,USA: California,DRAINAGE,clinical,,,,,SAMN48878419,GCA_053654975.1,"blaI=COMPLETE,blaR1=HMM,blaZ=COMPLETE,erm(T)=COMPLETE,glpT_A100V=POINT,glpT_F3I=POINT,mepA=COMPLETE,murA_D278E=POINT,murA_E291D=POINT,tet(38)=COMPLETE",,"erythromycin=R,levofloxacin=S,oxacillin=S,rifampin=S,tetracycline=S,trimethoprim-sulfamethoxazole=S",1
Staphylococcus aureus,BSN88,"""BSN88"",""SRS20485609"",""Staphylococcus aureus str BSN88""",,PDT002115217.2,2024-06-25T20:47:28Z,"USA: Detroit, MI",blood,clinical,,,,,SAMN38637676,GCA_037199585.2,"fosB=COMPLETE,gyrA_S84L=POINT,mepA=COMPLETE,murA_G257D=POINT,parC_S80Y=POINT,tet(38)=COMPLETE",,"clindamycin=S,erythromycin=S,gentamicin=S,oxacillin=S,penicillin=S,rifampin=S,trimethoprim-sulfamethoxazole=S,vancomycin=S",0
Staphylococcus aureus,BSN57-2,"""B0632"",""BSN57-2"",""Staphylococcus aureus str BSN57-2""",,PDT002036672.2,2025-01-10T20:39:33Z,"USA: Detroit, MI",blood,clinical,,,,,SAMN38637649,GCA_034425115.2,"aadD1=COMPLETE,ant(9)-Ia=COMPLETE,blaI=COMPLETE,blaR1=COMPLETE,blaZ=COMPLETE,bleO=COMPLETE,erm(A)=COMPLETE,fosB=COMPLETE,gyrA_S84L=POINT,mecA=COMPLETE,mecI=COMPLETE,mecR1=COMPLETE,mepA=COMPLETE,mph(C)=COMPLETE,msr(A)=COMPLETE,parC_S80F=POINT,parE_P585S=POINT,tet(38)=COMPLETE",,"clindamycin=R,daptomycin=S,erythromycin=R,gentamicin=S,linezolid=S,oxacillin=R,rifampin=S,trimethoprim-sulfamethoxazole=S,vancomycin=S",1
Staphylococcus aureus,BSN150,"""BSN150"",""SRS20598176"",""Staphylococcus aureus str BSN150""",,PDT002122858.1,2024-03-24T13:42:01Z,"USA: Detroit, MI",blood,clinical,,,,,SAMN38637729,GCA_037482155.1,"fosB=COMPLETE,mepA=COMPLETE,tet(38)=COMPLETE",,"clindamycin=S,erythromycin=S,gentamicin=S,oxacillin=S,penicillin=S,rifampin=S,trimethoprim-sulfamethoxazole=S,vancomycin=S",0
Staphylococcus aureus,,"""716"",""SRS25253102"",""dzd-uci-8088""",,PDT002991312.1,2025-11-20T22:49:42Z,USA: California,ABSCESS,clinical,,,,,SAMN48878731,GCA_053675755.1,"ant(9)-Ia=COMPLETE,blaI=COMPLETE,blaR1=COMPLETE,blaZ=COMPLETE,blaZ=PARTIAL_END_OF_CONTIG,erm(A)=HMM,glpT_A100V=POINT,glpT_F3I=POINT,mecA=COMPLETE,mepA=COMPLETE,murA_D278E=POINT,murA_E291D=POINT,tet(38)=COMPLETE,tet(K)=COMPLETE",,"clindamycin=R,erythromycin=R,levofloxacin=S,oxacillin=R,rifampin=S,tetracycline=R,trimethoprim-sulfamethoxazole=S",1
Staphylococcus aureus,,"""751"",""SRS25253389"",""dzd-uci-8144""",,PDT002991525.1,2025-11-20T22:50:25Z,USA: California,SURGICAL/PROCEDURE SPECIMEN,clinical,,,,,SAMN48878766,GCA_053657465.1,"blaI=COMPLETE,blaR1=HMM,blaZ=COMPLETE,erm(T)=COMPLETE,glpT_A100V=POINT,glpT_F3I=POINT,mepA=COMPLETE,murA_D278E=POINT,murA_E291D=POINT,tet(38)=COMPLETE",,"erythromycin=R,levofloxacin=S,oxacillin=S,rifampin=S,tetracycline=S,trimethoprim-sulfamethoxazole=S",1
Staphylococcus aureus,,"""450"",""SRS25253024"",""dzd-uci-7683""",,PDT002991387.1,2025-11-20T22:49:57Z,USA: California,ABSCESS,clinical,,,,,SAMN48878465,GCA_053674855.1,"blaI=COMPLETE,blaR1=HMM,blaZ=COMPLETE,erm(T)=COMPLETE,glpT_A100V=POINT,glpT_F3I=POINT,mepA=COMPLETE,murA_D278E=POINT,murA_E291D=POINT,tet(38)=COMPLETE",,"erythromycin=R,levofloxacin=S,oxacillin=S,rifampin=S,tetracycline=S,trimethoprim-sulfamethoxazole=S",1
Staphylococcus aureus,,"""464"",""SRS25253038"",""dzd-uci-7716""",,PDT002991372.1,2025-11-20T22:49:55Z,USA: California,DRAINAGE,clinical,,PDS000247558.1,8.0,,SAMN48878479,GCA_053653055.1,"aac(6')-Ie/aph(2'')-Ia=COMPLETE,aadD1=COMPLETE,ant(9)-Ia=COMPLETE,blaI=COMPLETE,blaR1=COMPLETE,blaZ=COMPLETE,bleO=COMPLETE,erm(A)=COMPLETE,erm(C)=COMPLETE,fosB=COMPLETE,fosY=COMPLETE,gyrA_S84L=POINT,gyrA_S85P=POINT,mecA=COMPLETE,mecI=COMPLETE,mecR1=COMPLETE,mepA=COMPLETE,mupA=COMPLETE,parC_E84G=POINT,parC_S80Y=POINT,tet(38)=COMPLETE,tet(K)=COMPLETE",,"clindamycin=R,erythromycin=R,levofloxacin=R,oxacillin=R,rifampin=S,tetracycline=R,trimethoprim-sulfamethoxazole=S",1
Staphylococcus aureus,0908-2002-2015,"""0908-2002-2015"",""SRS3745660""",,PDT000302341.2,2018-03-26T17:24:14Z,Russia: Moscow,Skin lesions,clinical,,,,,SAMN08456651,GCA_003017755.1,"mepA=COMPLETE,tet(38)=COMPLETE",,"amoxicillin-clavulanic acid=S,ampicillin-sulbactam=S,cefazolin=S,ceftriaxone=S,chloramphenicol=S,ciprofloxacin=S,clindamycin=S,daptomycin=S,erythromycin=S,gentamicin=S,imipenem=S,levofloxacin=S,linezolid=S,meropenem=S,moxifloxacin=S,oxacillin=S,rifampin=S,tetracycline=S,trimethoprim-sulfamethoxazole=S,vancomycin=S",0
Staphylococcus aureus,,"""PN0248"",""PN0248-S0387"",""SRS11792265""",,PDT001516208.1,2022-12-07T22:43:40Z,Australia: Queensland,aspirate,clinical,,,,,SAMN25296027,GCA_026745735.1,"blaI=COMPLETE,blaR1=COMPLETE,blaZ=COMPLETE,glpT_A100V=POINT,mepA=COMPLETE,murA_E291D=POINT,murA_T396N=POINT,tet(38)=COMPLETE",,"ciprofloxacin=S,clindamycin=S,daptomycin=S,erythromycin=S,fusidic acid=S,gentamicin=S,linezolid=S,mupirocin=S,nitrofurantoin=S,oxacillin=S,penicillin=R,rifampin=S,teicoplanin=S,tetracycline=S,vancomycin=S",0
Staphylococcus aureus,,"""PN0211"",""PN0211-S0357"",""SRS11792570""",,PDT001516303.1,2022-12-07T22:43:56Z,Australia: Queensland,Swab cellulitis periorbital,clinical,,,,,SAMN25295999,GCA_026743195.1,"blaI=COMPLETE,blaPC1=COMPLETE,blaR1=COMPLETE,fosB=COMPLETE,glpT_A100V=POINT,glpT_V213I=POINT,mecA=COMPLETE,mecR1=PARTIAL,mepA=COMPLETE,murA_D278E=POINT,murA_E291D=POINT,tet(38)=COMPLETE",,"ciprofloxacin=S,clindamycin=S,daptomycin=S,erythromycin=S,fusidic acid=S,gentamicin=S,linezolid=S,mupirocin=S,nitrofurantoin=S,oxacillin=R,penicillin=R,rifampin=S,teicoplanin=S,tetracycline=S,vancomycin=S",0
Staphylococcus aureus,,"""PC0215"",""PC0215b-S0229"",""SRS11792641""",,PDT001516231.1,2022-12-07T22:43:44Z,Australia: Queensland,sputum,clinical,,,,,SAMN25295930,GCA_026741075.1,"blaI=COMPLETE,blaR1=COMPLETE,blaZ=COMPLETE,blaZ=PARTIAL_END_OF_CONTIG,mepA=COMPLETE,tet(38)=COMPLETE",,"ciprofloxacin=S,clindamycin=S,daptomycin=S,erythromycin=S,fusidic acid=S,gentamicin=S,linezolid=S,mupirocin=S,nitrofurantoin=S,oxacillin=S,penicillin=R,rifampin=S,teicoplanin=S,tetracycline=S,vancomycin=S",0
Staphylococcus aureus,,"""227"",""BWH_227_S_aur"",""SRS13579682""",,PDT001343032.1,2022-06-25T02:38:48Z,USA:Boston,swab,clinical,,PDS000112058.12,1.0,,SAMN29334802,GCA_023986455.1,"ant(9)-Ia=COMPLETE,blaI=COMPLETE,blaPC1=COMPLETE,blaR1=COMPLETE,erm(A)=COMPLETE,fosB=COMPLETE,glpT_A100V=POINT,glpT_V213I=POINT,mepA=COMPLETE,murA_D278E=POINT,murA_E291D=POINT,tet(38)=COMPLETE",,"ceftaroline=S,ciprofloxacin=S,clindamycin=R,daptomycin=S,erythromycin=R,gentamicin=S,levofloxacin=S,linezolid=S,minocycline=S,moxifloxacin=S,oxacillin=S,rifampin=S,tetracycline=S,tigecycline=S,trimethoprim-sulfamethoxazole=S,vancomycin=S",1
Staphylococcus aureus,,"""279"",""SRS25253516"",""dzd-uci-7420""",,PDT002991894.1,2025-11-20T22:51:39Z,USA: California,ABSCESS,clinical,,,,,SAMN48878294,GCA_053671095.1,"fosB=COMPLETE,mepA=COMPLETE,tet(38)=COMPLETE",,"clindamycin=S,erythromycin=S,levofloxacin=S,oxacillin=S,rifampin=S,tetracycline=S,trimethoprim-sulfamethoxazole=S",0
Staphylococcus aureus,,"""PC0102"",""PC0102-S0102"",""SRS11792611""",,PDT001516261.1,2022-12-07T22:43:49Z,Australia: Queensland,Swab (Sputum),clinical,,,,,SAMN25295827,GCA_026740995.1,"fosB=COMPLETE,mepA=COMPLETE,tet(38)=COMPLETE",,"ciprofloxacin=S,clindamycin=S,daptomycin=S,erythromycin=S,fusidic acid=S,gentamicin=S,linezolid=S,mupirocin=S,nitrofurantoin=S,oxacillin=S,penicillin=S,rifampin=S,teicoplanin=S,tetracycline=S,vancomycin=S",0
Staphylococcus aureus,,"""BWH_1629_S_aur"",""SRS19518864""",,PDT001986218.2,2023-12-20T11:56:07Z,USA:Boston,Nasal perirectal swab,clinical,,PDS000115333.6,1.0,,SAMN38228862,GCA_034497805.1,"blaI=COMPLETE,blaR1=COMPLETE,blaZ=COMPLETE,blaZ=PARTIAL_END_OF_CONTIG,glpT_A100V=POINT,mepA=COMPLETE,murA_E291D=POINT,murA_T396N=POINT,tet(38)=COMPLETE",,"ceftaroline=S,ciprofloxacin=S,clindamycin=S,daptomycin=S,erythromycin=S,gentamicin=S,levofloxacin=S,linezolid=S,minocycline=S,moxifloxacin=S,oxacillin=S,rifampin=S,tetracycline=S,tigecycline=S,trimethoprim-sulfamethoxazole=S,vancomycin=S",0
Staphylococcus aureus,BSN10,"""BSN10"",""Staphylococcus aureus str BSN10""",,PDT001807325.2,2024-09-16T21:23:01Z,"USA: Detroit, MI",blood,clinical,,,,,SAMN35839449,GCA_030382045.2,"ant(9)-Ia=COMPLETE,blaI=COMPLETE,blaR1=COMPLETE,blaZ=COMPLETE,erm(A)=COMPLETE,glpT_A100V=POINT,mepA=COMPLETE,murA_E291D=POINT,murA_T396N=POINT,tet(38)=COMPLETE",,"clindamycin=R,erythromycin=R,gentamicin=S,oxacillin=S,penicillin=R,rifampin=S,trimethoprim-sulfamethoxazole=S,vancomycin=S",1
Staphylococcus aureus,,"""PC0057"",""PC0057a-S0057"",""SRS11792377""",,PDT001516496.1,2022-12-07T22:44:29Z,Australia: Queensland,sputum,clinical,,PDS000127161.1,10.0,,SAMN25295749,GCA_026742175.1,"blaI=COMPLETE,blaR1=COMPLETE,blaZ=COMPLETE,blaZ=PARTIAL_END_OF_CONTIG,fosB=PARTIAL,mepA=COMPLETE,tet(38)=COMPLETE",,"ciprofloxacin=S,clindamycin=S,daptomycin=S,erythromycin=S,fusidic acid=S,gentamicin=S,linezolid=S,mupirocin=S,nitrofurantoin=S,oxacillin=S,penicillin=R,rifampin=S,teicoplanin=S,tetracycline=S,vancomycin=S",0
Staphylococcus aureus,,"""474"",""SRS25253588"",""dzd-uci-7728""",,PDT002991823.1,2025-11-20T22:51:24Z,USA: California,eye,clinical,,,,,SAMN48878489,GCA_053666215.1,"fosB=COMPLETE,mepA=COMPLETE,tet(38)=COMPLETE",,"clindamycin=S,erythromycin=S,levofloxacin=S,oxacillin=S,rifampin=S,tetracycline=S,trimethoprim-sulfamethoxazole=S",0
Staphylococcus aureus,,"""PC0110"",""PC0110c-S0182"",""SRS11792284""",,PDT001516189.1,2022-12-07T22:43:36Z,Australia: Queensland,sputum,clinical,,,,,SAMN25295842,GCA_026744305.1,"blaI=COMPLETE,blaI=PARTIAL_END_OF_CONTIG,blaR1=HMM,blaZ=COMPLETE,glpT_A100V=POINT,mepA=COMPLETE,murA_E291D=POINT,murA_T396N=POINT,tet(38)=COMPLETE",,"ciprofloxacin=S,clindamycin=S,daptomycin=S,erythromycin=S,fusidic acid=S,gentamicin=S,linezolid=S,mupirocin=S,nitrofurantoin=S,oxacillin=S,penicillin=R,rifampin=S,teicoplanin=S,tetracycline=S,vancomycin=S",0
Staphylococcus aureus,,"""PN0207"",""PN0207a-S0354"",""SRS11792566""",,PDT001516307.1,2022-12-07T22:43:56Z,Australia: Queensland,Aspirate endotracheal,clinical,,,,,SAMN25295995,GCA_026742995.1,"blaI=COMPLETE,blaR1=COMPLETE,blaZ=PARTIAL_END_OF_CONTIG,fosB=COMPLETE,mepA=COMPLETE,tet(38)=COMPLETE",,"ciprofloxacin=S,clindamycin=S,daptomycin=S,erythromycin=S,fusidic acid=S,gentamicin=S,linezolid=S,mupirocin=S,nitrofurantoin=S,oxacillin=S,penicillin=R,rifampin=S,teicoplanin=S,tetracycline=S,vancomycin=S",0
Staphylococcus aureus,,"""PN0242"",""PN0242-S0383"",""SRS11792260""",,PDT001516213.1,2022-12-07T22:43:40Z,Australia: Queensland,Tissue lymph node left inguinal,clinical,,,,,SAMN25296023,GCA_026744055.1,"blaI=COMPLETE,blaR1=COMPLETE,blaZ=COMPLETE,glpT_A100V=POINT,mepA=COMPLETE,murA_E291D=POINT,murA_T396N=POINT,tet(38)=COMPLETE",,"ciprofloxacin=S,clindamycin=S,daptomycin=S,erythromycin=S,fusidic acid=S,gentamicin=S,linezolid=S,mupirocin=S,nitrofurantoin=S,oxacillin=S,penicillin=R,rifampin=S,teicoplanin=S,tetracycline=S,vancomycin=S",0
Staphylococcus aureus,,"""765"",""SRS25253402"",""dzd-uci-8168""",,PDT002991510.1,2025-11-20T22:50:22Z,USA: California,JOINT FLUID,clinical,,PDS000247552.1,26.0,,SAMN48878780,GCA_053657515.1,"blaI=COMPLETE,blaR1=COMPLETE,blaZ=COMPLETE,blaZ=PARTIAL_END_OF_CONTIG,dfrG=COMPLETE,glpT_A100V=POINT,mepA=COMPLETE,murA_E291D=POINT,murA_T396N=POINT,tet(38)=COMPLETE",,"clindamycin=S,erythromycin=S,levofloxacin=S,oxacillin=S,rifampin=S,tetracycline=S,trimethoprim-sulfamethoxazole=R",0
Staphylococcus aureus,,"""PC0267"",""PC0267b-S0275"",""SRS11792317""",,PDT001516156.1,2022-12-07T22:43:31Z,Australia: Queensland,sputum,clinical,,,,,SAMN25295947,GCA_026744945.1,"aadD1=COMPLETE,blaI=COMPLETE,blaR1=COMPLETE,blaZ=COMPLETE,fusC=COMPLETE,mepA=COMPLETE,mupA=COMPLETE,parC_E84K=POINT,tet(38)=COMPLETE",,"ciprofloxacin=R,clindamycin=S,erythromycin=S,gentamicin=R,oxacillin=S,penicillin=R,vancomycin=S",0
Staphylococcus aureus,BSN60,"""BSN60"",""Staphylococcus aureus str BSN60""",,PDT002018718.1,2023-12-06T05:11:02Z,"USA: Detroit, MI",blood,clinical,,PDS000186449.1,0.0,,SAMN38351592,GCA_034105565.1,"ant(6)-Ia=MISTRANSLATION,aph(3')-IIIa=COMPLETE,blaI=COMPLETE,blaR1=COMPLETE,blaZ=COMPLETE,fosB=COMPLETE,gyrA_S84L=POINT,mecA=COMPLETE,mecR1=PARTIAL,mepA=COMPLETE,mph(C)=COMPLETE,msr(A)=COMPLETE,murA_G257D=POINT,parC_S80Y=POINT,sat4=COMPLETE,tet(38)=COMPLETE",,"clindamycin=R,daptomycin=R,erythromycin=R,gentamicin=S,linezolid=S,oxacillin=R,rifampin=S,trimethoprim-sulfamethoxazole=S,vancomycin=S",1
Staphylococcus aureus,,"""BWH_914_S_aur"",""SRS18433907""",,PDT001830760.2,2024-02-19T04:57:00Z,USA:Boston,Nasal perirectal swab,clinical,,,,,SAMN36729161,GCA_032332315.2,"blaI=COMPLETE,blaR1=COMPLETE,blaZ=COMPLETE,blaZ=PARTIAL_END_OF_CONTIG,mepA=COMPLETE,msr(A)=COMPLETE,tet(38)=COMPLETE",,"ceftaroline=S,ciprofloxacin=S,clindamycin=S,daptomycin=S,erythromycin=R,gentamicin=S,levofloxacin=S,linezolid=S,minocycline=S,moxifloxacin=S,oxacillin=S,rifampin=S,tetracycline=S,tigecycline=S,trimethoprim-sulfamethoxazole=S,vancomycin=S",1
Staphylococcus aureus,AR_0218,"""AR_0218"",""FDA-CDC-AR_0218"",""SRS1739414""",,PDT000339866.2,2018-06-22T21:04:03Z,,,clinical,,,,,SAMN04901608,GCA_003260535.1,"ant(9)-Ia=COMPLETE,aph(3')-IIIa=COMPLETE,blaI=COMPLETE,blaR1=COMPLETE,blaZ=COMPLETE,blaZ=PARTIAL,erm(A)=COMPLETE,fosB=COMPLETE,gyrA_S84L=POINT,mecA=COMPLETE,mecI=COMPLETE,mecR1=COMPLETE,mepA=COMPLETE,mprF_S295L=POINT,mupA=COMPLETE,parC_S80F=POINT,tet(38)=COMPLETE,tet(K)=COMPLETE",,"cefoxitin=R,ceftaroline=S,clindamycin=R,daptomycin=NS,doxycycline=S,erythromycin=R,gentamicin=S,levofloxacin=R,linezolid=S,mupirocin=R,oxacillin=R,penicillin=R,rifampin=S,tetracycline=S,trimethoprim-sulfamethoxazole=S",1
Staphylococcus aureus,,"""PN0229"",""PN0229-S0371"",""SRS11792649""",,PDT001516224.1,2022-12-07T22:43:42Z,Australia: Queensland,swab,clinical,,PDS000127210.1,41.0,,SAMN25296012,GCA_026741095.1,"blaI=COMPLETE,blaPC1=COMPLETE,blaR1=COMPLETE,fosB=COMPLETE,glpT_A100V=POINT,glpT_V213I=POINT,mecA=COMPLETE,mecR1=PARTIAL,mepA=COMPLETE,murA_D278E=POINT,murA_E291D=POINT,tet(38)=COMPLETE",,"ciprofloxacin=S,clindamycin=S,daptomycin=S,erythromycin=S,fusidic acid=S,gentamicin=S,linezolid=S,mupirocin=S,nitrofurantoin=S,oxacillin=R,penicillin=R,rifampin=S,teicoplanin=S,tetracycline=S,vancomycin=S",0
Staphylococcus aureus,BSN37,"""BSN37"",""Staphylococcus aureus str BSN37""",,PDT002685102.1,2025-03-23T13:06:05Z,"USA: Detroit, MI",blood,clinical,,PDS000126540.16,16.0,,SAMN38637634,GCA_048820415.1,"ant(6)-Ia=MISTRANSLATION,aph(3')-IIIa=COMPLETE,blaI=COMPLETE,blaR1=COMPLETE,blaZ=PARTIAL,fosB=COMPLETE,gyrA_S84L=POINT,mecA=COMPLETE,mecR1=PARTIAL,mepA=COMPLETE,mph(C)=COMPLETE,msr(A)=COMPLETE,murA_G257D=POINT,parC_S80Y=POINT,sat4=COMPLETE,tet(38)=COMPLETE",,"clindamycin=S,daptomycin=S,erythromycin=R,gentamicin=S,linezolid=S,oxacillin=R,rifampin=S,trimethoprim-sulfamethoxazole=S,vancomycin=S",1
Staphylococcus aureus,,"""893"",""SRS25253154"",""dzd-uci-8379""",,PDT002991263.1,2025-11-20T22:49:32Z,USA: California,wound,clinical,,,,,SAMN48878908,GCA_053676475.1,"ant(6)-Ia=PARTIAL,aph(3')-IIIa=COMPLETE,blaI=COMPLETE,blaR1=COMPLETE,blaZ=COMPLETE,fosB=COMPLETE,mepA=COMPLETE,mph(C)=COMPLETE,msr(A)=COMPLETE,sat4=COMPLETE,tet(38)=COMPLETE",,"clindamycin=S,erythromycin=R,levofloxacin=S,oxacillin=S,rifampin=S,tetracycline=S,trimethoprim-sulfamethoxazole=S",1
Staphylococcus aureus,,"""BWH_912_S_aur"",""SRS18432316""",,PDT001830491.2,2024-02-19T21:56:29Z,USA:Boston,Nasal perirectal swab,clinical,,PDS000154297.3,5.0,,SAMN36726400,GCA_032337675.2,"blaI=COMPLETE,blaPC1=COMPLETE,blaR1=COMPLETE,fosB=COMPLETE,glpT_A100V=POINT,glpT_V213I=POINT,ileS_V588F=POINT,mepA=COMPLETE,murA_D278E=POINT,murA_E291D=POINT,tet(38)=COMPLETE",,"ceftaroline=S,ciprofloxacin=S,clindamycin=S,daptomycin=S,erythromycin=S,gentamicin=S,levofloxacin=S,linezolid=S,minocycline=S,moxifloxacin=S,oxacillin=S,rifampin=S,tetracycline=S,tigecycline=S,trimethoprim-sulfamethoxazole=S,vancomycin=S",0
Staphylococcus aureus,,"""BWH_1166_S_aur"",""SRS18432655""",,PDT001830642.2,2024-02-18T00:57:28Z,USA:Boston,Nasal perirectal swab,clinical,,,,,SAMN36727305,GCA_032333875.2,"ant(9)-Ia=COMPLETE,blaI=COMPLETE,blaR1=HMM,blaZ=COMPLETE,erm(A)=COMPLETE,fosB=COMPLETE,glpT_A100V=POINT,glpT_V213I=POINT,mepA=COMPLETE,murA_D278E=POINT,murA_E291D=POINT,tet(38)=COMPLETE",,"ceftaroline=S,ciprofloxacin=S,clindamycin=R,daptomycin=S,erythromycin=R,gentamicin=S,levofloxacin=S,linezolid=S,minocycline=S,moxifloxacin=S,oxacillin=S,rifampin=S,tetracycline=S,tigecycline=S,trimethoprim-sulfamethoxazole=S,vancomycin=S",1
Staphylococcus aureus,BSN81,"""BSN81"",""SRS20483039"",""Staphylococcus aureus str BSN81""",,PDT002115220.2,2024-06-03T19:24:20Z,"USA: Detroit, MI",blood,clinical,,,,,SAMN38637669,GCA_037199685.2,"blaI=COMPLETE,blaPC1=COMPLETE,blaR1=MISTRANSLATION,fosB=MISTRANSLATION,glpT_A100V=POINT,glpT_V213I=POINT,mepA=COMPLETE,murA_D278E=POINT,murA_E291D=POINT,tet(38)=COMPLETE",,"clindamycin=S,erythromycin=S,gentamicin=S,oxacillin=S,penicillin=R,rifampin=S,trimethoprim-sulfamethoxazole=S,vancomycin=S",0
Staphylococcus aureus,,"""PN0236"",""PN0236-S0377"",""SRS11792255""",,PDT001516218.1,2022-12-07T22:43:41Z,Australia: Queensland,"Bone marrow femur left, distal",clinical,,,,,SAMN25296018,GCA_026743925.1,"erm(T)=COMPLETE,glpT_A100V=POINT,glpT_F3I=POINT,mepA=COMPLETE,murA_D278E=POINT,murA_E291D=POINT,tet(38)=COMPLETE",,"ciprofloxacin=S,clindamycin=R,daptomycin=S,erythromycin=R,fusidic acid=S,gentamicin=S,linezolid=S,mupirocin=S,nitrofurantoin=S,oxacillin=S,penicillin=S,rifampin=S,teicoplanin=S,tetracycline=S,vancomycin=S",1
Staphylococcus aureus,,"""106"",""SRS25253223"",""dzd-uci-7123""",,PDT002991685.1,2025-11-20T22:50:57Z,USA: California,sputum,clinical,,PDS000247545.1,2.0,,SAMN48878121,GCA_053671715.1,"aac(6')-Ie/aph(2'')-Ia=COMPLETE,blaI=COMPLETE,blaR1=HMM,blaZ=COMPLETE,erm(T)=COMPLETE,glpT_A100V=POINT,glpT_F3I=POINT,mepA=COMPLETE,murA_D278E=POINT,murA_E291D=POINT,tet(38)=COMPLETE",,"erythromycin=R,levofloxacin=S,oxacillin=S,rifampin=S,tetracycline=S,trimethoprim-sulfamethoxazole=S",1
Staphylococcus aureus,,"""BWH_1524_S_aur"",""SRS18979492""",,PDT001903581.2,2024-02-18T08:07:34Z,USA:Boston,Nasal perirectal swab,clinical,,,,,SAMN37516909,GCA_032121535.2,"blaI=COMPLETE,blaR1=HMM,blaZ=COMPLETE,fosB=COMPLETE,mepA=COMPLETE,murA_G257D=POINT,tet(38)=COMPLETE",,"ceftaroline=S,ciprofloxacin=S,clindamycin=S,daptomycin=S,erythromycin=S,gentamicin=S,levofloxacin=S,linezolid=S,minocycline=S,moxifloxacin=S,oxacillin=S,rifampin=S,tetracycline=S,tigecycline=S,trimethoprim-sulfamethoxazole=S,vancomycin=S",0
Staphylococcus aureus,BSN60,"""BSN60"",""Staphylococcus aureus str BSN60""",,PDT002225243.1,2024-06-23T15:52:30Z,"USA: Detroit, MI",blood,clinical,,PDS000186449.1,0.0,,SAMN38351592,GCA_040267795.1,"ant(6)-Ia=MISTRANSLATION,aph(3')-IIIa=COMPLETE,blaI=COMPLETE,blaR1=COMPLETE,blaZ=COMPLETE,fosB=COMPLETE,gyrA_S84L=POINT,mecA=COMPLETE,mecR1=PARTIAL,mepA=COMPLETE,mph(C)=COMPLETE,msr(A)=COMPLETE,murA_G257D=POINT,parC_S80Y=POINT,sat4=COMPLETE,tet(38)=COMPLETE",,"clindamycin=R,daptomycin=R,erythromycin=R,gentamicin=S,linezolid=S,oxacillin=R,rifampin=S,trimethoprim-sulfamethoxazole=S,vancomycin=S",1
Staphylococcus aureus,,"""873"",""SRS25253881"",""dzd-uci-8346""",,PDT002991971.1,2025-11-20T22:51:55Z,USA: California,"URINE, NEPHROSTOMY LEFT",clinical,,PDS000247557.1,0.0,,SAMN48878888,GCA_053663845.1,"blaI=COMPLETE,blaPC1=COMPLETE,blaR1=MISTRANSLATION,fosB=COMPLETE,glpT_A100V=POINT,mepA=COMPLETE,tet(38)=COMPLETE",,"clindamycin=S,erythromycin=S,levofloxacin=S,oxacillin=S,rifampin=S,tetracycline=S,trimethoprim-sulfamethoxazole=S",0
Staphylococcus aureus,,"""750"",""SRS25253386"",""dzd-uci-8143""",,PDT002991526.1,2025-11-20T22:50:26Z,USA: California,NONBIOLOGICAL,clinical,,,,,SAMN48878765,GCA_053673255.1,"blaI=COMPLETE,blaPC1=COMPLETE,blaR1=COMPLETE,dfrG=PARTIAL,glpT_A100V=POINT,mepA=COMPLETE,murA_E291D=POINT,murA_T396N=POINT,tet(38)=COMPLETE",,"clindamycin=S,erythromycin=S,levofloxacin=S,oxacillin=S,rifampin=S,tetracycline=S,trimethoprim-sulfamethoxazole=S",0
Staphylococcus aureus,,"""243"",""SRS25253279"",""dzd-uci-7349""",,PDT002991631.1,2025-11-20T22:50:47Z,USA: California,ABSCESS,clinical,,,,,SAMN48878258,GCA_053672215.1,"erm(T)=COMPLETE,glpT_A100V=POINT,glpT_F3I=POINT,mepA=COMPLETE,murA_D278E=POINT,murA_E291D=POINT,tet(38)=COMPLETE",,"erythromycin=R,levofloxacin=S,oxacillin=S,rifampin=S,tetracycline=S,trimethoprim-sulfamethoxazole=S",1
Staphylococcus aureus,,"""298"",""SRS25253291"",""dzd-uci-7453""",,PDT002991619.1,2025-11-20T22:50:44Z,USA: California,abdomen,clinical,,PDS000247551.1,5.0,,SAMN48878313,GCA_053672355.1,"aac(6')-Ie/aph(2'')-Ia=COMPLETE,blaI=COMPLETE,blaR1=COMPLETE,blaR1=HMM,blaZ=COMPLETE,blaZ=PARTIAL,blaZ=PARTIAL_END_OF_CONTIG,mepA=COMPLETE,tet(38)=COMPLETE",,"clindamycin=S,erythromycin=S,levofloxacin=S,oxacillin=S,rifampin=S,tetracycline=S,trimethoprim-sulfamethoxazole=S",0
Staphylococcus aureus,BSN139,"""BSN139"",""SRS20598173"",""Staphylococcus aureus str BSN139""",,PDT002115866.1,2024-03-17T19:04:34Z,"USA: Detroit, MI",blood,clinical,,,,,SAMN38637718,GCA_037201955.1,"blaI=COMPLETE,blaR1=COMPLETE,blaZ=COMPLETE,fosB=COMPLETE,gyrA_S84L=POINT,mepA=COMPLETE,murA_G257D=POINT,parC_S80Y=POINT,tet(38)=COMPLETE",,"clindamycin=S,erythromycin=S,gentamicin=S,oxacillin=S,penicillin=R,rifampin=S,trimethoprim-sulfamethoxazole=S,vancomycin=S",0
Staphylococcus aureus,BSN176,"""BSN176"",""SRS20736303"",""Staphylococcus aureus str BSN176""",,PDT002143987.1,2024-04-21T12:52:22Z,"USA: Detroit, MI",blood,clinical,,,,,SAMN38637756,GCA_038396865.1,"abc-f=HMM,dfrG=COMPLETE,fosB=COMPLETE,mepA=COMPLETE,tet(38)=COMPLETE",,"clindamycin=S,erythromycin=S,gentamicin=S,oxacillin=S,penicillin=S,rifampin=S,trimethoprim-sulfamethoxazole=S,vancomycin=S",0
Staphylococcus aureus,BSN21,"""BSN21"",""Staphylococcus aureus str BSN21""",,PDT002239691.1,2024-07-01T20:27:12Z,"USA: Detroit, MI",blood,clinical,,PDS000126546.2,0.0,,SAMN38637629,GCA_040438755.1,"aadD1=COMPLETE,ant(9)-Ia=COMPLETE,blaI=COMPLETE,blaR1=COMPLETE,blaZ=MISTRANSLATION,bleO=COMPLETE,erm(A)=COMPLETE,fosB=COMPLETE,gyrA_E88K=POINT,gyrA_S84L=POINT,mecA=COMPLETE,mecI=COMPLETE,mecR1=COMPLETE,mepA=COMPLETE,parC_E84G=POINT,parC_S80Y=POINT,tet(38)=COMPLETE",,"ceftaroline=S,clindamycin=R,daptomycin=S,erythromycin=R,gentamicin=S,linezolid=S,oxacillin=R,rifampin=S,trimethoprim-sulfamethoxazole=S,vancomycin=S",1
Staphylococcus aureus,,"""543"",""SRS25253055"",""dzd-uci-7845""",,PDT002991357.1,2025-11-20T22:49:52Z,USA: California,blood,clinical,,PDS000247543.1,0.0,,SAMN48878558,GCA_053675235.1,"fosB=PARTIAL,mepA=PARTIAL,tet(38)=COMPLETE",,"clindamycin=S,erythromycin=S,levofloxacin=S,oxacillin=S,rifampin=S,tetracycline=S,trimethoprim-sulfamethoxazole=S",0
Staphylococcus aureus,,"""PC0059"",""PC0059b-S0078"",""SRS11792388""",,PDT001516485.1,2022-12-07T22:44:28Z,Australia: Queensland,sputum,clinical,,PDS000127159.1,19.0,,SAMN25295759,GCA_026740235.1,"ant(9)-Ia=COMPLETE,blaI=COMPLETE,blaR1=HMM,blaZ=COMPLETE,erm(A)=COMPLETE,fosB=COMPLETE,mepA=COMPLETE,tet(38)=COMPLETE",,"ciprofloxacin=S,clindamycin=R,daptomycin=S,erythromycin=R,fusidic acid=S,gentamicin=S,linezolid=S,mupirocin=S,nitrofurantoin=S,oxacillin=S,penicillin=R,rifampin=S,teicoplanin=S,tetracycline=S,vancomycin=S",1
Staphylococcus aureus,,"""PN0163"",""PN0163-S0330"",""SRS11792454""",,PDT001516419.1,2022-12-07T22:44:16Z,Australia: Queensland,Swab vesicle left knee,clinical,,,,,SAMN25295970,GCA_026742415.1,"ant(9)-Ia=COMPLETE,blaI=COMPLETE,blaZ=COMPLETE,erm(A)=COMPLETE,fosB=COMPLETE,glpT_A100V=POINT,glpT_L27F=POINT,ileS_V588F=POINT,mepA=COMPLETE,murA_E291D=POINT,murA_T396N=POINT,tet(38)=COMPLETE",,"ciprofloxacin=S,clindamycin=R,daptomycin=S,erythromycin=R,fusidic acid=S,gentamicin=S,linezolid=S,mupirocin=S,nitrofurantoin=S,oxacillin=S,penicillin=R,rifampin=S,teicoplanin=S,tetracycline=S,vancomycin=S",1
Staphylococcus aureus,AR_0227,"""AR_0227"",""FDA-CDC-AR_0227"",""SRS1739411""",,PDT000339865.2,2018-06-22T21:03:57Z,,,clinical,,,,,SAMN04901617,GCA_003260465.1,"aadD1=COMPLETE,ant(9)-Ia=COMPLETE,blaI=COMPLETE,blaR1=COMPLETE,blaZ=COMPLETE,bleO=COMPLETE,erm(A)=COMPLETE,fosB=COMPLETE,gyrA_S84L=POINT,mecA=COMPLETE,mecI=COMPLETE,mecR1=COMPLETE,mepA=COMPLETE,parC_S80F=POINT,parE_P585S=POINT,tet(38)=COMPLETE",,"cefoxitin=R,ceftaroline=S,clindamycin=R,daptomycin=NS,doxycycline=S,erythromycin=R,gentamicin=S,levofloxacin=R,linezolid=S,mupirocin=ND,oxacillin=R,penicillin=R,rifampin=S,tetracycline=S,trimethoprim-sulfamethoxazole=S",1
Staphylococcus aureus,,"""PC0068"",""PC0068g-S0391"",""SRS11792408""",,PDT001516465.1,2022-12-07T22:44:24Z,Australia: Queensland,sputum,clinical,,PDS000127157.1,4.0,,SAMN25295777,GCA_026742235.1,"ant(9)-Ia=COMPLETE,blaI=COMPLETE,blaPC1=COMPLETE,blaR1=COMPLETE,erm(A)=COMPLETE,fosB=COMPLETE,glpT_A100V=POINT,glpT_V213I=POINT,mepA=COMPLETE,murA_D278E=POINT,murA_E291D=POINT,tet(38)=COMPLETE",,"ciprofloxacin=S,clindamycin=R,daptomycin=S,erythromycin=R,fusidic acid=S,gentamicin=S,linezolid=S,mupirocin=S,nitrofurantoin=S,oxacillin=S,penicillin=R,rifampin=S,teicoplanin=S,tetracycline=S,vancomycin=S",1
Staphylococcus aureus,AR464,"""AR464"",""AR_0464"",""SRS3163156""",,PDT000313597.2,2018-04-30T13:04:06Z,,,clinical,,PDS000136782.1,,,SAMN07291557,GCA_003073755.1,"blaI=COMPLETE,blaR1=COMPLETE,blaZ=COMPLETE,glpT_A100V=POINT,mecA=COMPLETE,mecR1=PARTIAL,mepA=COMPLETE,murA_E291D=POINT,murA_T396N=POINT,tet(38)=COMPLETE",,"cefoxitin=S,ceftaroline=S,clindamycin=S,daptomycin=S,doxycycline=S,erythromycin=S,gentamicin=S,levofloxacin=S,linezolid=S,mupirocin=ND,oxacillin=S,penicillin=R,rifampin=S,tetracycline=S,trimethoprim-sulfamethoxazole=S,vancomycin=S",0
Staphylococcus aureus,BSN64,"""BSN64"",""Staphylococcus aureus str BSN64""",,PDT002023720.1,2023-12-11T04:07:19Z,"USA: Detroit, MI",blood,clinical,,,,,SAMN38351597,GCA_034259435.1,"aadD1=COMPLETE,ant(6)-Ia=MISTRANSLATION,aph(3')-IIIa=COMPLETE,blaI=COMPLETE,blaR1=COMPLETE,blaZ=COMPLETE,dfrG=COMPLETE,folP_E208K=POINT,folP_F17L=POINT,fosB=COMPLETE,gyrA_S84L=POINT,gyrA_S85P=POINT,mecA=COMPLETE,mecR1=PARTIAL,mepA=COMPLETE,mph(C)=COMPLETE,msr(A)=COMPLETE,mupA=COMPLETE,murA_G257D=POINT,parC_S80F=POINT,parE_D432V=POINT,rpsJ_Y58D=POINT,sat4=COMPLETE,tet(38)=COMPLETE",,"clindamycin=S,daptomycin=S,erythromycin=R,gentamicin=S,linezolid=S,oxacillin=R,rifampin=S,trimethoprim-sulfamethoxazole=S,vancomycin=S",1
Staphylococcus aureus,BSN49-6,"""BSN49-6"",""Staphylococcus aureus str BSN49-6""",,PDT001842129.1,2023-08-06T03:48:23Z,"USA: Detroit, MI",wound,clinical,,PDS000154993.3,3.0,,SAMN36733051,GCA_030649545.1,"aadD1=COMPLETE,ant(9)-Ia=COMPLETE,blaI=COMPLETE,blaR1=COMPLETE,blaZ=COMPLETE,bleO=COMPLETE,erm(A)=COMPLETE,erm(C)=COMPLETE,fosB=COMPLETE,gyrA_S84L=POINT,mecA=COMPLETE,mecI=COMPLETE,mecR1=COMPLETE,mepA=COMPLETE,mph(C)=COMPLETE,msr(A)=COMPLETE,parC_S80F=POINT,parE_P585S=POINT,tet(38)=COMPLETE",,"clindamycin=R,daptomycin=S,erythromycin=R,gentamicin=S,linezolid=S,oxacillin=R,rifampin=S,trimethoprim-sulfamethoxazole=R,vancomycin=S",1
Staphylococcus aureus,,"""224"",""BWH_224_S_aur"",""SRS13579679""",,PDT001343035.1,2022-06-25T02:38:48Z,USA:Boston,swab,clinical,,PDS000112059.3,0.0,,SAMN29334799,GCA_023986415.1,"ant(9)-Ia=COMPLETE,blaI=COMPLETE,blaPC1=COMPLETE,blaR1=COMPLETE,erm(A)=COMPLETE,fosB=COMPLETE,glpT_A100V=POINT,glpT_V213I=POINT,mepA=COMPLETE,murA_D278E=POINT,murA_E291D=POINT,tet(38)=COMPLETE",,"ceftaroline=S,ciprofloxacin=S,clindamycin=R,daptomycin=S,erythromycin=R,gentamicin=S,levofloxacin=S,linezolid=S,minocycline=S,moxifloxacin=S,oxacillin=S,rifampin=S,tetracycline=S,tigecycline=S,trimethoprim-sulfamethoxazole=S,vancomycin=S",1
Staphylococcus aureus,,"""615"",""SRS25253812"",""dzd-uci-7952""",,PDT002992038.1,2025-11-20T22:52:08Z,USA: California,blood,clinical,,,,,SAMN48878630,GCA_053650935.1,"glpT_A100V=POINT,mepA=COMPLETE,murA_E291D=POINT,murA_T396N=POINT,tet(38)=COMPLETE",,"clindamycin=S,erythromycin=S,levofloxacin=S,oxacillin=S,rifampin=S,tetracycline=S,trimethoprim-sulfamethoxazole=S",0
Staphylococcus aureus,BSN57,"""BSN57"",""SRS21140372"",""Staphylococcus aureus str BSN57""",,PDT002082296.2,2024-05-17T19:42:00Z,"USA: Detroit, MI",blood,clinical,,PDS000174349.2,36.0,,SAMN38637648,GCA_036689715.2,"aadD1=COMPLETE,ant(9)-Ia=COMPLETE,blaI=COMPLETE,blaR1=COMPLETE,blaZ=COMPLETE,bleO=COMPLETE,erm(A)=COMPLETE,fosB=COMPLETE,gyrA_S84L=POINT,mecA=COMPLETE,mecI=COMPLETE,mecR1=COMPLETE,mepA=COMPLETE,mph(C)=COMPLETE,msr(A)=COMPLETE,parC_S80F=POINT,parE_P585S=POINT,tet(38)=COMPLETE",,"clindamycin=R,daptomycin=S,erythromycin=R,gentamicin=S,linezolid=S,oxacillin=R,rifampin=S,trimethoprim-sulfamethoxazole=S,vancomycin=S",1
Staphylococcus aureus,,"""PC0063"",""PC0063-S0063"",""SRS11792396""",,PDT001516477.1,2022-12-07T22:44:26Z,Australia: Queensland,Swab (Sputum),clinical,,,,,SAMN25295766,GCA_026740315.1,"blaI=COMPLETE,blaR1=COMPLETE,blaZ=COMPLETE,blaZ=PARTIAL_END_OF_CONTIG,fosB=COMPLETE,mepA=COMPLETE,tet(38)=COMPLETE",,"ciprofloxacin=S,clindamycin=S,daptomycin=S,erythromycin=S,fusidic acid=S,gentamicin=S,linezolid=S,mupirocin=S,nitrofurantoin=S,oxacillin=S,penicillin=R,rifampin=S,teicoplanin=S,tetracycline=S,vancomycin=S",0
Staphylococcus aureus,,"""PC0150"",""PC0150-S0150"",""SRS11792435""",,PDT001516438.1,2022-12-07T22:44:19Z,Australia: Queensland,sputum,clinical,,,,,SAMN25295877,GCA_026740355.1,"blaI=COMPLETE,blaR1=COMPLETE,blaZ=COMPLETE,blaZ=PARTIAL_END_OF_CONTIG,fosB=COMPLETE,mepA=COMPLETE,tet(38)=COMPLETE",,"ciprofloxacin=S,clindamycin=S,daptomycin=S,erythromycin=S,fusidic acid=S,linezolid=S,mupirocin=S,nitrofurantoin=S,oxacillin=S,penicillin=R,rifampin=S,teicoplanin=S,tetracycline=S,vancomycin=S",0
Staphylococcus aureus,BSN56-2,"""BSN56-2"",""SRS25348666"",""Staphylococcus aureus str BSN56-2""",,PDT002039521.1,2023-12-24T04:02:29Z,"USA: Detroit, MI",blood,clinical,,PDS000126540.16,9.0,,SAMN38637647,GCA_034554835.1,"ant(6)-Ia=MISTRANSLATION,aph(3')-IIIa=COMPLETE,blaI=COMPLETE,blaR1=COMPLETE,blaZ=COMPLETE,erm(C)=COMPLETE,fosB=COMPLETE,gyrA_S84L=POINT,mecA=COMPLETE,mecR1=PARTIAL,mepA=COMPLETE,mph(C)=COMPLETE,msr(A)=COMPLETE,murA_G257D=POINT,parC_S80Y=POINT,sat4=COMPLETE,tet(38)=COMPLETE",,"clindamycin=R,daptomycin=S,erythromycin=R,gentamicin=S,linezolid=S,oxacillin=R,rifampin=S,trimethoprim-sulfamethoxazole=S,vancomycin=S",1
Staphylococcus aureus,,"""647"",""SRS25253637"",""dzd-uci-7990""",,PDT002991778.1,2025-11-20T22:51:15Z,USA: California,"LEG,LOWER LEFT",clinical,,,,,SAMN48878662,GCA_053656535.1,"blaI=COMPLETE,blaR1=COMPLETE,blaZ=COMPLETE,fosB=COMPLETE,gyrA_S84L=POINT,mecA=COMPLETE,mecR1=PARTIAL,mepA=COMPLETE,mph(C)=COMPLETE,msr(A)=COMPLETE,murA_G257D=POINT,parC_S80Y=POINT,tet(38)=COMPLETE",,"clindamycin=S,erythromycin=R,levofloxacin=R,oxacillin=R,rifampin=S,tetracycline=S,trimethoprim-sulfamethoxazole=S",1
Staphylococcus aureus,BSN183,"""BSN183"",""SRS20736311"",""Staphylococcus aureus str BSN183""",,PDT002138406.1,2024-04-14T14:59:50Z,"USA: Detroit, MI",blood,clinical,,,,,SAMN38637763,GCA_038096235.1,"blaI=COMPLETE,blaR1=COMPLETE,blaZ=COMPLETE,erm(C)=COMPLETE,fexA=COMPLETE,fexA_A37V=POINT,fexA_G33A=POINT,fosB=COMPLETE,mecA=COMPLETE,mecR1=PARTIAL,mepA=COMPLETE,tet(38)=COMPLETE,tet(M)=COMPLETE",,"clindamycin=R,daptomycin=S,erythromycin=R,gentamicin=S,linezolid=S,oxacillin=R,rifampin=S,trimethoprim-sulfamethoxazole=S,vancomycin=S",1
Staphylococcus aureus,BSN61,"""BSN61"",""Staphylococcus aureus str BSN61""",,PDT002018717.2,2025-01-10T20:44:36Z,"USA: Detroit, MI",blood,clinical,,,,,SAMN38351593,GCA_034105275.2,"ant(6)-Ia=MISTRANSLATION,aph(3')-IIIa=COMPLETE,blaI=COMPLETE,blaR1=COMPLETE,blaZ=COMPLETE,fosB=COMPLETE,mecA=COMPLETE,mecR1=PARTIAL,mepA=COMPLETE,mph(C)=COMPLETE,msr(A)=COMPLETE,murA_G257D=POINT,sat4=COMPLETE,tet(38)=COMPLETE",,"clindamycin=S,daptomycin=S,erythromycin=R,gentamicin=S,linezolid=S,oxacillin=R,rifampin=S,trimethoprim-sulfamethoxazole=S,vancomycin=S",1
Staphylococcus aureus,,"""PC0068"",""PC0068b-S0085"",""SRS11792402""",,PDT001516471.1,2022-12-07T22:44:25Z,Australia: Queensland,sputum,clinical,,PDS000127157.1,4.0,,SAMN25295772,GCA_026741435.1,"ant(9)-Ia=COMPLETE,blaI=COMPLETE,blaPC1=COMPLETE,blaR1=COMPLETE,blaR1=PARTIAL_END_OF_CONTIG,erm(A)=COMPLETE,fosB=COMPLETE,glpT_A100V=POINT,glpT_V213I=POINT,mepA=COMPLETE,murA_D278E=POINT,murA_E291D=POINT,tet(38)=COMPLETE",,"ciprofloxacin=S,clindamycin=R,daptomycin=S,erythromycin=R,fusidic acid=S,gentamicin=S,linezolid=S,mupirocin=S,nitrofurantoin=S,oxacillin=S,penicillin=R,rifampin=S,teicoplanin=S,tetracycline=S,vancomycin=S",1
Staphylococcus aureus,,"""PC0044"",""PC0044-S0044"",""SRS11792587""",,PDT001516286.1,2022-12-07T22:43:53Z,Australia: Queensland,Swab (Sputum),clinical,,,,,SAMN25295730,GCA_026740835.1,"blaI=COMPLETE,blaR1=COMPLETE,blaZ=COMPLETE,glpT_A100V=POINT,mepA=COMPLETE,murA_E291D=POINT,murA_T396N=POINT,tet(38)=COMPLETE",,"ciprofloxacin=S,clindamycin=S,daptomycin=S,erythromycin=S,fusidic acid=S,gentamicin=S,linezolid=S,mupirocin=S,nitrofurantoin=S,oxacillin=S,penicillin=R,rifampin=S,teicoplanin=S,tetracycline=S,vancomycin=S",0
Staphylococcus aureus,BSN51,"""B0616"",""BSN51"",""R10206"",""Staphylococcus aureus str BSN51""",,PDT002036673.2,2024-06-25T20:16:04Z,"USA: Detroit, MI",blood,clinical,,,,,SAMN36733055,GCA_034425135.2,"ant(9)-Ia=COMPLETE,erm(A)=COMPLETE,fosB=COMPLETE,gyrA_E88A=POINT,gyrA_S84L=POINT,ileS_V588F=POINT,mecA=COMPLETE,mecI=COMPLETE,mecR1=COMPLETE,mepA=COMPLETE,parC_E84G=POINT,parC_S80Y=POINT,tet(38)=COMPLETE",,"clindamycin=R,daptomycin=S,erythromycin=R,gentamicin=S,linezolid=S,oxacillin=R,rifampin=S,trimethoprim-sulfamethoxazole=S,vancomycin=S",1
Staphylococcus aureus,,"""BWH_1098_S_aur"",""SRS18432652""",,PDT001830645.2,2024-02-17T03:18:39Z,USA:Boston,Nasal perirectal swab,clinical,,,,,SAMN36727274,GCA_032333775.2,"ant(6)-Ia=PARTIAL,aph(3')-IIIa=COMPLETE,blaI=COMPLETE,blaR1=COMPLETE,blaZ=COMPLETE,glpT_A100V=POINT,mepA=COMPLETE,mph(C)=COMPLETE,msr(A)=COMPLETE,murA_E291D=POINT,murA_T396N=POINT,sat4=COMPLETE,tet(38)=COMPLETE",,"ceftaroline=S,ciprofloxacin=S,clindamycin=S,daptomycin=S,erythromycin=R,gentamicin=S,levofloxacin=S,linezolid=S,minocycline=S,moxifloxacin=S,oxacillin=S,rifampin=S,tetracycline=S,tigecycline=S,trimethoprim-sulfamethoxazole=S,vancomycin=S",1
Staphylococcus aureus,BSN03,"""BSN03"",""Staphylococcus aureus str BSN03""",,PDT001791591.2,2024-09-24T03:45:58Z,"USA: Detroit, MI",blood,clinical,,,,,SAMN35751342,GCA_030342395.2,"ant(6)-Ia=MISTRANSLATION,aph(3')-IIIa=COMPLETE,blaI=COMPLETE,blaR1=COMPLETE,blaZ=COMPLETE,fosB=COMPLETE,mepA=COMPLETE,mph(C)=COMPLETE,msr(A)=COMPLETE,murA_G257D=POINT,sat4=COMPLETE,tet(38)=COMPLETE",,"clindamycin=S,erythromycin=R,gentamicin=S,oxacillin=S,penicillin=R,rifampin=S,trimethoprim-sulfamethoxazole=S,vancomycin=S",1
Staphylococcus aureus,,"""PC0179"",""PC0179ii-S0227"",""SRS11792550""",,PDT001516323.1,2022-12-07T22:43:59Z,Australia: Queensland,sputum,clinical,,PDS000127144.1,7.0,,SAMN25295905,GCA_026742815.1,"blaI=PARTIAL_END_OF_CONTIG,blaPC1=COMPLETE,fosB=COMPLETE,glpT_A100V=POINT,glpT_V213I=POINT,mepA=COMPLETE,murA_D278E=POINT,murA_E291D=POINT,tet(38)=COMPLETE",,"ciprofloxacin=S,clindamycin=S,daptomycin=S,erythromycin=S,fusidic acid=S,gentamicin=S,linezolid=S,mupirocin=S,nitrofurantoin=S,oxacillin=S,penicillin=R,rifampin=S,teicoplanin=S,tetracycline=S,vancomycin=S",0
Staphylococcus aureus,,"""BWH_1630_S_aur"",""SRS19518845""",,PDT001986234.2,2023-12-20T11:56:08Z,USA:Boston,Nasal perirectal swab,clinical,,PDS000181461.1,2.0,,SAMN38228845,GCA_034511575.1,"blaI=COMPLETE,blaR1=COMPLETE,blaZ=COMPLETE,blaZ=PARTIAL_END_OF_CONTIG,fosB=COMPLETE,mepA=COMPLETE,mph(C)=COMPLETE,msr(A)=COMPLETE,murA_G257D=POINT,tet(38)=COMPLETE",,"ceftaroline=S,ciprofloxacin=S,clindamycin=S,daptomycin=S,erythromycin=R,gentamicin=S,levofloxacin=S,linezolid=S,minocycline=S,moxifloxacin=S,oxacillin=S,rifampin=S,tetracycline=S,tigecycline=S,trimethoprim-sulfamethoxazole=S,vancomycin=S",1
Staphylococcus aureus,BSN146,"""BSN146"",""SRS20598508"",""Staphylococcus aureus str BSN146""",,PDT002149970.1,2024-04-29T22:27:45Z,"USA: Detroit, MI",blood,clinical,,,,,SAMN38637725,GCA_038672395.1,"ant(9)-Ia=COMPLETE,blaI=COMPLETE,blaR1=COMPLETE,blaZ=COMPLETE,erm(A)=COMPLETE,fosB=COMPLETE,gyrA_S84L=POINT,mecA=COMPLETE,mecI=COMPLETE,mecR1=COMPLETE,mepA=COMPLETE,mph(C)=COMPLETE,msr(A)=COMPLETE,parC_S80F=POINT,parE_P585S=POINT,tet(38)=COMPLETE",,"clindamycin=R,daptomycin=S,erythromycin=R,gentamicin=S,linezolid=S,oxacillin=R,rifampin=S,trimethoprim-sulfamethoxazole=S,vancomycin=S",1
Staphylococcus aureus,,"""PC0209"",""PC0209-S0209"",""SRS11792639""",,PDT001516235.1,2022-12-07T22:43:44Z,Australia: Queensland,Swab (Sputum),clinical,,,,,SAMN25295926,GCA_026743775.1,"blaI=COMPLETE,blaR1=HMM,blaR1=PARTIAL_END_OF_CONTIG,blaZ=COMPLETE,fosB=COMPLETE,mepA=COMPLETE,tet(38)=COMPLETE",,"ciprofloxacin=S,clindamycin=S,daptomycin=S,erythromycin=S,fusidic acid=S,gentamicin=S,linezolid=S,mupirocin=S,nitrofurantoin=S,oxacillin=S,penicillin=R,rifampin=S,teicoplanin=S,tetracycline=S,vancomycin=S",0
Staphylococcus aureus,AR_0470,"""AR_0470"",""SRS3159777""",,PDT000326665.2,2018-06-06T11:59:06Z,,,clinical,,,,,SAMN07291563,GCA_003193745.1,"ant(9)-Ia=COMPLETE,blaI=COMPLETE,blaR1=HMM,blaZ=COMPLETE,erm(A)=COMPLETE,fosB=COMPLETE,glpT_A100V=POINT,glpT_V213I=POINT,mecA=COMPLETE,mepA=COMPLETE,murA_D278E=POINT,murA_E291D=POINT,tet(38)=COMPLETE,tet(L)=COMPLETE,tet(M)=COMPLETE",,"cefoxitin=R,ceftaroline=S,clindamycin=R,daptomycin=S,doxycycline=R,erythromycin=R,gentamicin=S,levofloxacin=S,linezolid=S,mupirocin=ND,oxacillin=S,penicillin=R,rifampin=S,tetracycline=R,trimethoprim-sulfamethoxazole=S,vancomycin=S",1
Staphylococcus aureus,,"""BWH_1131_S_aur"",""SRS18433830""",,PDT001830829.1,2023-07-27T18:47:52Z,USA:Boston,Nasal perirectal swab,clinical,,PDS000154298.5,2.0,,SAMN36729179,GCA_032331415.1,"aac(6')-Ie/aph(2'')-Ia=COMPLETE,blaI=COMPLETE,blaR1=HMM,blaZ=COMPLETE,erm(T)=COMPLETE,glpT_A100V=POINT,glpT_F3I=POINT,mepA=COMPLETE,murA_D278E=POINT,murA_E291D=POINT,tet(38)=COMPLETE",,"ceftaroline=S,ciprofloxacin=S,clindamycin=R,daptomycin=S,erythromycin=R,gentamicin=S,levofloxacin=S,linezolid=S,minocycline=S,moxifloxacin=S,oxacillin=S,rifampin=S,tetracycline=S,tigecycline=S,trimethoprim-sulfamethoxazole=S,vancomycin=S",1
Staphylococcus aureus,BSN80,"""BSN80"",""SRS20483038"",""Staphylococcus aureus str BSN80""",,PDT002103396.2,2024-06-03T20:59:23Z,"USA: Detroit, MI",blood,clinical,,PDS000209769.1,6.0,,SAMN38637668,GCA_037045985.2,"ant(6)-Ia=MISTRANSLATION,aph(3')-IIIa=COMPLETE,blaI=COMPLETE,blaR1=COMPLETE,blaZ=COMPLETE,fosB=COMPLETE,gyrA_S84L=POINT,mecA=COMPLETE,mecR1=PARTIAL,mepA=COMPLETE,mph(C)=COMPLETE,msr(A)=COMPLETE,murA_G257D=POINT,parC_S80Y=POINT,sat4=COMPLETE,tet(38)=COMPLETE",,"clindamycin=R,daptomycin=S,erythromycin=R,gentamicin=S,linezolid=S,oxacillin=R,rifampin=S,trimethoprim-sulfamethoxazole=S,vancomycin=S",1
Staphylococcus aureus,,"""645"",""SRS25253635"",""dzd-uci-7988""",,PDT002991780.1,2025-11-20T22:51:16Z,USA: California,sputum,clinical,,,,,SAMN48878660,GCA_053652715.1,"aadD1=COMPLETE,ant(6)-Ia=MISTRANSLATION,aph(3')-IIIa=COMPLETE,blaI=COMPLETE,blaR1=COMPLETE,blaZ=COMPLETE,fosB=COMPLETE,gyrA_S84L=POINT,mecA=COMPLETE,mecR1=PARTIAL,mepA=COMPLETE,mph(C)=COMPLETE,msr(A)=COMPLETE,mupA=COMPLETE,murA_G257D=POINT,parC_S80F=POINT,sat4=COMPLETE,tet(38)=COMPLETE",,"clindamycin=S,erythromycin=R,levofloxacin=R,oxacillin=R,rifampin=S,tetracycline=S,trimethoprim-sulfamethoxazole=S",1
Staphylococcus aureus,AR_0219,"""AR_0219"",""FDA-CDC-AR_0219"",""SRS1739415""",,PDT000326663.2,2018-06-06T11:56:05Z,,,clinical,,PDS000069238.8,11.0,,SAMN04901609,GCA_003193705.1,"aac(6')-Ie/aph(2'')-Ia=COMPLETE,aadD1=COMPLETE,ant(9)-Ia=COMPLETE,bleO=COMPLETE,erm(A)=COMPLETE,erm(A)=MISTRANSLATION,fosB=COMPLETE,glpT_W355STOP=POINT,gyrA_S84L=POINT,mecA=COMPLETE,mecI=COMPLETE,mecR1=COMPLETE,mepA=COMPLETE,parC_S80F=POINT,rpoB_H481Y=POINT,tet(38)=COMPLETE,tet(M)=COMPLETE",,"cefoxitin=R,ceftaroline=S,clindamycin=R,daptomycin=NS,doxycycline=I,erythromycin=R,gentamicin=R,levofloxacin=R,linezolid=S,mupirocin=ND,oxacillin=R,penicillin=R,rifampin=R,tetracycline=R,trimethoprim-sulfamethoxazole=S",1
Staphylococcus aureus,BSN30,"""BSN30"",""SRS20561085"",""Staphylococcus aureus str BSN30""",,PDT002103398.2,2024-05-17T19:26:19Z,"USA: Detroit, MI",blood,clinical,,,,,SAMN38637630,GCA_037046245.2,"fosB=COMPLETE,mecA=COMPLETE,mecR1=PARTIAL,mepA=COMPLETE,murA_G257D=POINT,tet(38)=COMPLETE",,"clindamycin=S,daptomycin=S,erythromycin=S,gentamicin=S,linezolid=S,oxacillin=R,rifampin=S,trimethoprim-sulfamethoxazole=S,vancomycin=S",0
Staphylococcus aureus,BSN144,"""BSN144"",""SRS20598506"",""Staphylococcus aureus str BSN144""",,PDT002178669.1,2024-05-27T05:14:35Z,"USA: Detroit, MI",blood,clinical,,,,,SAMN38637723,GCA_039848555.1,"ant(6)-Ia=MISTRANSLATION,aph(3')-IIIa=COMPLETE,blaI=COMPLETE,blaR1=COMPLETE,blaZ=COMPLETE,erm(C)=COMPLETE,fosB=COMPLETE,gyrA_S84L=POINT,mecA=COMPLETE,mecR1=PARTIAL,mepA=COMPLETE,mph(C)=COMPLETE,msr(A)=COMPLETE,murA_G257D=POINT,parC_S80Y=POINT,sat4=COMPLETE,tet(38)=COMPLETE",,"clindamycin=R,daptomycin=S,erythromycin=R,gentamicin=S,linezolid=S,oxacillin=R,rifampin=S,trimethoprim-sulfamethoxazole=S,vancomycin=S",1
Staphylococcus aureus,,"""BWH_1432_S_aur"",""SRS18550533""",,PDT001845601.3,2024-02-17T23:06:29Z,USA:Boston,Nasal perirectal swab,clinical,,PDS000170496.3,0.0,,SAMN36892924,GCA_031766895.2,"ant(9)-Ia=COMPLETE,blaI=COMPLETE,blaPC1=COMPLETE,blaR1=COMPLETE,erm(A)=COMPLETE,fosB=COMPLETE,glpT_A100V=POINT,glpT_V213I=POINT,mepA=COMPLETE,murA_D278E=POINT,murA_E291D=POINT,tet(38)=COMPLETE",,"ceftaroline=S,ciprofloxacin=S,clindamycin=R,daptomycin=S,erythromycin=R,gentamicin=S,levofloxacin=S,linezolid=S,minocycline=S,moxifloxacin=S,oxacillin=S,rifampin=S,tetracycline=S,tigecycline=S,trimethoprim-sulfamethoxazole=S,vancomycin=S",1
Staphylococcus aureus,,"""PN0158"",""PN0158-S0329"",""SRS11792453""",,PDT001516420.1,2022-12-07T22:44:16Z,Australia: Queensland,Swab eye right,clinical,,,,,SAMN25295969,GCA_026741695.1,"fosB=COMPLETE,mepA=COMPLETE,tet(38)=COMPLETE",,"ciprofloxacin=S,clindamycin=S,erythromycin=R,fusidic acid=S,gentamicin=S,linezolid=S,mupirocin=S,nitrofurantoin=S,oxacillin=S,penicillin=R,rifampin=S,teicoplanin=S,tetracycline=S,vancomycin=S",1
Staphylococcus aureus,BSN49,"""BSN49"",""Staphylococcus aureus str BSN49""",,PDT001842131.1,2023-08-06T03:48:47Z,"USA: Detroit, MI",blood,clinical,,PDS000154993.3,0.0,,SAMN36733046,GCA_030649615.1,"aadD1=COMPLETE,ant(9)-Ia=COMPLETE,blaI=COMPLETE,blaR1=COMPLETE,blaZ=COMPLETE,bleO=COMPLETE,erm(A)=COMPLETE,erm(C)=COMPLETE,fosB=COMPLETE,gyrA_S84L=POINT,mecA=COMPLETE,mecI=COMPLETE,mecR1=COMPLETE,mepA=COMPLETE,mph(C)=COMPLETE,msr(A)=COMPLETE,parC_S80F=POINT,parE_P585S=POINT,tet(38)=COMPLETE",,"clindamycin=R,daptomycin=S,erythromycin=R,gentamicin=S,linezolid=S,oxacillin=R,rifampin=S,trimethoprim-sulfamethoxazole=S,vancomycin=S",1
Staphylococcus aureus,BSN205,"""BSN205"",""SRS20736337"",""Staphylococcus aureus str BSN205""",,PDT002498354.1,2024-11-25T20:51:52Z,"USA: Detroit, MI",blood,clinical,,,,,SAMN38637785,GCA_045288835.1,"aac(6')-Ie/aph(2'')-Ia=COMPLETE,ant(9)-Ia=COMPLETE,blaI=COMPLETE,blaR1=COMPLETE,blaZ=COMPLETE,erm(A)=COMPLETE,fosB=COMPLETE,gyrA_S84L=POINT,mecA=COMPLETE,mecI=COMPLETE,mecR1=COMPLETE,mepA=COMPLETE,mph(C)=COMPLETE,msr(A)=COMPLETE,parC_S80F=POINT,tet(38)=COMPLETE",,"ceftaroline=S,clindamycin=R,daptomycin=S,erythromycin=R,gentamicin=R,linezolid=S,oxacillin=R,rifampin=S,trimethoprim-sulfamethoxazole=S,vancomycin=S",1
Staphylococcus aureus,BSN01,"""BSN01"",""Staphylococcus aureus str BSN01""",,PDT001791593.2,2024-09-16T22:41:13Z,"USA: Detroit, MI",blood,clinical,,,,,SAMN35751024,GCA_030342405.2,"ant(9)-Ia=COMPLETE,blaI=COMPLETE,blaR1=COMPLETE,blaZ=COMPLETE,erm(A)=COMPLETE,glpT_A100V=POINT,mepA=COMPLETE,murA_E291D=POINT,murA_T396N=POINT,tet(38)=COMPLETE",,"clindamycin=R,erythromycin=R,gentamicin=S,oxacillin=S,penicillin=R,rifampin=S,trimethoprim-sulfamethoxazole=S,vancomycin=S",1
Staphylococcus aureus,,"""PN0239"",""PN0239-S0381"",""SRS11792258""",,PDT001516215.1,2022-12-07T22:43:41Z,Australia: Queensland,Swab abscess knee,clinical,,,,,SAMN25296021,GCA_026752275.1,"blaI=COMPLETE,blaI=PARTIAL_END_OF_CONTIG,blaR1=HMM,blaZ=COMPLETE,fosB=COMPLETE,glpT_A100V=POINT,glpT_L27F=POINT,mepA=COMPLETE,murA_E291D=POINT,murA_T396N=POINT,tet(38)=COMPLETE",,"ciprofloxacin=S,clindamycin=S,daptomycin=S,erythromycin=S,fusidic acid=S,gentamicin=S,linezolid=S,mupirocin=S,nitrofurantoin=S,oxacillin=S,penicillin=R,rifampin=S,teicoplanin=S,tetracycline=S,vancomycin=S",0
Staphylococcus aureus,BSN69,"""BSN69"",""SRS20483041"",""Staphylococcus aureus str BSN69""",,PDT002514734.1,2024-12-04T21:36:04Z,"USA: Detroit, MI",blood,clinical,,,,,SAMN38637655,GCA_045689515.1,"ant(6)-Ia=MISTRANSLATION,aph(3')-IIIa=COMPLETE,blaI=COMPLETE,blaR1=COMPLETE,blaZ=COMPLETE,fosB=COMPLETE,mecA=COMPLETE,mecR1=PARTIAL,mepA=COMPLETE,mph(C)=COMPLETE,msr(A)=COMPLETE,murA_G257D=POINT,parC_S80F=POINT,sat4=COMPLETE,tet(38)=COMPLETE",,"clindamycin=S,daptomycin=S,erythromycin=R,gentamicin=S,linezolid=S,oxacillin=R,rifampin=S,trimethoprim-sulfamethoxazole=S,vancomycin=S",1
Staphylococcus aureus,,"""PC0105"",""PC0105d-S0273"",""SRS11792276""",,PDT001516197.1,2022-12-07T22:43:38Z,Australia: Queensland,Swab (Sputum),clinical,,,,,SAMN25295834,GCA_026744265.1,"blaI=COMPLETE,blaR1=COMPLETE,blaZ=COMPLETE,glpT_A100V=POINT,mepA=COMPLETE,murA_E291D=POINT,murA_T396N=POINT,tet(38)=COMPLETE",,"ciprofloxacin=S,clindamycin=S,daptomycin=S,erythromycin=S,fusidic acid=S,gentamicin=S,linezolid=S,mupirocin=S,nitrofurantoin=S,oxacillin=S,penicillin=R,rifampin=S,teicoplanin=S,tetracycline=S,vancomycin=S",0
Staphylococcus aureus,,"""726"",""SRS25253114"",""dzd-uci-8100""",,PDT002991301.1,2025-11-20T22:49:40Z,USA: California,sputum,clinical,,,,,SAMN48878741,GCA_053675935.1,"ant(6)-Ia=MISTRANSLATION,aph(3')-IIIa=COMPLETE,blaI=COMPLETE,blaR1=COMPLETE,blaZ=COMPLETE,fosB=COMPLETE,gyrA_S84L=POINT,mecA=COMPLETE,mecR1=PARTIAL,mepA=COMPLETE,mph(C)=COMPLETE,msr(A)=COMPLETE,murA_G257D=POINT,parC_S80Y=POINT,sat4=COMPLETE,tet(38)=COMPLETE",,"clindamycin=S,erythromycin=R,levofloxacin=R,oxacillin=R,rifampin=S,tetracycline=S,trimethoprim-sulfamethoxazole=S",1
Staphylococcus aureus,,"""PC0094"",""PC0094-S0094"",""SRS11792599""",,PDT001516274.1,2022-12-07T22:43:51Z,Australia: Queensland,sputum,clinical,,PDS000127148.1,10.0,,SAMN25295815,GCA_026740915.1,"aac(6')-Ie/aph(2'')-Ia=COMPLETE,blaI=COMPLETE,blaR1=COMPLETE,blaR1=PARTIAL_END_OF_CONTIG,blaZ=COMPLETE,fosB=COMPLETE,mepA=COMPLETE,tet(38)=COMPLETE",,"ciprofloxacin=S,clindamycin=R,daptomycin=S,erythromycin=R,fusidic acid=S,gentamicin=S,linezolid=S,mupirocin=S,nitrofurantoin=S,oxacillin=S,penicillin=R,rifampin=S,teicoplanin=S,tetracycline=S,vancomycin=S",1
Staphylococcus aureus,,"""PC0037"",""PC0037d-S0254"",""SRS11792489""",,PDT001516384.1,2022-12-07T22:44:09Z,Australia: Queensland,sputum,clinical,,,,,SAMN25295717,GCA_026740575.1,"blaI=COMPLETE,blaZ=COMPLETE,glpT_A100V=POINT,mepA=COMPLETE,murA_E291D=POINT,murA_T396N=POINT,tet(38)=COMPLETE",,"ciprofloxacin=S,clindamycin=S,daptomycin=S,erythromycin=S,fusidic acid=S,gentamicin=S,linezolid=S,mupirocin=S,nitrofurantoin=S,oxacillin=S,penicillin=R,rifampin=S,teicoplanin=S,tetracycline=S,vancomycin=S",0
Staphylococcus aureus,,"""BWH_1525_S_aur"",""SRS18979497""",,PDT001903576.2,2024-02-16T21:25:55Z,USA:Boston,Nasal perirectal swab,clinical,,,,,SAMN37516913,GCA_032121655.2,"blaI=COMPLETE,blaPC1=COMPLETE,blaR1=MISTRANSLATION,fosB=COMPLETE,glpT_A100V=POINT,glpT_V213I=POINT,mepA=COMPLETE,murA_D278E=POINT,murA_E291D=POINT,tet(38)=COMPLETE",,"ceftaroline=S,ciprofloxacin=S,clindamycin=S,daptomycin=S,erythromycin=S,gentamicin=S,levofloxacin=S,linezolid=S,minocycline=S,moxifloxacin=S,oxacillin=S,rifampin=S,tetracycline=S,tigecycline=S,trimethoprim-sulfamethoxazole=S,vancomycin=S",0
Staphylococcus aureus,,"""PC0028"",""PC0028b-S0096"",""SRS11792346""",,PDT001516127.1,2022-12-07T22:43:26Z,Australia: Queensland,sputum,clinical,,PDS000127168.1,7.0,,SAMN25295689,GCA_026745755.1,"blaI=COMPLETE,blaR1=HMM,blaZ=COMPLETE,fosB=COMPLETE,mepA=COMPLETE,tet(38)=COMPLETE",,"ciprofloxacin=S,clindamycin=S,daptomycin=S,erythromycin=S,fusidic acid=S,gentamicin=S,linezolid=S,mupirocin=S,nitrofurantoin=S,oxacillin=S,penicillin=R,rifampin=S,teicoplanin=S,tetracycline=R,vancomycin=S",0
Staphylococcus aureus,BSN103,"""BSN103"",""SRS20598170"",""Staphylococcus aureus str BSN103""",,PDT002514736.1,2024-12-04T21:36:43Z,"USA: Detroit, MI",blood,clinical,,,,,SAMN38637692,GCA_045689535.1,"ant(6)-Ia=PARTIAL,aph(3')-IIIa=COMPLETE,blaI=COMPLETE,blaR1=COMPLETE,blaZ=COMPLETE,fosB=COMPLETE,mepA=COMPLETE,mph(C)=COMPLETE,msr(A)=COMPLETE,sat4=COMPLETE,tet(38)=COMPLETE",,"clindamycin=S,erythromycin=R,gentamicin=S,oxacillin=S,penicillin=R,rifampin=S,trimethoprim-sulfamethoxazole=S,vancomycin=S",1
Staphylococcus aureus,BSN75,"""BSN75"",""SRS20483082"",""Staphylococcus aureus str BSN75""",,PDT002697433.1,2025-04-01T12:20:34Z,"USA: Detroit, MI",blood,clinical,,,,,SAMN38637663,GCA_049200375.1,"aadD1=COMPLETE,ant(6)-Ia=MISTRANSLATION,ant(9)-Ia=COMPLETE,aph(3')-IIIa=COMPLETE,blaI=COMPLETE,blaR1=COMPLETE,blaZ=COMPLETE,bleO=COMPLETE,erm(A)=COMPLETE,fosB=COMPLETE,gyrA_S84L=POINT,mecA=COMPLETE,mecI=COMPLETE,mecR1=COMPLETE,mepA=COMPLETE,mph(C)=COMPLETE,msr(A)=COMPLETE,parC_E84G=POINT,parC_S80Y=POINT,sat4=COMPLETE,tet(38)=COMPLETE",,"clindamycin=R,daptomycin=S,erythromycin=R,gentamicin=S,linezolid=S,oxacillin=R,rifampin=S,trimethoprim-sulfamethoxazole=S,vancomycin=S",1
Staphylococcus aureus,,"""PC0043"",""PC0043a-S0043"",""SRS11792585""",,PDT001516288.1,2022-12-07T22:43:53Z,Australia: Queensland,sputum,clinical,,PDS000127163.1,4.0,,SAMN25295728,GCA_026743445.1,"ant(9)-Ia=COMPLETE,blaI=COMPLETE,blaI=PARTIAL_END_OF_CONTIG,blaZ=COMPLETE,erm(A)=COMPLETE,fosB=COMPLETE,glpT_A100V=POINT,glpT_L27F=POINT,ileS_V588F=POINT,mepA=COMPLETE,murA_E291D=POINT,murA_T396N=POINT,tet(38)=COMPLETE",,"ciprofloxacin=S,clindamycin=R,daptomycin=S,erythromycin=R,fusidic acid=S,gentamicin=S,linezolid=S,mupirocin=R,nitrofurantoin=S,oxacillin=S,penicillin=R,rifampin=S,teicoplanin=S,tetracycline=S,vancomycin=S",1
Staphylococcus aureus,BSN07R,"""BSN07R"",""Staphylococcus aureus str BSN07R""",,PDT001785232.1,2023-06-21T03:22:57Z,"USA: Detroit, MI",blood,clinical,,PDS000126540.16,5.0,,SAMN35723871,GCA_030299555.1,"erm(C)=COMPLETE,fosB=COMPLETE,gyrA_S84L=POINT,mecA=COMPLETE,mecR1=PARTIAL,mepA=COMPLETE,mprF_S295L=POINT,murA_G257D=POINT,parC_S80Y=POINT,tet(38)=COMPLETE",,"ceftaroline=S,clindamycin=R,daptomycin=R,erythromycin=R,gentamicin=S,linezolid=S,oxacillin=R,rifampin=S,trimethoprim-sulfamethoxazole=S,vancomycin=S",1
Staphylococcus aureus,BSN63,"""BSN63"",""Staphylococcus aureus str BSN63""",,PDT002036676.1,2023-12-18T13:57:27Z,"USA: Detroit, MI",blood,clinical,,PDS000093475.4,29.0,,SAMN38351596,GCA_034427615.1,"blaI=COMPLETE,blaR1=COMPLETE,blaZ=COMPLETE,dfrG=COMPLETE,folP_E208K=POINT,folP_F17L=POINT,fosB=COMPLETE,gyrA_S84L=POINT,gyrA_S85P=POINT,mecA=COMPLETE,mecR1=PARTIAL,mepA=COMPLETE,murA_G257D=POINT,parC_S80F=POINT,parE_D432V=POINT,tet(38)=COMPLETE",,"clindamycin=S,daptomycin=S,erythromycin=S,gentamicin=S,linezolid=S,oxacillin=R,rifampin=S,trimethoprim-sulfamethoxazole=S,vancomycin=S",0
Staphylococcus aureus,BSN209,"""BSN209"",""SRS20736336"",""Staphylococcus aureus str BSN209""",,PDT002514740.1,2024-12-04T21:38:00Z,"USA: Detroit, MI",blood,clinical,,,,,SAMN38637789,GCA_045689575.1,"ant(6)-Ia=MISTRANSLATION,aph(3')-IIIa=COMPLETE,blaI=COMPLETE,blaR1=COMPLETE,blaZ=COMPLETE,fosB=COMPLETE,gyrA_S84L=POINT,mecA=COMPLETE,mecR1=PARTIAL,mepA=COMPLETE,mph(C)=COMPLETE,msr(A)=COMPLETE,murA_G257D=POINT,parC_S80Y=POINT,sat4=COMPLETE,tet(38)=COMPLETE",,"clindamycin=S,daptomycin=S,erythromycin=R,gentamicin=S,linezolid=S,oxacillin=R,rifampin=S,trimethoprim-sulfamethoxazole=S,vancomycin=S",1
Staphylococcus aureus,BSN9R,"""BSN9R""",,PDT000567729.2,2019-08-11T11:56:11Z,USA: Detroit,"Tricuspid valve, septal leaflet",clinical,,PDS000068693.2,2.0,,SAMN12476193,GCA_007954465.1,"fosB=COMPLETE,gyrA_S84L=POINT,mecA=COMPLETE,mecR1=PARTIAL,mepA=COMPLETE,mprF_T472K=POINT,murA_G257D=POINT,parC_S80Y=POINT,tet(38)=COMPLETE",,"clindamycin=S,daptomycin=R,erythromycin=R,gentamicin=S,linezolid=S,minocycline=S,oxacillin=R,rifampin=S,tetracycline=S,trimethoprim-sulfamethoxazole=S,vancomycin=S",1
Staphylococcus aureus,,"""PC0014"",""PC0014-S0014"",""SRS11792420""",,PDT001516453.1,2022-12-07T22:44:22Z,Australia: Queensland,sputum,clinical,,,,,SAMN25295657,GCA_026741535.1,"blaI=COMPLETE,blaPC1=COMPLETE,blaR1=PARTIAL_END_OF_CONTIG,fosB=COMPLETE,glpT_A100V=POINT,glpT_V213I=POINT,mepA=COMPLETE,murA_D278E=POINT,murA_E291D=POINT,tet(38)=COMPLETE",,"ciprofloxacin=S,clindamycin=S,daptomycin=S,erythromycin=S,fusidic acid=S,gentamicin=S,linezolid=S,mupirocin=S,nitrofurantoin=S,oxacillin=S,penicillin=R,rifampin=S,teicoplanin=S,tetracycline=S,vancomycin=S",0
Staphylococcus aureus,BSN163,"""BSN163"",""SRS20736288"",""Staphylococcus aureus str BSN163""",,PDT002148270.2,2024-04-27T14:39:58Z,"USA: Detroit, MI",blood,clinical,,,,,SAMN38637743,GCA_038562035.1,"ant(6)-Ia=MISTRANSLATION,aph(3')-IIIa=COMPLETE,blaI=COMPLETE,blaR1=COMPLETE,blaZ=COMPLETE,fosB=COMPLETE,gyrA_S84L=POINT,mecA=COMPLETE,mecR1=PARTIAL,mepA=COMPLETE,mph(C)=COMPLETE,msr(A)=COMPLETE,murA_G257D=POINT,parC_S80Y=POINT,sat4=COMPLETE,tet(38)=COMPLETE",,"clindamycin=S,daptomycin=S,erythromycin=R,gentamicin=S,linezolid=S,oxacillin=R,rifampin=S,trimethoprim-sulfamethoxazole=S,vancomycin=S",1
Staphylococcus aureus,JE2,"""JE2""",,PDT000202873.2,2017-04-11T14:51:06Z,USA:Nebraska,skin and soft tissue,clinical,,PDS000231984.8,0.0,31.0,SAMN06677988,GCA_002085525.1,"fosB=COMPLETE,gyrA_S84L=POINT,mecA=COMPLETE,mecR1=PARTIAL,mepA=COMPLETE,murA_G257D=POINT,parC_S80Y=POINT,tet(38)=COMPLETE",,"amoxicillin-clavulanic acid=R,ampicillin-sulbactam=R,ampicillin=R,cefazolin=R,cefoxitin=R,ceftriaxone=R,ciprofloxacin=R,clindamycin=S,daptomycin=S,erythromycin=S,gentamicin=S,linezolid=S,minocycline=S,nitrofurantoin=S,oxacillin=R,penicillin=R,quinupristin-dalfopristin=S,rifampin=S,tetracycline=S,tigecycline=S,trimethoprim-sulfamethoxazole=S,vancomycin=S",0
Staphylococcus aureus,,"""495"",""SRS25253318"",""dzd-uci-7759""",,PDT002991592.1,2025-11-20T22:50:39Z,USA: California,blood,clinical,,PDS000247541.1,1.0,,SAMN48878510,GCA_053652895.1,"fosB=COMPLETE,gyrA_S84L=POINT,mecA=COMPLETE,mecR1=PARTIAL,mepA=COMPLETE,murA_G257D=POINT,parC_S80F=POINT,tet(38)=COMPLETE",,"clindamycin=S,erythromycin=S,levofloxacin=R,oxacillin=R,rifampin=S,tetracycline=S,trimethoprim-sulfamethoxazole=S",0
Staphylococcus aureus,BSN155-2,"""BSN155-2"",""SRS20736327"",""Staphylococcus aureus str BSN155-2""",,PDT002122861.1,2024-03-24T16:36:02Z,"USA: Detroit, MI",blood,clinical,,PDS000179684.1,20.0,,SAMN38637735,GCA_037482265.1,"ant(6)-Ia=MISTRANSLATION,aph(3')-IIIa=COMPLETE,blaI=COMPLETE,blaR1=COMPLETE,blaZ=COMPLETE,fosB=COMPLETE,mecA=COMPLETE,mecR1=PARTIAL,mepA=COMPLETE,mph(C)=COMPLETE,msr(A)=COMPLETE,murA_G257D=POINT,sat4=COMPLETE,tet(38)=COMPLETE",,"clindamycin=S,daptomycin=S,erythromycin=R,gentamicin=S,linezolid=S,oxacillin=R,rifampin=S,trimethoprim-sulfamethoxazole=S,vancomycin=S",1
Staphylococcus aureus,,"""PC0020"",""PC0020-S0020"",""SRS11792331""",,PDT001516142.1,2022-12-07T22:43:28Z,Australia: Queensland,sputum,clinical,,,,,SAMN25295675,GCA_026745165.1,"blaI=COMPLETE,fosB=COMPLETE,glpT_A100V=POINT,glpT_V213I=POINT,mepA=COMPLETE,murA_D278E=POINT,murA_E291D=POINT,tet(38)=COMPLETE",,"ciprofloxacin=S,clindamycin=S,daptomycin=S,erythromycin=S,fusidic acid=S,gentamicin=S,linezolid=S,mupirocin=S,nitrofurantoin=S,oxacillin=S,penicillin=R,rifampin=S,teicoplanin=S,tetracycline=S,vancomycin=S",0
Staphylococcus aureus,,"""PC0034"",""PC0034b-S0142"",""SRS11792479""",,PDT001516394.1,2022-12-07T22:44:11Z,Australia: Queensland,sputum,clinical,,PDS000127165.1,8.0,,SAMN25295708,GCA_026740475.1,"blaI=COMPLETE,blaR1=MISTRANSLATION,blaZ=COMPLETE,blaZ=PARTIAL_END_OF_CONTIG,fosB=MISTRANSLATION,fosB=PARTIAL,mepA=COMPLETE,tet(38)=COMPLETE",,"ciprofloxacin=S,clindamycin=S,daptomycin=S,erythromycin=S,fusidic acid=S,gentamicin=S,linezolid=S,mupirocin=S,nitrofurantoin=S,oxacillin=S,penicillin=S,rifampin=S,teicoplanin=S,tetracycline=S,vancomycin=S",0
Staphylococcus aureus,BSN189,"""BSN189"",""SRS20736316"",""Staphylococcus aureus str BSN189""",,PDT002174484.1,2024-05-22T20:59:25Z,"USA: Detroit, MI",blood,clinical,,PDS000126540.16,26.0,,SAMN38637769,GCA_039764645.1,"ant(6)-Ia=MISTRANSLATION,aph(3')-IIIa=COMPLETE,blaI=COMPLETE,blaR1=COMPLETE,blaZ=COMPLETE,erm(C)=COMPLETE,fosB=COMPLETE,gyrA_S84L=POINT,mecA=COMPLETE,mecR1=PARTIAL,mepA=COMPLETE,mph(C)=COMPLETE,msr(A)=COMPLETE,murA_G257D=POINT,parC_S80Y=POINT,sat4=COMPLETE,tet(38)=COMPLETE",,"clindamycin=R,daptomycin=S,erythromycin=R,gentamicin=S,linezolid=S,oxacillin=R,rifampin=S,trimethoprim-sulfamethoxazole=S,vancomycin=S",1
Staphylococcus aureus,AR_0467,"""AR_0467"",""SRS3159766""",,PDT000326668.2,2018-06-06T12:06:08Z,,,clinical,,,,,SAMN07291560,GCA_003193885.1,"aadD1=COMPLETE,ant(9)-Ia=COMPLETE,ant(9)-Ia=PARTIAL,blaI=COMPLETE,blaR1=MISTRANSLATION,blaZ=COMPLETE,bleO=COMPLETE,erm(A)=COMPLETE,fosB=COMPLETE,gyrA_S84L=POINT,mecA=COMPLETE,mecI=COMPLETE,mecR1=COMPLETE,mepA=COMPLETE,parC_E84K=POINT,parC_S80F=POINT,tet(38)=COMPLETE",,"cefoxitin=R,ceftaroline=S,clindamycin=R,daptomycin=NS,doxycycline=S,erythromycin=R,gentamicin=S,levofloxacin=R,linezolid=S,mupirocin=ND,oxacillin=S,penicillin=R,rifampin=S,tetracycline=S,trimethoprim-sulfamethoxazole=S,vancomycin=I",1
Staphylococcus aureus,,"""BWH_1476_S_aur"",""SRS18979482""",,PDT001903590.2,2024-02-17T13:16:07Z,USA:Boston,Nasal perirectal swab,clinical,,,,,SAMN37516899,GCA_032121195.2,"ant(9)-Ia=COMPLETE,blaI=COMPLETE,blaPC1=COMPLETE,blaR1=COMPLETE,erm(A)=COMPLETE,fosB=COMPLETE,glpT_A100V=POINT,glpT_V213I=POINT,mepA=COMPLETE,murA_D278E=POINT,murA_E291D=POINT,tet(38)=COMPLETE",,"ceftaroline=S,ciprofloxacin=S,clindamycin=R,daptomycin=S,erythromycin=R,gentamicin=S,levofloxacin=S,linezolid=S,minocycline=S,moxifloxacin=S,oxacillin=S,rifampin=S,tetracycline=S,tigecycline=S,trimethoprim-sulfamethoxazole=S,vancomycin=S",1
Staphylococcus aureus,,"""242"",""SRS25253277"",""dzd-uci-7347""",,PDT002991632.1,2025-11-20T22:50:47Z,USA: California,"CATHETER,PORTA CATH",clinical,,,,,SAMN48878257,GCA_053672195.1,"fosB=COMPLETE,mepA=COMPLETE,murA_G257D=POINT,tet(38)=COMPLETE",,"clindamycin=S,erythromycin=S,levofloxacin=S,oxacillin=S,rifampin=S,tetracycline=S,trimethoprim-sulfamethoxazole=S",0
Staphylococcus aureus,,"""659"",""SRS25253650"",""dzd-uci-8008""",,PDT002991765.1,2025-11-20T22:51:13Z,USA: California,BRONCHIAL WASHING,clinical,,PDS000247550.1,0.0,,SAMN48878674,GCA_053652795.1,"blaI=COMPLETE,blaR1=MISTRANSLATION,blaZ=COMPLETE,fosB=COMPLETE,mepA=COMPLETE,tet(38)=COMPLETE",,"clindamycin=S,erythromycin=S,levofloxacin=S,oxacillin=S,rifampin=S,tetracycline=S,trimethoprim-sulfamethoxazole=S",0
Staphylococcus aureus,,"""PC0032"",""PC0032b-S0297"",""SRS11792471""",,PDT001516402.1,2022-12-07T22:44:13Z,Australia: Queensland,sputum,clinical,,,,,SAMN25295701,GCA_026741815.1,"blaI=COMPLETE,blaR1=COMPLETE,blaZ=COMPLETE,blaZ=PARTIAL_END_OF_CONTIG,mepA=COMPLETE,parC_S80F=POINT,tet(38)=COMPLETE",,"ciprofloxacin=R,clindamycin=S,daptomycin=S,erythromycin=S,fusidic acid=S,gentamicin=S,linezolid=S,mupirocin=S,nitrofurantoin=S,oxacillin=S,penicillin=R,rifampin=S,teicoplanin=S,tetracycline=S,vancomycin=S",0
Staphylococcus aureus,,"""589"",""SRS25253350"",""dzd-uci-7914""",,PDT002991560.1,2025-11-20T22:50:33Z,USA: California,sputum,clinical,,PDS000247555.1,23.0,,SAMN48878604,GCA_053652935.1,"ant(6)-Ia=MISTRANSLATION,aph(3')-IIIa=COMPLETE,blaI=COMPLETE,blaR1=COMPLETE,blaZ=COMPLETE,dfrG=COMPLETE,erm(C)=COMPLETE,fosB=COMPLETE,gyrA_S84L=POINT,mecA=COMPLETE,mecR1=PARTIAL,mepA=COMPLETE,mph(C)=COMPLETE,msr(A)=COMPLETE,murA_G257D=POINT,parC_S80Y=POINT,sat4=COMPLETE,tet(38)=COMPLETE",,"clindamycin=R,erythromycin=R,levofloxacin=R,oxacillin=R,rifampin=S,tetracycline=S,trimethoprim-sulfamethoxazole=R",1
Staphylococcus aureus,BSN211,"""BSN211"",""SRS20736340"",""Staphylococcus aureus str BSN211""",,PDT002498356.1,2024-11-25T20:53:00Z,"USA: Detroit, MI",blood,clinical,,PDS000126540.16,4.0,,SAMN38637791,GCA_045288975.1,"ant(6)-Ia=MISTRANSLATION,aph(3')-IIIa=COMPLETE,blaI=COMPLETE,blaR1=COMPLETE,blaZ=COMPLETE,erm(C)=COMPLETE,fosB=COMPLETE,gyrA_S84L=POINT,mecA=COMPLETE,mecR1=PARTIAL,mepA=COMPLETE,mph(C)=COMPLETE,msr(A)=COMPLETE,murA_G257D=POINT,parC_S80Y=POINT,sat4=COMPLETE,tet(38)=COMPLETE",,"ceftaroline=S,clindamycin=R,daptomycin=S,erythromycin=R,gentamicin=S,linezolid=S,oxacillin=R,rifampin=S,trimethoprim-sulfamethoxazole=S,vancomycin=S",1
Staphylococcus aureus,,"""265"",""SRS25253201"",""dzd-uci-7396""",,PDT002991218.1,2025-11-20T22:49:23Z,USA: California,LESION,clinical,,PDS000247568.1,0.0,,SAMN48878280,GCA_053677075.1,"aac(6')-Ie/aph(2'')-Ia=COMPLETE,aadD1=COMPLETE,blaI=COMPLETE,blaPC1=COMPLETE,blaR1=COMPLETE,erm(C)=COMPLETE,glpT_A100V=POINT,gyrA_S84L=POINT,mecA=COMPLETE,mepA=COMPLETE,mupA=COMPLETE,murA_E291D=POINT,murA_T396N=POINT,parC_S80F=POINT,parE_D432N=POINT,tet(38)=COMPLETE,tet(K)=COMPLETE",,"clindamycin=R,erythromycin=R,levofloxacin=R,oxacillin=R,rifampin=S,tetracycline=R,trimethoprim-sulfamethoxazole=S",1
Staphylococcus aureus,BSN46-2,"""BSN46-2"",""SRS25348660"",""Staphylococcus aureus str BSN46-2""",,PDT002138414.1,2024-04-14T18:00:26Z,"USA: Detroit, MI",blood,clinical,,PDS000180828.1,4.0,,SAMN38637636,GCA_038096315.1,"ant(6)-Ia=MISTRANSLATION,aph(3')-IIIa=COMPLETE,blaI=COMPLETE,blaR1=COMPLETE,blaZ=COMPLETE,fosB=COMPLETE,mecA=COMPLETE,mecR1=PARTIAL,mepA=COMPLETE,mph(C)=COMPLETE,msr(A)=COMPLETE,murA_G257D=POINT,sat4=COMPLETE,tet(38)=COMPLETE",,"clindamycin=S,daptomycin=S,erythromycin=R,gentamicin=S,linezolid=S,oxacillin=R,rifampin=S,trimethoprim-sulfamethoxazole=S,vancomycin=S",1
Staphylococcus aureus,,"""PN0251"",""PN0251-S0394"",""SRS11792266""",,PDT001516207.1,2022-12-07T22:43:39Z,Australia: Queensland,Sputum CF,clinical,,PDS000127141.1,7.0,,SAMN25296028,GCA_026744115.1,"aac(6')-Ie/aph(2'')-Ia=COMPLETE,aadD1=COMPLETE,blaI=COMPLETE,blaR1=COMPLETE,blaZ=COMPLETE,blaZ=PARTIAL_END_OF_CONTIG,fosB=COMPLETE,mepA=COMPLETE,mupA=COMPLETE,parC_E84G=POINT,tet(38)=COMPLETE",,"ciprofloxacin=S,clindamycin=S,daptomycin=S,erythromycin=R,fusidic acid=S,gentamicin=R,linezolid=S,mupirocin=R,nitrofurantoin=S,oxacillin=S,penicillin=R,rifampin=S,teicoplanin=S,tetracycline=S,vancomycin=S",1
Staphylococcus aureus,,"""PC0037"",""PC0037b-S0075"",""SRS11792487""",,PDT001516386.1,2022-12-07T22:44:10Z,Australia: Queensland,sputum,clinical,,PDS000127226.1,8.0,,SAMN25295715,GCA_026741895.1,"blaI=COMPLETE,blaR1=COMPLETE,blaZ=COMPLETE,blaZ=PARTIAL_END_OF_CONTIG,fosB=COMPLETE,mepA=COMPLETE,tet(38)=COMPLETE",,"ciprofloxacin=S,clindamycin=S,daptomycin=S,erythromycin=S,fusidic acid=S,gentamicin=S,linezolid=S,mupirocin=S,nitrofurantoin=S,oxacillin=S,penicillin=R,rifampin=S,teicoplanin=S,tetracycline=S,vancomycin=S",0
Staphylococcus aureus,,"""671"",""SRS25253370"",""dzd-uci-8026""",,PDT002991542.1,2025-11-20T22:50:29Z,USA: California,blood,clinical,,,,,SAMN48878686,GCA_053651715.1,"aac(6')-Ie/aph(2'')-Ia=COMPLETE,ant(9)-Ia=COMPLETE,blaI=COMPLETE,blaR1=COMPLETE,blaZ=COMPLETE,erm(A)=COMPLETE,fosB=COMPLETE,fosY=COMPLETE,gyrA_S84L=POINT,gyrA_S85P=POINT,mepA=COMPLETE,parC_E84G=POINT,parC_S80Y=POINT,tet(38)=COMPLETE",,"erythromycin=R,levofloxacin=R,oxacillin=S,rifampin=S,tetracycline=S,trimethoprim-sulfamethoxazole=S",1
Staphylococcus aureus,,"""PC0026"",""PC0026-S0026"",""SRS11792341""",,PDT001516132.1,2022-12-07T22:43:27Z,Australia: Queensland,sputum,clinical,,,,,SAMN25295684,GCA_026745295.1,"fosB=COMPLETE,mepA=COMPLETE,tet(38)=COMPLETE",,"ciprofloxacin=S,clindamycin=S,daptomycin=S,erythromycin=S,fusidic acid=S,gentamicin=S,linezolid=S,mupirocin=S,nitrofurantoin=S,oxacillin=S,penicillin=R,rifampin=S,teicoplanin=S,tetracycline=S,vancomycin=S",0
Staphylococcus aureus,,"""BWH_1217_S_aur"",""SRS18432525""",,PDT001830500.3,2024-02-17T23:06:28Z,USA:Boston,Nasal perirectal swab,clinical,,PDS000126315.6,4.0,,SAMN36726699,GCA_031776615.2,"blaI=COMPLETE,blaR1=HMM,blaZ=COMPLETE,erm(T)=COMPLETE,glpT_A100V=POINT,glpT_F3I=POINT,mepA=COMPLETE,murA_D278E=POINT,murA_E291D=POINT,tet(38)=COMPLETE",,"ceftaroline=S,ciprofloxacin=S,clindamycin=R,daptomycin=S,erythromycin=R,gentamicin=S,levofloxacin=S,linezolid=S,minocycline=S,moxifloxacin=S,oxacillin=S,rifampin=S,tetracycline=S,tigecycline=S,trimethoprim-sulfamethoxazole=S,vancomycin=S",1
Staphylococcus aureus,BSN102,"""BSN102"",""SRS20598157"",""Staphylococcus aureus str BSN102""",,PDT002117605.1,2024-03-18T15:01:34Z,"USA: Detroit, MI",blood,clinical,,PDS000179082.1,1.0,,SAMN38637690,GCA_037217515.1,"ant(6)-Ia=MISTRANSLATION,aph(3')-IIIa=COMPLETE,blaI=COMPLETE,blaR1=COMPLETE,blaZ=COMPLETE,fosB=COMPLETE,mecA=COMPLETE,mecR1=PARTIAL,mepA=COMPLETE,mph(C)=COMPLETE,msr(A)=COMPLETE,murA_G257D=POINT,parC_S80Y=POINT,sat4=COMPLETE,tet(38)=COMPLETE",,"clindamycin=S,daptomycin=S,erythromycin=R,gentamicin=S,linezolid=S,oxacillin=R,rifampin=S,trimethoprim-sulfamethoxazole=S,vancomycin=S",1
Staphylococcus aureus,,"""BWH_1191_S_aur"",""SRS18433917""",,PDT001831075.2,2024-02-18T08:07:30Z,USA:Boston,Nasal perirectal swab,clinical,,,,,SAMN36729195,GCA_032328035.2,"blaI=COMPLETE,blaPC1=COMPLETE,blaR1=COMPLETE,fosB=COMPLETE,glpT_A100V=POINT,glpT_V213I=POINT,mepA=COMPLETE,murA_D278E=POINT,murA_E291D=POINT,tet(38)=COMPLETE",,"ceftaroline=S,ciprofloxacin=S,clindamycin=S,daptomycin=S,erythromycin=S,gentamicin=S,levofloxacin=S,linezolid=S,minocycline=S,moxifloxacin=S,oxacillin=S,rifampin=S,tetracycline=S,tigecycline=S,trimethoprim-sulfamethoxazole=S,vancomycin=S",0
Staphylococcus aureus,,"""BWH_1005_S_aur"",""SRS18432614""",,PDT001830682.2,2024-02-19T17:04:23Z,USA:Boston,Nasal perirectal swab,clinical,,,,,SAMN36727282,GCA_032333275.2,"blaI=COMPLETE,blaR1=HMM,blaZ=COMPLETE,erm(T)=COMPLETE,glpT_A100V=POINT,glpT_F3I=POINT,mepA=COMPLETE,murA_D278E=POINT,murA_E291D=POINT,tet(38)=COMPLETE",,"ceftaroline=S,ciprofloxacin=S,clindamycin=R,daptomycin=S,erythromycin=R,gentamicin=S,levofloxacin=S,linezolid=S,minocycline=S,moxifloxacin=S,oxacillin=S,rifampin=S,tetracycline=S,tigecycline=S,trimethoprim-sulfamethoxazole=S,vancomycin=S",1
Staphylococcus aureus,,"""261"",""SRS25253197"",""dzd-uci-7389""",,PDT002991222.1,2025-11-20T22:49:24Z,USA: California,DRAINAGE,clinical,,,,,SAMN48878276,GCA_053677015.1,"ant(6)-Ia=MISTRANSLATION,aph(3')-IIIa=COMPLETE,blaI=COMPLETE,blaR1=COMPLETE,blaZ=COMPLETE,fosB=COMPLETE,gyrA_S84L=POINT,mecA=COMPLETE,mecR1=PARTIAL,mepA=COMPLETE,mph(C)=COMPLETE,msr(A)=COMPLETE,murA_G257D=POINT,parC_S80Y=POINT,sat4=COMPLETE,tet(38)=COMPLETE",,"clindamycin=S,erythromycin=R,levofloxacin=R,oxacillin=R,rifampin=S,tetracycline=S,trimethoprim-sulfamethoxazole=S",1
Staphylococcus aureus,BSN197,"""BSN197"",""SRS20736330"",""Staphylococcus aureus str BSN197""",,PDT002157243.1,2024-05-06T21:26:24Z,"USA: Detroit, MI",blood,clinical,,,,,SAMN38637777,GCA_039531605.1,"ant(6)-Ia=MISTRANSLATION,aph(3')-IIIa=COMPLETE,blaI=COMPLETE,blaR1=COMPLETE,blaZ=COMPLETE,fosB=COMPLETE,gyrA_S84L=POINT,mecA=COMPLETE,mecR1=PARTIAL,mepA=COMPLETE,mph(C)=COMPLETE,msr(A)=COMPLETE,murA_G257D=POINT,parC_S80Y=POINT,tet(38)=COMPLETE",,"clindamycin=S,daptomycin=S,erythromycin=R,gentamicin=S,linezolid=S,oxacillin=R,rifampin=S,trimethoprim-sulfamethoxazole=S,vancomycin=S",1
Staphylococcus aureus,,"""BWH_1628_S_aur"",""SRS19518844""",,PDT001986235.1,2023-11-15T22:56:34Z,USA:Boston,Nasal perirectal swab,clinical,,,,,SAMN38228844,GCA_033726675.1,"glpT_A100V=POINT,mepA=COMPLETE,murA_E291D=POINT,murA_T396N=POINT,tet(38)=COMPLETE",,"ceftaroline=S,ciprofloxacin=S,clindamycin=S,daptomycin=S,erythromycin=S,gentamicin=S,levofloxacin=S,linezolid=S,minocycline=S,moxifloxacin=S,oxacillin=S,rifampin=S,tetracycline=S,tigecycline=S,trimethoprim-sulfamethoxazole=S,vancomycin=S",0
Staphylococcus aureus,,"""524"",""SRS25253781"",""dzd-uci-7813""",,PDT002992067.1,2025-11-20T22:52:14Z,USA: California,"SPUTUM, TRACHEAL ASPIRATE/SUCTION",clinical,,PDS000247553.1,3.0,,SAMN48878539,GCA_053663025.1,"aac(6')-Ie/aph(2'')-Ia=COMPLETE,blaI=COMPLETE,blaR1=HMM,blaZ=COMPLETE,erm(T)=COMPLETE,glpT_A100V=POINT,glpT_F3I=POINT,mepA=COMPLETE,murA_D278E=POINT,murA_E291D=POINT,tet(38)=COMPLETE",,"erythromycin=R,levofloxacin=S,oxacillin=S,rifampin=S,tetracycline=S,trimethoprim-sulfamethoxazole=S",1
Staphylococcus aureus,,"""BWH_1627_S_aur"",""SRS19518870""",,PDT001986213.2,2023-12-20T11:56:06Z,USA:Boston,Nasal perirectal swab,clinical,,PDS000170489.1,1.0,,SAMN38228814,GCA_034512555.1,"ant(6)-Ia=MISTRANSLATION,aph(3')-IIIa=COMPLETE,blaI=COMPLETE,blaR1=COMPLETE,blaZ=COMPLETE,fosB=COMPLETE,mecA=COMPLETE,mecR1=PARTIAL,mepA=COMPLETE,mph(C)=COMPLETE,msr(A)=COMPLETE,murA_G257D=POINT,sat4=COMPLETE,tet(38)=COMPLETE",,"ceftaroline=S,ciprofloxacin=S,clindamycin=S,daptomycin=S,erythromycin=R,gentamicin=S,levofloxacin=S,linezolid=S,minocycline=S,moxifloxacin=S,oxacillin=R,rifampin=S,tetracycline=S,tigecycline=S,trimethoprim-sulfamethoxazole=S,vancomycin=S",1
Staphylococcus aureus,BSN126,"""BSN126"",""SRS20598504"",""Staphylococcus aureus str BSN126""",,PDT002143989.1,2024-04-21T13:40:58Z,"USA: Detroit, MI",blood,clinical,,,,,SAMN38637704,GCA_038396895.1,"aadD1=COMPLETE,abc-f=HMM,ant(9)-Ia=COMPLETE,blaI=COMPLETE,blaR1=COMPLETE,blaZ=COMPLETE,bleO=COMPLETE,erm(A)=COMPLETE,fosB=COMPLETE,gyrA_S84L=POINT,gyrA_S85P=POINT,mecA=COMPLETE,mecI=COMPLETE,mecR1=COMPLETE,mepA=COMPLETE,mph(C)=COMPLETE,msr(A)=COMPLETE,mupA=COMPLETE,parC_E84G=POINT,parC_S80Y=POINT,tet(38)=COMPLETE",,"clindamycin=R,daptomycin=S,erythromycin=R,gentamicin=S,linezolid=S,oxacillin=R,rifampin=S,trimethoprim-sulfamethoxazole=S,vancomycin=S",1
Staphylococcus aureus,SCAID WND1-2021 (598),"""SCAID WND1-2021 (598)"",""SRS9980278"",""Staphylococcus aureus SCAID WND1-2021""",,PDT001128124.1,2021-09-09T11:57:07Z,Kazakhstan: Almaty,Swab from Wound,clinical,,,,,SAMN20982455,GCA_019915425.1,"blaI=COMPLETE,blaPC1=COMPLETE,blaR1=COMPLETE,fosB=COMPLETE,glpT_A100V=POINT,glpT_V213I=POINT,mepA=COMPLETE,murA_D278E=POINT,murA_E291D=POINT,tet(38)=COMPLETE",,"amikacin=S,amoxicillin=R,ampicillin=R,azithromycin=S,carbenicillin=S,cefazolin=S,ceftriaxone=S,erythromycin=S,gentamicin=S,imipenem=S,meropenem=S,oxacillin=S,tobramycin=S",0
Staphylococcus aureus,FDAARGOS_5,"""FDA:FDAARGOS_5"",""FDAARGOS_5"",""SRS583682""",,PDT000025954.4,2018-03-02T18:17:05Z,USA,human,clinical,,PDS000068733.13,1.0,,SAMN02700075,GCA_000626615.3,"folP_E208K=POINT,folP_T51M=POINT,fosB=COMPLETE,mecA=COMPLETE,mecR1=PARTIAL,mepA=COMPLETE,tet(38)=COMPLETE",,"ciprofloxacin=S,clindamycin=S,dicloxacillin=R,erythromycin=S,gentamicin=S,linezolid=S,penicillin=R,quinupristin-dalfopristin=S,teicoplanin=S,tetracycline=R,trimethoprim-sulfamethoxazole=S,vancomycin=S",0
Staphylococcus aureus,,"""BWH_564_S_aur"",""SRS15307137""",,PDT001440624.2,2024-02-19T17:04:17Z,USA:Boston,Nasal-perirectal swab,clinical,,,,,SAMN31137375,GCA_025539815.2,"ant(9)-Ia=COMPLETE,blaI=COMPLETE,blaPC1=COMPLETE,blaR1=COMPLETE,erm(A)=COMPLETE,fosB=COMPLETE,glpT_A100V=POINT,glpT_V213I=POINT,mepA=COMPLETE,murA_D278E=POINT,murA_E291D=POINT,tet(38)=COMPLETE",,"ceftaroline=S,chloramphenicol=I,daptomycin=S,erythromycin=R,gentamicin=S,levofloxacin=S,linezolid=S,oxacillin=S,rifampin=S,tetracycline=S,trimethoprim-sulfamethoxazole=S,vancomycin=S",1
Staphylococcus aureus,,"""764"",""SRS25253401"",""dzd-uci-8167""",,PDT002991511.1,2025-11-20T22:50:23Z,USA: California,LESION,clinical,,,,,SAMN48878779,GCA_053673395.1,"aac(6')-Ie/aph(2'')-Ia=COMPLETE,blaI=COMPLETE,blaR1=HMM,blaZ=COMPLETE,mepA=COMPLETE,tet(38)=COMPLETE",,"clindamycin=S,erythromycin=S,levofloxacin=S,oxacillin=S,rifampin=S,tetracycline=S,trimethoprim-sulfamethoxazole=S",0
Staphylococcus aureus,,"""PC0033"",""PC0033c-S0265"",""SRS11792476""",,PDT001516397.1,2022-12-07T22:44:12Z,Australia: Queensland,sputum,clinical,,PDS000127166.1,4.0,,SAMN25295705,GCA_026742575.1,"blaR1=COMPLETE,blaZ=COMPLETE,blaZ=PARTIAL_END_OF_CONTIG,fosB=PARTIAL,mepA=COMPLETE,tet(38)=COMPLETE",,"erythromycin=S,gentamicin=S,nitrofurantoin=S,oxacillin=S,penicillin=S",0
Staphylococcus aureus,,"""PN0235"",""PN0235-S0376"",""SRS11792655""",,PDT001516116.1,2022-12-07T22:43:24Z,Australia: Queensland,swab,clinical,,PDS000127135.1,1.0,,SAMN25296017,GCA_026745975.1,"blaI=COMPLETE,blaR1=HMM,blaZ=COMPLETE,fosB=COMPLETE,glpT_A100V=POINT,glpT_L27F=POINT,mepA=COMPLETE,murA_E291D=POINT,murA_T396N=POINT,tet(38)=COMPLETE",,"ciprofloxacin=S,clindamycin=S,daptomycin=S,erythromycin=S,fusidic acid=S,gentamicin=S,linezolid=S,mupirocin=S,nitrofurantoin=S,oxacillin=S,penicillin=R,rifampin=S,teicoplanin=S,tetracycline=S,vancomycin=S",0
Staphylococcus aureus,,"""139"",""SRS25252965"",""dzd-uci-7179""",,PDT002991440.1,2025-11-20T22:50:07Z,USA: California,blood,clinical,,PDS000247564.1,0.0,,SAMN48878154,GCA_053649955.1,"blaI=COMPLETE,blaR1=HMM,blaZ=COMPLETE,fosB=COMPLETE,mepA=COMPLETE,tet(38)=COMPLETE",,"clindamycin=S,erythromycin=S,levofloxacin=S,oxacillin=S,rifampin=S,tetracycline=S,trimethoprim-sulfamethoxazole=S",0
Staphylococcus aureus,,"""PN0194"",""PN0194-S0348"",""SRS11792558""",,PDT001516315.1,2022-12-07T22:43:58Z,Australia: Queensland,Swab cellulitis periorbital,clinical,,PDS000133861.9,14.0,,SAMN25295988,GCA_026742895.1,"bla=HMM,blaI=COMPLETE,blaZ=COMPLETE,dfrG=COMPLETE,fosB=COMPLETE,mecA=COMPLETE,mecR1=PARTIAL,mepA=COMPLETE,tet(38)=COMPLETE",,"ciprofloxacin=S,clindamycin=S,daptomycin=S,erythromycin=S,fusidic acid=S,gentamicin=S,linezolid=S,mupirocin=S,nitrofurantoin=S,oxacillin=S,penicillin=R,rifampin=S,teicoplanin=S,tetracycline=S,vancomycin=S",0
Staphylococcus aureus,,"""BWH_1754_S_aur"",""SRS20473107""",,PDT002080302.1,2024-02-16T01:09:47Z,USA:Boston,Nasal perirectal swab,clinical,,,,,SAMN39956420,GCA_036631745.1,"blaI=COMPLETE,blaR1=HMM,blaZ=COMPLETE,erm(T)=COMPLETE,glpT_A100V=POINT,glpT_F3I=POINT,mepA=COMPLETE,murA_D278E=POINT,murA_E291D=POINT,tet(38)=COMPLETE",,"ceftaroline=S,ciprofloxacin=S,clindamycin=R,daptomycin=S,erythromycin=R,gentamicin=S,levofloxacin=S,linezolid=S,minocycline=S,moxifloxacin=S,oxacillin=S,rifampin=S,tetracycline=S,tigecycline=S,trimethoprim-sulfamethoxazole=S,vancomycin=S",1
Staphylococcus aureus,,"""PC0271"",""PC0271-S0271"",""SRS11792321""",,PDT001516152.1,2022-12-07T22:43:30Z,Australia: Queensland,sputum,clinical,,,,,SAMN25295951,GCA_026744995.1,"fosB=PARTIAL,mepA=COMPLETE,tet(38)=COMPLETE",,"ciprofloxacin=S,clindamycin=S,daptomycin=S,erythromycin=S,fusidic acid=S,gentamicin=S,linezolid=S,mupirocin=S,nitrofurantoin=S,oxacillin=S,penicillin=S,rifampin=S,teicoplanin=S,tetracycline=S,vancomycin=S",0
Staphylococcus aureus,,"""BWH_1262_S_aur"",""SRS18433855""",,PDT001830806.2,2024-02-07T17:09:24Z,USA:Boston,Nasal perirectal swab,clinical,,,,,SAMN36728936,GCA_032331695.2,"aadD1=COMPLETE,ant(6)-Ia=PARTIAL,aph(3')-IIIa=COMPLETE,blaI=COMPLETE,blaR1=HMM,blaZ=COMPLETE,bleO=COMPLETE,fosB=COMPLETE,mecA=COMPLETE,mecR1=PARTIAL,mepA=COMPLETE,mph(C)=COMPLETE,msr(A)=COMPLETE,sat4=COMPLETE,tet(38)=COMPLETE,tet(K)=COMPLETE",,"ceftaroline=S,ciprofloxacin=S,clindamycin=S,daptomycin=S,erythromycin=R,gentamicin=S,levofloxacin=S,linezolid=S,minocycline=S,moxifloxacin=S,oxacillin=R,rifampin=S,tetracycline=R,tigecycline=S,trimethoprim-sulfamethoxazole=S,vancomycin=S",1
Staphylococcus aureus,,"""PC0105"",""PC0105a-S0105"",""SRS11792616""",,PDT001516257.1,2022-12-07T22:43:48Z,Australia: Queensland,Swab (Sputum),clinical,,,,,SAMN25295831,GCA_026741015.1,"glpT_A100V=POINT,mepA=COMPLETE,murA_E291D=POINT,murA_T396N=POINT,tet(38)=COMPLETE",,"ciprofloxacin=S,clindamycin=S,daptomycin=S,erythromycin=S,fusidic acid=S,gentamicin=S,linezolid=S,mupirocin=S,nitrofurantoin=S,oxacillin=S,penicillin=S,rifampin=S,teicoplanin=S,tetracycline=S,vancomycin=S",0
Staphylococcus aureus,,"""PC0087"",""PC0087-S0295"",""SRS11792520""",,PDT001516353.1,2022-12-07T22:44:04Z,Australia: Queensland,Swab (Sputum),clinical,,,,,SAMN25295803,GCA_026740635.1,"blaI=COMPLETE,blaR1=COMPLETE,blaZ=COMPLETE,blaZ=PARTIAL_END_OF_CONTIG,mepA=COMPLETE,tet(38)=COMPLETE",,"ciprofloxacin=S,clindamycin=S,daptomycin=S,erythromycin=S,fusidic acid=S,gentamicin=S,linezolid=S,mupirocin=S,nitrofurantoin=S,oxacillin=S,penicillin=R,rifampin=S,teicoplanin=S,tetracycline=S,vancomycin=S",0
Staphylococcus aureus,BSN98,"""BSN98"",""SRS20485601"",""Staphylococcus aureus str BSN98""",,PDT002216045.1,2024-06-18T13:06:34Z,"USA: Detroit, MI",blood,clinical,,,,,SAMN38637686,GCA_040234425.1,"ant(9)-Ia=PARTIAL,blaI=COMPLETE,blaPC1=COMPLETE,blaR1=COMPLETE,erm(A)=COMPLETE,fosB=COMPLETE,glpT_A100V=POINT,glpT_V213I=POINT,mepA=COMPLETE,murA_D278E=POINT,murA_E291D=POINT,tet(38)=COMPLETE",,"clindamycin=R,erythromycin=R,gentamicin=S,oxacillin=S,penicillin=R,rifampin=S,trimethoprim-sulfamethoxazole=S,vancomycin=S",1
Staphylococcus aureus,,"""PC0222"",""PC0222b-S0262"",""SRS11792645""",,PDT001516228.1,2022-12-07T22:43:43Z,Australia: Queensland,sputum,clinical,,,,,SAMN25295933,GCA_026745675.1,"blaI=COMPLETE,blaI=PARTIAL_END_OF_CONTIG,blaR1=PARTIAL_END_OF_CONTIG,blaZ=COMPLETE,glpT_A100V=POINT,mepA=COMPLETE,murA_E291D=POINT,murA_T396N=POINT,tet(38)=COMPLETE",,"ciprofloxacin=S,clindamycin=S,daptomycin=S,erythromycin=S,fusidic acid=S,gentamicin=S,linezolid=S,mupirocin=S,nitrofurantoin=S,oxacillin=S,penicillin=R,rifampin=S,teicoplanin=S,tetracycline=S,vancomycin=S",0
Staphylococcus aureus,,"""BWH_1546_S_aur"",""SRS19518825""",,PDT002035947.1,2023-12-20T11:56:03Z,USA:Boston,Nasal perirectal swab,clinical,,PDS000155342.6,1.0,,SAMN38228827,GCA_034497785.1,"erm(C)=COMPLETE,fosB=COMPLETE,mepA=COMPLETE,tet(38)=COMPLETE",,"ceftaroline=S,ciprofloxacin=S,clindamycin=R,daptomycin=S,erythromycin=R,gentamicin=S,levofloxacin=S,linezolid=S,minocycline=S,moxifloxacin=S,oxacillin=S,rifampin=S,tetracycline=S,tigecycline=S,trimethoprim-sulfamethoxazole=S,vancomycin=S",1
Staphylococcus aureus,,"""127"",""SRS25252952"",""dzd-uci-7160""",,PDT002991453.1,2025-11-20T22:50:10Z,USA: California,"URINE, STRAIGHT CATH",clinical,,,,,SAMN48878142,GCA_053674115.1,"blaI=COMPLETE,blaR1=COMPLETE,blaZ=COMPLETE,blaZ=PARTIAL_END_OF_CONTIG,fosB=COMPLETE,mepA=COMPLETE,tet(38)=COMPLETE",,"clindamycin=S,erythromycin=S,levofloxacin=S,oxacillin=S,rifampin=S,tetracycline=S,trimethoprim-sulfamethoxazole=S",0
Staphylococcus aureus,,"""BWH_1753_S_aur"",""SRS20473419""",,PDT002080322.1,2024-02-16T03:08:08Z,USA:Boston,Nasal perirectal swab,clinical,,PDS000155342.6,1.0,,SAMN39956419,GCA_036668535.1,"erm(C)=COMPLETE,fosB=COMPLETE,mepA=COMPLETE,tet(38)=COMPLETE",,"ceftaroline=S,ciprofloxacin=S,clindamycin=R,daptomycin=S,erythromycin=R,gentamicin=S,levofloxacin=S,linezolid=S,minocycline=S,moxifloxacin=S,oxacillin=S,rifampin=S,tetracycline=S,tigecycline=S,trimethoprim-sulfamethoxazole=S,vancomycin=S",1
Staphylococcus aureus,BSN184,"""BSN184"",""SRS20736310"",""Staphylococcus aureus str BSN184""",,PDT002147739.1,2024-04-25T05:05:14Z,"USA: Detroit, MI",blood,clinical,,,,,SAMN38637764,GCA_038449135.1,"ant(9)-Ia=COMPLETE,blaI=COMPLETE,blaPC1=COMPLETE,blaR1=MISTRANSLATION,erm(A)=COMPLETE,fosB=COMPLETE,glpT_A100V=POINT,glpT_V213I=POINT,mepA=COMPLETE,murA_D278E=POINT,murA_E291D=POINT,tet(38)=COMPLETE",,"clindamycin=R,erythromycin=R,gentamicin=S,oxacillin=S,penicillin=R,rifampin=S,trimethoprim-sulfamethoxazole=S,vancomycin=S",1
Staphylococcus aureus,,"""PC0025"",""PC0025b-S0281"",""SRS11792339""",,PDT001516134.1,2022-12-07T22:43:27Z,Australia: Queensland,sputum,clinical,,PDS000127170.1,13.0,,SAMN25295683,GCA_026745285.1,"blaI=COMPLETE,blaR1=COMPLETE,blaZ=COMPLETE,fosB=PARTIAL,mepA=COMPLETE,tet(38)=COMPLETE",,"ciprofloxacin=S,clindamycin=S,daptomycin=S,erythromycin=S,fusidic acid=S,gentamicin=S,linezolid=S,mupirocin=S,nitrofurantoin=S,oxacillin=S,penicillin=R,rifampin=S,teicoplanin=S,tetracycline=S,vancomycin=S",0
Staphylococcus aureus,,"""BWH_820_S_aur"",""SRS18433636""",,PDT001831009.2,2024-02-18T08:07:30Z,USA:Boston,Nasal specimen,clinical,,,,,SAMN36729004,GCA_032328915.2,"glpT_A100V=POINT,mepA=COMPLETE,murA_E291D=POINT,murA_T396N=POINT,tet(38)=COMPLETE",,"ceftaroline=S,ciprofloxacin=S,clindamycin=S,daptomycin=S,erythromycin=S,gentamicin=S,levofloxacin=S,linezolid=S,minocycline=S,moxifloxacin=S,oxacillin=S,rifampin=S,tetracycline=S,tigecycline=S,trimethoprim-sulfamethoxazole=S,vancomycin=S",0
Staphylococcus aureus,,"""PN0230"",""PN0230-S0372"",""SRS11792650""",,PDT001516223.1,2022-12-07T22:43:42Z,Australia: Queensland,swab,clinical,,,,,SAMN25296013,GCA_026743885.1,"blaI=COMPLETE,blaPC1=COMPLETE,blaR1=COMPLETE,fosB=COMPLETE,glpT_A100V=POINT,glpT_V213I=POINT,mepA=COMPLETE,murA_D278E=POINT,murA_E291D=POINT,tet(38)=COMPLETE",,"ciprofloxacin=S,clindamycin=S,erythromycin=S,fusidic acid=S,gentamicin=S,linezolid=S,mupirocin=S,nitrofurantoin=S,oxacillin=S,penicillin=R,rifampin=S,teicoplanin=S,tetracycline=S,vancomycin=S",0
Staphylococcus aureus,,"""PN0191"",""PN0191-S0347"",""SRS11792557""",,PDT001516316.1,2022-12-07T22:43:58Z,Australia: Queensland,Swab left lear,clinical,,,,,SAMN25295987,GCA_026740755.1,"blaI=COMPLETE,blaZ=COMPLETE,fosB=COMPLETE,mepA=COMPLETE,tet(38)=COMPLETE",,"ciprofloxacin=S,clindamycin=R,daptomycin=S,erythromycin=R,fusidic acid=S,gentamicin=S,linezolid=S,mupirocin=S,nitrofurantoin=S,oxacillin=S,penicillin=R,rifampin=S,teicoplanin=S,tetracycline=S,vancomycin=S",1
Staphylococcus aureus,,"""70"",""SRS25253834"",""dzd-uci-7057""",,PDT002992017.1,2025-11-20T22:52:04Z,USA: California,aspirate,clinical,,,,,SAMN48878085,GCA_053670815.1,"ant(6)-Ia=MISTRANSLATION,aph(3')-IIIa=COMPLETE,blaI=COMPLETE,blaR1=COMPLETE,blaZ=COMPLETE,fosB=COMPLETE,gyrA_S84L=POINT,mecA=COMPLETE,mecR1=PARTIAL,mepA=COMPLETE,mph(C)=COMPLETE,msr(A)=COMPLETE,murA_G257D=POINT,parC_S80Y=POINT,tet(38)=COMPLETE",,"clindamycin=S,erythromycin=R,levofloxacin=R,oxacillin=R,rifampin=S,tetracycline=S,trimethoprim-sulfamethoxazole=S",1
Staphylococcus aureus,,"""PN0188"",""PN0188b-S0378"",""SRS11792555""",,PDT001516318.1,2022-12-07T22:43:58Z,Australia: Queensland,"Swab ascess right, chin",clinical,,,,,SAMN25295985,GCA_026742915.1,"fusC=COMPLETE,mepA=COMPLETE,tet(38)=COMPLETE",,"ciprofloxacin=S,clindamycin=S,daptomycin=S,erythromycin=S,fusidic acid=R,gentamicin=S,linezolid=S,mupirocin=R,nitrofurantoin=S,oxacillin=S,penicillin=R,rifampin=S,teicoplanin=S,tetracycline=S,vancomycin=S",0
Staphylococcus aureus,,"""PN0226"",""PN0226-S0368"",""SRS11792581""",,PDT001516292.1,2022-12-07T22:43:54Z,Australia: Queensland,Swab cellulitis,clinical,,,,,SAMN25296009,GCA_026743335.1,"blaI=COMPLETE,blaR1=COMPLETE,blaZ=COMPLETE,fusC=COMPLETE,mepA=COMPLETE,mupA=COMPLETE,tet(38)=COMPLETE",,"ciprofloxacin=S,clindamycin=S,daptomycin=S,erythromycin=S,fusidic acid=R,gentamicin=S,linezolid=S,mupirocin=R,nitrofurantoin=S,oxacillin=S,penicillin=R,rifampin=S,teicoplanin=S,tetracycline=S,vancomycin=S",0
Staphylococcus aureus,,"""0000-0063-2238"",""302"",""SRS1963416""",,PDT000186897.3,2017-04-14T00:40:09Z,USA:Boston,sputum,clinical,,,,,SAMN06311511,GCA_015610645.2,"blaI=COMPLETE,blaPC1=COMPLETE,blaR1=COMPLETE,fosB=COMPLETE,glpT_A100V=POINT,mepA=COMPLETE,tet(38)=COMPLETE",,"ciprofloxacin=S,clindamycin=S,erythromycin=S,gentamicin=S,levofloxacin=S,linezolid=S,minocycline=S,moxifloxacin=S,penicillin=R,rifampin=S,tetracycline=S,tigecycline=S,vancomycin=S",0
Staphylococcus aureus,BSN31,"""BSN31"",""Staphylococcus aureus str BSN31""",,PDT002088941.2,2024-05-17T19:57:44Z,"USA: Detroit, MI",blood,clinical,,PDS000182928.1,15.0,,SAMN39958768,GCA_036867125.2,"blaI=COMPLETE,blaR1=COMPLETE,blaZ=COMPLETE,fosB=COMPLETE,mecA=COMPLETE,mecR1=PARTIAL,mepA=COMPLETE,tet(38)=COMPLETE",,"clindamycin=S,daptomycin=S,erythromycin=S,gentamicin=S,linezolid=S,oxacillin=R,rifampin=S,trimethoprim-sulfamethoxazole=S,vancomycin=S",0
Staphylococcus aureus,,"""PN0123"",""PN0123-S0317"",""SRS11792329""",,PDT001516144.1,2022-12-07T22:43:29Z,Australia: Queensland,swab,clinical,,,,,SAMN25295958,GCA_026745105.1,"blaI=COMPLETE,blaPC1=COMPLETE,blaR1=COMPLETE,fosB=COMPLETE,glpT_A100V=POINT,mepA=COMPLETE,tet(38)=COMPLETE",,"ciprofloxacin=S,clindamycin=S,daptomycin=S,erythromycin=S,fusidic acid=S,gentamicin=S,linezolid=S,mupirocin=S,nitrofurantoin=S,oxacillin=S,penicillin=R,rifampin=S,teicoplanin=S,tetracycline=S,vancomycin=S",0
Staphylococcus aureus,,"""148"",""SRS25253466"",""dzd-uci-7195""",,PDT002991941.1,2025-11-20T22:51:48Z,USA: California,blood,clinical,,,,,SAMN48878163,GCA_053649395.1,"fosB=COMPLETE,mepA=COMPLETE,tet(38)=COMPLETE",,"clindamycin=S,erythromycin=S,levofloxacin=S,oxacillin=S,rifampin=S,tetracycline=S,trimethoprim-sulfamethoxazole=S",0
Staphylococcus aureus,,"""BWH_1384_S_aur"",""SRS18550457""",,PDT001845672.3,2024-02-04T22:04:59Z,USA:Boston,Nasal perirectal swab,clinical,,PDS000155342.6,1.0,,SAMN36892846,GCA_031766795.2,"erm(C)=COMPLETE,fosB=COMPLETE,mepA=COMPLETE,tet(38)=COMPLETE",,"ceftaroline=S,ciprofloxacin=S,clindamycin=R,daptomycin=S,erythromycin=R,gentamicin=S,levofloxacin=S,linezolid=S,minocycline=S,moxifloxacin=S,oxacillin=S,rifampin=S,tetracycline=S,tigecycline=S,trimethoprim-sulfamethoxazole=S,vancomycin=S",1
Staphylococcus aureus,,"""354"",""SRS25253552"",""dzd-uci-7531""",,PDT002991858.1,2025-11-20T22:51:31Z,USA: California,blood,clinical,,PDS000247540.1,2.0,,SAMN48878369,GCA_053665535.1,"aac(6')-Ie/aph(2'')-Ia=COMPLETE,aadD1=COMPLETE,ant(9)-Ia=COMPLETE,blaI=COMPLETE,blaR1=COMPLETE,blaZ=COMPLETE,bleO=COMPLETE,erm(A)=COMPLETE,fosB=COMPLETE,fosY=COMPLETE,gyrA_S84L=POINT,gyrA_S85P=POINT,mecA=COMPLETE,mecI=COMPLETE,mecR1=COMPLETE,mepA=COMPLETE,parC_E84G=POINT,parC_S80Y=POINT,tet(38)=COMPLETE",,"clindamycin=R,erythromycin=R,levofloxacin=R,oxacillin=R,rifampin=S,tetracycline=S,trimethoprim-sulfamethoxazole=S",1
Staphylococcus aureus,,"""BWH_1755_S_aur"",""SRS20473108""",,PDT002080301.1,2024-02-16T01:09:47Z,USA:Boston,Nasal perirectal swab,clinical,,,,,SAMN39956421,GCA_036631805.1,"glpT_A100V=POINT,mepA=COMPLETE,murA_E291D=POINT,murA_T396N=POINT,tet(38)=COMPLETE",,"ceftaroline=S,ciprofloxacin=S,clindamycin=S,daptomycin=S,erythromycin=S,gentamicin=S,levofloxacin=S,linezolid=S,minocycline=S,moxifloxacin=S,oxacillin=S,rifampin=S,tetracycline=S,tigecycline=S,trimethoprim-sulfamethoxazole=S,vancomycin=S",0
Staphylococcus aureus,,"""PC0161"",""PC0161-S0161"",""SRS11792532""",,PDT001516341.1,2022-12-07T22:44:02Z,Australia: Queensland,aspirate,clinical,,,,,SAMN25295889,GCA_026742075.1,"blaI=COMPLETE,blaPC1=COMPLETE,fosB=COMPLETE,glpT_A100V=POINT,glpT_V213I=POINT,mepA=COMPLETE,murA_D278E=POINT,murA_E291D=POINT,tet(38)=COMPLETE",,"ciprofloxacin=S,clindamycin=S,daptomycin=S,erythromycin=S,fusidic acid=S,gentamicin=S,linezolid=S,mupirocin=S,nitrofurantoin=S,oxacillin=S,penicillin=R,rifampin=S,teicoplanin=S,tetracycline=S,vancomycin=S",0
Staphylococcus aureus,,"""PC0071"",""PC0071b-S0259"",""SRS11792412""",,PDT001516461.1,2022-12-07T22:44:23Z,Australia: Queensland,Swab (Sputum),clinical,,PDS000127156.1,10.0,,SAMN25295781,GCA_026740335.1,"blaI=COMPLETE,blaR1=HMM,blaZ=COMPLETE,fosB=COMPLETE,mepA=COMPLETE,tet(38)=COMPLETE",,"ciprofloxacin=S,clindamycin=S,daptomycin=S,erythromycin=S,fusidic acid=S,gentamicin=S,linezolid=S,mupirocin=S,nitrofurantoin=S,oxacillin=S,penicillin=R,rifampin=S,teicoplanin=S,tetracycline=S,vancomycin=S",0
Staphylococcus aureus,,"""PC0081"",""PC0081-S0291"",""SRS11792512""",,PDT001516361.1,2022-12-07T22:44:06Z,Australia: Queensland,Swab (Sputum),clinical,,,,,SAMN25295795,GCA_026741995.1,"blaI=COMPLETE,blaR1=COMPLETE,blaZ=COMPLETE,blaZ=PARTIAL_END_OF_CONTIG,fosB=COMPLETE,mepA=COMPLETE,tet(38)=COMPLETE",,"ciprofloxacin=S,clindamycin=S,daptomycin=S,erythromycin=S,fusidic acid=S,gentamicin=S,linezolid=S,mupirocin=S,nitrofurantoin=S,oxacillin=S,penicillin=R,rifampin=S,teicoplanin=S,tetracycline=S,vancomycin=S",0
Staphylococcus aureus,,"""BWH_1603_S_aur"",""SRS19518814""",,PDT001986256.1,2023-11-15T22:56:39Z,USA:Boston,Nasal perirectal swab,clinical,,,,,SAMN38228808,GCA_033726435.1,"blaI=COMPLETE,blaR1=HMM,blaZ=COMPLETE,erm(T)=COMPLETE,glpT_A100V=POINT,glpT_F3I=POINT,mepA=COMPLETE,murA_D278E=POINT,murA_E291D=POINT,tet(38)=COMPLETE",,"ceftaroline=S,ciprofloxacin=S,clindamycin=R,daptomycin=S,erythromycin=R,gentamicin=S,levofloxacin=S,linezolid=S,minocycline=S,moxifloxacin=S,oxacillin=S,rifampin=S,tetracycline=S,tigecycline=S,trimethoprim-sulfamethoxazole=S,vancomycin=S",1
Staphylococcus aureus,,"""BWH_776_S_aur"",""SRS18433886""",,PDT001830777.2,2024-02-21T19:07:39Z,USA:Boston,Nasal perirectal swab,clinical,,PDS000154294.3,1.0,,SAMN36729143,GCA_032332015.2,"aadD1=COMPLETE,ant(6)-Ia=PARTIAL,aph(3')-IIIa=COMPLETE,blaI=COMPLETE,blaR1=HMM,blaZ=COMPLETE,bleO=COMPLETE,dfrS1=COMPLETE,fosB=COMPLETE,gyrA_S84L=POINT,mecA=COMPLETE,mecR1=PARTIAL,mepA=COMPLETE,mph(C)=COMPLETE,msr(A)=COMPLETE,parC_S80F=POINT,sat4=COMPLETE,tet(38)=COMPLETE,tet(K)=COMPLETE",,"ceftaroline=S,ciprofloxacin=R,clindamycin=S,daptomycin=S,erythromycin=R,gentamicin=S,levofloxacin=R,linezolid=S,minocycline=S,moxifloxacin=R,oxacillin=R,rifampin=S,tetracycline=R,tigecycline=S,trimethoprim-sulfamethoxazole=S,vancomycin=S",1
Staphylococcus aureus,,"""BWH_867_S_aur"",""SRS18432641""",,PDT001830656.2,2024-02-07T07:09:44Z,USA:Boston,Nasal perirectal swab,clinical,,,,,SAMN36727332,GCA_032333655.2,"ant(9)-Ia=PARTIAL,blaI=COMPLETE,blaR1=HMM,blaZ=COMPLETE,erm(A)=COMPLETE,fosB=COMPLETE,mepA=COMPLETE,tet(38)=COMPLETE",,"ceftaroline=S,ciprofloxacin=S,clindamycin=R,daptomycin=S,erythromycin=R,gentamicin=S,levofloxacin=S,linezolid=S,minocycline=S,moxifloxacin=S,oxacillin=S,rifampin=S,tetracycline=S,tigecycline=S,trimethoprim-sulfamethoxazole=S,vancomycin=S",1
Staphylococcus aureus,,"""120"",""SRS25253239"",""dzd-uci-7147""",,PDT002991670.1,2025-11-20T22:50:54Z,USA: California,blood,clinical,,PDS000247564.1,0.0,,SAMN48878135,GCA_053671815.1,"blaI=COMPLETE,blaR1=HMM,blaZ=COMPLETE,fosB=COMPLETE,mepA=COMPLETE,tet(38)=COMPLETE",,"clindamycin=S,erythromycin=S,levofloxacin=S,oxacillin=S,rifampin=S,tetracycline=S,trimethoprim-sulfamethoxazole=S",0
Staphylococcus aureus,,"""PN0224"",""PN0224-S0366"",""SRS11792579""",,PDT001516294.1,2022-12-07T22:43:54Z,Australia: Queensland,Swab left eyelid,clinical,,,,,SAMN25296007,GCA_026743375.1,"blaI=COMPLETE,blaPC1=COMPLETE,blaR1=COMPLETE,fosB=COMPLETE,glpT_A100V=POINT,glpT_V213I=POINT,mepA=COMPLETE,murA_D278E=POINT,murA_E291D=POINT,tet(38)=COMPLETE",,"ciprofloxacin=S,clindamycin=S,daptomycin=S,erythromycin=S,fusidic acid=S,gentamicin=S,linezolid=S,mupirocin=S,nitrofurantoin=S,oxacillin=S,penicillin=R,rifampin=S,teicoplanin=S,tetracycline=S,vancomycin=S",0
Staphylococcus aureus,,"""199"",""SRS25253175"",""dzd-uci-7281""",,PDT002991244.1,2025-11-20T22:49:28Z,USA: California,"SPUTUM, TRACHEAL ASPIRATE/SUCTION",clinical,,,,,SAMN48878214,GCA_053676775.1,"glpT_A100V=POINT,mepA=COMPLETE,murA_E291D=POINT,murA_T396N=POINT,tet(38)=COMPLETE",,"clindamycin=S,erythromycin=S,levofloxacin=S,oxacillin=S,rifampin=S,tetracycline=S,trimethoprim-sulfamethoxazole=S",0
Staphylococcus aureus,,"""PC0034"",""PC0034d-S0283"",""SRS11792481""",,PDT001516392.1,2022-12-07T22:44:11Z,Australia: Queensland,sputum,clinical,,PDS000127165.1,8.0,,SAMN25295710,GCA_026741855.1,"blaI=COMPLETE,blaR1=MISTRANSLATION,blaZ=COMPLETE,blaZ=PARTIAL_END_OF_CONTIG,fosB=PARTIAL,mepA=COMPLETE,tet(38)=COMPLETE",,"ciprofloxacin=S,clindamycin=S,daptomycin=S,erythromycin=S,fusidic acid=S,gentamicin=S,linezolid=S,mupirocin=S,nitrofurantoin=S,oxacillin=S,penicillin=R,rifampin=S,teicoplanin=S,tetracycline=S,vancomycin=S",0
Staphylococcus aureus,BSN128,"""BSN128"",""SRS20598161"",""Staphylococcus aureus str BSN128""",,PDT002149969.1,2024-04-29T21:56:01Z,"USA: Detroit, MI",blood,clinical,,,,,SAMN38637706,GCA_038667655.1,"blaI=COMPLETE,blaR1=COMPLETE,blaZ=COMPLETE,fexA=COMPLETE,fexA_A37V=POINT,fexA_G33A=POINT,fosB=COMPLETE,mecA=COMPLETE,mecR1=PARTIAL,mepA=COMPLETE,tet(38)=COMPLETE,tet(M)=COMPLETE",,"clindamycin=S,daptomycin=S,erythromycin=S,gentamicin=S,linezolid=S,oxacillin=R,rifampin=S,trimethoprim-sulfamethoxazole=S,vancomycin=S",0
Staphylococcus aureus,,"""PC0051"",""PC0051a-S0051"",""SRS11792368""",,PDT001516505.1,2022-12-07T22:44:31Z,Australia: Queensland,sputum,clinical,,,,,SAMN25295741,GCA_026741195.1,"blaZ=COMPLETE,dfrB_A135T=POINT,mepA=COMPLETE,tet(38)=COMPLETE",,"ciprofloxacin=S,clindamycin=S,daptomycin=S,erythromycin=S,fusidic acid=S,gentamicin=S,linezolid=S,mupirocin=S,nitrofurantoin=S,oxacillin=S,penicillin=R,rifampin=S,teicoplanin=S,tetracycline=S,vancomycin=S",0
Staphylococcus aureus,AR466,"""AR466"",""AR_0466"",""SRS3159765""",,PDT000313594.2,2018-04-30T12:53:06Z,,,clinical,,,,,SAMN07291559,GCA_003073635.1,"blaI=COMPLETE,blaR1=COMPLETE,blaZ=COMPLETE,dfrS1=COMPLETE,fusA_L461K=POINT,fusC=COMPLETE,glpT_A100V=POINT,gyrA_S84L=POINT,mecA=COMPLETE,mecR1=PARTIAL,mepA=COMPLETE,murA_E291D=POINT,murA_T396N=POINT,parC_S80F=POINT,tet(38)=COMPLETE",,"cefoxitin=R,ceftaroline=S,clindamycin=S,daptomycin=S,doxycycline=S,erythromycin=S,gentamicin=S,levofloxacin=R,linezolid=S,mupirocin=ND,oxacillin=S,penicillin=R,rifampin=S,tetracycline=S,trimethoprim-sulfamethoxazole=S,vancomycin=S",0
Staphylococcus aureus,13C,"""13C"",""MRSN499994""",,PDT000284750.2,2018-01-31T06:00:11Z,USA:Nebraska,skin and soft tissue,clinical,,PDS000231984.8,0.0,30.0,SAMN08391007,GCA_002909315.1,"fosB=COMPLETE,gyrA_S84L=POINT,mecA=COMPLETE,mecR1=PARTIAL,mepA=COMPLETE,murA_G257D=POINT,parC_S80Y=POINT,tet(38)=COMPLETE",,"amoxicillin-clavulanic acid=R,ampicillin-sulbactam=R,ampicillin=R,cefazolin=R,ceftriaxone=R,ciprofloxacin=R,clindamycin=S,daptomycin=S,erythromycin=S,gentamicin=S,levofloxacin=R,linezolid=S,minocycline=S,nitrofurantoin=S,oxacillin=R,penicillin=R,rifampin=S,tetracycline=S,tigecycline=S,trimethoprim-sulfamethoxazole=S,vancomycin=S",0
Staphylococcus aureus,BSN38-MRSA4,"""BSN38-MRSA4"",""Staphylococcus aureus str BSN38-MRSA4""",,PDT002096925.1,2024-03-03T04:15:39Z,"USA: Detroit, MI",blood,clinical,,PDS000126548.6,1.0,,SAMN39933412,GCA_036961505.1,"ant(6)-Ia=MISTRANSLATION,aph(3')-IIIa=COMPLETE,blaI=COMPLETE,blaR1=COMPLETE,blaZ=COMPLETE,fosB=COMPLETE,gyrA_S84L=POINT,mecA=COMPLETE,mecR1=PARTIAL,mepA=COMPLETE,mph(C)=COMPLETE,mprF_L826F=POINT,msr(A)=COMPLETE,murA_G257D=POINT,parC_S80Y=POINT,sat4=COMPLETE,tet(38)=COMPLETE",,"clindamycin=S,daptomycin=R,erythromycin=S,gentamicin=S,linezolid=S,oxacillin=R,rifampin=S,trimethoprim-sulfamethoxazole=S,vancomycin=S",0
Staphylococcus aureus,BSN25-2,"""BSN25-2"",""SRS6713359"",""Staphylococcus aureus str BSN25-2""",,PDT001508690.1,2022-12-02T15:48:49Z,"USA: Detroit, MI",blood,clinical,,PDS000174373.2,2.0,,SAMN15016684,GCA_026593655.1,"aadD1=COMPLETE,ant(9)-Ia=COMPLETE,blaI=COMPLETE,blaR1=COMPLETE,blaZ=COMPLETE,bleO=COMPLETE,erm(A)=COMPLETE,fosB=COMPLETE,gyrA_S84L=POINT,mecA=COMPLETE,mecI=COMPLETE,mecR1=COMPLETE,mepA=COMPLETE,mph(C)=COMPLETE,msr(A)=COMPLETE,parC_S80F=POINT,parE_P585S=POINT,tet(38)=COMPLETE",,"clindamycin=R,daptomycin=S,erythromycin=R,gentamicin=S,linezolid=S,oxacillin=R,rifampin=S,trimethoprim-sulfamethoxazole=S,vancomycin=S",1
Staphylococcus aureus,BSN78,"""BSN78"",""SRS20483084"",""Staphylococcus aureus str BSN78""",,PDT002129039.1,2024-03-31T10:22:39Z,"USA: Detroit, MI",blood,clinical,,,,,SAMN38637666,GCA_037890655.1,"ant(6)-Ia=PARTIAL,aph(3')-IIIa=COMPLETE,blaI=COMPLETE,blaR1=COMPLETE,blaZ=COMPLETE,fosB=COMPLETE,mepA=COMPLETE,mph(C)=COMPLETE,msr(A)=COMPLETE,sat4=COMPLETE,tet(38)=COMPLETE",,"clindamycin=S,erythromycin=R,gentamicin=S,oxacillin=S,penicillin=R,rifampin=S,trimethoprim-sulfamethoxazole=S,vancomycin=S",1
Staphylococcus aureus,,"""222"",""BWH_222_S_aur"",""SRS13579677""",,PDT001343037.1,2022-06-25T02:38:49Z,USA:Boston,swab,clinical,,PDS000112058.12,0.0,,SAMN29334797,GCA_023986315.1,"ant(9)-Ia=COMPLETE,blaI=COMPLETE,blaPC1=COMPLETE,blaR1=COMPLETE,erm(A)=COMPLETE,fosB=COMPLETE,glpT_A100V=POINT,glpT_V213I=POINT,mepA=COMPLETE,murA_D278E=POINT,murA_E291D=POINT,tet(38)=COMPLETE",,"ceftaroline=S,ciprofloxacin=S,clindamycin=R,daptomycin=S,erythromycin=R,gentamicin=S,levofloxacin=S,linezolid=S,minocycline=S,moxifloxacin=S,oxacillin=S,rifampin=S,tetracycline=S,tigecycline=S,trimethoprim-sulfamethoxazole=S,vancomycin=S",1
Staphylococcus aureus,,"""BWH_1601_S_aur"",""SRS19518820""",,PDT002035968.1,2023-12-20T12:53:40Z,USA:Boston,Nasal perirectal swab,clinical,,PDS000155342.6,0.0,,SAMN38228822,GCA_034512495.1,"erm(C)=COMPLETE,fosB=COMPLETE,mepA=COMPLETE,tet(38)=COMPLETE",,"ceftaroline=S,ciprofloxacin=S,clindamycin=R,daptomycin=S,erythromycin=R,gentamicin=S,levofloxacin=S,linezolid=S,minocycline=S,moxifloxacin=S,oxacillin=S,rifampin=S,tetracycline=S,tigecycline=S,trimethoprim-sulfamethoxazole=S,vancomycin=S",1
Staphylococcus aureus,,"""PC0090"",""PC0090b-S0233"",""SRS11792591""",,PDT001516282.1,2022-12-07T22:43:52Z,Australia: Queensland,sputum,clinical,,PDS000127149.1,19.0,,SAMN25295808,GCA_026743515.1,"blaI=COMPLETE,blaR1=COMPLETE,blaZ=COMPLETE,fosB=COMPLETE,mepA=COMPLETE,tet(38)=COMPLETE",,"ciprofloxacin=S,clindamycin=S,daptomycin=S,erythromycin=S,fusidic acid=S,gentamicin=S,linezolid=S,mupirocin=S,nitrofurantoin=S,oxacillin=S,penicillin=R,rifampin=S,teicoplanin=S,tetracycline=S,vancomycin=S",0
Staphylococcus aureus,BSN54-2,"""BSN54-2"",""Staphylococcus aureus str BSN54-2""",,PDT002011846.1,2023-11-30T04:05:11Z,"USA: Detroit, MI",blood,clinical,,PDS000168664.2,20.0,,SAMN38335111,GCA_033985435.1,"aac(6')-Ie/aph(2'')-Ia=COMPLETE,aadD1=COMPLETE,ant(9)-Ia=COMPLETE,blaI=COMPLETE,blaR1=COMPLETE,blaZ=COMPLETE,bleO=COMPLETE,erm(A)=COMPLETE,fosB=COMPLETE,gyrA_S84L=POINT,mecA=COMPLETE,mecI=COMPLETE,mecR1=COMPLETE,mepA=COMPLETE,mph(C)=COMPLETE,msr(A)=COMPLETE,parC_S80F=POINT,parE_P585S=POINT,tet(38)=COMPLETE",,"clindamycin=R,daptomycin=S,erythromycin=R,gentamicin=R,linezolid=S,oxacillin=R,trimethoprim-sulfamethoxazole=S,vancomycin=S",1
Staphylococcus aureus,BSN134,"""BSN134"",""SRS20598166"",""Staphylococcus aureus str BSN134""",,PDT002152304.1,2024-04-30T02:49:35Z,"USA: Detroit, MI",blood,clinical,,,,,SAMN38637713,GCA_038705095.1,"ant(6)-Ia=MISTRANSLATION,aph(3')-IIIa=COMPLETE,blaI=COMPLETE,blaR1=COMPLETE,blaZ=COMPLETE,fosB=COMPLETE,gyrA_S84L=POINT,mecA=COMPLETE,mecR1=PARTIAL,mepA=COMPLETE,mph(C)=COMPLETE,msr(A)=COMPLETE,murA_G257D=POINT,parC_S80Y=POINT,sat4=COMPLETE,tet(38)=COMPLETE",,"clindamycin=S,daptomycin=S,erythromycin=R,gentamicin=S,linezolid=S,oxacillin=R,rifampin=S,trimethoprim-sulfamethoxazole=S,vancomycin=S",1
Staphylococcus aureus,,"""PC0025"",""PC0025a-S0025"",""SRS11792338""",,PDT001516135.1,2022-12-07T22:43:27Z,Australia: Queensland,sputum,clinical,,PDS000127170.1,13.0,,SAMN25295682,GCA_026745265.1,"blaI=COMPLETE,blaR1=COMPLETE,blaZ=COMPLETE,blaZ=PARTIAL_END_OF_CONTIG,fosB=PARTIAL,mepA=COMPLETE,tet(38)=COMPLETE",,"ciprofloxacin=S,clindamycin=S,daptomycin=S,erythromycin=S,fusidic acid=S,gentamicin=S,linezolid=S,mupirocin=S,nitrofurantoin=S,oxacillin=S,penicillin=R,rifampin=S,teicoplanin=S,tetracycline=S,vancomycin=S",0
Staphylococcus aureus,,"""PN0220"",""PN0220-S0365"",""SRS11792578""",,PDT001516295.1,2022-12-07T22:43:54Z,Australia: Queensland,Swab groin fluid,clinical,,PDS000127136.1,2.0,,SAMN25296006,GCA_026743165.1,"blaI=COMPLETE,blaR1=COMPLETE,blaZ=COMPLETE,blaZ=PARTIAL_END_OF_CONTIG,dfrG=COMPLETE,fosB=COMPLETE,mepA=COMPLETE,tet(38)=COMPLETE",,"ciprofloxacin=S,clindamycin=S,daptomycin=S,erythromycin=S,fusidic acid=S,gentamicin=S,linezolid=S,mupirocin=S,nitrofurantoin=S,oxacillin=S,penicillin=R,rifampin=S,teicoplanin=S,tetracycline=S,vancomycin=S",0
Staphylococcus aureus,,"""614"",""SRS25253810"",""dzd-uci-7949""",,PDT002992039.1,2025-11-20T22:52:09Z,USA: California,blood,clinical,,PDS000247548.1,1.0,,SAMN48878629,GCA_053654495.1,"blaI=COMPLETE,blaR1=HMM,blaZ=COMPLETE,erm(C)=COMPLETE,fosB=COMPLETE,mepA=COMPLETE,tet(38)=COMPLETE",,"clindamycin=R,erythromycin=R,levofloxacin=S,oxacillin=S,rifampin=S,tetracycline=S,trimethoprim-sulfamethoxazole=S",1
Staphylococcus aureus,,"""BWH_1896_S_aur"",""SRS21133314""",,PDT002147342.1,2024-04-26T18:53:51Z,USA:Boston,Nasal perirectal swab,clinical,,PDS000181459.1,1.0,,SAMN41091880,GCA_038509345.1,"blaI=COMPLETE,blaR1=HMM,blaZ=COMPLETE,glpT_A100V=POINT,mepA=COMPLETE,murA_E291D=POINT,murA_T396N=POINT,tet(38)=COMPLETE",,"ceftaroline=S,ciprofloxacin=S,clindamycin=S,daptomycin=S,erythromycin=S,gentamicin=S,levofloxacin=S,linezolid=S,minocycline=S,moxifloxacin=S,oxacillin=S,rifampin=S,tetracycline=S,tigecycline=S,trimethoprim-sulfamethoxazole=S,vancomycin=S",0
Staphylococcus aureus,,"""PN0135"",""PN0135-S0321"",""SRS11792445""",,PDT001516428.1,2022-12-07T22:44:17Z,Australia: Queensland,aspirate,clinical,,,,,SAMN25295962,GCA_026740395.1,"fosB=COMPLETE,glpT_A100V=POINT,glpT_V213I=POINT,mepA=COMPLETE,murA_D278E=POINT,murA_E291D=POINT,tet(38)=COMPLETE",,"ciprofloxacin=S,clindamycin=S,daptomycin=S,erythromycin=S,fusidic acid=S,gentamicin=S,linezolid=S,mupirocin=S,nitrofurantoin=S,oxacillin=S,penicillin=S,rifampin=S,teicoplanin=S,tetracycline=S,vancomycin=S",0
Staphylococcus aureus,BSN119,"""BSN119"",""SRS20598179"",""Staphylococcus aureus str BSN119""",,PDT002147741.1,2024-04-25T05:36:45Z,"USA: Detroit, MI",blood,clinical,,,,,SAMN38637697,GCA_038449155.1,"abc-f=HMM,ant(6)-Ia=MISTRANSLATION,aph(3')-IIIa=COMPLETE,blaI=COMPLETE,blaR1=COMPLETE,blaZ=COMPLETE,fosB=COMPLETE,mecA=COMPLETE,mecR1=PARTIAL,mepA=COMPLETE,mph(C)=COMPLETE,msr(A)=COMPLETE,murA_G257D=POINT,sat4=COMPLETE,tet(38)=COMPLETE",,"clindamycin=S,daptomycin=S,erythromycin=R,gentamicin=S,linezolid=S,oxacillin=R,rifampin=S,trimethoprim-sulfamethoxazole=S,vancomycin=S",1
Staphylococcus aureus,,"""BWH_1899_S_aur"",""SRS21133310""",,PDT002147346.1,2024-04-26T18:53:54Z,USA:Boston,Nasal perirectal swab,clinical,,,,,SAMN41091877,GCA_038512495.1,"blaI=COMPLETE,blaR1=HMM,blaZ=COMPLETE,erm(T)=COMPLETE,glpT_A100V=POINT,glpT_F3I=POINT,mepA=COMPLETE,murA_D278E=POINT,murA_E291D=POINT,tet(38)=COMPLETE",,"ceftaroline=S,ciprofloxacin=S,clindamycin=R,daptomycin=S,erythromycin=R,gentamicin=S,levofloxacin=S,linezolid=S,minocycline=S,moxifloxacin=S,oxacillin=S,rifampin=S,tetracycline=S,tigecycline=S,trimethoprim-sulfamethoxazole=S,vancomycin=S",1
Staphylococcus aureus,BSN51-2,"""BSN51-2"",""Staphylococcus aureus str BSN51-2""",,PDT002216043.1,2024-06-18T12:20:46Z,"USA: Detroit, MI",blood,clinical,,PDS000126558.4,7.0,,SAMN36733056,GCA_040234115.1,"aac(6')-Ie/aph(2'')-Ia=COMPLETE,aadD1=COMPLETE,ant(9)-Ia=COMPLETE,blaI=COMPLETE,blaR1=COMPLETE,blaZ=COMPLETE,bleO=COMPLETE,dfrS1=COMPLETE,erm(A)=COMPLETE,erm(C)=COMPLETE,fosB=COMPLETE,gyrA_S84L=POINT,mecA=COMPLETE,mecI=COMPLETE,mecR1=COMPLETE,mepA=COMPLETE,parC_E84G=POINT,parC_S80Y=POINT,tet(38)=COMPLETE",,"clindamycin=R,daptomycin=S,erythromycin=R,gentamicin=R,linezolid=S,oxacillin=R,rifampin=S,trimethoprim-sulfamethoxazole=R,vancomycin=S",1
Staphylococcus aureus,,"""PC0260"",""PC0260-S0260"",""SRS11792314""",,PDT001516159.1,2022-12-07T22:43:31Z,Australia: Queensland,sputum,clinical,,,,,SAMN25295944,GCA_026744885.1,"blaI=COMPLETE,blaR1=MISTRANSLATION,blaZ=COMPLETE,fosB=COMPLETE,mepA=COMPLETE,tet(38)=COMPLETE",,"ciprofloxacin=S,clindamycin=S,daptomycin=S,erythromycin=S,fusidic acid=S,gentamicin=S,linezolid=S,mupirocin=S,nitrofurantoin=S,oxacillin=S,penicillin=S,rifampin=S,teicoplanin=S,tetracycline=S,vancomycin=S",0
Staphylococcus aureus,BSN38-MRSA2,"""BSN38-MRSA2"",""Staphylococcus aureus str BSN38-MRSA2""",,PDT002115225.1,2024-03-17T03:28:17Z,"USA: Detroit, MI",blood,clinical,,PDS000126548.6,1.0,,SAMN39933408,GCA_037199795.1,"ant(6)-Ia=MISTRANSLATION,aph(3')-IIIa=COMPLETE,blaI=COMPLETE,blaR1=COMPLETE,blaZ=COMPLETE,fosB=COMPLETE,gyrA_S84L=POINT,mecA=COMPLETE,mecR1=PARTIAL,mepA=COMPLETE,mph(C)=COMPLETE,msr(A)=COMPLETE,murA_G257D=POINT,parC_S80Y=POINT,sat4=COMPLETE,tet(38)=COMPLETE",,"ceftaroline=S,clindamycin=S,daptomycin=S,erythromycin=R,gentamicin=S,linezolid=S,oxacillin=R,rifampin=S,trimethoprim-sulfamethoxazole=S,vancomycin=S",1
Staphylococcus aureus,,"""PN0244"",""PN0244-S0384"",""SRS11792262""",,PDT001516211.1,2022-12-07T22:43:40Z,Australia: Queensland,Swab ulcer left leg,clinical,,,,,SAMN25296024,GCA_026744075.1,"ant(9)-Ia=COMPLETE,blaI=COMPLETE,blaR1=HMM,blaZ=COMPLETE,erm(A)=COMPLETE,fosB=COMPLETE,glpT_A100V=POINT,glpT_L27F=POINT,ileS_V588F=POINT,mepA=COMPLETE,murA_E291D=POINT,murA_T396N=POINT,tet(38)=COMPLETE",,"ciprofloxacin=S,clindamycin=R,daptomycin=S,erythromycin=R,fusidic acid=S,gentamicin=S,linezolid=S,mupirocin=R,nitrofurantoin=S,oxacillin=S,penicillin=R,rifampin=S,teicoplanin=S,tetracycline=S,vancomycin=S",1
Staphylococcus aureus,,"""268"",""SRS25253204"",""dzd-uci-7402""",,PDT002991215.1,2025-11-20T22:49:22Z,USA: California,DRAINAGE,clinical,,,,,SAMN48878283,GCA_053677115.1,"ant(6)-Ia=MISTRANSLATION,aph(3')-IIIa=COMPLETE,blaI=COMPLETE,blaR1=COMPLETE,blaZ=COMPLETE,fosB=COMPLETE,glpT_A100V=POINT,mepA=COMPLETE,mph(C)=COMPLETE,msr(A)=COMPLETE,murA_G257D=POINT,sat4=COMPLETE,tet(38)=COMPLETE",,"clindamycin=S,erythromycin=R,levofloxacin=S,oxacillin=S,rifampin=S,tetracycline=S,trimethoprim-sulfamethoxazole=S",1
Staphylococcus aureus,,"""BWH_1429_S_aur"",""SRS18550494""",,PDT001845637.2,2024-02-18T19:04:52Z,USA:Boston,Nasal perirectal swab,clinical,,,,,SAMN36892888,GCA_031835165.2,"ant(6)-Ia=PARTIAL,aph(3')-IIIa=COMPLETE,blaI=COMPLETE,blaR1=COMPLETE,blaZ=COMPLETE,dfrS1=COMPLETE,fosB=COMPLETE,mecA=COMPLETE,mecR1=PARTIAL,mepA=COMPLETE,mph(C)=COMPLETE,msr(A)=COMPLETE,sat4=COMPLETE,tet(38)=COMPLETE",,"ceftaroline=S,ciprofloxacin=S,clindamycin=S,daptomycin=S,erythromycin=R,gentamicin=S,levofloxacin=S,linezolid=S,minocycline=S,moxifloxacin=S,oxacillin=R,rifampin=S,tetracycline=S,tigecycline=S,trimethoprim-sulfamethoxazole=S,vancomycin=S",1
Staphylococcus aureus,,"""PN0254"",""PN0254-S0397"",""SRS11792269""",,PDT001516204.1,2022-12-07T22:43:39Z,Australia: Queensland,Swab ear left,clinical,,,,,SAMN25296031,GCA_026744195.1,"ant(9)-Ia=PARTIAL,blaI=COMPLETE,blaR1=HMM,blaZ=COMPLETE,erm(A)=COMPLETE,fosB=COMPLETE,mepA=COMPLETE,tet(38)=COMPLETE",,"ciprofloxacin=S,clindamycin=R,daptomycin=S,erythromycin=S,fusidic acid=S,gentamicin=S,linezolid=S,mupirocin=S,nitrofurantoin=S,oxacillin=S,penicillin=R,rifampin=S,teicoplanin=S,tetracycline=S,vancomycin=S",0
Staphylococcus aureus,BSN191,"""BSN191"",""SRS20736325"",""Staphylococcus aureus str BSN191""",,PDT002152299.1,2024-04-29T22:43:09Z,"USA: Detroit, MI",blood,clinical,,,,,SAMN38637771,GCA_038673175.1,"ant(9)-Ia=PARTIAL,blaI=COMPLETE,blaR1=COMPLETE,blaZ=COMPLETE,erm(A)=COMPLETE,glpT_A100V=POINT,mepA=COMPLETE,murA_E291D=POINT,murA_T396N=POINT,tet(38)=COMPLETE",,"clindamycin=R,erythromycin=R,gentamicin=S,oxacillin=S,penicillin=R,rifampin=S,trimethoprim-sulfamethoxazole=S,vancomycin=S",1
Staphylococcus aureus,BSN70,"""BSN70"",""SRS20483042"",""Staphylococcus aureus str BSN70""",,PDT002096926.1,2024-03-03T04:15:45Z,"USA: Detroit, MI",blood,clinical,,,,,SAMN38637656,GCA_036961495.1,"glpT_A100V=POINT,mepA=COMPLETE,murA_E291D=POINT,murA_T396N=POINT,tet(38)=COMPLETE",,"clindamycin=S,erythromycin=S,gentamicin=S,oxacillin=S,penicillin=S,rifampin=S,trimethoprim-sulfamethoxazole=S,vancomycin=S",0
Staphylococcus aureus,,"""PC0022"",""PC0022a-S0022"",""SRS11792334""",,PDT001516139.1,2022-12-07T22:43:28Z,Australia: Queensland,Swab (Sputum),clinical,,,,,SAMN25295678,GCA_026745145.1,"blaI=COMPLETE,blaR1=COMPLETE,blaZ=COMPLETE,blaZ=PARTIAL_END_OF_CONTIG,mepA=COMPLETE,tet(38)=COMPLETE",,"ciprofloxacin=S,clindamycin=S,daptomycin=S,erythromycin=S,fusidic acid=S,gentamicin=S,linezolid=S,mupirocin=S,nitrofurantoin=S,oxacillin=S,penicillin=R,rifampin=S,teicoplanin=S,tetracycline=S,vancomycin=S",0
Staphylococcus aureus,,"""BWH_1143_S_aur"",""SRS18433701""",,PDT001830951.2,2024-02-21T19:07:41Z,USA:Boston,Nasal perirectal swab,clinical,,,,,SAMN36729038,GCA_032329775.2,"ant(6)-Ia=MISTRANSLATION,aph(3')-IIIa=COMPLETE,blaI=COMPLETE,blaR1=COMPLETE,blaZ=COMPLETE,fosB=COMPLETE,gyrA_S84A=POINT,mecA=COMPLETE,mecR1=PARTIAL,mepA=COMPLETE,mph(C)=COMPLETE,msr(A)=COMPLETE,murA_G257D=POINT,parC_S80Y=POINT,sat4=COMPLETE,tet(38)=COMPLETE",,"ceftaroline=S,ciprofloxacin=R,clindamycin=S,daptomycin=S,erythromycin=R,gentamicin=S,levofloxacin=R,linezolid=S,minocycline=S,moxifloxacin=I,oxacillin=R,rifampin=S,tetracycline=S,tigecycline=S,trimethoprim-sulfamethoxazole=S,vancomycin=S",1
Staphylococcus aureus,BSN50-2,"""BSN50-2"",""Staphylococcus aureus str BSN50-2""",,PDT002221215.1,2024-06-20T13:13:47Z,"USA: Detroit, MI",blood,clinical,,PDS000170052.2,0.0,,SAMN36733053,GCA_040255005.1,"blaI=COMPLETE,blaR1=COMPLETE,blaZ=COMPLETE,fosB=COMPLETE,mecA=COMPLETE,mecR1=PARTIAL,mepA=COMPLETE,murA_G257D=POINT,parC_S80F=POINT,tet(38)=COMPLETE",,"clindamycin=R,daptomycin=S,erythromycin=R,gentamicin=S,linezolid=S,oxacillin=R,rifampin=S,trimethoprim-sulfamethoxazole=S,vancomycin=S",1
Staphylococcus aureus,,"""PC0075"",""PC0075-S0288"",""SRS11792505""",,PDT001516368.1,2022-12-07T22:44:07Z,Australia: Queensland,sputum,clinical,,PDS000127152.1,21.0,,SAMN25295789,GCA_026741955.1,"blaI=COMPLETE,blaR1=PARTIAL_END_OF_CONTIG,blaZ=COMPLETE,erm(C)=COMPLETE,fosB=COMPLETE,mecA=COMPLETE,mecR1=PARTIAL,mepA=COMPLETE,tet(38)=COMPLETE",,"ciprofloxacin=S,clindamycin=R,daptomycin=S,erythromycin=R,fusidic acid=S,gentamicin=S,linezolid=S,mupirocin=S,nitrofurantoin=S,oxacillin=R,penicillin=R,rifampin=S,teicoplanin=S,tetracycline=S,vancomycin=S",1
Staphylococcus aureus,,"""638"",""SRS25253088"",""dzd-uci-7980""",,PDT002991326.1,2025-11-20T22:49:46Z,USA: California,DRAINAGE,clinical,,PDS000247553.1,0.0,,SAMN48878653,GCA_053675575.1,"aac(6')-Ie/aph(2'')-Ia=COMPLETE,blaI=COMPLETE,blaR1=HMM,blaZ=COMPLETE,erm(T)=COMPLETE,glpT_A100V=POINT,glpT_F3I=POINT,mepA=COMPLETE,murA_D278E=POINT,murA_E291D=POINT,tet(38)=COMPLETE",,"erythromycin=R,levofloxacin=S,oxacillin=S,rifampin=S,tetracycline=S,trimethoprim-sulfamethoxazole=S",1
Staphylococcus aureus,BSN175,"""BSN175"",""SRS20736302"",""Staphylococcus aureus str BSN175""",,PDT002143994.1,2024-04-21T14:59:54Z,"USA: Detroit, MI",blood,clinical,,,,,SAMN38637755,GCA_038396945.1,"abc-f=HMM,blaI=COMPLETE,blaR1=COMPLETE,blaZ=COMPLETE,fosB=COMPLETE,mepA=COMPLETE,murA_G257D=POINT,tet(38)=COMPLETE",,"clindamycin=S,erythromycin=S,gentamicin=S,oxacillin=S,penicillin=R,rifampin=S,trimethoprim-sulfamethoxazole=S,vancomycin=S",0
Staphylococcus aureus,,"""BWH_819_S_aur"",""SRS18432448""",,PDT001830571.2,2024-02-17T21:02:37Z,USA:Boston,Nasal perirectal swab,clinical,,,,,SAMN36726619,GCA_032334995.2,"blaI=COMPLETE,blaR1=COMPLETE,blaZ=COMPLETE,blaZ=PARTIAL_END_OF_CONTIG,mepA=COMPLETE,tet(38)=COMPLETE",,"ceftaroline=S,ciprofloxacin=S,clindamycin=S,daptomycin=S,erythromycin=S,gentamicin=S,levofloxacin=S,linezolid=S,minocycline=S,moxifloxacin=S,oxacillin=S,rifampin=S,tetracycline=S,tigecycline=S,trimethoprim-sulfamethoxazole=S,vancomycin=S",0
Staphylococcus aureus,,"""PN0125"",""PN0125-S0318"",""SRS11792442""",,PDT001516431.1,2022-12-07T22:44:18Z,Australia: Queensland,Swab central venous line,clinical,,,,,SAMN25295959,GCA_026740375.1,"fosB=COMPLETE,mepA=COMPLETE,tet(38)=COMPLETE",,"ciprofloxacin=S,clindamycin=S,daptomycin=S,erythromycin=S,fusidic acid=S,gentamicin=S,linezolid=S,mupirocin=S,nitrofurantoin=S,oxacillin=S,penicillin=S,rifampin=S,teicoplanin=S,tetracycline=S,vancomycin=S",0
Staphylococcus aureus,BSN210,"""BSN210"",""SRS20736338"",""Staphylococcus aureus str BSN210""",,PDT002498355.1,2024-11-25T20:52:42Z,"USA: Detroit, MI",blood,clinical,,,,,SAMN38637790,GCA_045288935.1,"blaI=COMPLETE,blaR1=COMPLETE,blaZ=COMPLETE,fexA=COMPLETE,fexA_A37V=POINT,fexA_G33A=POINT,fosB=COMPLETE,mecA=COMPLETE,mecR1=PARTIAL,mepA=COMPLETE,tet(38)=COMPLETE,tet(M)=COMPLETE",,"clindamycin=S,daptomycin=S,erythromycin=S,gentamicin=S,linezolid=S,oxacillin=R,rifampin=S,trimethoprim-sulfamethoxazole=S,vancomycin=S",0
Staphylococcus aureus,AR461,"""AR461"",""AR_0461"",""SRS3159763""",,PDT000313596.2,2018-04-30T13:01:08Z,,,clinical,,PDS000068843.1,1.0,,SAMN07291554,GCA_003073715.1,"aadD1=COMPLETE,ant(9)-Ia=COMPLETE,bleO=COMPLETE,erm(A)=COMPLETE,fosB=COMPLETE,gyrA_S84L=POINT,mecA=COMPLETE,mecI=COMPLETE,mecR1=COMPLETE,mepA=COMPLETE,parC_S80F=POINT,tet(38)=COMPLETE",,"cefoxitin=R,ceftaroline=S,clindamycin=R,daptomycin=S,doxycycline=S,erythromycin=R,gentamicin=S,levofloxacin=R,linezolid=S,mupirocin=ND,oxacillin=S,penicillin=S,rifampin=S,tetracycline=S,trimethoprim-sulfamethoxazole=S,vancomycin=S",1
Staphylococcus aureus,,"""BWH_1219_S_aur"",""SRS18433910""",,PDT001830757.2,2024-02-18T00:57:29Z,USA:Boston,Nasal perirectal swab,clinical,,,,,SAMN36729165,GCA_032332295.2,"blaI=COMPLETE,blaR1=COMPLETE,blaZ=COMPLETE,blaZ=PARTIAL_END_OF_CONTIG,glpT_A100V=POINT,mepA=COMPLETE,murA_E291D=POINT,murA_T396N=POINT,tet(38)=COMPLETE",,"ceftaroline=S,ciprofloxacin=S,clindamycin=S,daptomycin=S,erythromycin=S,gentamicin=S,levofloxacin=S,linezolid=S,minocycline=S,moxifloxacin=S,oxacillin=S,rifampin=S,tetracycline=S,tigecycline=S,trimethoprim-sulfamethoxazole=S,vancomycin=S",0
Staphylococcus aureus,,"""706"",""SRS25253091"",""dzd-uci-8073""",,PDT002991322.1,2025-11-20T22:49:45Z,USA: California,sputum,clinical,,,,,SAMN48878721,GCA_053675615.1,"erm(T)=COMPLETE,glpT_A100V=POINT,glpT_F3I=POINT,mepA=COMPLETE,murA_D278E=POINT,murA_E291D=POINT,tet(38)=COMPLETE",,"erythromycin=R,levofloxacin=S,oxacillin=S,rifampin=S,tetracycline=S,trimethoprim-sulfamethoxazole=S",1
Staphylococcus aureus,0537-0302-2015,"""0537-0302-2015""",,PDT000516831.3,2019-05-24T15:09:31Z,Russia: Moscow,Skin lesions,clinical,,,,,SAMN11585614,GCA_005774645.1,"mepA=COMPLETE,tet(38)=COMPLETE",,"amoxicillin-clavulanic acid=S,ampicillin-sulbactam=S,cefazolin=S,ceftriaxone=S,chloramphenicol=S,ciprofloxacin=S,clindamycin=S,daptomycin=S,erythromycin=S,gentamicin=S,imipenem=S,levofloxacin=S,linezolid=S,meropenem=S,moxifloxacin=S,oxacillin=S,rifampin=S,tetracycline=S,trimethoprim-sulfamethoxazole=S,vancomycin=S",0
Staphylococcus aureus,,"""506"",""SRS25253331"",""dzd-uci-7784""",,PDT002991579.1,2025-11-20T22:50:37Z,USA: California,CHEST WALL,clinical,,,,,SAMN48878521,GCA_053672835.1,"ant(6)-Ia=MISTRANSLATION,aph(3')-IIIa=COMPLETE,blaI=COMPLETE,blaR1=COMPLETE,blaZ=COMPLETE,erm(C)=COMPLETE,fosB=COMPLETE,gyrA_S84L=POINT,mecA=COMPLETE,mecR1=PARTIAL,mepA=COMPLETE,mph(C)=COMPLETE,msr(A)=COMPLETE,murA_G257D=POINT,parC_S80Y=POINT,sat4=COMPLETE,tet(38)=COMPLETE",,"clindamycin=R,erythromycin=R,levofloxacin=R,oxacillin=R,rifampin=S,tetracycline=S,trimethoprim-sulfamethoxazole=S",1
Staphylococcus aureus,,"""BWH_1895_S_aur"",""SRS21133315""",,PDT002147341.1,2024-04-26T18:53:50Z,USA:Boston,Nasal perirectal swab,clinical,,PDS000181459.1,1.0,,SAMN41091881,GCA_038508755.1,"blaI=COMPLETE,blaR1=HMM,blaZ=COMPLETE,glpT_A100V=POINT,mepA=COMPLETE,murA_E291D=POINT,murA_T396N=POINT,tet(38)=COMPLETE",,"ceftaroline=S,ciprofloxacin=S,clindamycin=S,daptomycin=S,erythromycin=S,gentamicin=S,levofloxacin=S,linezolid=S,minocycline=S,moxifloxacin=S,oxacillin=S,rifampin=S,tetracycline=S,tigecycline=S,trimethoprim-sulfamethoxazole=S,vancomycin=S",0
Staphylococcus aureus,,"""BWH_821_S_aur"",""SRS18433645""",,PDT001831000.2,2024-02-19T04:57:02Z,USA:Boston,Nasal specimen,clinical,,,,,SAMN36729012,GCA_032329075.2,"ant(9)-Ia=COMPLETE,blaI=COMPLETE,blaPC1=COMPLETE,blaR1=COMPLETE,erm(A)=COMPLETE,fosB=COMPLETE,glpT_A100V=POINT,glpT_V213I=POINT,mepA=COMPLETE,murA_D278E=POINT,murA_E291D=POINT,tet(38)=COMPLETE",,"ceftaroline=S,ciprofloxacin=S,clindamycin=R,daptomycin=S,erythromycin=R,gentamicin=S,levofloxacin=S,linezolid=S,minocycline=S,moxifloxacin=S,oxacillin=S,rifampin=S,tetracycline=S,tigecycline=S,trimethoprim-sulfamethoxazole=S,vancomycin=S",1
Staphylococcus aureus,BSN174,"""BSN174"",""SRS20736301"",""Staphylococcus aureus str BSN174""",,PDT002143993.1,2024-04-21T14:44:16Z,"USA: Detroit, MI",blood,clinical,,,,,SAMN38637754,GCA_038396935.1,"abc-f=HMM,ant(6)-Ia=MISTRANSLATION,blaI=COMPLETE,blaR1=COMPLETE,blaZ=COMPLETE,fosB=COMPLETE,gyrA_S84L=POINT,mecA=COMPLETE,mecR1=PARTIAL,mepA=COMPLETE,mph(C)=COMPLETE,msr(A)=COMPLETE,murA_G257D=POINT,parC_S80Y=POINT,sat4=COMPLETE,tet(38)=COMPLETE",,"clindamycin=S,daptomycin=S,erythromycin=R,gentamicin=S,linezolid=S,oxacillin=R,rifampin=S,trimethoprim-sulfamethoxazole=S,vancomycin=S",1
Staphylococcus aureus,,"""BWH_934_S_aur"",""SRS18433745""",,PDT001830908.2,2024-02-19T04:57:01Z,USA:Boston,Nasal perirectal swab,clinical,,,,,SAMN36728964,GCA_032330275.2,"fosB=PARTIAL,mepA=COMPLETE,tet(38)=COMPLETE",,"ceftaroline=S,ciprofloxacin=S,clindamycin=S,daptomycin=S,erythromycin=S,gentamicin=S,levofloxacin=S,linezolid=S,minocycline=S,moxifloxacin=S,oxacillin=S,rifampin=S,tetracycline=S,tigecycline=S,trimethoprim-sulfamethoxazole=S,vancomycin=S",0
Staphylococcus aureus,,"""PC0249"",""PC0249-S0388"",""SRS11792308""",,PDT001516165.1,2022-12-07T22:43:32Z,Australia: Queensland,sputum,clinical,,,,,SAMN25295939,GCA_026744745.1,"aac(6')-Ie/aph(2'')-Ia=COMPLETE,aadD1=COMPLETE,blaI=COMPLETE,blaI=PARTIAL_END_OF_CONTIG,blaR1=COMPLETE,blaR1=HMM,blaZ=COMPLETE,bleO=COMPLETE,dfrG=COMPLETE,fosB=COMPLETE,mepA=COMPLETE,msr(A)=COMPLETE,murA_G257D=POINT,tet(38)=COMPLETE",,"ciprofloxacin=S,clindamycin=S,daptomycin=S,erythromycin=R,fusidic acid=S,gentamicin=R,linezolid=S,mupirocin=S,nitrofurantoin=S,oxacillin=S,penicillin=R,rifampin=S,teicoplanin=S,tetracycline=S,vancomycin=S",1
Staphylococcus aureus,BSN04,"""BSN04"",""Staphylococcus aureus str BSN04""",,PDT001791594.2,2024-09-16T22:56:54Z,"USA: Detroit, MI",blood,clinical,,PDS000177765.2,22.0,,SAMN35751746,GCA_030342445.2,"aadD1=COMPLETE,ant(9)-Ia=COMPLETE,blaI=COMPLETE,blaR1=COMPLETE,blaZ=COMPLETE,bleO=COMPLETE,erm(A)=COMPLETE,fosB=COMPLETE,gyrA_S84L=POINT,mecA=COMPLETE,mecI=COMPLETE,mecR1=COMPLETE,mepA=COMPLETE,parC_S80F=POINT,tet(38)=COMPLETE",,"clindamycin=R,daptomycin=S,erythromycin=R,gentamicin=S,linezolid=S,oxacillin=R,rifampin=S,trimethoprim-sulfamethoxazole=S,vancomycin=S",1
Staphylococcus aureus,BSN84,"""BSN84"",""SRS20485605"",""Staphylococcus aureus str BSN84""",,PDT002103395.2,2024-06-03T20:12:03Z,"USA: Detroit, MI",blood,clinical,,,,,SAMN38637672,GCA_037045965.2,"blaI=COMPLETE,blaR1=HMM,blaZ=COMPLETE,dfrG=COMPLETE,erm(T)=COMPLETE,glpT_A100V=POINT,glpT_F3I=POINT,mepA=COMPLETE,murA_D278E=POINT,murA_E291D=POINT,tet(38)=COMPLETE",,"clindamycin=R,erythromycin=R,gentamicin=S,oxacillin=S,penicillin=R,rifampin=S,trimethoprim-sulfamethoxazole=S,vancomycin=S",1
Staphylococcus aureus,BSN35-3,"""BSN35-3"",""SRS25348659"",""Staphylococcus aureus str BSN35-3""",,PDT002182540.1,2024-05-29T13:07:50Z,"USA: Detroit, MI",blood,clinical,,,,,SAMN38637633,GCA_039905805.1,"blaI=COMPLETE,blaR1=COMPLETE,blaZ=COMPLETE,fosB=COMPLETE,mepA=COMPLETE,murA_G257D=POINT,tet(38)=COMPLETE",,"clindamycin=S,erythromycin=S,gentamicin=S,oxacillin=S,penicillin=R,rifampin=S,trimethoprim-sulfamethoxazole=S,vancomycin=S",0
Staphylococcus aureus,BSN181,"""BSN181"",""SRS20736313"",""Staphylococcus aureus str BSN181""",,PDT002137351.1,2024-04-10T12:21:15Z,"USA: Detroit, MI",blood,clinical,,,,,SAMN38637761,GCA_038048995.1,"aadD1=COMPLETE,ant(9)-Ia=COMPLETE,blaI=COMPLETE,blaR1=COMPLETE,blaZ=COMPLETE,bleO=COMPLETE,erm(A)=COMPLETE,fosB=COMPLETE,gyrA_S84L=POINT,mecA=COMPLETE,mecI=COMPLETE,mecR1=COMPLETE,mepA=COMPLETE,parC_S80F=POINT,tet(38)=COMPLETE",,"clindamycin=R,daptomycin=S,erythromycin=R,gentamicin=S,linezolid=R,oxacillin=R,rifampin=S,trimethoprim-sulfamethoxazole=S,vancomycin=S",1
Staphylococcus aureus,BSN97,"""BSN97"",""SRS20485600"",""Staphylococcus aureus str BSN97""",,PDT002117606.1,2024-03-18T15:17:09Z,"USA: Detroit, MI",blood,clinical,,PDS000126540.16,27.0,,SAMN38637685,GCA_037217645.1,"erm(C)=COMPLETE,fosB=COMPLETE,gyrA_S84L=POINT,mecA=COMPLETE,mecR1=PARTIAL,mepA=COMPLETE,murA_G257D=POINT,parC_S80Y=POINT,tet(38)=COMPLETE",,"clindamycin=R,daptomycin=S,erythromycin=R,gentamicin=S,linezolid=S,oxacillin=R,rifampin=S,trimethoprim-sulfamethoxazole=S,vancomycin=S",1
Staphylococcus aureus,,"""BWH_1602_S_aur"",""SRS19518867""",,PDT001986216.1,2023-11-15T22:56:30Z,USA:Boston,Nasal perirectal swab,clinical,,PDS000115333.6,0.0,,SAMN38228865,GCA_033726895.1,"blaI=COMPLETE,blaR1=COMPLETE,blaZ=COMPLETE,blaZ=PARTIAL_END_OF_CONTIG,glpT_A100V=POINT,mepA=COMPLETE,murA_E291D=POINT,murA_T396N=POINT,tet(38)=COMPLETE",,"ceftaroline=S,ciprofloxacin=S,clindamycin=S,daptomycin=S,erythromycin=S,gentamicin=S,levofloxacin=S,linezolid=S,minocycline=S,moxifloxacin=S,oxacillin=S,rifampin=S,tetracycline=S,tigecycline=S,trimethoprim-sulfamethoxazole=S,vancomycin=S",0
Staphylococcus aureus,BSN48-2,"""BSN48-2"",""SRS25348663"",""Staphylococcus aureus str BSN48-2""",,PDT002039522.2,2024-06-12T17:25:29Z,"USA: Detroit, MI",blood,clinical,,PDS000154993.3,0.0,,SAMN38637639,GCA_034554905.2,"aadD1=COMPLETE,ant(9)-Ia=COMPLETE,blaI=COMPLETE,blaR1=COMPLETE,blaZ=COMPLETE,bleO=COMPLETE,erm(A)=COMPLETE,erm(C)=COMPLETE,fosB=COMPLETE,gyrA_S84L=POINT,mecA=COMPLETE,mecI=COMPLETE,mecR1=COMPLETE,mepA=COMPLETE,mph(C)=COMPLETE,msr(A)=COMPLETE,parC_S80F=POINT,parE_P585S=POINT,tet(38)=COMPLETE",,"clindamycin=R,daptomycin=S,erythromycin=R,gentamicin=R,linezolid=S,oxacillin=R,rifampin=S,trimethoprim-sulfamethoxazole=S,vancomycin=S",1
Staphylococcus aureus,,"""326"",""BWH_326_S_aur"",""SRS13579675""",,PDT001343039.1,2022-06-25T02:38:50Z,USA:Boston,swab,clinical,,PDS000112058.12,0.0,,SAMN29334808,GCA_023986335.1,"ant(9)-Ia=COMPLETE,blaI=COMPLETE,blaPC1=COMPLETE,blaR1=COMPLETE,erm(A)=COMPLETE,fosB=COMPLETE,glpT_A100V=POINT,glpT_V213I=POINT,mepA=COMPLETE,murA_D278E=POINT,murA_E291D=POINT,tet(38)=COMPLETE",,"ceftaroline=S,ciprofloxacin=S,clindamycin=R,daptomycin=S,erythromycin=R,gentamicin=S,levofloxacin=S,linezolid=S,minocycline=S,moxifloxacin=S,oxacillin=S,rifampin=S,tetracycline=S,tigecycline=S,trimethoprim-sulfamethoxazole=S,vancomycin=S",1
Staphylococcus aureus,,"""BWH_1606_S_aur"",""SRS19518876""",,PDT002035943.2,2023-12-20T12:53:43Z,USA:Boston,Nasal perirectal swab,clinical,,PDS000170489.1,1.0,,SAMN38228873,GCA_034511515.1,"ant(6)-Ia=MISTRANSLATION,aph(3')-IIIa=COMPLETE,blaI=COMPLETE,blaR1=COMPLETE,blaZ=COMPLETE,fosB=COMPLETE,mecA=COMPLETE,mecR1=PARTIAL,mepA=COMPLETE,mph(C)=COMPLETE,msr(A)=COMPLETE,murA_G257D=POINT,sat4=COMPLETE,tet(38)=COMPLETE",,"ceftaroline=S,ciprofloxacin=S,clindamycin=S,daptomycin=S,erythromycin=R,gentamicin=S,levofloxacin=S,linezolid=S,minocycline=S,moxifloxacin=S,oxacillin=R,rifampin=S,tetracycline=S,tigecycline=S,trimethoprim-sulfamethoxazole=S,vancomycin=S",1
Staphylococcus aureus,BSN62-2,"""BSN62-2"",""SRS25348667"",""Staphylococcus aureus str BSN62-2""",,PDT002018716.2,2024-05-17T18:51:24Z,"USA: Detroit, MI",blood,clinical,,,,,SAMN38351595,GCA_034105255.2,"ant(6)-Ia=MISTRANSLATION,aph(3')-IIIa=COMPLETE,blaI=COMPLETE,blaR1=COMPLETE,blaZ=COMPLETE,fosB=COMPLETE,gyrA_S84L=POINT,mecA=COMPLETE,mecR1=PARTIAL,mepA=COMPLETE,mph(C)=COMPLETE,msr(A)=COMPLETE,murA_G257D=POINT,parC_S80Y=POINT,sat4=COMPLETE,tet(38)=COMPLETE",,"clindamycin=S,daptomycin=S,erythromycin=R,gentamicin=S,linezolid=S,oxacillin=R,rifampin=S,trimethoprim-sulfamethoxazole=S,vancomycin=S",1
Staphylococcus aureus,,"""PC0032"",""PC0032c-S0305"",""SRS11792472""",,PDT001516401.1,2022-12-07T22:44:12Z,Australia: Queensland,sputum,clinical,,,,,SAMN25295702,GCA_026741835.1,"blaI=COMPLETE,blaR1=COMPLETE,blaZ=COMPLETE,blaZ=PARTIAL_END_OF_CONTIG,fosB=COMPLETE,mepA=COMPLETE,tet(38)=COMPLETE",,"ciprofloxacin=S,clindamycin=S,daptomycin=S,erythromycin=S,fusidic acid=S,gentamicin=S,linezolid=S,mupirocin=S,nitrofurantoin=S,oxacillin=S,penicillin=R,rifampin=S,teicoplanin=S,tetracycline=S,vancomycin=S",0
Staphylococcus aureus,AR_0476,"""AR_0476"",""SRS3159772""",,PDT000353060.2,2018-07-16T13:07:09Z,,,clinical,,PDS000068766.1,3.0,,SAMN07291569,GCA_003324235.1,"blaI=COMPLETE,blaR1=HMM,blaZ=COMPLETE,erm(C)=COMPLETE,fosB=COMPLETE,mecA=COMPLETE,mepA=COMPLETE,tet(38)=COMPLETE",,"cefoxitin=R,ceftaroline=S,clindamycin=R,daptomycin=S,doxycycline=S,erythromycin=R,gentamicin=S,levofloxacin=S,linezolid=S,mupirocin=ND,oxacillin=R,penicillin=R,rifampin=S,tetracycline=S,trimethoprim-sulfamethoxazole=S,vancomycin=S",1
Staphylococcus aureus,BSN53,"""B0623"",""BSN53"",""R11077"",""SRS21114736"",""Staphylococcus aureus str BSN53""",,PDT002008159.2,2024-05-17T16:05:43Z,"USA: Detroit, MI",blood,clinical,,,,,SAMN38334799,GCA_033952345.2,"ant(6)-Ia=MISTRANSLATION,aph(3')-IIIa=COMPLETE,blaI=COMPLETE,blaR1=COMPLETE,blaZ=COMPLETE,fosB=COMPLETE,gyrA_S84L=POINT,mecA=COMPLETE,mecR1=PARTIAL,mepA=COMPLETE,mph(C)=COMPLETE,msr(A)=COMPLETE,murA_G257D=POINT,parC_S80F=POINT,sat4=COMPLETE,tet(38)=COMPLETE",,"ceftaroline=S,clindamycin=S,daptomycin=S,erythromycin=R,gentamicin=S,linezolid=S,oxacillin=R,rifampin=S,trimethoprim-sulfamethoxazole=S,vancomycin=S",1
Staphylococcus aureus,BSN120,"""BSN120"",""SRS20598181"",""Staphylococcus aureus str BSN120""",,PDT002514737.1,2024-12-04T21:36:56Z,"USA: Detroit, MI",blood,clinical,,,,,SAMN38637698,GCA_045689545.1,"erm(C)=COMPLETE,fosB=COMPLETE,gyrA_S84L=POINT,mepA=COMPLETE,murA_G257D=POINT,parC_S80Y=POINT,tet(38)=COMPLETE,tet(M)=COMPLETE",,"clindamycin=S,erythromycin=S,gentamicin=S,oxacillin=S,penicillin=S,rifampin=S,trimethoprim-sulfamethoxazole=S,vancomycin=S",0
Staphylococcus aureus,,"""PC0030"",""PC0030c-S0249"",""SRS11792355""",,PDT001516118.1,2022-12-07T22:43:24Z,Australia: Queensland,Swab (Sputum),clinical,,PDS000127167.1,4.0,,SAMN25295697,GCA_026745935.1,"ant(9)-Ia=PARTIAL,blaI=COMPLETE,blaR1=HMM,blaZ=COMPLETE,erm(A)=COMPLETE,fosB=COMPLETE,mepA=COMPLETE,tet(38)=COMPLETE",,"ciprofloxacin=S,clindamycin=R,daptomycin=S,erythromycin=R,fusidic acid=S,gentamicin=S,linezolid=S,mupirocin=S,nitrofurantoin=S,oxacillin=S,penicillin=R,rifampin=S,teicoplanin=S,tetracycline=S,vancomycin=S",1
Staphylococcus aureus,BSN206,"""BSN206"",""SRS20736333"",""Staphylococcus aureus str BSN206""",,PDT002514739.1,2024-12-04T21:37:48Z,"USA: Detroit, MI",blood,clinical,,,,,SAMN38637786,GCA_045689565.1,"blaI=COMPLETE,blaZ=COMPLETE,fosB=COMPLETE,mecA=COMPLETE,mepA=COMPLETE,tet(38)=COMPLETE",,"clindamycin=R,daptomycin=S,erythromycin=R,gentamicin=S,linezolid=S,oxacillin=R,rifampin=S,trimethoprim-sulfamethoxazole=S,vancomycin=S",1
Staphylococcus aureus,,"""926"",""SRS25253439"",""dzd-uci-8445""",,PDT002991477.1,2025-11-20T22:50:15Z,USA: California,blood,clinical,,,,,SAMN48878941,GCA_053673715.1,"ant(6)-Ia=MISTRANSLATION,aph(3')-IIIa=COMPLETE,blaI=COMPLETE,blaR1=COMPLETE,blaZ=COMPLETE,fosB=COMPLETE,gyrA_S84L=POINT,mecA=COMPLETE,mecR1=PARTIAL,mepA=COMPLETE,mph(C)=COMPLETE,msr(A)=COMPLETE,murA_G257D=POINT,parC_S80Y=POINT,tet(38)=COMPLETE",,"clindamycin=S,erythromycin=R,levofloxacin=R,oxacillin=R,rifampin=S,tetracycline=S,trimethoprim-sulfamethoxazole=S",1
Staphylococcus aureus,,"""PC0039"",""PC0039b-S0099"",""SRS11792493""",,PDT001516380.1,2022-12-07T22:44:09Z,Australia: Queensland,sputum,clinical,,PDS000127140.1,14.0,,SAMN25295721,GCA_026744465.1,"aac(6')-Ie/aph(2'')-Ia=COMPLETE,aadD1=COMPLETE,blaI=COMPLETE,blaR1=HMM,blaZ=COMPLETE,bleO=COMPLETE,glpT_A100V=POINT,mepA=COMPLETE,murA_E291D=POINT,murA_T396N=POINT,tet(38)=PARTIAL",,"ciprofloxacin=S,clindamycin=S,daptomycin=S,erythromycin=S,fusidic acid=S,gentamicin=R,linezolid=S,mupirocin=S,nitrofurantoin=S,oxacillin=S,penicillin=R,rifampin=S,teicoplanin=S,tetracycline=S,vancomycin=S",0
Staphylococcus aureus,,"""796"",""SRS25253118"",""dzd-uci-8222""",,PDT002991296.1,2025-11-20T22:49:39Z,USA: California,blood,clinical,,,,,SAMN48878811,GCA_053675975.1,"blaI=COMPLETE,blaR1=HMM,blaZ=COMPLETE,erm(T)=COMPLETE,glpT_A100V=POINT,glpT_F3I=POINT,mepA=COMPLETE,murA_D278E=POINT,murA_E291D=POINT,tet(38)=COMPLETE",,"clindamycin=R,erythromycin=R,levofloxacin=S,oxacillin=S,rifampin=S,tetracycline=S,trimethoprim-sulfamethoxazole=S",1
Staphylococcus aureus,,"""902"",""SRS25253703"",""dzd-uci-8398""",,PDT002991712.1,2025-11-20T22:51:02Z,USA: California,blood,clinical,,,,,SAMN48878917,GCA_053651175.1,"dfrG=COMPLETE,glpT_A100V=POINT,mepA=COMPLETE,murA_E291D=POINT,murA_T396N=POINT,tet(38)=COMPLETE",,"clindamycin=S,erythromycin=S,levofloxacin=S,oxacillin=S,rifampin=S,tetracycline=S,trimethoprim-sulfamethoxazole=R",0
Staphylococcus aureus,,"""PC0095"",""PC0095a-S0095"",""SRS11792600""",,PDT001516273.1,2022-12-07T22:43:51Z,Australia: Queensland,sputum,clinical,,PDS000127147.1,13.0,,SAMN25295816,GCA_026743595.1,"aadD1=COMPLETE,glpT_A100V=POINT,mepA=COMPLETE,mupA=COMPLETE,murA_E291D=POINT,murA_T396N=POINT,tet(38)=COMPLETE",,"ciprofloxacin=S,clindamycin=S,daptomycin=S,erythromycin=S,fusidic acid=S,gentamicin=S,linezolid=S,mupirocin=R,nitrofurantoin=S,oxacillin=S,penicillin=S,rifampin=S,teicoplanin=S,tetracycline=S,vancomycin=S",0
Staphylococcus aureus,BSN52-2,"""BSN52-2"",""SRS21090067"",""Staphylococcus aureus str BSN52-2""",,PDT002152302.1,2024-04-30T02:16:34Z,"USA: Detroit, MI",blood,clinical,,PDS000181665.2,1.0,,SAMN38637642,GCA_038700605.1,"ant(6)-Ia=MISTRANSLATION,aph(3')-IIIa=COMPLETE,blaI=COMPLETE,blaR1=COMPLETE,blaZ=COMPLETE,fosB=COMPLETE,gyrA_S84L=POINT,mecA=COMPLETE,mecR1=PARTIAL,mepA=COMPLETE,mph(C)=COMPLETE,msr(A)=COMPLETE,murA_G257D=POINT,parC_S80Y=POINT,sat4=COMPLETE,tet(38)=COMPLETE",,"clindamycin=S,daptomycin=S,erythromycin=R,gentamicin=S,linezolid=S,oxacillin=R,rifampin=S,trimethoprim-sulfamethoxazole=S,vancomycin=S",1
Staphylococcus aureus,BSN185,"""BSN185"",""SRS20736314"",""Staphylococcus aureus str BSN185""",,PDT002514738.1,2024-12-04T21:37:34Z,"USA: Detroit, MI",blood,clinical,,,,,SAMN38637765,GCA_045689555.1,"blaI=COMPLETE,blaR1=MISTRANSLATION,blaZ=COMPLETE,glpT_A100V=POINT,mepA=COMPLETE,murA_E291D=POINT,murA_T396N=POINT,tet(38)=COMPLETE",,"clindamycin=S,erythromycin=S,gentamicin=S,oxacillin=S,penicillin=R,rifampin=S,trimethoprim-sulfamethoxazole=S,vancomycin=S",0
Staphylococcus aureus,BSN50,"""BSN50"",""Staphylococcus aureus str BSN50""",,PDT002030668.1,2023-12-14T05:36:35Z,"USA: Detroit, MI",sputum,clinical,,PDS000170052.2,0.0,,SAMN36733052,GCA_034365985.1,"ant(6)-Ia=MISTRANSLATION,aph(3')-IIIa=COMPLETE,blaI=COMPLETE,blaR1=COMPLETE,blaZ=COMPLETE,fosB=COMPLETE,mecA=COMPLETE,mecR1=PARTIAL,mepA=COMPLETE,mph(C)=COMPLETE,msr(A)=COMPLETE,murA_G257D=POINT,parC_S80F=POINT,sat4=COMPLETE,tet(38)=COMPLETE",,"ceftaroline=S,clindamycin=S,erythromycin=R,gentamicin=S,linezolid=S,oxacillin=R,rifampin=S,tetracycline=S,trimethoprim-sulfamethoxazole=S,vancomycin=S",1
Staphylococcus aureus,BSN187-2,"""BSN187-2"",""SRS20736315"",""Staphylococcus aureus str BSN187-2""",,PDT002199722.1,2024-06-10T16:48:14Z,"USA: Detroit, MI",blood,clinical,,,,,SAMN38637767,GCA_040114735.1,"aadD1=COMPLETE,ant(9)-Ia=COMPLETE,blaI=COMPLETE,blaR1=COMPLETE,blaZ=COMPLETE,bleO=COMPLETE,erm(A)=COMPLETE,fosB=COMPLETE,gyrA_S84L=POINT,mecA=COMPLETE,mecI=COMPLETE,mecR1=COMPLETE,mepA=COMPLETE,mph(C)=COMPLETE,msr(A)=MISTRANSLATION,parC_S80F=POINT,parE_P585S=POINT,tet(38)=COMPLETE",,"clindamycin=R,daptomycin=S,erythromycin=R,gentamicin=S,linezolid=S,oxacillin=R,rifampin=S,trimethoprim-sulfamethoxazole=S,vancomycin=S",1
Staphylococcus aureus,,"""PC0058"",""PC0058aii-S0225"",""SRS11792381""",,PDT001516492.1,2022-12-07T22:44:29Z,Australia: Queensland,sputum,clinical,,PDS000127160.1,9.0,,SAMN25295753,GCA_026741255.1,"blaI=COMPLETE,blaZ=COMPLETE,fosB=COMPLETE,mepA=COMPLETE,tet(38)=COMPLETE",,"ciprofloxacin=S,clindamycin=S,erythromycin=S,fusidic acid=S,gentamicin=R,oxacillin=S,penicillin=R,tetracycline=R,vancomycin=S",0
Staphylococcus aureus,,"""BWH_1006_S_aur"",""SRS18432323""",,PDT001830484.2,2024-02-21T03:17:23Z,USA:Boston,Nasal perirectal swab,clinical,,PDS000154298.5,2.0,,SAMN36726440,GCA_032337695.2,"aac(6')-Ie/aph(2'')-Ia=COMPLETE,blaI=COMPLETE,blaR1=HMM,blaZ=COMPLETE,erm(T)=COMPLETE,glpT_A100V=POINT,glpT_F3I=POINT,mepA=COMPLETE,murA_D278E=POINT,murA_E291D=POINT,tet(38)=COMPLETE",,"ceftaroline=S,ciprofloxacin=S,clindamycin=R,daptomycin=S,erythromycin=R,gentamicin=S,levofloxacin=S,linezolid=S,minocycline=S,moxifloxacin=S,oxacillin=S,rifampin=S,tetracycline=S,tigecycline=S,trimethoprim-sulfamethoxazole=S,vancomycin=S",1
Staphylococcus aureus,,"""849"",""SRS25253422"",""dzd-uci-8307""",,PDT002991490.1,2025-11-20T22:50:18Z,USA: California,blood,clinical,,PDS000247559.1,0.0,,SAMN48878864,GCA_053657795.1,"blaI=COMPLETE,blaR1=HMM,blaZ=COMPLETE,erm(T)=COMPLETE,glpT_A100V=POINT,glpT_F3I=POINT,mepA=COMPLETE,murA_D278E=POINT,murA_E291D=POINT,tet(38)=COMPLETE",,"erythromycin=R,levofloxacin=S,oxacillin=S,rifampin=S,tetracycline=S,trimethoprim-sulfamethoxazole=S",1
Staphylococcus aureus,,"""PC0001"",""PC0001a-S0001"",""SRS11792358""",,PDT001516603.1,2022-12-07T23:49:22Z,Australia: Queensland,sputum,clinical,,,,,SAMN25295634,GCA_026737235.1,"ant(9)-Ia=COMPLETE,blaI=COMPLETE,blaR1=COMPLETE,blaZ=COMPLETE,erm(A)=COMPLETE,mepA=COMPLETE,tet(38)=COMPLETE",,"ciprofloxacin=S,clindamycin=R,daptomycin=S,erythromycin=R,fusidic acid=S,gentamicin=S,linezolid=S,mupirocin=S,nitrofurantoin=S,oxacillin=S,penicillin=R,rifampin=S,teicoplanin=S,tetracycline=S,vancomycin=S",1
Staphylococcus aureus,,"""BWH_911_S_aur"",""SRS18432681""",,PDT001830660.2,2024-02-17T07:04:50Z,USA:Boston,Nasal perirectal swab,clinical,,,,,SAMN36727328,GCA_032333595.2,"mepA=COMPLETE,tet(38)=COMPLETE",,"ceftaroline=S,ciprofloxacin=S,clindamycin=S,daptomycin=S,erythromycin=S,gentamicin=S,levofloxacin=S,linezolid=S,minocycline=S,moxifloxacin=S,oxacillin=S,rifampin=S,tetracycline=S,tigecycline=S,trimethoprim-sulfamethoxazole=S,vancomycin=S",0
Staphylococcus aureus,BSN213,"""BSN213"",""SRS20736341"",""Staphylococcus aureus str BSN213""",,PDT002135206.1,2024-04-08T19:25:17Z,"USA: Detroit, MI",blood,clinical,,PDS000180827.6,34.0,,SAMN38637793,GCA_038024215.1,"aac(6')-Ie/aph(2'')-Ia=COMPLETE,aadD1=COMPLETE,ant(9)-Ia=COMPLETE,blaI=COMPLETE,blaR1=COMPLETE,blaZ=COMPLETE,bleO=COMPLETE,cfr=COMPLETE,dfrS1=COMPLETE,erm(A)=COMPLETE,erm(C)=COMPLETE,fexA=COMPLETE,fosB=COMPLETE,gyrA_S84L=POINT,mecA=COMPLETE,mecI=COMPLETE,mecR1=COMPLETE,mepA=COMPLETE,parC_E84G=POINT,parC_S80Y=POINT,tet(38)=COMPLETE",,"clindamycin=R,daptomycin=S,erythromycin=R,gentamicin=R,linezolid=S,oxacillin=R,rifampin=S,trimethoprim-sulfamethoxazole=R,vancomycin=S",1
Staphylococcus aureus,,"""575"",""SRS25253629"",""dzd-uci-7885""",,PDT002991786.1,2025-11-20T22:51:17Z,USA: California,"URINE, CLEAN VOID",clinical,,,,,SAMN48878590,GCA_053667735.1,"blaI=COMPLETE,blaR1=HMM,blaZ=COMPLETE,fosB=COMPLETE,mepA=COMPLETE,tet(38)=COMPLETE",,"clindamycin=S,erythromycin=S,levofloxacin=S,oxacillin=S,rifampin=S,tetracycline=S,trimethoprim-sulfamethoxazole=S",0
Staphylococcus aureus,,"""PC0007"",""PC0007a-S0007"",""SRS11792393""",,PDT001516480.1,2022-12-07T22:44:27Z,Australia: Queensland,sputum,clinical,,,,,SAMN25295647,GCA_026741275.1,"blaI=COMPLETE,blaR1=COMPLETE,blaZ=COMPLETE,blaZ=PARTIAL_END_OF_CONTIG,fosB=COMPLETE,mepA=COMPLETE,tet(38)=COMPLETE",,"ciprofloxacin=S,clindamycin=S,daptomycin=S,erythromycin=S,fusidic acid=S,gentamicin=S,linezolid=S,mupirocin=S,nitrofurantoin=S,oxacillin=S,penicillin=R,rifampin=S,teicoplanin=S,tetracycline=S,vancomycin=S",0
Staphylococcus aureus,BSN02,"""BSN02"",""Staphylococcus aureus str BSN02""",,PDT001791592.2,2024-09-16T23:12:41Z,"USA: Detroit, MI",blood,clinical,,,,,SAMN35751151,GCA_030342385.2,"blaI=COMPLETE,blaR1=HMM,blaZ=COMPLETE,fosB=COMPLETE,mepA=COMPLETE,tet(38)=COMPLETE",,"clindamycin=S,erythromycin=S,gentamicin=S,oxacillin=S,penicillin=R,rifampin=S,trimethoprim-sulfamethoxazole=S,vancomycin=S",0
Staphylococcus aureus,,"""PC0176"",""PC0176b-S0253"",""SRS11792541""",,PDT001516332.1,2022-12-07T22:44:01Z,Australia: Queensland,sputum,clinical,,,,,SAMN25295897,GCA_026740675.1,"blaI=COMPLETE,blaPC1=COMPLETE,blaR1=MISTRANSLATION,blaZ=PARTIAL_END_OF_CONTIG,fosB=COMPLETE,glpT_A100V=POINT,glpT_V213I=POINT,mepA=COMPLETE,murA_D278E=POINT,murA_E291D=POINT,tet(38)=COMPLETE",,"ciprofloxacin=S,clindamycin=S,daptomycin=S,erythromycin=S,fusidic acid=S,gentamicin=S,linezolid=S,mupirocin=S,nitrofurantoin=S,oxacillin=S,penicillin=R,rifampin=S,teicoplanin=S,tetracycline=S,vancomycin=S",0
Staphylococcus aureus,BSN155,"""BSN155"",""SRS20736317"",""Staphylococcus aureus str BSN155""",,PDT002122860.1,2024-03-24T16:20:21Z,"USA: Detroit, MI",blood,clinical,,PDS000179684.1,20.0,,SAMN38637734,GCA_037482255.1,"ant(6)-Ia=MISTRANSLATION,aph(3')-IIIa=COMPLETE,blaI=COMPLETE,blaR1=COMPLETE,blaZ=COMPLETE,fosB=COMPLETE,mecA=COMPLETE,mecR1=PARTIAL,mepA=COMPLETE,mph(C)=COMPLETE,msr(A)=COMPLETE,murA_G257D=POINT,sat4=COMPLETE,tet(38)=COMPLETE",,"clindamycin=S,daptomycin=S,erythromycin=R,gentamicin=S,linezolid=S,oxacillin=R,rifampin=S,trimethoprim-sulfamethoxazole=S,vancomycin=S",1
Staphylococcus aureus,SA2,"""SA2"",""SRS20996310""",,PDT002432211.1,2024-10-25T08:26:22Z,Argentina: Ciudad Autonoma de Buenos Aires,blood,clinical,,PDS000202953.1,5.0,,SAMN40932248,GCA_043844915.1,"blaI=COMPLETE,blaR1=COMPLETE,blaZ=COMPLETE,fosB=COMPLETE,mepA=COMPLETE,murA_G257D=POINT,tet(38)=COMPLETE",,"cefoxitin=S,ciprofloxacin=S,clindamycin=S,erythromycin=S,gentamicin=S,levofloxacin=S,linezolid=S,minocycline=S,moxifloxacin=S,nitrofurantoin=S,oxacillin=R,quinupristin=S,rifampin=S,teicoplanin=S,tetracycline=S,tigecycline=S,trimethoprim-sulfamethoxazole=S,vancomycin=S",0
Staphylococcus aureus,BSN76,"""BSN76"",""SRS20483036"",""Staphylococcus aureus str BSN76""",,PDT002127339.1,2024-03-29T05:23:13Z,"USA: Detroit, MI",blood,clinical,,,,,SAMN38637664,GCA_037809465.1,"ant(6)-Ia=PARTIAL,aph(3')-IIIa=COMPLETE,blaI=COMPLETE,blaR1=HMM,blaR1=MISTRANSLATION,blaZ=COMPLETE,fosB=COMPLETE,mepA=COMPLETE,msr(A)=COMPLETE,sat4=COMPLETE,tet(38)=COMPLETE,tet(K)=COMPLETE",,"clindamycin=S,erythromycin=R,gentamicin=S,oxacillin=S,penicillin=S,rifampin=S,trimethoprim-sulfamethoxazole=S,vancomycin=S",1
Staphylococcus aureus,,"""BWH_1100_S_aur"",""SRS18432511""",,PDT001830514.2,2024-02-17T21:02:36Z,USA:Boston,Nasal perirectal swab,clinical,,,,,SAMN36726686,GCA_032336645.2,"blaI=COMPLETE,blaR1=HMM,blaZ=COMPLETE,erm(T)=COMPLETE,glpT_A100V=POINT,glpT_F3I=POINT,mepA=COMPLETE,murA_D278E=POINT,murA_E291D=POINT,tet(38)=COMPLETE",,"ceftaroline=S,ciprofloxacin=S,clindamycin=R,daptomycin=S,erythromycin=R,gentamicin=S,levofloxacin=S,linezolid=S,minocycline=S,moxifloxacin=S,oxacillin=S,rifampin=S,tetracycline=S,tigecycline=S,trimethoprim-sulfamethoxazole=S,vancomycin=S",1
Staphylococcus aureus,,"""PC0054"",""PC0054-S0054"",""SRS11792373""",,PDT001516500.1,2022-12-07T22:44:30Z,Australia: Queensland,Swab (Sputum),clinical,,,,,SAMN25295745,GCA_026740215.1,"ant(9)-Ia=PARTIAL,blaI=COMPLETE,blaR1=HMM,blaZ=COMPLETE,erm(A)=COMPLETE,fosB=COMPLETE,mepA=COMPLETE,tet(38)=COMPLETE",,"ciprofloxacin=S,clindamycin=R,daptomycin=S,erythromycin=R,fusidic acid=S,gentamicin=S,linezolid=S,mupirocin=S,nitrofurantoin=S,oxacillin=S,penicillin=R,rifampin=S,teicoplanin=S,tetracycline=S,vancomycin=S",1
Staphylococcus aureus,,"""947"",""SRS25253890"",""dzd-uci-8481""",,PDT002991962.1,2025-11-20T22:51:53Z,USA: California,ABSCESS,clinical,,PDS000247556.1,0.0,,SAMN48878962,GCA_053659815.1,"aadD1=COMPLETE,ant(6)-Ia=PARTIAL,aph(3')-IIIa=COMPLETE,blaI=COMPLETE,blaPC1=COMPLETE,blaR1=COMPLETE,bleO=COMPLETE,dfrS1=COMPLETE,erm(C)=COMPLETE,fosB=COMPLETE,glpT_A100V=POINT,glpT_V213I=POINT,mecA=COMPLETE,mecR1=PARTIAL,mepA=COMPLETE,mph(C)=COMPLETE,msr(A)=COMPLETE,murA_D278E=POINT,murA_E291D=POINT,sat4=COMPLETE,tet(38)=COMPLETE,tet(K)=COMPLETE",,"clindamycin=R,erythromycin=R,levofloxacin=S,oxacillin=R,rifampin=S,tetracycline=R,trimethoprim-sulfamethoxazole=S",1
Staphylococcus aureus,,"""667"",""SRS25253365"",""dzd-uci-8020""",,PDT002991545.1,2025-11-20T22:50:30Z,USA: California,blood,clinical,,PDS000247548.1,0.0,,SAMN48878682,GCA_053657375.1,"blaI=COMPLETE,blaR1=HMM,blaZ=COMPLETE,erm(C)=COMPLETE,fosB=COMPLETE,mepA=COMPLETE,tet(38)=COMPLETE",,"clindamycin=R,erythromycin=R,levofloxacin=S,oxacillin=S,rifampin=S,tetracycline=S,trimethoprim-sulfamethoxazole=S",1
Staphylococcus aureus,,"""0000-0056-4345"",""181"",""SRS1296142""",,PDT000107931.3,2024-02-13T19:33:35Z,USA:Boston,tissue,clinical,,,,,SAMN04456593,GCA_015619305.3,"aac(6')-Ie/aph(2'')-Ia=COMPLETE,fosB=COMPLETE,gyrA_S84L=POINT,mecA=COMPLETE,mecR1=PARTIAL,mepA=COMPLETE,murA_G257D=POINT,parC_S80F=POINT,tet(38)=COMPLETE",,"ciprofloxacin=R,clindamycin=S,daptomycin=S,erythromycin=S,gentamicin=S,levofloxacin=R,linezolid=S,minocycline=S,moxifloxacin=I,rifampin=S,tetracycline=S,tigecycline=S,trimethoprim-sulfamethoxazole=S,vancomycin=S",0
Staphylococcus aureus,,"""PN0204"",""PN0204-S0352"",""SRS11792563""",,PDT001516310.1,2022-12-07T22:43:57Z,Australia: Queensland,Swab left leg,clinical,,PDS000127138.1,0.0,,SAMN25295993,GCA_026742955.1,"blaI=COMPLETE,blaR1=COMPLETE,blaZ=COMPLETE,blaZ=PARTIAL_END_OF_CONTIG,glpT_A100V=POINT,mecA=COMPLETE,mecR1=PARTIAL,mepA=COMPLETE,murA_E291D=POINT,murA_T396N=POINT,tet(38)=COMPLETE",,"ciprofloxacin=S,clindamycin=S,daptomycin=S,erythromycin=S,fusidic acid=S,gentamicin=S,linezolid=S,mupirocin=S,nitrofurantoin=S,oxacillin=S,penicillin=R,rifampin=S,teicoplanin=S,tetracycline=S,vancomycin=S",0
Staphylococcus aureus,,"""61"",""SRS25253807"",""dzd-uci-7041""",,PDT002992044.1,2025-11-20T22:52:10Z,USA: California,ABSCESS,clinical,,,,,SAMN48878076,GCA_053664635.1,"ant(9)-Ia=COMPLETE,blaI=COMPLETE,blaR1=COMPLETE,blaZ=COMPLETE,blaZ=PARTIAL_END_OF_CONTIG,erm(A)=HMM,glpT_A100V=POINT,glpT_F3I=POINT,mepA=COMPLETE,murA_D278E=POINT,murA_E291D=POINT,tet(38)=COMPLETE",,"clindamycin=R,erythromycin=R,levofloxacin=S,oxacillin=S,rifampin=S,tetracycline=S,trimethoprim-sulfamethoxazole=S",1
Staphylococcus aureus,,"""PN0131"",""PN0131-S0320"",""SRS11792444""",,PDT001516429.1,2022-12-07T22:44:17Z,Australia: Queensland,Swab foot left,clinical,,,,,SAMN25295961,GCA_026742455.1,"ant(9)-Ia=COMPLETE,blaI=COMPLETE,blaR1=HMM,blaZ=COMPLETE,erm(A)=COMPLETE,fosB=COMPLETE,glpT_A100V=POINT,glpT_L27F=POINT,ileS_V588F=POINT,mepA=COMPLETE,murA_E291D=POINT,murA_T396N=POINT,tet(38)=COMPLETE",,"ciprofloxacin=S,clindamycin=R,daptomycin=S,erythromycin=R,fusidic acid=S,gentamicin=S,linezolid=S,mupirocin=R,nitrofurantoin=S,oxacillin=S,penicillin=R,rifampin=S,teicoplanin=S,tetracycline=S,vancomycin=S",1
Staphylococcus aureus,,"""PC0004"",""PC0004a-S0004"",""SRS11792474""",,PDT001516399.1,2022-12-07T22:44:12Z,Australia: Queensland,sputum,clinical,,PDS000127176.1,7.0,,SAMN25295641,GCA_026740495.1,"fosB=COMPLETE,mepA=COMPLETE,tet(38)=COMPLETE",,"ciprofloxacin=S,clindamycin=S,daptomycin=S,erythromycin=S,fusidic acid=S,gentamicin=S,linezolid=S,mupirocin=S,nitrofurantoin=S,oxacillin=S,penicillin=S,rifampin=S,teicoplanin=S,tetracycline=S,vancomycin=S",0
Staphylococcus aureus,,"""451"",""SRS25253023"",""dzd-uci-7684""",,PDT002991386.1,2025-11-20T22:49:57Z,USA: California,DRAINAGE,clinical,,,,,SAMN48878466,GCA_053674895.1,"fosB=COMPLETE,mepA=COMPLETE,tet(38)=COMPLETE",,"clindamycin=S,erythromycin=S,levofloxacin=S,oxacillin=S,rifampin=S,tetracycline=S,trimethoprim-sulfamethoxazole=S",0
Staphylococcus aureus,BSN96,"""BSN96"",""SRS20485599"",""Staphylococcus aureus str BSN96""",,PDT002112769.1,2024-03-14T04:37:41Z,"USA: Detroit, MI",blood,clinical,,,,,SAMN38637684,GCA_037137095.1,"blaI=COMPLETE,blaR1=COMPLETE,blaZ=COMPLETE,erm(C)=COMPLETE,fosB=COMPLETE,gyrA_S84L=POINT,mecA=COMPLETE,mecR1=PARTIAL,mepA=COMPLETE,mph(C)=COMPLETE,msr(A)=COMPLETE,murA_G257D=POINT,parC_S80Y=POINT,tet(38)=COMPLETE,tet(K)=COMPLETE",,"clindamycin=R,daptomycin=S,erythromycin=R,gentamicin=S,linezolid=S,oxacillin=R,rifampin=S,trimethoprim-sulfamethoxazole=S,vancomycin=S",1
Staphylococcus aureus,,"""BWH_1381_S_aur"",""SRS18550504""",,PDT001845627.2,2024-02-07T19:04:03Z,USA:Boston,Nasal perirectal swab,clinical,,PDS000175928.2,2.0,,SAMN36892898,GCA_031835265.2,"blaI=COMPLETE,blaR1=HMM,blaZ=COMPLETE,fosB=COMPLETE,ileS_V588F=POINT,mepA=COMPLETE,tet(38)=COMPLETE",,"ceftaroline=S,ciprofloxacin=S,clindamycin=S,daptomycin=S,erythromycin=S,gentamicin=S,levofloxacin=S,linezolid=S,minocycline=S,moxifloxacin=S,oxacillin=S,rifampin=S,tetracycline=S,tigecycline=S,trimethoprim-sulfamethoxazole=S",0
Staphylococcus aureus,,"""PC0034"",""PC0034e-S0284"",""SRS11792482""",,PDT001516391.1,2022-12-07T22:44:11Z,Australia: Queensland,sputum,clinical,,PDS000127165.1,14.0,,SAMN25295711,GCA_026742655.1,"blaI=COMPLETE,blaR1=MISTRANSLATION,blaZ=COMPLETE,blaZ=PARTIAL_END_OF_CONTIG,fosB=PARTIAL,mepA=COMPLETE,tet(38)=COMPLETE",,"ciprofloxacin=S,clindamycin=S,daptomycin=S,erythromycin=S,fusidic acid=S,gentamicin=S,linezolid=S,mupirocin=S,nitrofurantoin=S,oxacillin=S,penicillin=R,rifampin=S,teicoplanin=S,tetracycline=S,vancomycin=S",0
Staphylococcus aureus,,"""PC0058"",""PC0058b-S0083"",""SRS11792384""",,PDT001516489.1,2022-12-07T22:44:28Z,Australia: Queensland,sputum,clinical,,PDS000127227.1,10.0,,SAMN25295755,GCA_026741295.1,"aadD1=COMPLETE,blaI=MISTRANSLATION,blaR1=MISTRANSLATION,blaZ=COMPLETE,lnu(A)=COMPLETE,mepA=COMPLETE,tet(38)=COMPLETE",,"ciprofloxacin=S,clindamycin=S,daptomycin=S,erythromycin=S,fusidic acid=S,gentamicin=S,linezolid=S,mupirocin=S,nitrofurantoin=S,oxacillin=S,penicillin=R,rifampin=S,teicoplanin=S,tetracycline=S,vancomycin=S",0
Staphylococcus aureus,,"""PC0095"",""PC0095d-S0246"",""SRS11792603""",,PDT001516270.1,2022-12-07T22:43:50Z,Australia: Queensland,sputum,clinical,,PDS000127147.1,12.0,,SAMN25295819,GCA_026743615.1,"aadD1=COMPLETE,glpT_A100V=POINT,mepA=COMPLETE,mupA=COMPLETE,murA_E291D=POINT,murA_T396N=POINT,tet(38)=COMPLETE",,"ciprofloxacin=S,clindamycin=S,daptomycin=S,erythromycin=S,fusidic acid=S,gentamicin=S,linezolid=S,mupirocin=R,nitrofurantoin=S,oxacillin=S,penicillin=S,rifampin=S,teicoplanin=S,tetracycline=S,vancomycin=S",0
Staphylococcus aureus,BSN141,"""BSN141"",""SRS20598507"",""Staphylococcus aureus str BSN141""",,PDT002498352.1,2024-11-25T20:50:45Z,"USA: Detroit, MI",blood,clinical,,,,,SAMN38637720,GCA_045288655.1,"ant(9)-Ia=COMPLETE,blaI=COMPLETE,blaR1=MISTRANSLATION,blaZ=COMPLETE,erm(A)=COMPLETE,glpT_A100V=POINT,mepA=COMPLETE,murA_E291D=POINT,murA_T396N=POINT,tet(38)=COMPLETE",,"clindamycin=R,erythromycin=R,gentamicin=S,oxacillin=S,penicillin=R,rifampin=S,trimethoprim-sulfamethoxazole=S,vancomycin=S",1
Staphylococcus aureus,BSN118,"""BSN118"",""SRS20598180"",""Staphylococcus aureus str BSN118""",,PDT002111637.2,2024-06-12T18:12:11Z,"USA: Detroit, MI",blood,clinical,,,,,SAMN38637696,GCA_037120235.2,"ant(9)-Ia=COMPLETE,blaI=COMPLETE,blaR1=COMPLETE,blaZ=COMPLETE,erm(A)=COMPLETE,glpT_A100V=POINT,mepA=COMPLETE,murA_E291D=POINT,murA_T396N=POINT,tet(38)=COMPLETE",,"clindamycin=R,erythromycin=R,gentamicin=S,oxacillin=S,penicillin=R,rifampin=S,trimethoprim-sulfamethoxazole=S,vancomycin=S",1
Staphylococcus aureus,,"""BWH_1711_S_aur"",""SRS20473629""",,PDT002080326.1,2024-02-16T03:08:09Z,USA:Boston,Nasal perirectal swab,clinical,,PDS000174067.2,1.0,,SAMN39956399,GCA_036667195.1,"blaI=COMPLETE,blaR1=COMPLETE,blaZ=COMPLETE,blaZ=PARTIAL_END_OF_CONTIG,erm(C)=COMPLETE,fosB=COMPLETE,gyrA_S84L=POINT,mepA=COMPLETE,mph(C)=COMPLETE,msr(A)=COMPLETE,murA_G257D=POINT,parC_S80Y=POINT,tet(38)=COMPLETE",,"ceftaroline=S,ciprofloxacin=R,clindamycin=R,daptomycin=S,erythromycin=R,gentamicin=S,levofloxacin=R,linezolid=S,minocycline=S,moxifloxacin=R,oxacillin=S,rifampin=S,tetracycline=S,tigecycline=S,trimethoprim-sulfamethoxazole=S,vancomycin=S",1
Staphylococcus aureus,,"""PN0142"",""PN0142-S0324"",""SRS11792449""",,PDT001516424.1,2022-12-07T22:44:16Z,Australia: Queensland,Swab wound right scalp,clinical,,,,,SAMN25295965,GCA_026742435.1,"blaI=COMPLETE,blaR1=HMM,blaZ=COMPLETE,fosB=COMPLETE,mepA=COMPLETE,tet(38)=COMPLETE",,"ciprofloxacin=S,clindamycin=S,daptomycin=S,erythromycin=S,fusidic acid=S,gentamicin=S,linezolid=S,mupirocin=S,nitrofurantoin=S,oxacillin=S,penicillin=R,rifampin=S,teicoplanin=S,tetracycline=S,vancomycin=S",0
Staphylococcus aureus,,"""PC0074"",""PC0074b-S0117"",""SRS11792503""",,PDT001516370.1,2022-12-07T22:44:07Z,Australia: Queensland,sputum,clinical,,PDS000127154.1,13.0,,SAMN25295787,GCA_026742695.1,"blaI=PARTIAL_END_OF_CONTIG,blaR1=HMM,blaZ=COMPLETE,blaZ=PARTIAL_END_OF_CONTIG,fosB=MISTRANSLATION,glpT_A100V=POINT,glpT_V213I=POINT,mepA=COMPLETE,murA_D278E=POINT,murA_E291D=POINT,tet(38)=COMPLETE",,"ciprofloxacin=S,clindamycin=S,daptomycin=S,erythromycin=S,fusidic acid=S,gentamicin=S,linezolid=S,mupirocin=S,nitrofurantoin=S,oxacillin=S,penicillin=R,rifampin=S,teicoplanin=S,tetracycline=S,vancomycin=S",0
Staphylococcus aureus,BSN92,"""BSN92"",""SRS20485595"",""Staphylococcus aureus str BSN92""",,PDT002115218.2,2024-06-25T12:05:46Z,"USA: Detroit, MI",blood,clinical,,,,,SAMN38637680,GCA_037199595.2,"aadD1=COMPLETE,ant(9)-Ia=COMPLETE,blaI=COMPLETE,blaR1=COMPLETE,blaZ=COMPLETE,bleO=COMPLETE,erm(A)=COMPLETE,fosB=COMPLETE,gyrA_S84L=POINT,mecA=COMPLETE,mecI=COMPLETE,mecR1=COMPLETE,mepA=COMPLETE,parC_S80F=POINT,parE_D432N=POINT,tet(38)=COMPLETE",,"clindamycin=R,daptomycin=S,erythromycin=R,gentamicin=S,linezolid=S,oxacillin=R,rifampin=S,trimethoprim-sulfamethoxazole=S,vancomycin=S",1
Staphylococcus aureus,,"""177"",""BWH_177_S_aur"",""SRS13579672""",,PDT001343043.1,2022-06-25T02:38:51Z,USA:Boston,blood,clinical,,,,,SAMN29334796,GCA_023986255.1,"ant(9)-Ia=COMPLETE,blaI=COMPLETE,blaPC1=COMPLETE,blaR1=COMPLETE,erm(A)=COMPLETE,fosB=COMPLETE,glpT_A100V=POINT,glpT_V213I=POINT,mepA=COMPLETE,murA_D278E=POINT,murA_E291D=POINT,tet(38)=COMPLETE",,"ceftaroline=S,ciprofloxacin=S,clindamycin=R,daptomycin=S,erythromycin=R,gentamicin=S,levofloxacin=S,linezolid=S,minocycline=S,moxifloxacin=S,oxacillin=S,penicillin=R,rifampin=S,tetracycline=S,tigecycline=S,trimethoprim-sulfamethoxazole=S,vancomycin=S",1
Staphylococcus aureus,19KS12TI02,"""19KS12TI02"",""SP19ST00607"",""SRS12405345""",,PDT001276579.1,2022-03-30T14:53:51Z,USA:KS,TILAPIA (TI),environmental/other,,,,,SAMN26198729,GCA_022967385.1,"blaI=COMPLETE,blaR1=COMPLETE,blaZ=COMPLETE,mepA=COMPLETE,tet(38)=COMPLETE",,"ampicillin=ND,avilamycin=ND,chloramphenicol=S,ciprofloxacin=S,daptomycin=S,erythromycin=S,gentamicin=R,linezolid=S,nitrofurantoin=S,streptomycin=ND,synercid=S,tetracycline=ND,tigecycline=ND,vancomycin=S",0
Staphylococcus aureus,,"""PC0006"",""PC0006-S0006"",""SRS11792382""",,PDT001516491.1,2022-12-07T22:44:29Z,Australia: Queensland,sputum,clinical,,,,,SAMN25295646,GCA_026742215.1,"blaI=COMPLETE,blaR1=COMPLETE,blaZ=COMPLETE,fosB=COMPLETE,mepA=COMPLETE,tet(38)=COMPLETE",,"ciprofloxacin=S,clindamycin=S,daptomycin=S,erythromycin=S,fusidic acid=S,gentamicin=S,linezolid=S,mupirocin=S,nitrofurantoin=S,oxacillin=S,penicillin=R,rifampin=S,teicoplanin=S,tetracycline=S,vancomycin=S",0
Staphylococcus aureus,,"""BWH_1712_S_aur"",""SRS20472872""",,PDT002080304.1,2024-02-16T01:09:47Z,USA:Boston,Nasal perirectal swab,clinical,,PDS000155342.6,1.0,,SAMN39956400,GCA_036631725.1,"erm(C)=COMPLETE,fosB=COMPLETE,mepA=COMPLETE,tet(38)=COMPLETE",,"ceftaroline=S,ciprofloxacin=S,clindamycin=R,daptomycin=S,erythromycin=R,gentamicin=S,levofloxacin=S,linezolid=S,minocycline=S,moxifloxacin=S,oxacillin=S,rifampin=S,tetracycline=S,tigecycline=S,trimethoprim-sulfamethoxazole=S,vancomycin=S",1
Staphylococcus aureus,,"""PC0116"",""PC0116-S0116"",""SRS11792293""",,PDT001516180.1,2022-12-07T22:43:35Z,Australia: Queensland,sputum,clinical,,,,,SAMN25295850,GCA_026744365.1,"blaI=COMPLETE,blaPC1=COMPLETE,blaR1=COMPLETE,fosB=COMPLETE,glpT_A100V=POINT,mepA=COMPLETE,tet(38)=COMPLETE",,"ciprofloxacin=S,clindamycin=S,daptomycin=S,erythromycin=S,fusidic acid=S,gentamicin=S,linezolid=S,mupirocin=S,nitrofurantoin=S,oxacillin=S,penicillin=R,rifampin=S,teicoplanin=S,tetracycline=S,vancomycin=S",0
Staphylococcus aureus,,"""BWH_1026_S_aur"",""SRS18432378""",,PDT001830432.2,2024-02-21T03:17:23Z,USA:Boston,Nasal perirectal swab,clinical,,,,,SAMN36726465,GCA_032338375.2,"blaI=COMPLETE,blaR1=HMM,blaZ=COMPLETE,glpT_A100V=POINT,mepA=COMPLETE,murA_E291D=POINT,murA_T396N=POINT,tet(38)=COMPLETE",,"ceftaroline=S,ciprofloxacin=S,clindamycin=S,daptomycin=S,erythromycin=S,gentamicin=S,levofloxacin=S,linezolid=S,minocycline=S,moxifloxacin=S,oxacillin=S,rifampin=S,tetracycline=S,tigecycline=S,trimethoprim-sulfamethoxazole=S,vancomycin=S",0
Staphylococcus aureus,,"""PN0259"",""PN0259-S0399"",""SRS11792271""",,PDT001516202.1,2022-12-07T22:43:39Z,Australia: Queensland,"Swab wound right, leg",clinical,,PDS000127135.1,1.0,,SAMN25296033,GCA_026744225.1,"blaI=COMPLETE,blaR1=HMM,blaZ=COMPLETE,fosB=COMPLETE,glpT_A100V=POINT,glpT_L27F=POINT,mepA=COMPLETE,murA_E291D=POINT,murA_T396N=POINT,tet(38)=COMPLETE",,"ciprofloxacin=S,clindamycin=S,daptomycin=S,erythromycin=S,fusidic acid=S,gentamicin=S,linezolid=S,mupirocin=S,nitrofurantoin=S,oxacillin=S,penicillin=R,rifampin=S,teicoplanin=S,tetracycline=S,vancomycin=S",0
Staphylococcus aureus,,"""BWH_1336_S_aur"",""SRS18433627""",,PDT001831018.1,2023-07-27T18:48:30Z,USA:Boston,Nasal perirectal swab,clinical,,,,,SAMN36728996,GCA_032328815.1,"mepA=COMPLETE,tet(38)=COMPLETE",,"ceftaroline=S,ciprofloxacin=S,clindamycin=S,daptomycin=S,erythromycin=S,gentamicin=S,levofloxacin=S,linezolid=S,minocycline=S,moxifloxacin=S,oxacillin=S,rifampin=S,tetracycline=S,tigecycline=S,trimethoprim-sulfamethoxazole=S,vancomycin=S",0
Staphylococcus aureus,,"""205"",""SRS25253183"",""dzd-uci-7289""",,PDT002991236.1,2025-11-20T22:49:27Z,USA: California,"SPUTUM, TRACHEAL ASPIRATE/SUCTION",clinical,,,,,SAMN48878220,GCA_053676855.1,"blaI=COMPLETE,blaR1=HMM,blaZ=COMPLETE,fosB=COMPLETE,glpT_A100V=POINT,glpT_L27F=POINT,mepA=PARTIAL,murA_E291D=POINT,murA_T396N=POINT,tet(38)=COMPLETE",,"clindamycin=S,erythromycin=S,levofloxacin=S,oxacillin=S,rifampin=S,tetracycline=S,trimethoprim-sulfamethoxazole=S",0
Staphylococcus aureus,BSN93,"""BSN93"",""SRS20485596"",""Staphylococcus aureus str BSN93""",,PDT002143988.1,2024-04-21T13:07:58Z,"USA: Detroit, MI",blood,clinical,,PDS000180827.6,3.0,,SAMN38637681,GCA_038396875.1,"aac(6')-Ie/aph(2'')-Ia=COMPLETE,aadD1=COMPLETE,abc-f=HMM,ant(9)-Ia=COMPLETE,blaI=COMPLETE,blaR1=COMPLETE,blaZ=COMPLETE,bleO=COMPLETE,dfrS1=COMPLETE,erm(A)=COMPLETE,erm(C)=COMPLETE,fosB=COMPLETE,gyrA_S84L=POINT,mecA=COMPLETE,mecI=COMPLETE,mecR1=COMPLETE,mepA=COMPLETE,parC_E84G=POINT,parC_S80Y=POINT,tet(38)=COMPLETE",,"clindamycin=R,daptomycin=S,erythromycin=R,gentamicin=R,linezolid=S,oxacillin=R,rifampin=S,trimethoprim-sulfamethoxazole=S,vancomycin=S",1
Staphylococcus aureus,,"""BWH_1550_S_aur"",""SRS19518883""",,PDT001986203.2,2023-12-20T12:53:42Z,USA:Boston,Nasal perirectal swab,clinical,,PDS000126302.4,12.0,,SAMN38228879,GCA_034497745.1,"blaI=COMPLETE,blaR1=HMM,blaZ=COMPLETE,erm(T)=COMPLETE,glpT_A100V=POINT,glpT_F3I=POINT,mepA=COMPLETE,murA_D278E=POINT,murA_E291D=POINT,tet(38)=COMPLETE",,"ceftaroline=S,ciprofloxacin=S,clindamycin=R,daptomycin=S,erythromycin=R,gentamicin=S,levofloxacin=S,linezolid=S,minocycline=S,moxifloxacin=S,oxacillin=S,rifampin=S,tetracycline=S,tigecycline=S,trimethoprim-sulfamethoxazole=S,vancomycin=S",1
Staphylococcus aureus,,"""PC0099"",""PC0099-S0306"",""SRS11792608""",,PDT001516264.1,2022-12-07T22:43:49Z,Australia: Queensland,sputum,clinical,,,,,SAMN25295824,GCA_026743695.1,"blaI=COMPLETE,blaR1=COMPLETE,blaZ=COMPLETE,glpT_A100V=POINT,mepA=COMPLETE,murA_E291D=POINT,murA_T396N=POINT,tet(38)=COMPLETE",,"ciprofloxacin=S,clindamycin=S,daptomycin=S,erythromycin=S,fusidic acid=S,gentamicin=S,linezolid=S,mupirocin=S,nitrofurantoin=S,oxacillin=S,penicillin=R,rifampin=S,teicoplanin=S,tetracycline=S,vancomycin=S",0
Staphylococcus aureus,,"""BWH_1781_S_aur"",""SRS20472880""",,PDT002080295.1,2024-02-16T01:09:46Z,USA:Boston,Nasal perirectal swab,clinical,,,,,SAMN39956428,GCA_036669275.1,"ant(9)-Ia=COMPLETE,blaI=COMPLETE,blaPC1=COMPLETE,blaR1=COMPLETE,erm(A)=COMPLETE,fosB=COMPLETE,murA_D278E=POINT,murA_E291D=POINT,tet(38)=COMPLETE",,"ceftaroline=S,ciprofloxacin=S,clindamycin=R,daptomycin=S,erythromycin=R,gentamicin=S,levofloxacin=S,linezolid=S,minocycline=S,moxifloxacin=S,oxacillin=S,rifampin=S,tetracycline=S,tigecycline=S,trimethoprim-sulfamethoxazole=S,vancomycin=S",1
Staphylococcus aureus,,"""BWH_803_S_aur"",""SRS18433693""",,PDT001830959.2,2024-02-17T13:16:03Z,USA:Boston,Nasal perirectal swab,clinical,,,,,SAMN36729030,GCA_032329615.2,"blaI=COMPLETE,blaR1=HMM,blaZ=COMPLETE,fosB=COMPLETE,mepA=COMPLETE,tet(38)=COMPLETE",,"ceftaroline=S,ciprofloxacin=S,clindamycin=S,daptomycin=S,erythromycin=S,gentamicin=S,levofloxacin=S,linezolid=S,minocycline=S,moxifloxacin=S,oxacillin=S,rifampin=S,tetracycline=S,tigecycline=S,trimethoprim-sulfamethoxazole=S,vancomycin=S",0
Staphylococcus aureus,,"""PC0068"",""PC0068f-S0242"",""SRS11792407""",,PDT001516466.1,2022-12-07T22:44:24Z,Australia: Queensland,sputum,clinical,,PDS000127157.1,8.0,,SAMN25295776,GCA_026741515.1,"ant(9)-Ia=COMPLETE,blaI=COMPLETE,blaPC1=COMPLETE,blaR1=COMPLETE,erm(A)=COMPLETE,fosB=COMPLETE,glpT_A100V=POINT,glpT_V213I=POINT,mepA=COMPLETE,murA_D278E=POINT,murA_E291D=POINT,tet(38)=COMPLETE",,"ciprofloxacin=S,clindamycin=R,daptomycin=S,erythromycin=R,fusidic acid=S,gentamicin=S,linezolid=S,mupirocin=S,nitrofurantoin=S,oxacillin=S,penicillin=R,rifampin=S,teicoplanin=S,tetracycline=S,vancomycin=S",1
Staphylococcus aureus,,"""PN0112"",""PN0112-S0313"",""SRS11792323""",,PDT001516150.1,2022-12-07T22:43:30Z,Australia: Queensland,Swab ear right,clinical,,,,,SAMN25295953,GCA_026745055.1,"blaI=PARTIAL_END_OF_CONTIG,blaZ=COMPLETE,fosB=COMPLETE,glpT_A100V=POINT,glpT_L27F=POINT,mepA=MISTRANSLATION,murA_E291D=POINT,murA_T396N=POINT,tet(38)=COMPLETE",,"ciprofloxacin=S,clindamycin=S,daptomycin=S,erythromycin=S,fusidic acid=S,gentamicin=S,linezolid=S,mupirocin=S,nitrofurantoin=S,oxacillin=S,penicillin=R,rifampin=S,teicoplanin=S,tetracycline=S,vancomycin=S",0
Staphylococcus aureus,BSN132,"""BSN132"",""SRS20598165"",""Staphylococcus aureus str BSN132""",,PDT002153467.1,2024-05-01T16:46:29Z,"USA: Detroit, MI",blood,clinical,,,,,SAMN38637710,GCA_038975275.1,"aac(6')-Ie/aph(2'')-Ia=COMPLETE,ant(9)-Ia=COMPLETE,blaI=COMPLETE,blaR1=COMPLETE,blaZ=COMPLETE,dfrS1=COMPLETE,erm(A)=COMPLETE,erm(C)=COMPLETE,fosB=COMPLETE,gyrA_S84L=POINT,mecA=COMPLETE,mecI=COMPLETE,mecR1=COMPLETE,mepA=COMPLETE,parC_E84G=POINT,parC_S80Y=POINT,tet(38)=COMPLETE",,"clindamycin=R,daptomycin=S,erythromycin=R,gentamicin=R,linezolid=S,oxacillin=R,rifampin=S,trimethoprim-sulfamethoxazole=R,vancomycin=S",1
Staphylococcus aureus,,"""BWH_1340_S_aur"",""SRS18432371""",,PDT001830438.2,2024-02-07T13:06:35Z,USA:Boston,Nasal perirectal swab,clinical,,PDS000174062.2,7.0,,SAMN36726433,GCA_032338335.2,"blaI=COMPLETE,blaR1=HMM,blaZ=COMPLETE,erm(T)=COMPLETE,glpT_A100V=POINT,glpT_F3I=POINT,mepA=COMPLETE,murA_D278E=POINT,murA_E291D=POINT,tet(38)=COMPLETE",,"ceftaroline=S,ciprofloxacin=S,clindamycin=R,daptomycin=S,erythromycin=R,gentamicin=S,levofloxacin=S,linezolid=S,minocycline=S,moxifloxacin=S,oxacillin=S,rifampin=S,tetracycline=S,tigecycline=S,trimethoprim-sulfamethoxazole=S,vancomycin=S",1
Staphylococcus aureus,,"""895"",""SRS25253156"",""dzd-uci-8383""",,PDT002991261.1,2025-11-20T22:49:32Z,USA: California,ABSCESS,clinical,,,,,SAMN48878910,GCA_053676555.1,"ant(6)-Ia=MISTRANSLATION,aph(3')-IIIa=COMPLETE,blaI=COMPLETE,blaR1=COMPLETE,blaZ=COMPLETE,fosB=COMPLETE,mecA=COMPLETE,mecR1=PARTIAL,mepA=COMPLETE,mph(C)=COMPLETE,msr(A)=COMPLETE,murA_G257D=POINT,sat4=COMPLETE,tet(38)=COMPLETE",,"clindamycin=S,erythromycin=R,levofloxacin=S,oxacillin=R,rifampin=S,tetracycline=S,trimethoprim-sulfamethoxazole=S",1
Staphylococcus aureus,,"""PC0090"",""PC0090a-S0090"",""SRS11792525""",,PDT001516348.1,2022-12-07T22:44:03Z,Australia: Queensland,sputum,clinical,,,,,SAMN25295807,GCA_026740655.1,"blaI=PARTIAL_END_OF_CONTIG,blaR1=PARTIAL_END_OF_CONTIG,blaZ=COMPLETE,fosB=COMPLETE,mepA=COMPLETE,tet(38)=COMPLETE",,"ciprofloxacin=S,clindamycin=S,daptomycin=S,erythromycin=S,fusidic acid=S,gentamicin=S,linezolid=S,mupirocin=S,nitrofurantoin=S,oxacillin=S,penicillin=R,rifampin=S,teicoplanin=S,tetracycline=S,vancomycin=S",0
Staphylococcus aureus,AR465,"""AR465"",""AR_0465"",""SRS3159764""",,PDT000313595.2,2018-04-30T12:55:08Z,,,clinical,,PDS000068844.2,1.0,,SAMN07291558,GCA_003073655.1,"aadD1=COMPLETE,ant(9)-Ia=COMPLETE,blaI=COMPLETE,blaR1=PARTIAL,blaZ=COMPLETE,bleO=COMPLETE,erm(A)=COMPLETE,fosB=COMPLETE,gyrA_S84L=POINT,mecA=COMPLETE,mecI=COMPLETE,mecR1=COMPLETE,mepA=COMPLETE,parC_E84K=POINT,parC_S80F=POINT,tet(38)=COMPLETE",,"cefoxitin=R,ceftaroline=S,clindamycin=R,daptomycin=NS,doxycycline=S,erythromycin=R,gentamicin=S,levofloxacin=R,linezolid=S,mupirocin=ND,oxacillin=S,penicillin=R,rifampin=S,tetracycline=S,trimethoprim-sulfamethoxazole=S,vancomycin=I",1
Staphylococcus aureus,,"""BWH_1580_S_aur"",""SRS19518849""",,PDT002035966.1,2023-12-20T12:53:40Z,USA:Boston,Nasal perirectal swab,clinical,,PDS000115333.6,0.0,,SAMN38228848,GCA_034512535.1,"blaI=COMPLETE,blaR1=COMPLETE,blaZ=COMPLETE,blaZ=PARTIAL_END_OF_CONTIG,glpT_A100V=POINT,mepA=COMPLETE,murA_E291D=POINT,murA_T396N=POINT,tet(38)=COMPLETE",,"ceftaroline=S,ciprofloxacin=S,clindamycin=S,daptomycin=S,erythromycin=S,gentamicin=S,levofloxacin=S,linezolid=S,minocycline=S,moxifloxacin=S,oxacillin=S,rifampin=S,tetracycline=S,tigecycline=S,trimethoprim-sulfamethoxazole=S,vancomycin=S",0
Staphylococcus aureus,,"""BWH_1547_S_aur"",""SRS19518856""",,PDT001986226.2,2023-12-20T11:56:07Z,USA:Boston,Nasal perirectal swab,clinical,,PDS000170496.3,0.0,,SAMN38228855,GCA_034511595.1,"ant(9)-Ia=COMPLETE,blaI=COMPLETE,blaPC1=COMPLETE,blaR1=COMPLETE,erm(A)=COMPLETE,fosB=COMPLETE,glpT_A100V=POINT,glpT_V213I=POINT,mepA=COMPLETE,murA_D278E=POINT,murA_E291D=POINT,tet(38)=COMPLETE",,"ceftaroline=S,ciprofloxacin=S,clindamycin=R,daptomycin=S,erythromycin=R,gentamicin=S,levofloxacin=S,linezolid=S,minocycline=S,moxifloxacin=S,oxacillin=S,rifampin=S,tetracycline=S,tigecycline=S,trimethoprim-sulfamethoxazole=S,vancomycin=S",1
Staphylococcus aureus,BSN54,"""BSN54"",""Staphylococcus aureus str BSN54""",,PDT002011847.2,2024-09-16T21:54:15Z,"USA: Detroit, MI",blood,clinical,,PDS000168664.2,20.0,,SAMN38335110,GCA_033985535.2,"aac(6')-Ie/aph(2'')-Ia=COMPLETE,aadD1=COMPLETE,ant(9)-Ia=COMPLETE,blaI=COMPLETE,blaR1=COMPLETE,blaZ=COMPLETE,bleO=COMPLETE,erm(A)=COMPLETE,fosB=COMPLETE,gyrA_S84L=POINT,mecA=COMPLETE,mecI=COMPLETE,mecR1=COMPLETE,mepA=COMPLETE,mph(C)=COMPLETE,msr(A)=COMPLETE,parC_S80F=POINT,parE_P585S=POINT,tet(38)=COMPLETE",,"clindamycin=R,daptomycin=S,erythromycin=R,gentamicin=R,linezolid=S,oxacillin=R,rifampin=S,trimethoprim-sulfamethoxazole=S,vancomycin=S",1
Staphylococcus aureus,,"""BWH_1339_S_aur"",""SRS18433683""",,PDT001831062.2,2024-02-03T02:44:48Z,USA:Boston,Nasal perirectal swab,clinical,,PDS000155342.6,1.0,,SAMN36729020,GCA_032328215.2,"erm(C)=COMPLETE,fosB=COMPLETE,mepA=COMPLETE,tet(38)=COMPLETE",,"ceftaroline=S,ciprofloxacin=S,clindamycin=R,daptomycin=S,erythromycin=R,gentamicin=S,levofloxacin=S,linezolid=S,minocycline=S,moxifloxacin=S,oxacillin=S,rifampin=S,tetracycline=S,tigecycline=S,trimethoprim-sulfamethoxazole=S,vancomycin=S",1
Staphylococcus aureus,,"""BWH_1431_S_aur"",""SRS18550532""",,PDT001845602.2,2024-02-19T04:57:04Z,USA:Boston,Nasal perirectal swab,clinical,,,,,SAMN36892923,GCA_031835355.2,"blaI=COMPLETE,blaR1=HMM,blaZ=COMPLETE,erm(T)=COMPLETE,glpT_A100V=POINT,glpT_F3I=POINT,mepA=COMPLETE,murA_D278E=POINT,murA_E291D=POINT,tet(38)=COMPLETE",,"ceftaroline=S,ciprofloxacin=S,clindamycin=R,daptomycin=S,erythromycin=R,gentamicin=S,levofloxacin=S,linezolid=S,minocycline=S,moxifloxacin=S,oxacillin=S,rifampin=S,tetracycline=S,tigecycline=S,trimethoprim-sulfamethoxazole=S,vancomycin=S",1
Staphylococcus aureus,,"""PC0073"",""PC0073b-S0167"",""SRS11792500""",,PDT001516373.1,2022-12-07T22:44:08Z,Australia: Queensland,sputum,clinical,,PDS000127155.1,7.0,,SAMN25295784,GCA_026740615.1,"blaI=COMPLETE,blaI=PARTIAL_END_OF_CONTIG,blaZ=COMPLETE,fosB=COMPLETE,mepA=COMPLETE,tet(38)=COMPLETE",,"ciprofloxacin=S,clindamycin=S,daptomycin=S,erythromycin=S,fusidic acid=S,gentamicin=S,linezolid=S,mupirocin=S,nitrofurantoin=S,oxacillin=S,penicillin=R,rifampin=S,teicoplanin=S,tetracycline=S,vancomycin=S",0
Staphylococcus aureus,,"""BWH_1499_S_aur"",""SRS18979473""",,PDT001903597.2,2024-02-17T13:16:08Z,USA:Boston,Nasal perirectal swab,clinical,,PDS000154298.5,3.0,,SAMN37516891,GCA_032120455.2,"aac(6')-Ie/aph(2'')-Ia=COMPLETE,blaI=COMPLETE,blaR1=HMM,blaZ=COMPLETE,erm(T)=COMPLETE,glpT_A100V=POINT,glpT_F3I=POINT,mepA=COMPLETE,murA_D278E=POINT,murA_E291D=POINT,tet(38)=COMPLETE",,"ceftaroline=S,ciprofloxacin=S,clindamycin=R,daptomycin=S,erythromycin=R,gentamicin=S,levofloxacin=S,linezolid=S,minocycline=S,moxifloxacin=S,oxacillin=S,rifampin=S,tetracycline=S,tigecycline=S,trimethoprim-sulfamethoxazole=S,vancomycin=S",1
Staphylococcus aureus,,"""BWH_1549_S_aur"",""SRS19518866""",,PDT001986217.1,2023-11-15T22:56:30Z,USA:Boston,Nasal perirectal swab,clinical,,PDS000115304.7,3.0,,SAMN38228864,GCA_033726875.1,"ant(9)-Ia=MISTRANSLATION,blaI=COMPLETE,blaR1=HMM,blaZ=COMPLETE,erm(A)=COMPLETE,fosB=COMPLETE,mepA=COMPLETE,tet(38)=COMPLETE",,"ceftaroline=S,ciprofloxacin=S,clindamycin=R,daptomycin=S,erythromycin=R,gentamicin=S,levofloxacin=S,linezolid=S,minocycline=S,moxifloxacin=S,oxacillin=S,rifampin=S,tetracycline=S,tigecycline=S,trimethoprim-sulfamethoxazole=S,vancomycin=S",1
Staphylococcus aureus,,"""BWH_1341_S_aur"",""SRS18432385""",,PDT001830425.1,2023-07-27T17:49:18Z,USA:Boston,Nasal perirectal swab,clinical,,,,,SAMN36726471,GCA_032338495.1,"blaI=COMPLETE,blaR1=COMPLETE,blaZ=COMPLETE,fosB=COMPLETE,mepA=COMPLETE,tet(38)=COMPLETE",,"ceftaroline=S,ciprofloxacin=S,clindamycin=S,daptomycin=S,erythromycin=S,gentamicin=S,levofloxacin=S,linezolid=S,minocycline=S,moxifloxacin=S,oxacillin=S,rifampin=S,tetracycline=S,tigecycline=S,trimethoprim-sulfamethoxazole=S,vancomycin=S",0
Staphylococcus aureus,,"""PN0252"",""PN0252-S0395"",""SRS11792267""",,PDT001516206.1,2022-12-07T22:43:39Z,Australia: Queensland,Swab skin lesion Eczema,clinical,,,,,SAMN25296029,GCA_026744135.1,"erm(C)=COMPLETE,fosB=COMPLETE,mepA=COMPLETE,tet(38)=COMPLETE",,"ciprofloxacin=S,clindamycin=R,daptomycin=S,erythromycin=R,fusidic acid=S,gentamicin=S,linezolid=S,mupirocin=S,nitrofurantoin=S,oxacillin=S,penicillin=S,rifampin=S,teicoplanin=S,tetracycline=S,vancomycin=S",1
Staphylococcus aureus,BSN66,"""BSN66"",""SRS20483079"",""Staphylococcus aureus str BSN66""",,PDT002514732.1,2024-12-04T21:35:36Z,"USA: Detroit, MI",blood,clinical,,,,,SAMN38637652,GCA_045689495.1,"ant(6)-Ia=MISTRANSLATION,aph(3')-IIIa=COMPLETE,blaI=COMPLETE,blaR1=MISTRANSLATION,blaZ=COMPLETE,fosB=COMPLETE,gyrA_S84L=POINT,mecA=COMPLETE,mecR1=PARTIAL,mepA=COMPLETE,mph(C)=COMPLETE,msr(A)=COMPLETE,murA_G257D=POINT,parC_S80Y=POINT,sat4=COMPLETE,tet(38)=COMPLETE",,"clindamycin=S,daptomycin=S,erythromycin=R,gentamicin=S,linezolid=S,oxacillin=R,rifampin=S,trimethoprim-sulfamethoxazole=S,vancomycin=S",1
Staphylococcus aureus,,"""PC0056"",""PC0056a-S0056"",""SRS11792375""",,PDT001516498.1,2022-12-07T22:44:30Z,Australia: Queensland,sputum,clinical,,,,,SAMN25295747,GCA_026741235.1,"blaI=COMPLETE,blaPC1=COMPLETE,blaR1=PARTIAL_END_OF_CONTIG,glpT_A100V=POINT,mepA=COMPLETE,murA_E291D=POINT,murA_T396N=POINT,tet(38)=COMPLETE",,"ciprofloxacin=S,clindamycin=S,daptomycin=S,erythromycin=S,fusidic acid=S,gentamicin=S,linezolid=S,mupirocin=S,nitrofurantoin=S,oxacillin=S,penicillin=R,rifampin=S,teicoplanin=S,tetracycline=S,vancomycin=S",0
Staphylococcus aureus,BSN193,"""BSN193"",""SRS20736321"",""Staphylococcus aureus str BSN193""",,PDT002157242.1,2024-05-06T20:55:18Z,"USA: Detroit, MI",blood,clinical,,,,,SAMN38637773,GCA_039527645.1,"ant(6)-Ia=MISTRANSLATION,aph(3')-IIIa=COMPLETE,blaI=COMPLETE,blaR1=COMPLETE,blaZ=PARTIAL,fosB=COMPLETE,gyrA_S84L=POINT,mecA=COMPLETE,mecR1=PARTIAL,mepA=COMPLETE,mph(C)=COMPLETE,msr(A)=COMPLETE,murA_G257D=POINT,parC_S80Y=POINT,sat4=COMPLETE,tet(38)=COMPLETE",,"clindamycin=S,daptomycin=S,erythromycin=R,gentamicin=S,linezolid=S,oxacillin=R,rifampin=S,trimethoprim-sulfamethoxazole=S,vancomycin=S",1
Staphylococcus aureus,,"""BWH_1604_S_aur"",""SRS19518834""",,PDT001986242.1,2023-11-15T22:56:36Z,USA:Boston,Nasal perirectal swab,clinical,,,,,SAMN38228835,GCA_033726655.1,"mepA=COMPLETE,tet(38)=COMPLETE",,"ceftaroline=S,ciprofloxacin=S,clindamycin=S,daptomycin=S,erythromycin=S,gentamicin=S,levofloxacin=S,linezolid=S,minocycline=S,moxifloxacin=S,oxacillin=S,rifampin=S,tetracycline=S,tigecycline=S,trimethoprim-sulfamethoxazole=S,vancomycin=S",0
Staphylococcus aureus,,"""BWH_1477_S_aur"",""SRS18979500""",,PDT001903574.2,2024-02-18T08:07:33Z,USA:Boston,Nasal perirectal swab,clinical,,PDS000112058.12,1.0,,SAMN37516915,GCA_032121795.2,"ant(9)-Ia=COMPLETE,blaI=COMPLETE,blaPC1=COMPLETE,blaR1=COMPLETE,erm(A)=COMPLETE,fosB=COMPLETE,glpT_A100V=POINT,glpT_V213I=POINT,mepA=COMPLETE,murA_D278E=POINT,murA_E291D=POINT,tet(38)=COMPLETE",,"ceftaroline=S,ciprofloxacin=S,clindamycin=R,daptomycin=S,erythromycin=R,gentamicin=S,levofloxacin=S,linezolid=S,minocycline=S,moxifloxacin=S,oxacillin=S,rifampin=S,tetracycline=S,tigecycline=S,trimethoprim-sulfamethoxazole=S,vancomycin=S",1
Staphylococcus aureus,,"""BWH_1713_S_aur"",""SRS20472875""",,PDT002080296.1,2024-02-16T01:09:46Z,USA:Boston,Nasal perirectal swab,clinical,,PDS000174067.2,1.0,,SAMN39956401,GCA_036631865.1,"blaI=COMPLETE,blaR1=COMPLETE,blaZ=COMPLETE,blaZ=PARTIAL_END_OF_CONTIG,erm(C)=COMPLETE,fosB=COMPLETE,gyrA_S84L=POINT,mepA=COMPLETE,mph(C)=COMPLETE,msr(A)=COMPLETE,murA_G257D=POINT,parC_S80Y=POINT,tet(38)=COMPLETE",,"ceftaroline=S,ciprofloxacin=R,clindamycin=R,daptomycin=S,erythromycin=R,gentamicin=S,levofloxacin=R,linezolid=S,minocycline=S,moxifloxacin=I,oxacillin=S,rifampin=S,tetracycline=S,tigecycline=S,trimethoprim-sulfamethoxazole=S,vancomycin=S",1
Staphylococcus aureus,,"""PN0207"",""PN0207b-S0393"",""SRS11792567""",,PDT001516306.1,2022-12-07T22:43:56Z,Australia: Queensland,Aspirate endotracheal,clinical,,PDS000110864.2,18.0,,SAMN25295996,GCA_026752235.1,"blaI=COMPLETE,blaPC1=COMPLETE,blaR1=COMPLETE,mepA=COMPLETE,tet(38)=COMPLETE",,"ciprofloxacin=S,clindamycin=S,daptomycin=S,erythromycin=S,fusidic acid=S,gentamicin=S,linezolid=S,mupirocin=S,nitrofurantoin=S,oxacillin=S,penicillin=R,rifampin=S,teicoplanin=S,tetracycline=S,vancomycin=S",0
Staphylococcus aureus,,"""PC0256"",""PC0256-S0256"",""SRS11792310""",,PDT001516163.1,2022-12-07T22:43:32Z,Australia: Queensland,sputum,clinical,,,,,SAMN25295941,GCA_026744805.1,"ant(9)-Ia=COMPLETE,blaI=COMPLETE,blaZ=COMPLETE,erm(A)=COMPLETE,fosB=COMPLETE,glpT_A100V=POINT,glpT_L27F=POINT,ileS_V588F=POINT,mepA=COMPLETE,murA_E291D=POINT,murA_T396N=POINT,tet(38)=COMPLETE",,"ciprofloxacin=S,clindamycin=R,daptomycin=S,erythromycin=R,fusidic acid=S,gentamicin=S,linezolid=S,mupirocin=R,nitrofurantoin=S,oxacillin=S,penicillin=R,rifampin=S,teicoplanin=S,tetracycline=S,vancomycin=S",1
Staphylococcus aureus,AR_0220,"""AR_0220"",""FDA-CDC-AR_0220"",""SRS1739416""",,PDT000331090.2,2018-06-08T19:59:06Z,,,clinical,,,,,SAMN04901610,GCA_003203675.1,"aadD1=COMPLETE,ant(9)-Ia=COMPLETE,ant(9)-Ia=PARTIAL,blaI=COMPLETE,blaR1=COMPLETE,blaZ=COMPLETE,bleO=COMPLETE,erm(A)=COMPLETE,fosB=COMPLETE,gyrA_S84L=POINT,mecA=COMPLETE,mecI=COMPLETE,mecR1=COMPLETE,mepA=COMPLETE,parC_S80F=POINT,parE_D432N=POINT,tet(38)=COMPLETE",,"cefoxitin=R,ceftaroline=S,clindamycin=R,daptomycin=NS,doxycycline=S,erythromycin=R,gentamicin=S,levofloxacin=R,linezolid=S,mupirocin=ND,oxacillin=R,penicillin=R,rifampin=S,tetracycline=S,trimethoprim-sulfamethoxazole=S",1
Staphylococcus aureus,AR_474,"""AR_0474"",""AR_474"",""SRS3159771""",,PDT000355167.2,2018-07-20T11:58:06Z,,,clinical,,PDS000069669.3,,,SAMN07291567,GCA_003330905.1,"aac(6')-Ie/aph(2'')-Ia=COMPLETE,ant(9)-Ia=COMPLETE,blaI=COMPLETE,blaR1=COMPLETE,blaZ=COMPLETE,erm(A)=COMPLETE,fosB=COMPLETE,gyrA_S84L=POINT,mecA=COMPLETE,mecI=COMPLETE,mecR1=COMPLETE,mepA=COMPLETE,parC_E84G=POINT,parC_S80Y=POINT,rplC_G152D=POINT,rpoB_D471Y=POINT,tet(38)=COMPLETE",,"cefoxitin=R,ceftaroline=S,clindamycin=R,daptomycin=NS,doxycycline=S,erythromycin=R,gentamicin=R,levofloxacin=R,linezolid=S,mupirocin=ND,oxacillin=R,penicillin=R,rifampin=R,tetracycline=S,trimethoprim-sulfamethoxazole=S,vancomycin=I",1
Staphylococcus aureus,AR_0222,"""AR_0222"",""FDA-CDC-AR_0222"",""SRS1739418""",,PDT000331089.2,2018-06-08T19:57:07Z,,,clinical,,,,,SAMN04901612,GCA_003203655.1,"blaI=COMPLETE,blaR1=COMPLETE,blaZ=COMPLETE,fosB=COMPLETE,mepA=COMPLETE,rpoB_D471G=POINT,tet(38)=COMPLETE",,"cefoxitin=S,ceftaroline=S,clindamycin=S,daptomycin=S,doxycycline=S,erythromycin=S,gentamicin=S,levofloxacin=S,linezolid=S,mupirocin=ND,oxacillin=S,penicillin=R,rifampin=I,tetracycline=S,trimethoprim-sulfamethoxazole=S",0
Staphylococcus aureus,,"""BWH_1784_S_aur"",""SRS20472877""",,PDT002080294.1,2024-02-16T01:09:46Z,USA:Boston,Nasal perirectal swab,clinical,,,,,SAMN39956429,GCA_036631915.1,"blaI=COMPLETE,blaR1=HMM,blaZ=COMPLETE,erm(T)=COMPLETE,glpT_A100V=POINT,glpT_F3I=POINT,mepA=COMPLETE,murA_D278E=POINT,murA_E291D=POINT,tet(38)=COMPLETE",,"ceftaroline=S,ciprofloxacin=S,clindamycin=R,daptomycin=S,erythromycin=R,gentamicin=S,levofloxacin=S,linezolid=S,minocycline=S,moxifloxacin=S,oxacillin=S,rifampin=S,tetracycline=S,tigecycline=S,trimethoprim-sulfamethoxazole=S,vancomycin=S",1
Staphylococcus aureus,BSN131,"""BSN131"",""SRS20598163"",""Staphylococcus aureus str BSN131""",,PDT002121352.1,2024-03-20T15:56:06Z,"USA: Detroit, MI",blood,clinical,,PDS000179565.2,21.0,,SAMN38637709,GCA_037414495.1,"aadD1=COMPLETE,ant(9)-Ia=COMPLETE,blaI=COMPLETE,blaR1=COMPLETE,blaZ=COMPLETE,bleO=COMPLETE,erm(A)=COMPLETE,fosB=COMPLETE,gyrA_S84L=POINT,mecA=COMPLETE,mecI=COMPLETE,mecR1=COMPLETE,mepA=COMPLETE,mph(C)=COMPLETE,msr(A)=COMPLETE,parC_S80F=POINT,parE_P585S=POINT,tet(38)=COMPLETE",,"clindamycin=R,daptomycin=S,erythromycin=R,gentamicin=S,linezolid=S,oxacillin=R,rifampin=S,trimethoprim-sulfamethoxazole=S,vancomycin=S",1
Staphylococcus aureus,BSN62,"""BSN62"",""Staphylococcus aureus str BSN62""",,PDT002018719.1,2023-12-06T05:11:08Z,"USA: Detroit, MI",blood,clinical,,PDS000187666.1,0.0,,SAMN38351594,GCA_034105595.1,"blaI=COMPLETE,blaR1=COMPLETE,blaZ=COMPLETE,fexA=COMPLETE,fexA_A37V=POINT,fexA_G33A=POINT,fosB=COMPLETE,mecA=COMPLETE,mecR1=PARTIAL,mepA=COMPLETE,tet(38)=COMPLETE,tet(M)=COMPLETE",,"clindamycin=S,daptomycin=S,erythromycin=S,gentamicin=S,linezolid=S,oxacillin=R,rifampin=S,trimethoprim-sulfamethoxazole=S,vancomycin=S",0
Staphylococcus aureus,AR_0472,"""AR_0472"",""SRS3159770""",,PDT000326661.2,2018-06-06T11:53:06Z,,,clinical,,PDS000068766.1,6.0,,SAMN07291565,GCA_003193665.1,"blaI=COMPLETE,blaR1=HMM,blaZ=COMPLETE,erm(C)=COMPLETE,fosB=COMPLETE,mecA=COMPLETE,mepA=COMPLETE,tet(38)=COMPLETE",,"cefoxitin=R,ceftaroline=S,clindamycin=R,daptomycin=S,doxycycline=S,erythromycin=R,gentamicin=S,levofloxacin=S,linezolid=S,mupirocin=ND,oxacillin=R,penicillin=R,rifampin=S,tetracycline=S,trimethoprim-sulfamethoxazole=S,vancomycin=S",1
Staphylococcus aureus,,"""PC0170"",""PC0170-S0170"",""SRS11792533""",,PDT001516339.1,2022-12-07T22:44:02Z,Australia: Queensland,Swab (Sputum),clinical,,,,,SAMN25295891,GCA_026742835.1,"blaI=COMPLETE,blaPC1=COMPLETE,blaR1=PARTIAL_END_OF_CONTIG,blaZ=COMPLETE,fosB=COMPLETE,glpT_A100V=POINT,glpT_V213I=POINT,mepA=COMPLETE,murA_D278E=POINT,murA_E291D=POINT,tet(38)=COMPLETE",,"ciprofloxacin=S,clindamycin=S,daptomycin=S,erythromycin=S,fusidic acid=S,gentamicin=S,linezolid=S,mupirocin=S,nitrofurantoin=S,oxacillin=S,penicillin=R,rifampin=S,teicoplanin=S,tetracycline=S,vancomycin=S",0
Staphylococcus aureus,BSN49-2,"""BSN49-2"",""Staphylococcus aureus str BSN49-2""",,PDT001842130.1,2023-08-06T03:48:29Z,"USA: Detroit, MI",blood,clinical,,PDS000154993.3,3.0,,SAMN36733047,GCA_030649555.1,"aadD1=COMPLETE,ant(9)-Ia=COMPLETE,blaI=COMPLETE,blaR1=COMPLETE,blaZ=COMPLETE,bleO=COMPLETE,erm(A)=COMPLETE,erm(C)=COMPLETE,fosB=COMPLETE,gyrA_S84L=POINT,mecA=COMPLETE,mecI=COMPLETE,mecR1=COMPLETE,mepA=COMPLETE,mph(C)=COMPLETE,msr(A)=COMPLETE,parC_S80F=POINT,parE_P585S=POINT,tet(38)=COMPLETE",,"clindamycin=R,daptomycin=S,erythromycin=R,gentamicin=S,linezolid=S,oxacillin=R,rifampin=S,trimethoprim-sulfamethoxazole=S,vancomycin=S",1
Staphylococcus aureus,,"""797"",""SRS25253119"",""dzd-uci-8223""",,PDT002991295.1,2025-11-20T22:49:39Z,USA: California,blood,clinical,,PDS000247559.1,0.0,,SAMN48878812,GCA_053675995.1,"blaI=COMPLETE,blaR1=HMM,blaZ=COMPLETE,erm(T)=COMPLETE,glpT_A100V=POINT,glpT_F3I=POINT,mepA=COMPLETE,murA_D278E=POINT,murA_E291D=POINT,tet(38)=COMPLETE",,"clindamycin=R,erythromycin=R,levofloxacin=S,oxacillin=S,rifampin=S,tetracycline=S,trimethoprim-sulfamethoxazole=S",1
Staphylococcus aureus,BSN182,"""BSN182"",""SRS20736308"",""Staphylococcus aureus str BSN182""",,PDT002137352.1,2024-04-10T12:36:54Z,"USA: Detroit, MI",blood,clinical,,,,,SAMN38637762,GCA_038049065.1,"ant(6)-Ia=PARTIAL,aph(3')-IIIa=COMPLETE,blaI=COMPLETE,blaR1=COMPLETE,blaZ=COMPLETE,folP_A184V=POINT,fosB=COMPLETE,gyrA_S84L=POINT,mepA=COMPLETE,mph(C)=COMPLETE,msr(A)=COMPLETE,parC_S80Y=POINT,sat4=COMPLETE,tet(38)=COMPLETE",,"clindamycin=S,erythromycin=R,gentamicin=S,oxacillin=S,penicillin=R,rifampin=S,trimethoprim-sulfamethoxazole=S,vancomycin=S",1
Staphylococcus aureus,,"""PC0034"",""PC0034a-S0034"",""SRS11792478""",,PDT001516395.1,2022-12-07T22:44:11Z,Australia: Queensland,sputum,clinical,,PDS000127165.1,9.0,,SAMN25295707,GCA_026742595.1,"blaI=COMPLETE,blaR1=MISTRANSLATION,blaZ=COMPLETE,blaZ=PARTIAL_END_OF_CONTIG,fosB=PARTIAL,mepA=COMPLETE,tet(38)=COMPLETE",,"ciprofloxacin=S,clindamycin=S,daptomycin=S,erythromycin=S,fusidic acid=S,gentamicin=S,linezolid=S,mupirocin=S,nitrofurantoin=S,oxacillin=S,penicillin=R,rifampin=S,teicoplanin=S,tetracycline=S,vancomycin=S",0
Staphylococcus aureus,AR_0228,"""AR_0228"",""FDA-CDC-AR_0228"",""SRS1739412""",,PDT000331088.2,2018-06-08T19:56:07Z,,,clinical,,,,,SAMN04901618,GCA_003203635.1,"aadD1=COMPLETE,aadD1=PARTIAL,ant(9)-Ia=COMPLETE,blaI=COMPLETE,blaR1=COMPLETE,blaZ=COMPLETE,bleO=COMPLETE,bleO=PARTIAL,erm(A)=COMPLETE,erm(A)=PARTIAL,fosB=COMPLETE,gyrA_E88K=POINT,gyrA_S84L=POINT,mecA=COMPLETE,mecI=COMPLETE,mecR1=COMPLETE,mepA=COMPLETE,mupA=COMPLETE,parC_E84G=POINT,parC_S80Y=POINT,tet(38)=COMPLETE",,"cefoxitin=R,ceftaroline=S,clindamycin=R,daptomycin=NS,doxycycline=S,erythromycin=R,gentamicin=S,levofloxacin=R,linezolid=S,mupirocin=R,oxacillin=R,penicillin=R,rifampin=S,tetracycline=S,trimethoprim-sulfamethoxazole=S",1
Staphylococcus aureus,BSN49,"""BSN49"",""Staphylococcus aureus str BSN49""",,PDT002245349.1,2024-07-09T01:44:04Z,"USA: Detroit, MI",blood,clinical,,PDS000154993.3,0.0,,SAMN36733046,GCA_040556505.1,"aadD1=COMPLETE,ant(9)-Ia=COMPLETE,blaI=COMPLETE,blaR1=COMPLETE,blaZ=COMPLETE,bleO=COMPLETE,erm(A)=COMPLETE,erm(C)=COMPLETE,fosB=COMPLETE,gyrA_S84L=POINT,mecA=COMPLETE,mecI=COMPLETE,mecR1=COMPLETE,mepA=COMPLETE,mph(C)=COMPLETE,msr(A)=COMPLETE,parC_S80F=POINT,parE_P585S=POINT,tet(38)=COMPLETE",,"clindamycin=R,daptomycin=S,erythromycin=R,gentamicin=S,linezolid=S,oxacillin=R,rifampin=S,trimethoprim-sulfamethoxazole=S,vancomycin=S",1
Staphylococcus aureus,BSN214,"""BSN214"",""SRS20736344"",""Staphylococcus aureus str BSN214""",,PDT002135207.1,2024-04-08T19:41:03Z,"USA: Detroit, MI",blood,clinical,,,,,SAMN38637794,GCA_038024225.1,"blaI=COMPLETE,blaR1=COMPLETE,blaZ=COMPLETE,fosB=COMPLETE,mecA=COMPLETE,mecR1=PARTIAL,mepA=COMPLETE,murA_G257D=POINT,tet(38)=COMPLETE",,"clindamycin=S,daptomycin=S,erythromycin=S,gentamicin=S,linezolid=S,oxacillin=R,rifampin=S,trimethoprim-sulfamethoxazole=S,vancomycin=S",0
Staphylococcus aureus,BSN31-2,"""BSN31-2"",""Staphylococcus aureus str BSN31-2""",,PDT002088940.2,2024-05-17T20:13:24Z,"USA: Detroit, MI",blood,clinical,,PDS000182928.1,15.0,,SAMN39958769,GCA_036867165.2,"blaI=COMPLETE,blaR1=COMPLETE,blaZ=COMPLETE,fosB=COMPLETE,mecA=COMPLETE,mecR1=PARTIAL,mepA=COMPLETE,tet(38)=COMPLETE",,"clindamycin=S,daptomycin=S,erythromycin=S,gentamicin=S,linezolid=S,oxacillin=R,rifampin=S,trimethoprim-sulfamethoxazole=S,vancomycin=S",0
Staphylococcus aureus,BSN47-2,"""BSN47-2"",""SRS25348661"",""Staphylococcus aureus str BSN47-2""",,PDT002138403.1,2024-04-14T14:07:34Z,"USA: Detroit, MI",blood,clinical,,,,,SAMN38637637,GCA_038096205.1,"ant(6)-Ia=MISTRANSLATION,aph(3')-IIIa=COMPLETE,blaI=COMPLETE,blaR1=COMPLETE,blaZ=COMPLETE,erm(C)=COMPLETE,fosB=COMPLETE,gyrA_S84L=POINT,mecA=COMPLETE,mecR1=PARTIAL,mepA=COMPLETE,mph(C)=COMPLETE,msr(A)=COMPLETE,murA_G257D=POINT,parC_S80Y=POINT,sat4=COMPLETE,tet(38)=COMPLETE",,"clindamycin=R,daptomycin=S,erythromycin=R,gentamicin=S,linezolid=S,oxacillin=R,rifampin=S,trimethoprim-sulfamethoxazole=S,vancomycin=S",1
Staphylococcus aureus,BSN101,"""BSN101"",""SRS20598156"",""Staphylococcus aureus str BSN101""",,PDT002115867.1,2024-03-17T20:22:20Z,"USA: Detroit, MI",blood,clinical,,,,,SAMN38637689,GCA_037202005.1,"fosB=COMPLETE,mepA=COMPLETE,murA_G257D=POINT,tet(38)=COMPLETE",,"clindamycin=S,erythromycin=S,gentamicin=S,oxacillin=S,penicillin=S,rifampin=S,trimethoprim-sulfamethoxazole=S,vancomycin=S",0
Staphylococcus aureus,,"""PC0113"",""PC0113b-S0237"",""SRS11792289""",,PDT001516184.1,2022-12-07T22:43:35Z,Australia: Queensland,sputum,clinical,,,,,SAMN25295846,GCA_026744285.1,"blaI=COMPLETE,blaR1=COMPLETE,blaZ=COMPLETE,fosB=COMPLETE,mepA=COMPLETE,tet(38)=COMPLETE",,"ciprofloxacin=S,clindamycin=S,daptomycin=S,erythromycin=S,fusidic acid=S,gentamicin=S,linezolid=S,mupirocin=S,nitrofurantoin=S,oxacillin=S,penicillin=R,rifampin=S,teicoplanin=S,tetracycline=S,vancomycin=S",0
Staphylococcus aureus,0137-2003-2005,"""0137-2003-2005""",,PDT000516833.3,2019-05-24T15:09:42Z,Russia: Moscow,blood,clinical,,,,,SAMN11585836,GCA_005774675.1,"blaI=COMPLETE,blaR1=HMM,blaZ=COMPLETE,fosB=COMPLETE,glpT_A100V=POINT,glpT_L27F=POINT,mepA=COMPLETE,murA_E291D=POINT,murA_T396N=POINT,tet(38)=COMPLETE",,"amoxicillin-clavulanic acid=S,ampicillin-sulbactam=S,cefazolin=S,ceftriaxone=S,chloramphenicol=S,ciprofloxacin=S,clindamycin=S,daptomycin=S,erythromycin=S,gentamicin=S,imipenem=S,levofloxacin=S,linezolid=S,meropenem=S,moxifloxacin=S,oxacillin=S,rifampin=S,tetracycline=S,trimethoprim-sulfamethoxazole=S,vancomycin=S",0
Staphylococcus aureus,BSN125,"""BSN125"",""SRS20598158"",""Staphylococcus aureus str BSN125""",,PDT002131980.1,2024-04-03T14:47:20Z,"USA: Detroit, MI",blood,clinical,,PDS000180827.6,5.0,,SAMN38637703,GCA_037951045.1,"aadD1=COMPLETE,ant(9)-Ia=COMPLETE,bleO=COMPLETE,erm(A)=COMPLETE,fosB=COMPLETE,gyrA_S84L=POINT,mecA=COMPLETE,mecI=COMPLETE,mecR1=COMPLETE,mepA=COMPLETE,parC_E84G=POINT,parC_S80Y=POINT,tet(38)=COMPLETE",,"clindamycin=R,daptomycin=S,erythromycin=R,gentamicin=R,linezolid=S,oxacillin=R,rifampin=S,trimethoprim-sulfamethoxazole=S,vancomycin=S",1
Staphylococcus aureus,BSN52,"""BSN52"",""SRS21090066"",""Staphylococcus aureus str BSN52""",,PDT002152303.1,2024-04-30T02:32:57Z,"USA: Detroit, MI",blood,clinical,,PDS000126541.4,0.0,,SAMN38637641,GCA_038703065.1,"ant(6)-Ia=MISTRANSLATION,aph(3')-IIIa=COMPLETE,blaI=COMPLETE,blaR1=COMPLETE,blaZ=COMPLETE,fosB=COMPLETE,gyrA_S84L=POINT,mecA=COMPLETE,mecR1=PARTIAL,mepA=COMPLETE,mph(C)=COMPLETE,msr(A)=COMPLETE,murA_G257D=POINT,parC_S80Y=POINT,sat4=COMPLETE,tet(38)=COMPLETE",,"clindamycin=S,daptomycin=S,erythromycin=R,gentamicin=S,linezolid=S,oxacillin=R,rifampin=S,trimethoprim-sulfamethoxazole=S,vancomycin=S",1
Staphylococcus aureus,,"""870"",""SRS25253878"",""dzd-uci-8336""",,PDT002991974.1,2025-11-20T22:51:55Z,USA: California,aspirate,clinical,,,,,SAMN48878885,GCA_053654735.1,"ant(6)-Ia=MISTRANSLATION,aph(3')-IIIa=COMPLETE,blaI=COMPLETE,blaR1=COMPLETE,blaZ=COMPLETE,fosB=COMPLETE,gyrA_S84L=POINT,ileS_V588F=POINT,mecA=COMPLETE,mecR1=PARTIAL,mepA=COMPLETE,mph(C)=COMPLETE,msr(A)=COMPLETE,murA_G257D=POINT,parC_S80Y=POINT,sat4=COMPLETE,tet(38)=COMPLETE",,"clindamycin=S,erythromycin=R,levofloxacin=R,oxacillin=R,rifampin=S,tetracycline=S,trimethoprim-sulfamethoxazole=S",1
Staphylococcus aureus,BSN09-2,"""BSN09-2"",""SRS26262824"",""Staphylococcus aureus str BSN09-2""",,PDT002183331.1,2024-05-30T12:05:33Z,"USA: Detroit, MI",blood,clinical,,PDS000126533.2,2.0,,SAMN38637627,GCA_039953855.1,"blaI=COMPLETE,blaR1=COMPLETE,blaZ=COMPLETE,fosB=COMPLETE,gyrA_S84L=POINT,mecA=COMPLETE,mecR1=PARTIAL,mepA=COMPLETE,mph(C)=COMPLETE,msr(A)=PARTIAL_END_OF_CONTIG,murA_G257D=POINT,parC_S80Y=POINT,tet(38)=COMPLETE",,"clindamycin=S,daptomycin=S,erythromycin=S,gentamicin=S,linezolid=S,oxacillin=R,rifampin=S,trimethoprim-sulfamethoxazole=S,vancomycin=S",0
Staphylococcus aureus,,"""PC0232"",""PC0232-S0232"",""SRS11792304""",,PDT001516169.1,2022-12-07T22:43:33Z,Australia: Queensland,sputum,clinical,,,,,SAMN25295935,GCA_026744665.1,"blaI=COMPLETE,blaR1=COMPLETE,blaZ=COMPLETE,blaZ=PARTIAL_END_OF_CONTIG,mepA=COMPLETE,tet(38)=COMPLETE",,"ciprofloxacin=S,clindamycin=S,daptomycin=S,erythromycin=S,fusidic acid=S,gentamicin=S,linezolid=S,mupirocin=S,nitrofurantoin=S,oxacillin=S,penicillin=R,rifampin=S,teicoplanin=S,tetracycline=S,vancomycin=S",0
Staphylococcus aureus,,"""PC0046"",""PC0046-S0046"",""SRS11792590""",,PDT001516284.1,2022-12-07T22:43:53Z,Australia: Queensland,sputum,clinical,,,,,SAMN25295732,GCA_026740875.1,"fosB=COMPLETE,mepA=COMPLETE,tet(38)=COMPLETE",,"ciprofloxacin=S,clindamycin=S,daptomycin=S,erythromycin=S,fusidic acid=S,gentamicin=S,linezolid=S,mupirocin=S,nitrofurantoin=S,oxacillin=S,penicillin=S,rifampin=S,teicoplanin=S,tetracycline=S,vancomycin=S",0
Staphylococcus aureus,BSN43,"""B0589"",""BSN43"",""Staphylococcus aureus str BSN43""",,PDT002036670.2,2024-07-26T19:48:15Z,"USA: Detroit, MI",blood,clinical,,,,,SAMN38761804,GCA_034424965.2,"fexA=COMPLETE,fexA_A37V=POINT,fexA_G33A=POINT,fosB=COMPLETE,mecA=COMPLETE,mecR1=PARTIAL,mepA=COMPLETE,tet(38)=COMPLETE,tet(M)=COMPLETE",,"clindamycin=S,daptomycin=S,erythromycin=S,gentamicin=S,linezolid=S,oxacillin=R,rifampin=S,trimethoprim-sulfamethoxazole=S,vancomycin=S",0
Staphylococcus aureus,,"""588"",""SRS25253349"",""dzd-uci-7910""",,PDT002991561.1,2025-11-20T22:50:33Z,USA: California,"SPUTUM, TRACHEAL ASPIRATE/SUCTION",clinical,,PDS000247554.1,9.0,,SAMN48878603,GCA_053651695.1,"blaI=COMPLETE,blaR1=MISTRANSLATION,blaZ=COMPLETE,fosB=COMPLETE,mepA=COMPLETE,tet(38)=COMPLETE",,"clindamycin=S,erythromycin=S,levofloxacin=S,oxacillin=S,rifampin=S,tetracycline=S,trimethoprim-sulfamethoxazole=S",0
Staphylococcus aureus,,"""PC0045"",""PC0045-S0045"",""SRS11792588""",,PDT001516285.1,2022-12-07T22:43:53Z,Australia: Queensland,Swab (Sputum),clinical,,PDS000127160.1,9.0,,SAMN25295731,GCA_026743475.1,"blaI=PARTIAL_END_OF_CONTIG,blaZ=COMPLETE,fosB=COMPLETE,mepA=COMPLETE,tet(38)=COMPLETE",,"ciprofloxacin=S,clindamycin=S,daptomycin=S,erythromycin=S,fusidic acid=S,gentamicin=S,linezolid=S,mupirocin=S,nitrofurantoin=S,oxacillin=S,penicillin=R,rifampin=S,teicoplanin=S,tetracycline=S,vancomycin=S",0
Staphylococcus aureus,BSN170,"""BSN170"",""SRS20736296"",""Staphylococcus aureus str BSN170""",,PDT002140415.1,2024-04-15T15:45:12Z,"USA: Detroit, MI",blood,clinical,,PDS000180827.6,2.0,,SAMN38637750,GCA_038115185.1,"aac(6')-Ie/aph(2'')-Ia=COMPLETE,aadD1=COMPLETE,ant(9)-Ia=COMPLETE,blaI=COMPLETE,blaR1=COMPLETE,blaZ=COMPLETE,bleO=COMPLETE,erm(A)=COMPLETE,fosB=COMPLETE,gyrA_S84L=POINT,mecA=COMPLETE,mecI=COMPLETE,mecR1=COMPLETE,mepA=COMPLETE,parC_E84G=POINT,parC_S80Y=POINT,tet(38)=COMPLETE",,"clindamycin=R,daptomycin=S,erythromycin=R,gentamicin=R,linezolid=S,oxacillin=R,rifampin=S,trimethoprim-sulfamethoxazole=S,vancomycin=S",1
Staphylococcus aureus,,"""209"",""SRS25253487"",""dzd-uci-7296""",,PDT002991921.1,2025-11-20T22:51:44Z,USA: California,blood,clinical,,,,,SAMN48878224,GCA_053661695.1,"fosB=COMPLETE,mepA=COMPLETE,murA_G257D=POINT,tet(38)=COMPLETE",,"clindamycin=S,erythromycin=S,levofloxacin=S,oxacillin=S,rifampin=S,tetracycline=S,trimethoprim-sulfamethoxazole=S",0
Staphylococcus aureus,,"""BWH_802_S_aur"",""SRS18433796""",,PDT001830862.3,2024-02-17T17:10:18Z,USA:Boston,Nasal perirectal swab,clinical,,,,,SAMN36729097,GCA_031776225.2,"erm(T)=COMPLETE,glpT_A100V=POINT,glpT_F3I=POINT,mepA=COMPLETE,murA_D278E=POINT,murA_E291D=POINT,tet(38)=COMPLETE",,"ceftaroline=S,ciprofloxacin=S,clindamycin=R,daptomycin=S,erythromycin=R,gentamicin=S,levofloxacin=S,linezolid=S,minocycline=S,moxifloxacin=S,oxacillin=S,rifampin=S,tetracycline=S,tigecycline=S,trimethoprim-sulfamethoxazole=S,vancomycin=S",1
Staphylococcus aureus,,"""PC0177"",""PC0177b-S0274"",""SRS11792544""",,PDT001516329.1,2022-12-07T22:44:00Z,Australia: Queensland,sputum,clinical,,PDS000127145.1,10.0,,SAMN25295900,GCA_026742155.1,"blaI=COMPLETE,blaR1=COMPLETE,blaZ=COMPLETE,blaZ=PARTIAL_END_OF_CONTIG,fosB=PARTIAL,mepA=COMPLETE,tet(38)=COMPLETE",,"ciprofloxacin=S,clindamycin=S,erythromycin=S,fusidic acid=S,gentamicin=R,oxacillin=S,penicillin=R,rifampin=S,tetracycline=S,vancomycin=S",0
Staphylococcus aureus,BSN67,"""BSN67"",""SRS20483085"",""Staphylococcus aureus str BSN67""",,PDT002514733.1,2024-12-04T21:35:51Z,"USA: Detroit, MI",blood,clinical,,,,,SAMN38637653,GCA_045689505.1,"ant(6)-Ia=PARTIAL,aph(3')-IIIa=COMPLETE,blaI=COMPLETE,blaZ=COMPLETE,fosB=COMPLETE,mepA=COMPLETE,sat4=COMPLETE,tet(38)=COMPLETE,tet(K)=COMPLETE",,"clindamycin=S,erythromycin=S,gentamicin=S,oxacillin=S,penicillin=R,rifampin=S,trimethoprim-sulfamethoxazole=S,vancomycin=S",0
Staphylococcus aureus,,"""PC0059"",""PC0059d-S0261"",""SRS11792390""",,PDT001516483.1,2022-12-07T22:44:27Z,Australia: Queensland,sputum,clinical,,PDS000127158.1,7.0,,SAMN25295761,GCA_026741335.1,"ant(9)-Ia=COMPLETE,blaI=COMPLETE,blaPC1=COMPLETE,blaR1=PARTIAL_END_OF_CONTIG,blaZ=COMPLETE,erm(A)=COMPLETE,fosB=COMPLETE,glpT_A100V=POINT,glpT_V213I=POINT,mepA=COMPLETE,murA_D278E=POINT,murA_E291D=POINT,tet(38)=COMPLETE",,"ciprofloxacin=S,clindamycin=R,daptomycin=S,erythromycin=R,fusidic acid=S,gentamicin=S,linezolid=S,mupirocin=S,nitrofurantoin=S,oxacillin=S,penicillin=R,rifampin=S,teicoplanin=S,tetracycline=S,vancomycin=S",1
Staphylococcus aureus,LAC,"""LAC"",""MRSN499985""",,PDT000284751.2,2018-01-31T06:00:18Z,USA:California,skin and soft tissue,clinical,,PDS000231984.8,1.0,29.0,SAMN08391108,GCA_002909325.1,"ant(6)-Ia=MISTRANSLATION,aph(3')-IIIa=COMPLETE,blaI=COMPLETE,blaR1=COMPLETE,blaZ=COMPLETE,fosB=COMPLETE,gyrA_S84L=POINT,mecA=COMPLETE,mecR1=PARTIAL,mepA=COMPLETE,mph(C)=COMPLETE,msr(A)=COMPLETE,murA_G257D=POINT,parC_S80Y=POINT,sat4=COMPLETE,tet(38)=COMPLETE",,"amoxicillin-clavulanic acid=R,ampicillin-sulbactam=R,ampicillin=R,cefazolin=R,ceftriaxone=R,ciprofloxacin=R,clindamycin=S,daptomycin=S,erythromycin=R,gentamicin=S,linezolid=S,minocycline=S,nitrofurantoin=S,oxacillin=R,penicillin=R,rifampin=S,tetracycline=S,tigecycline=S,trimethoprim-sulfamethoxazole=S,vancomycin=S",1
Staphylococcus aureus,AR_0216,"""AR_0216"",""FDA-CDC-AR_0216"",""SRS1739408""",,PDT000326664.2,2018-06-06T11:57:06Z,,,clinical,,PDS000231984.8,19.0,63.0,SAMN04901606,GCA_003193725.1,"ant(6)-Ia=MISTRANSLATION,aph(3')-IIIa=COMPLETE,blaI=COMPLETE,blaR1=COMPLETE,blaZ=PARTIAL,fosB=COMPLETE,gyrA_S84L=POINT,mecA=COMPLETE,mecR1=PARTIAL,mepA=COMPLETE,mph(C)=COMPLETE,msr(A)=COMPLETE,murA_G257D=POINT,parC_S80Y=POINT,sat4=COMPLETE,tet(38)=COMPLETE",,"cefoxitin=R,ceftaroline=S,clindamycin=S,daptomycin=NS,doxycycline=S,erythromycin=R,gentamicin=S,levofloxacin=R,linezolid=S,mupirocin=ND,oxacillin=R,penicillin=R,rifampin=S,tetracycline=S,trimethoprim-sulfamethoxazole=S",1
Staphylococcus aureus,,"""PC0066"",""PC0066-S0066"",""SRS11792399""",,PDT001516474.1,2022-12-07T22:44:26Z,Australia: Queensland,Swab (Sputum),clinical,,,,,SAMN25295769,GCA_026741415.1,"blaI=COMPLETE,blaR1=COMPLETE,blaZ=COMPLETE,blaZ=PARTIAL_END_OF_CONTIG,mepA=COMPLETE,tet(38)=COMPLETE",,"ciprofloxacin=S,clindamycin=S,daptomycin=S,erythromycin=S,fusidic acid=S,gentamicin=S,linezolid=S,mupirocin=S,nitrofurantoin=S,oxacillin=S,penicillin=R,rifampin=S,teicoplanin=S,tetracycline=S,vancomycin=S",0
Staphylococcus aureus,,"""BWH_1028_S_aur"",""SRS18432647""",,PDT001830650.1,2023-07-27T17:50:07Z,USA:Boston,Nasal perirectal swab,clinical,,,,,SAMN36727337,GCA_032333755.1,"fosB=COMPLETE,mepA=COMPLETE,tet(38)=COMPLETE",,"ceftaroline=S,ciprofloxacin=S,clindamycin=S,daptomycin=S,erythromycin=S,gentamicin=S,levofloxacin=S,linezolid=S,minocycline=S,moxifloxacin=S,oxacillin=S,rifampin=S,tetracycline=S,tigecycline=S,trimethoprim-sulfamethoxazole=S,vancomycin=S",0
Staphylococcus aureus,,"""906"",""SRS25253709"",""dzd-uci-8415""",,PDT002991708.1,2025-11-20T22:51:01Z,USA: California,ABSCESS,clinical,,,,,SAMN48878921,GCA_053655755.1,"blaI=COMPLETE,blaR1=COMPLETE,blaZ=COMPLETE,fosB=COMPLETE,gyrA_S84L=POINT,mecA=COMPLETE,mecR1=PARTIAL,mepA=COMPLETE,mph(C)=COMPLETE,msr(A)=COMPLETE,murA_G257D=POINT,parC_S80Y=POINT,tet(38)=COMPLETE",,"clindamycin=S,erythromycin=R,levofloxacin=R,oxacillin=R,rifampin=S,tetracycline=S,trimethoprim-sulfamethoxazole=S",1
Staphylococcus aureus,BSN171,"""BSN171"",""SRS20736297"",""Staphylococcus aureus str BSN171""",,PDT002143990.1,2024-04-21T13:57:16Z,"USA: Detroit, MI",blood,clinical,,,,,SAMN38637751,GCA_038396905.1,"abc-f=HMM,blaI=COMPLETE,blaR1=MISTRANSLATION,blaZ=COMPLETE,fosB=COMPLETE,mepA=COMPLETE,tet(38)=COMPLETE",,"clindamycin=S,erythromycin=S,gentamicin=S,oxacillin=S,penicillin=S,rifampin=S,trimethoprim-sulfamethoxazole=S,vancomycin=S",0
Staphylococcus aureus,,"""564"",""SRS25253617"",""dzd-uci-7872""",,PDT002991796.1,2025-11-20T22:51:19Z,USA: California,ABSCESS,clinical,,,,,SAMN48878579,GCA_053655195.1,"blaI=COMPLETE,blaR1=COMPLETE,blaZ=COMPLETE,blaZ=PARTIAL_END_OF_CONTIG,fosB=COMPLETE,mepA=COMPLETE,tet(38)=MISTRANSLATION",,"clindamycin=S,erythromycin=S,levofloxacin=S,oxacillin=S,rifampin=S,tetracycline=S,trimethoprim-sulfamethoxazole=S",0
Staphylococcus aureus,,"""324"",""BWH_324_S_aur"",""SRS13579673""",,PDT001343041.1,2022-06-25T02:38:50Z,USA:Boston,swab,clinical,,PDS000112058.12,2.0,,SAMN29334806,GCA_023986295.1,"ant(9)-Ia=COMPLETE,blaI=COMPLETE,blaPC1=COMPLETE,blaR1=COMPLETE,erm(A)=COMPLETE,fosB=COMPLETE,glpT_A100V=POINT,glpT_V213I=POINT,mepA=COMPLETE,murA_D278E=POINT,murA_E291D=POINT,tet(38)=COMPLETE",,"ceftaroline=S,ciprofloxacin=S,clindamycin=R,daptomycin=S,erythromycin=R,gentamicin=S,levofloxacin=S,linezolid=S,minocycline=S,moxifloxacin=S,oxacillin=S,rifampin=S,tetracycline=S,tigecycline=S,trimethoprim-sulfamethoxazole=S,vancomycin=S",1
Staphylococcus aureus,,"""133"",""SRS25252959"",""dzd-uci-7169""",,PDT002991446.1,2025-11-20T22:50:08Z,USA: California,SURGICAL/PROCEDURE SPECIMEN,clinical,,,,,SAMN48878148,GCA_053653005.1,"mepA=COMPLETE,tet(38)=COMPLETE",,"clindamycin=S,erythromycin=S,levofloxacin=S,oxacillin=S,rifampin=S,tetracycline=S,trimethoprim-sulfamethoxazole=S",0
Staphylococcus aureus,BSN49-4,"""BSN49-4"",""Staphylococcus aureus str BSN49-4""",,PDT001842132.1,2023-08-06T04:09:10Z,"USA: Detroit, MI",bone biopsy,clinical,,PDS000154993.3,3.0,,SAMN36733049,GCA_030651555.1,"aadD1=COMPLETE,ant(9)-Ia=COMPLETE,blaI=COMPLETE,blaR1=COMPLETE,blaZ=COMPLETE,bleO=COMPLETE,erm(A)=COMPLETE,erm(C)=COMPLETE,fosB=COMPLETE,gyrA_S84L=POINT,mecA=COMPLETE,mecI=COMPLETE,mecR1=COMPLETE,mepA=COMPLETE,mph(C)=COMPLETE,msr(A)=COMPLETE,parC_S80F=POINT,parE_P585S=POINT,tet(38)=COMPLETE",,"ceftaroline=S,clindamycin=R,daptomycin=S,erythromycin=R,gentamicin=S,linezolid=S,oxacillin=R,rifampin=S,trimethoprim-sulfamethoxazole=S,vancomycin=S",1
Staphylococcus aureus,,"""BWH_1523_S_aur"",""SRS18979519""",,PDT001903557.2,2024-02-07T19:04:06Z,USA:Boston,Nasal perirectal swab,clinical,,PDS000112059.3,14.0,,SAMN37516932,GCA_032122775.2,"ant(9)-Ia=COMPLETE,blaI=COMPLETE,blaPC1=COMPLETE,blaR1=COMPLETE,erm(A)=COMPLETE,fosB=COMPLETE,glpT_A100V=POINT,glpT_V213I=POINT,mepA=COMPLETE,murA_D278E=POINT,murA_E291D=POINT,tet(38)=COMPLETE",,"ceftaroline=S,ciprofloxacin=S,clindamycin=R,daptomycin=S,erythromycin=R,gentamicin=S,levofloxacin=S,linezolid=S,minocycline=S,moxifloxacin=S,oxacillin=S,rifampin=S,tetracycline=S,tigecycline=S,trimethoprim-sulfamethoxazole=S,vancomycin=S",1
Staphylococcus aureus,AR_0225,"""AR_0225"",""FDA-CDC-AR_0225"",""SRS1739409""",,PDT000326669.2,2018-06-06T12:08:48Z,,,clinical,,,,,SAMN04901615,GCA_003193965.1,"ant(6)-Ia=MISTRANSLATION,aph(3')-IIIa=COMPLETE,blaI=COMPLETE,blaR1=COMPLETE,blaZ=COMPLETE,fosB=COMPLETE,gyrA_S84L=POINT,mecA=COMPLETE,mecR1=PARTIAL,mepA=COMPLETE,mph(C)=COMPLETE,msr(A)=COMPLETE,murA_G257D=POINT,parC_S80Y=POINT,sat4=COMPLETE,tet(38)=COMPLETE",,"cefoxitin=R,ceftaroline=S,clindamycin=S,daptomycin=NS,doxycycline=S,erythromycin=R,gentamicin=S,levofloxacin=R,linezolid=S,mupirocin=ND,oxacillin=R,penicillin=R,rifampin=S,tetracycline=S,trimethoprim-sulfamethoxazole=S",1
Staphylococcus aureus,0345-2701-2015,"""0345-2701-2015"",""SRS3745664""",,PDT000287913.2,2018-02-10T17:10:28Z,Russia: Moscow,Skin lesions,clinical,,,,,SAMN08456648,GCA_002925615.1,"fosB=COMPLETE,mepA=COMPLETE,murA_G257D=POINT,tet(38)=COMPLETE",,"cefoxitin=S,ciprofloxacin=S,clindamycin=S,daptomycin=S,erythromycin=S,fusidic acid=S,gentamicin=R,linezolid=S,moxifloxacin=S,rifampin=S,teicoplanin=S,tetracycline=S,trimethoprim-sulfamethoxazole=S,vancomycin=S",0
Staphylococcus aureus,,"""PC0003"",""PC0003a-S0003"",""SRS11792340""",,PDT001516133.1,2022-12-07T22:43:27Z,Australia: Queensland,sputum,clinical,,PDS000127177.1,7.0,,SAMN25295639,GCA_026745245.1,"erm(T)=COMPLETE,erm(T)=PARTIAL_END_OF_CONTIG,glpT_A100V=POINT,glpT_F3I=POINT,mepA=COMPLETE,murA_D278E=POINT,murA_E291D=POINT,tet(38)=COMPLETE",,"ciprofloxacin=S,clindamycin=R,daptomycin=S,erythromycin=R,fusidic acid=S,gentamicin=S,linezolid=S,mupirocin=S,nitrofurantoin=S,oxacillin=S,penicillin=R,rifampin=S,teicoplanin=S,tetracycline=S,vancomycin=S",1
Staphylococcus aureus,,"""BWH_1875_S_aur"",""SRS20993250""",,PDT002136292.1,2024-04-11T17:50:20Z,USA:Boston,Nasal perirectal swab,clinical,,,,,SAMN40930676,GCA_038079345.1,"ant(9)-Ia=COMPLETE,blaI=COMPLETE,blaPC1=COMPLETE,blaR1=COMPLETE,erm(A)=COMPLETE,fosB=COMPLETE,glpT_A100V=POINT,glpT_V213I=POINT,mepA=COMPLETE,murA_D278E=POINT,murA_E291D=POINT,tet(38)=COMPLETE",,"ceftaroline=S,ciprofloxacin=S,clindamycin=R,daptomycin=S,erythromycin=R,gentamicin=S,levofloxacin=S,linezolid=S,minocycline=S,moxifloxacin=S,oxacillin=S,rifampin=S,tetracycline=S,tigecycline=S,trimethoprim-sulfamethoxazole=S,vancomycin=S",1
Staphylococcus aureus,,"""BWH_866_S_aur"",""SRS18433874""",,PDT001830921.2,2024-02-07T17:09:25Z,USA:Boston,Nasal perirectal swab,clinical,,PDS000154297.3,5.0,,SAMN36728952,GCA_032330075.2,"blaI=COMPLETE,blaPC1=COMPLETE,blaR1=COMPLETE,fosB=COMPLETE,glpT_A100V=POINT,glpT_V213I=POINT,ileS_V588F=POINT,mepA=COMPLETE,murA_D278E=POINT,murA_E291D=POINT,tet(38)=COMPLETE",,"ceftaroline=S,ciprofloxacin=S,clindamycin=S,daptomycin=S,erythromycin=S,gentamicin=S,levofloxacin=S,linezolid=S,minocycline=S,moxifloxacin=S,oxacillin=S,rifampin=S,tetracycline=S,tigecycline=S,trimethoprim-sulfamethoxazole=S,vancomycin=S",0
Staphylococcus aureus,,"""BWH_1853_S_aur"",""SRS20993226""",,PDT002136315.1,2024-04-11T17:50:32Z,USA:Boston,Nasal perirectal swab,clinical,,,,,SAMN40930655,GCA_038079245.1,"blaI=COMPLETE,blaR1=HMM,blaZ=COMPLETE,erm(T)=COMPLETE,glpT_A100V=POINT,glpT_F3I=POINT,mepA=COMPLETE,murA_D278E=POINT,murA_E291D=POINT,tet(38)=COMPLETE",,"ceftaroline=S,ciprofloxacin=S,clindamycin=R,daptomycin=S,erythromycin=R,gentamicin=S,levofloxacin=S,linezolid=S,minocycline=S,moxifloxacin=S,oxacillin=S,rifampin=S,tetracycline=S,tigecycline=S,trimethoprim-sulfamethoxazole=S,vancomycin=S",1
Staphylococcus aureus,,"""BWH_1901_S_aur"",""SRS21133308""",,PDT002147348.1,2024-04-26T18:53:54Z,USA:Boston,Nasal perirectal swab,clinical,,,,,SAMN41091875,GCA_038509215.1,"glpT_A100V=POINT,mepA=COMPLETE,murA_E291D=POINT,murA_T396N=POINT,tet(38)=COMPLETE",,"ceftaroline=S,ciprofloxacin=S,clindamycin=S,daptomycin=S,erythromycin=S,gentamicin=S,levofloxacin=S,linezolid=S,minocycline=S,moxifloxacin=S,oxacillin=S,rifampin=S,tetracycline=S,tigecycline=S,trimethoprim-sulfamethoxazole=S,vancomycin=S",0
Staphylococcus aureus,,"""235"",""SRS25253270"",""dzd-uci-7337""",,PDT002991639.1,2025-11-20T22:50:48Z,USA: California,"URINE, CLEAN VOID",clinical,,,,,SAMN48878250,GCA_053672075.1,"aadD1=COMPLETE,ant(9)-Ia=COMPLETE,blaI=COMPLETE,blaR1=COMPLETE,blaZ=COMPLETE,bleO=COMPLETE,erm(A)=COMPLETE,fosB=COMPLETE,gyrA_S84L=POINT,gyrA_S85P=POINT,mecA=COMPLETE,mecI=COMPLETE,mecR1=COMPLETE,mepA=COMPLETE,parC_E84G=POINT,parC_S80Y=POINT,tet(38)=COMPLETE",,"clindamycin=S,erythromycin=R,levofloxacin=R,oxacillin=R,rifampin=S,tetracycline=S,trimethoprim-sulfamethoxazole=S",1
Staphylococcus aureus,,"""PC0083"",""PC0083-S0292"",""SRS11792515""",,PDT001516358.1,2022-12-07T22:44:05Z,Australia: Queensland,Swab (Sputum),clinical,,,,,SAMN25295798,GCA_026742755.1,"ant(9)-Ia=PARTIAL,blaI=COMPLETE,blaR1=HMM,blaZ=COMPLETE,erm(A)=COMPLETE,fosB=COMPLETE,mepA=COMPLETE,tet(38)=COMPLETE",,"ciprofloxacin=S,clindamycin=R,daptomycin=S,erythromycin=R,fusidic acid=S,gentamicin=S,linezolid=S,mupirocin=S,nitrofurantoin=S,oxacillin=S,penicillin=R,rifampin=S,teicoplanin=S,tetracycline=S,vancomycin=S",1
Staphylococcus aureus,,"""PC0060"",""PC0060a-S0060"",""SRS11792391""",,PDT001516482.1,2022-12-07T22:44:27Z,Australia: Queensland,sputum,clinical,,,,,SAMN25295762,GCA_026740275.1,"blaI=COMPLETE,blaR1=PARTIAL_END_OF_CONTIG,blaZ=COMPLETE,folP_S18L=POINT,fosB=COMPLETE,glpT_A100V=POINT,glpT_V213I=POINT,mepA=COMPLETE,murA_D278E=POINT,murA_E291D=POINT,tet(38)=COMPLETE",,"ciprofloxacin=S,clindamycin=S,erythromycin=R,fusidic acid=S,gentamicin=R,oxacillin=S,penicillin=R,rifampin=S,tetracycline=S,vancomycin=S",1
Staphylococcus aureus,KZ_190,"""190staph"",""KZ_190"",""SRS11989996""",,PDT001262777.1,2022-03-09T04:04:15Z,Russia: Kazan,breast milk,clinical,,,,,SAMN25894905,GCA_022524365.1,"blaI=COMPLETE,blaR1=COMPLETE,blaZ=COMPLETE,mepA=COMPLETE,tet(38)=COMPLETE",,"amoxicillin=R,benzylpenicillin=R,cefoxitin=R,erythromycin=R,trimethoprim=R",1
Staphylococcus aureus,,"""455"",""SRS25253028"",""dzd-uci-7689""",,PDT002991382.1,2025-11-20T22:49:56Z,USA: California,LESION,clinical,,,,,SAMN48878470,GCA_053674955.1,"ant(6)-Ia=MISTRANSLATION,aph(3')-IIIa=COMPLETE,blaI=COMPLETE,blaR1=COMPLETE,blaZ=COMPLETE,fosB=COMPLETE,mecA=COMPLETE,mecR1=PARTIAL,mepA=COMPLETE,mph(C)=COMPLETE,msr(A)=COMPLETE,murA_G257D=POINT,sat4=COMPLETE,tet(38)=COMPLETE",,"clindamycin=S,erythromycin=R,levofloxacin=S,oxacillin=R,rifampin=S,tetracycline=S,trimethoprim-sulfamethoxazole=S",1
Staphylococcus aureus,,"""BWH_1478_S_aur"",""SRS18979502""",,PDT001903572.2,2024-02-17T03:18:43Z,USA:Boston,Nasal perirectal swab,clinical,,,,,SAMN37516918,GCA_032121855.2,"blaI=COMPLETE,blaR1=HMM,blaZ=COMPLETE,erm(T)=COMPLETE,glpT_A100V=POINT,glpT_F3I=POINT,mepA=COMPLETE,murA_D278E=POINT,murA_E291D=POINT,tet(38)=COMPLETE",,"ceftaroline=S,ciprofloxacin=S,clindamycin=R,daptomycin=S,erythromycin=R,gentamicin=S,levofloxacin=S,linezolid=S,minocycline=S,moxifloxacin=S,oxacillin=S,rifampin=S,tetracycline=S,tigecycline=S,trimethoprim-sulfamethoxazole=S,vancomycin=S",1
Staphylococcus aureus,AR_0471,"""AR_0471"",""SRS3163162""",,PDT000326666.2,2018-06-06T12:01:07Z,,,clinical,,,,,SAMN07291564,GCA_003193765.1,"blaI=COMPLETE,blaR1=COMPLETE,blaZ=COMPLETE,glpT_A100V=POINT,mecA=COMPLETE,mepA=COMPLETE,murA_E291D=POINT,murA_T396N=POINT,tet(38)=COMPLETE",,"cefoxitin=R,ceftaroline=S,clindamycin=S,daptomycin=S,doxycycline=S,erythromycin=S,gentamicin=S,levofloxacin=S,linezolid=S,mupirocin=ND,oxacillin=S,penicillin=R,rifampin=S,tetracycline=S,trimethoprim-sulfamethoxazole=S,vancomycin=S",0
Staphylococcus aureus,,"""BWH_1582_S_aur"",""SRS19518833""",,PDT001986243.1,2023-11-15T22:56:36Z,USA:Boston,Nasal perirectal swab,clinical,,PDS000115333.6,3.0,,SAMN38228834,GCA_033726635.1,"blaI=COMPLETE,blaR1=COMPLETE,blaZ=COMPLETE,blaZ=PARTIAL_END_OF_CONTIG,glpT_A100V=POINT,mepA=COMPLETE,murA_E291D=POINT,murA_T396N=POINT,tet(38)=COMPLETE",,"ceftaroline=S,ciprofloxacin=S,clindamycin=S,daptomycin=S,erythromycin=S,gentamicin=S,levofloxacin=S,linezolid=S,minocycline=S,moxifloxacin=S,oxacillin=S,rifampin=S,tetracycline=S,tigecycline=S,trimethoprim-sulfamethoxazole=S,vancomycin=S",0
Staphylococcus aureus,,"""PN0240"",""PN0240-S0382"",""SRS11792259""",,PDT001516214.1,2022-12-07T22:43:41Z,Australia: Queensland,"Swab (elbow, left)",clinical,,,,,SAMN25296022,GCA_026743965.1,"blaI=COMPLETE,blaR1=COMPLETE,blaZ=COMPLETE,glpT_A100V=POINT,mepA=COMPLETE,tet(38)=COMPLETE",,"ciprofloxacin=S,clindamycin=S,daptomycin=S,erythromycin=S,fusidic acid=S,gentamicin=S,linezolid=S,mupirocin=S,nitrofurantoin=S,oxacillin=S,penicillin=R,rifampin=S,teicoplanin=S,tetracycline=S,vancomycin=S",0
Staphylococcus aureus,,"""117"",""SRS25253236"",""dzd-uci-7141""",,PDT002991674.1,2025-11-20T22:50:55Z,USA: California,blood,clinical,,PDS000247564.1,0.0,,SAMN48878132,GCA_053671755.1,"blaI=COMPLETE,blaR1=HMM,blaZ=COMPLETE,fosB=COMPLETE,mepA=COMPLETE,tet(38)=COMPLETE",,"clindamycin=S,erythromycin=S,levofloxacin=S,oxacillin=S,rifampin=S,tetracycline=S,trimethoprim-sulfamethoxazole=S",0
Staphylococcus aureus,,"""PC0022"",""PC0022b-S0247"",""SRS11792335""",,PDT001516138.1,2022-12-07T22:43:28Z,Australia: Queensland,Swab (Sputum),clinical,,,,,SAMN25295679,GCA_026745185.1,"blaI=COMPLETE,blaR1=COMPLETE,blaZ=COMPLETE,blaZ=PARTIAL_END_OF_CONTIG,mepA=COMPLETE,tet(38)=COMPLETE",,"ciprofloxacin=S,clindamycin=S,daptomycin=S,erythromycin=S,fusidic acid=S,gentamicin=S,linezolid=S,mupirocin=S,nitrofurantoin=S,oxacillin=S,penicillin=R,rifampin=S,teicoplanin=S,tetracycline=S,vancomycin=S",0
Staphylococcus aureus,BSN41,"""B0583"",""BSN41"",""Staphylococcus aureus str BSN41""",,PDT002036675.2,2025-01-10T20:34:22Z,"USA: Detroit, MI",blood,clinical,,,,,SAMN38754069,GCA_034427355.2,"ant(6)-Ia=MISTRANSLATION,aph(3')-IIIa=COMPLETE,blaI=COMPLETE,blaR1=COMPLETE,blaZ=COMPLETE,fosB=COMPLETE,gyrA_S84L=POINT,mecA=COMPLETE,mecR1=PARTIAL,mepA=COMPLETE,mph(C)=COMPLETE,msr(A)=COMPLETE,murA_G257D=POINT,parC_S80Y=POINT,sat4=COMPLETE,tet(38)=COMPLETE",,"ceftaroline=S,clindamycin=S,daptomycin=S,erythromycin=R,gentamicin=S,linezolid=S,oxacillin=R,rifampin=S,trimethoprim-sulfamethoxazole=S,vancomycin=S",1
Staphylococcus aureus,,"""BWH_1337_S_aur"",""SRS18433630""",,PDT001831015.2,2024-02-21T19:07:42Z,USA:Boston,Nasal perirectal swab,clinical,,,,,SAMN36728999,GCA_032328875.2,"fosB=COMPLETE,mepA=COMPLETE,pbp4_E218K=POINT,tet(38)=COMPLETE",,"ceftaroline=S,ciprofloxacin=S,clindamycin=S,daptomycin=S,erythromycin=S,gentamicin=S,levofloxacin=S,linezolid=S,minocycline=S,moxifloxacin=S,oxacillin=S,rifampin=S,tetracycline=S,tigecycline=S,trimethoprim-sulfamethoxazole=S,vancomycin=S",0
Staphylococcus aureus,BSN50-3,"""BSN50-3"",""Staphylococcus aureus str BSN50-3""",,PDT002030669.1,2023-12-14T05:36:41Z,"USA: Detroit, MI",blood,clinical,,PDS000170052.2,0.0,,SAMN36733054,GCA_034365965.1,"blaI=COMPLETE,blaR1=COMPLETE,blaZ=COMPLETE,erm(C)=COMPLETE,fosB=COMPLETE,mecA=COMPLETE,mecR1=PARTIAL,mepA=COMPLETE,murA_G257D=POINT,parC_S80F=POINT,tet(38)=COMPLETE",,"clindamycin=R,daptomycin=S,erythromycin=R,gentamicin=S,linezolid=S,oxacillin=R,rifampin=S,trimethoprim-sulfamethoxazole=S,vancomycin=S",1
Staphylococcus aureus,,"""PN0141"",""PN0141-S0323"",""SRS11792448""",,PDT001516425.1,2022-12-07T22:44:17Z,Australia: Queensland,"Swab left, foot",clinical,,,,,SAMN25295964,GCA_026740415.1,"blaI=COMPLETE,blaI=PARTIAL_END_OF_CONTIG,blaR1=HMM,blaZ=COMPLETE,fosB=COMPLETE,mepA=COMPLETE,tet(38)=COMPLETE",,"ciprofloxacin=S,clindamycin=S,daptomycin=S,erythromycin=S,fusidic acid=S,gentamicin=S,linezolid=S,mupirocin=S,nitrofurantoin=S,oxacillin=S,penicillin=R,rifampin=S,teicoplanin=S,tetracycline=S,vancomycin=S",0
Staphylococcus aureus,BSN52-3,"""BSN52-3"",""Staphylococcus aureus str BSN52-3""",,PDT002157241.1,2024-05-06T20:39:49Z,"USA: Detroit, MI",blood,clinical,,PDS000181665.2,0.0,,SAMN41039746,GCA_039525315.1,"ant(6)-Ia=MISTRANSLATION,aph(3')-IIIa=COMPLETE,blaI=COMPLETE,blaR1=COMPLETE,blaZ=COMPLETE,fosB=COMPLETE,gyrA_S84L=POINT,mecA=COMPLETE,mecR1=PARTIAL,mepA=COMPLETE,mph(C)=COMPLETE,msr(A)=COMPLETE,murA_G257D=POINT,parC_S80Y=POINT,sat4=COMPLETE,tet(38)=COMPLETE",,"clindamycin=S,daptomycin=S,erythromycin=R,gentamicin=S,linezolid=S,oxacillin=R,rifampin=S,trimethoprim-sulfamethoxazole=S,vancomycin=S",1
Staphylococcus aureus,,"""BWH_1605_S_aur"",""SRS19518850""",,PDT001986231.1,2023-11-15T22:56:33Z,USA:Boston,Nasal perirectal swab,clinical,,PDS000166742.1,0.0,,SAMN38228849,GCA_033726755.1,"blaI=COMPLETE,blaPC1=COMPLETE,blaR1=COMPLETE,fosB=COMPLETE,glpT_A100V=POINT,glpT_V213I=POINT,mepA=COMPLETE,murA_D278E=POINT,murA_E291D=POINT,tet(38)=COMPLETE",,"ceftaroline=S,ciprofloxacin=S,clindamycin=S,daptomycin=S,erythromycin=S,gentamicin=S,levofloxacin=S,linezolid=S,minocycline=S,moxifloxacin=S,oxacillin=S,rifampin=S,tetracycline=S,tigecycline=S,trimethoprim-sulfamethoxazole=S,vancomycin=S",0
Staphylococcus aureus,,"""BWH_980_S_aur"",""SRS18433843""",,PDT001830817.2,2024-02-19T17:04:24Z,USA:Boston,Nasal perirectal swab,clinical,,,,,SAMN36728920,GCA_032331495.2,"fosB=COMPLETE,mepA=COMPLETE,murA_G257D=POINT,tet(38)=COMPLETE",,"ceftaroline=S,ciprofloxacin=S,clindamycin=S,daptomycin=S,erythromycin=S,gentamicin=S,levofloxacin=S,linezolid=S,minocycline=S,moxifloxacin=S,oxacillin=S,rifampin=S,tetracycline=S,tigecycline=S,trimethoprim-sulfamethoxazole=S,vancomycin=S",0
Staphylococcus aureus,,"""PC0018"",""PC0018a-S0018"",""SRS11792302""",,PDT001516171.1,2022-12-07T22:43:33Z,Australia: Queensland,sputum,clinical,,PDS000127172.1,7.0,,SAMN25295664,GCA_026744645.1,"blaI=COMPLETE,blaR1=HMM,blaZ=COMPLETE,fosB=COMPLETE,mepA=COMPLETE,tet(38)=COMPLETE",,"ciprofloxacin=S,clindamycin=S,daptomycin=S,erythromycin=S,fusidic acid=S,gentamicin=S,linezolid=S,mupirocin=S,nitrofurantoin=S,oxacillin=S,penicillin=R,rifampin=S,teicoplanin=S,tetracycline=S,vancomycin=S",0
Staphylococcus aureus,,"""930"",""SRS25253442"",""dzd-uci-8459""",,PDT002991473.1,2025-11-20T22:50:14Z,USA: California,sputum,clinical,,PDS000247561.1,1.0,,SAMN48878945,GCA_053673775.1,"blaI=COMPLETE,blaR1=COMPLETE,blaZ=COMPLETE,blaZ=PARTIAL_END_OF_CONTIG,fosB=COMPLETE,mepA=COMPLETE,tet(38)=COMPLETE",,"clindamycin=S,erythromycin=S,levofloxacin=S,oxacillin=S,rifampin=S,tetracycline=S,trimethoprim-sulfamethoxazole=S",0
Staphylococcus aureus,SAMS2,"""SAMS2"",""SRS20996308""",,PDT002432212.1,2024-10-25T08:26:31Z,Argentina: Ciudad Autonoma de Buenos Aires,blood,clinical,,PDS000202953.1,4.0,,SAMN40932186,GCA_043844985.1,"blaI=COMPLETE,blaR1=COMPLETE,blaZ=COMPLETE,fosB=COMPLETE,mepA=COMPLETE,murA_G257D=POINT,tet(38)=COMPLETE",,"ciprofloxacin=S,clindamycin=S,erythromycin=S,gentamicin=S,levofloxacin=S,linezolid=S,minocycline=S,moxifloxacin=S,nitrofurantoin=S,oxacillin=S,quinupristin=S,rifampin=S,teicoplanin=S,tetracycline=S,tigecycline=S,trimethoprim-sulfamethoxazole=S,vancomycin=S",0
Staphylococcus aureus,BSN133-2,"""BSN133-2"",""SRS20598168"",""Staphylococcus aureus str BSN133-2""",,PDT002178670.1,2024-05-27T05:30:13Z,"USA: Detroit, MI",blood,clinical,,,,,SAMN38637712,GCA_039848565.1,"fosB=COMPLETE,gyrA_S84L=POINT,mecA=COMPLETE,mecR1=PARTIAL,mepA=COMPLETE,murA_G257D=POINT,parC_S80Y=POINT,tet(38)=COMPLETE",,"clindamycin=S,daptomycin=S,erythromycin=S,gentamicin=S,linezolid=S,oxacillin=R,rifampin=S,trimethoprim-sulfamethoxazole=S,vancomycin=S",0
Staphylococcus aureus,,"""PN0261"",""PN0261-S0401"",""SRS11792330""",,PDT001516143.1,2022-12-07T22:43:29Z,Australia: Queensland,Swab pilonidal sinus,clinical,,,,,SAMN25296034,GCA_026745125.1,"blaI=COMPLETE,blaPC1=COMPLETE,blaR1=COMPLETE,fosB=COMPLETE,glpT_A100V=POINT,glpT_V213I=POINT,mepA=COMPLETE,murA_D278E=POINT,murA_E291D=POINT,tet(38)=COMPLETE",,"ciprofloxacin=S,clindamycin=S,daptomycin=S,erythromycin=S,fusidic acid=S,gentamicin=S,linezolid=S,mupirocin=S,nitrofurantoin=S,oxacillin=S,penicillin=R,rifampin=S,teicoplanin=S,tetracycline=S,vancomycin=S",0
Staphylococcus aureus,,"""PC0178"",""PC0178b-S0240"",""SRS11792547""",,PDT001516326.1,2022-12-07T22:44:00Z,Australia: Queensland,Swab (Sputum),clinical,,,,,SAMN25295903,GCA_026740735.1,"blaI=COMPLETE,blaPC1=COMPLETE,blaR1=PARTIAL_END_OF_CONTIG,mepA=COMPLETE,tet(38)=COMPLETE",,"ciprofloxacin=S,clindamycin=S,daptomycin=S,erythromycin=S,fusidic acid=S,gentamicin=S,linezolid=S,mupirocin=S,nitrofurantoin=S,oxacillin=S,penicillin=R,rifampin=S,teicoplanin=S,tetracycline=S,vancomycin=S",0
Staphylococcus aureus,,"""934"",""SRS25253445"",""dzd-uci-8464""",,PDT002991469.1,2025-11-20T22:50:13Z,USA: California,"URINE, STRAIGHT CATH",clinical,,,,,SAMN48878949,GCA_053673855.1,"blaI=COMPLETE,blaR1=HMM,blaZ=COMPLETE,erm(T)=COMPLETE,glpT_A100V=POINT,glpT_F3I=POINT,mepA=COMPLETE,murA_D278E=POINT,murA_E291D=POINT,tet(38)=COMPLETE",,"erythromycin=R,levofloxacin=S,oxacillin=S,rifampin=S,tetracycline=S,trimethoprim-sulfamethoxazole=S",1
Staphylococcus aureus,,"""PN0219"",""PN0219-S0364"",""SRS11792577""",,PDT001516296.1,2022-12-07T22:43:55Z,Australia: Queensland,Swab groin fluid,clinical,,PDS000127136.1,2.0,,SAMN25296005,GCA_026743275.1,"blaI=COMPLETE,blaR1=COMPLETE,blaZ=COMPLETE,blaZ=PARTIAL_END_OF_CONTIG,dfrG=COMPLETE,fosB=COMPLETE,mepA=COMPLETE,tet(38)=COMPLETE",,"ciprofloxacin=S,clindamycin=S,daptomycin=S,erythromycin=S,fusidic acid=S,gentamicin=S,linezolid=S,mupirocin=S,nitrofurantoin=S,oxacillin=S,penicillin=R,rifampin=S,teicoplanin=S,tetracycline=S,vancomycin=S",0
Staphylococcus aureus,,"""BWH_1343_S_aur"",""SRS18433788""",,PDT001830869.2,2024-02-19T21:56:30Z,USA:Boston,Nasal perirectal swab,clinical,,PDS000120115.8,9.0,,SAMN36729066,GCA_032330855.2,"ant(9)-Ia=COMPLETE,blaI=COMPLETE,blaPC1=COMPLETE,blaR1=COMPLETE,erm(A)=COMPLETE,fosB=COMPLETE,glpT_A100V=POINT,glpT_V213I=POINT,mepA=COMPLETE,murA_D278E=POINT,murA_E291D=POINT,tet(38)=COMPLETE",,"ceftaroline=S,ciprofloxacin=S,clindamycin=R,daptomycin=S,erythromycin=R,gentamicin=S,levofloxacin=S,minocycline=S,moxifloxacin=S,oxacillin=S,rifampin=S,tetracycline=S,tigecycline=S,trimethoprim-sulfamethoxazole=S,vancomycin=S",1
Staphylococcus aureus,,"""PN0208"",""PN0208-S0355"",""SRS11792568""",,PDT001516305.1,2022-12-07T22:43:56Z,Australia: Queensland,"Swab wound left, nose",clinical,,,,,SAMN25295997,GCA_026743055.1,"blaI=COMPLETE,blaI=PARTIAL_END_OF_CONTIG,blaR1=HMM,blaZ=COMPLETE,fosB=COMPLETE,glpT_A100V=POINT,glpT_L27F=POINT,ileS_V588F=POINT,mepA=COMPLETE,murA_E291D=POINT,murA_T396N=POINT,tet(38)=COMPLETE",,"ciprofloxacin=S,clindamycin=S,daptomycin=S,erythromycin=S,fusidic acid=S,gentamicin=S,linezolid=S,mupirocin=S,nitrofurantoin=S,oxacillin=S,penicillin=R,rifampin=S,teicoplanin=S,tetracycline=S,vancomycin=S",0
Staphylococcus aureus,,"""PN0140"",""PN0140-S0322"",""SRS11792446""",,PDT001516427.1,2022-12-07T22:44:17Z,Australia: Queensland,Swab right ear,clinical,,,,,SAMN25295963,GCA_026741615.1,"blaI=COMPLETE,blaR1=COMPLETE,blaZ=COMPLETE,blaZ=PARTIAL_END_OF_CONTIG,fosB=PARTIAL,mepA=COMPLETE,tet(38)=COMPLETE",,"ciprofloxacin=S,clindamycin=S,daptomycin=S,erythromycin=S,fusidic acid=S,gentamicin=S,linezolid=S,mupirocin=S,nitrofurantoin=S,oxacillin=S,penicillin=R,rifampin=S,teicoplanin=S,tetracycline=S,vancomycin=S",0
Staphylococcus aureus,,"""BWH_1338_S_aur"",""SRS18433819""",,PDT001830839.1,2023-07-27T18:47:54Z,USA:Boston,Nasal perirectal swab,clinical,,PDS000115304.7,3.0,,SAMN36728918,GCA_032331295.1,"ant(9)-Ia=MISTRANSLATION,blaI=COMPLETE,blaR1=HMM,blaZ=COMPLETE,erm(A)=COMPLETE,fosB=COMPLETE,mepA=COMPLETE,tet(38)=COMPLETE",,"ceftaroline=S,ciprofloxacin=S,clindamycin=R,daptomycin=S,erythromycin=R,gentamicin=S,levofloxacin=S,linezolid=S,minocycline=S,moxifloxacin=S,oxacillin=S,rifampin=S,tetracycline=S,tigecycline=S,trimethoprim-sulfamethoxazole=S,vancomycin=S",1
Staphylococcus aureus,BSN52-4,"""BSN52-4"",""SRS21090068"",""Staphylococcus aureus str BSN52-4""",,PDT002152301.1,2024-04-30T02:00:27Z,"USA: Detroit, MI",blood,clinical,,PDS000181665.2,0.0,,SAMN38637643,GCA_038698265.1,"ant(6)-Ia=MISTRANSLATION,aph(3')-IIIa=COMPLETE,blaI=COMPLETE,blaR1=COMPLETE,blaZ=COMPLETE,fosB=COMPLETE,gyrA_S84L=POINT,mecA=COMPLETE,mecR1=PARTIAL,mepA=COMPLETE,mph(C)=COMPLETE,msr(A)=COMPLETE,murA_G257D=POINT,parC_S80Y=POINT,sat4=COMPLETE,tet(38)=COMPLETE",,"clindamycin=S,daptomycin=S,erythromycin=R,gentamicin=S,linezolid=S,oxacillin=R,rifampin=S,trimethoprim-sulfamethoxazole=S,vancomycin=S",1
Staphylococcus aureus,,"""151"",""SRS25253471"",""dzd-uci-7202""",,PDT002991937.1,2025-11-20T22:51:48Z,USA: California,sputum,clinical,,PDS000247545.1,2.0,,SAMN48878166,GCA_053664015.1,"aac(6')-Ie/aph(2'')-Ia=COMPLETE,blaI=COMPLETE,blaR1=HMM,blaZ=COMPLETE,erm(T)=COMPLETE,glpT_A100V=POINT,glpT_F3I=POINT,ileS_V588F=POINT,mepA=COMPLETE,murA_D278E=POINT,murA_E291D=POINT,tet(38)=COMPLETE",,"erythromycin=R,levofloxacin=S,oxacillin=S,rifampin=S,tetracycline=S,trimethoprim-sulfamethoxazole=S",1
Staphylococcus aureus,,"""PN0218"",""PN0218-S0362"",""SRS11792576""",,PDT001516297.1,2022-12-07T22:43:55Z,Australia: Queensland,Pus thigh abscess,clinical,,PDS000127599.3,25.0,,SAMN25296004,GCA_026743185.1,"blaI=COMPLETE,blaR1=COMPLETE,blaZ=COMPLETE,glpT_A100V=POINT,mecA=COMPLETE,mecR1=PARTIAL,mepA=COMPLETE,murA_E291D=POINT,murA_T396N=POINT,tet(38)=COMPLETE",,"ciprofloxacin=S,clindamycin=S,daptomycin=S,erythromycin=S,fusidic acid=S,gentamicin=S,linezolid=S,mupirocin=S,nitrofurantoin=S,oxacillin=R,penicillin=R,rifampin=S,teicoplanin=S,tetracycline=S,vancomycin=S",0
Staphylococcus aureus,,"""BWH_774_S_aur"",""SRS18432479""",,PDT001830542.3,2024-02-18T08:07:27Z,USA:Boston,Nasal perirectal swab,clinical,,PDS000115304.7,3.0,,SAMN36726632,GCA_031776575.2,"ant(9)-Ia=MISTRANSLATION,blaI=COMPLETE,blaR1=HMM,blaZ=COMPLETE,erm(A)=COMPLETE,fosB=COMPLETE,mepA=COMPLETE,tet(38)=COMPLETE",,"ceftaroline=S,ciprofloxacin=S,clindamycin=R,daptomycin=S,erythromycin=R,gentamicin=S,levofloxacin=S,linezolid=S,minocycline=S,moxifloxacin=S,oxacillin=S,rifampin=S,tetracycline=S,tigecycline=S,trimethoprim-sulfamethoxazole=S,vancomycin=S",1
Staphylococcus aureus,,"""PC0076"",""PC0076a-S0076"",""SRS11792506""",,PDT001516367.1,2022-12-07T22:44:07Z,Australia: Queensland,sputum,clinical,,,,,SAMN25295790,GCA_026740695.1,"aph(3')-IIIa=COMPLETE,blaI=COMPLETE,blaR1=PARTIAL_END_OF_CONTIG,blaZ=COMPLETE,mepA=COMPLETE,sat4=PARTIAL_END_OF_CONTIG,tet(38)=COMPLETE",,"ciprofloxacin=S,clindamycin=S,daptomycin=S,erythromycin=S,fusidic acid=S,gentamicin=S,linezolid=S,mupirocin=S,nitrofurantoin=S,oxacillin=S,penicillin=R,rifampin=S,teicoplanin=S,tetracycline=S,vancomycin=S",0
Staphylococcus aureus,,"""PC0189"",""PC0189c-S0231"",""SRS11792625""",,PDT001516247.1,2022-12-07T22:43:46Z,Australia: Queensland,sputum,clinical,,,,,SAMN25295915,GCA_026741035.1,"blaI=COMPLETE,blaI=PARTIAL_END_OF_CONTIG,blaZ=COMPLETE,fosB=COMPLETE,glpT_A100V=POINT,glpT_V213I=POINT,mepA=COMPLETE,murA_D278E=POINT,murA_E291D=POINT,tet(38)=COMPLETE",,"ciprofloxacin=S,clindamycin=S,daptomycin=S,erythromycin=S,fusidic acid=S,gentamicin=S,linezolid=S,mupirocin=S,nitrofurantoin=S,oxacillin=S,penicillin=R,rifampin=S,teicoplanin=S,tetracycline=S,vancomycin=S",0
Staphylococcus aureus,BSN202,"""BSN202"",""SRS20736331"",""Staphylococcus aureus str BSN202""",,PDT002143996.1,2024-04-21T15:31:14Z,"USA: Detroit, MI",blood,clinical,,,,,SAMN38637782,GCA_038396965.1,"abc-f=HMM,blaI=COMPLETE,blaR1=COMPLETE,blaZ=COMPLETE,fexA=COMPLETE,fosB=COMPLETE,mecA=COMPLETE,mecR1=PARTIAL,mepA=COMPLETE,tet(38)=COMPLETE",,"clindamycin=S,daptomycin=S,erythromycin=S,gentamicin=S,linezolid=S,oxacillin=R,rifampin=S,trimethoprim-sulfamethoxazole=S,vancomycin=S",0
Staphylococcus aureus,,"""481"",""SRS25253597"",""dzd-uci-7737""",,PDT002991815.1,2025-11-20T22:51:23Z,USA: California,blood,clinical,,,,,SAMN48878496,GCA_053651115.1,"ant(6)-Ia=PARTIAL,aph(3')-IIIa=COMPLETE,blaI=COMPLETE,blaR1=COMPLETE,blaZ=COMPLETE,blaZ=PARTIAL_END_OF_CONTIG,glpT_A100V=POINT,mepA=COMPLETE,mph(C)=COMPLETE,msr(A)=COMPLETE,murA_E291D=POINT,murA_T396N=POINT,tet(38)=COMPLETE",,"clindamycin=S,erythromycin=R,levofloxacin=S,oxacillin=S,rifampin=S,tetracycline=S,trimethoprim-sulfamethoxazole=S",1
Staphylococcus aureus,,"""BWH_1101_S_aur"",""SRS18432500""",,PDT001830524.2,2023-07-27T17:49:42Z,USA:Boston,Nasal perirectal swab,clinical,,,,,SAMN36726676,GCA_031776595.1,"blaI=COMPLETE,blaR1=HMM,blaZ=COMPLETE,fosB=COMPLETE,mepA=COMPLETE,tet(38)=COMPLETE,tet(M)=COMPLETE",,"ceftaroline=S,ciprofloxacin=S,clindamycin=S,daptomycin=S,erythromycin=S,gentamicin=S,levofloxacin=S,linezolid=S,moxifloxacin=S,oxacillin=S,rifampin=S,tetracycline=R,tigecycline=S,trimethoprim-sulfamethoxazole=S,vancomycin=S",0
Staphylococcus aureus,,"""535"",""SRS25253045"",""dzd-uci-7830""",,PDT002991366.1,2025-11-20T22:49:54Z,USA: California,blood,clinical,,PDS000247541.1,1.0,,SAMN48878550,GCA_053675135.1,"fosB=COMPLETE,gyrA_S84L=POINT,mecA=COMPLETE,mecR1=PARTIAL,mepA=COMPLETE,murA_G257D=POINT,parC_S80F=POINT,tet(38)=COMPLETE",,"clindamycin=S,erythromycin=S,levofloxacin=R,oxacillin=R,rifampin=S,tetracycline=S,trimethoprim-sulfamethoxazole=S",0
Staphylococcus aureus,,"""BWH_1553_S_aur"",""SRS19518817""",,PDT002035949.1,2023-12-20T11:56:03Z,USA:Boston,blood,clinical,,,,,SAMN38228818,GCA_034513765.1,"aadD1=COMPLETE,ant(6)-Ia=PARTIAL,aph(3')-IIIa=COMPLETE,blaI=COMPLETE,blaPC1=COMPLETE,blaR1=COMPLETE,bleO=COMPLETE,dfrS1=COMPLETE,fosB=COMPLETE,glpT_A100V=POINT,glpT_V213I=POINT,gyrA_E88K=POINT,mecA=COMPLETE,mecR1=PARTIAL,mepA=COMPLETE,mph(C)=COMPLETE,msr(A)=COMPLETE,murA_D278E=POINT,murA_E291D=POINT,parC_S80F=POINT,sat4=COMPLETE,tet(38)=COMPLETE,tet(K)=COMPLETE",,"ceftaroline=S,ciprofloxacin=R,clindamycin=S,daptomycin=S,erythromycin=R,gentamicin=S,levofloxacin=R,linezolid=S,minocycline=S,moxifloxacin=I,oxacillin=R,penicillin=R,rifampin=S,tetracycline=R,tigecycline=S,trimethoprim-sulfamethoxazole=S,vancomycin=S",1
Staphylococcus aureus,,"""312"",""SRS25253309"",""dzd-uci-7472""",,PDT002991602.1,2025-11-20T22:50:41Z,USA: California,"SPUTUM, TRACHEAL ASPIRATE/SUCTION",clinical,,,,,SAMN48878327,GCA_053672635.1,"ant(6)-Ia=MISTRANSLATION,aph(3')-IIIa=COMPLETE,blaI=COMPLETE,blaR1=COMPLETE,blaZ=COMPLETE,fosB=COMPLETE,gyrA_S84L=POINT,mepA=COMPLETE,mph(C)=COMPLETE,msr(A)=COMPLETE,murA_G257D=POINT,parC_S80Y=POINT,sat4=COMPLETE,tet(38)=COMPLETE",,"clindamycin=S,erythromycin=R,levofloxacin=R,oxacillin=S,rifampin=S,tetracycline=S,trimethoprim-sulfamethoxazole=S",1
Staphylococcus aureus,,"""PC0015"",""PC0015b-S0087"",""SRS11792526""",,PDT001516347.1,2022-12-07T22:44:03Z,Australia: Queensland,Swab (Sputum),clinical,,PDS000127173.1,10.0,,SAMN25295659,GCA_026742855.1,"aadD1=COMPLETE,bla=HMM,blaI=COMPLETE,blaR1=COMPLETE,blaR1=PARTIAL_END_OF_CONTIG,blaZ=COMPLETE,blaZ=PARTIAL_END_OF_CONTIG,bleO=COMPLETE,fosB=COMPLETE,mepA=COMPLETE,tet(38)=COMPLETE",,"ciprofloxacin=S,clindamycin=S,daptomycin=S,erythromycin=S,fusidic acid=S,gentamicin=S,linezolid=S,mupirocin=S,nitrofurantoin=S,oxacillin=S,penicillin=R,rifampin=S,teicoplanin=S,tetracycline=S,vancomycin=S",0
Staphylococcus aureus,,"""PN0182"",""PN0182-S0343"",""SRS11792467""",,PDT001516406.1,2022-12-07T22:44:13Z,Australia: Queensland,Swab umbilical,clinical,,,,,SAMN25295982,GCA_026741795.1,"blaI=COMPLETE,blaR1=COMPLETE,blaR1=PARTIAL_END_OF_CONTIG,blaZ=COMPLETE,blaZ=PARTIAL_END_OF_CONTIG,fosB=COMPLETE,mepA=COMPLETE,tet(38)=COMPLETE",,"ciprofloxacin=S,clindamycin=S,daptomycin=S,erythromycin=S,fusidic acid=S,gentamicin=S,linezolid=S,mupirocin=S,nitrofurantoin=S,oxacillin=S,penicillin=R,rifampin=S,teicoplanin=S,tetracycline=S,vancomycin=S",0
Staphylococcus aureus,BSN192,"""BSN192"",""SRS20736320"",""Staphylococcus aureus str BSN192""",,PDT002152300.1,2024-04-30T01:44:15Z,"USA: Detroit, MI",blood,clinical,,,,,SAMN38637772,GCA_038696475.1,"aadD1=COMPLETE,ant(9)-Ia=COMPLETE,blaI=COMPLETE,blaR1=COMPLETE,blaZ=COMPLETE,bleO=COMPLETE,erm(A)=COMPLETE,fosB=COMPLETE,gyrA_S84L=POINT,mecA=COMPLETE,mecI=COMPLETE,mecR1=COMPLETE,mepA=COMPLETE,mph(C)=COMPLETE,msr(A)=COMPLETE,parC_S80F=POINT,parE_P585S=POINT,tet(38)=COMPLETE",,"clindamycin=R,daptomycin=S,erythromycin=R,gentamicin=S,linezolid=S,oxacillin=R,rifampin=S,trimethoprim-sulfamethoxazole=S,vancomycin=S",1
Staphylococcus aureus,,"""307"",""SRS25253303"",""dzd-uci-7465""",,PDT002991608.1,2025-11-20T22:50:42Z,USA: California,"AXILLA,LEFT",clinical,,,,,SAMN48878322,GCA_053672535.1,"blaI=COMPLETE,blaR1=COMPLETE,blaZ=COMPLETE,blaZ=PARTIAL_END_OF_CONTIG,fosB=COMPLETE,mepA=COMPLETE,tet(38)=COMPLETE",,"clindamycin=S,erythromycin=S,levofloxacin=S,oxacillin=S,rifampin=S,tetracycline=S,trimethoprim-sulfamethoxazole=S",0
Staphylococcus aureus,,"""547"",""SRS25253058"",""dzd-uci-7850""",,PDT002991353.1,2025-11-20T22:49:51Z,USA: California,"BLOOD,PERIPHERAL",clinical,,PDS000247543.1,0.0,,SAMN48878562,GCA_053675295.1,"fosB=PARTIAL,mepA=PARTIAL,tet(38)=COMPLETE",,"clindamycin=S,erythromycin=S,levofloxacin=S,oxacillin=S,rifampin=S,tetracycline=S,trimethoprim-sulfamethoxazole=S",0
Staphylococcus aureus,,"""PC0017"",""PC0017a-S0017"",""SRS11792624""",,PDT001516249.1,2022-12-07T22:43:47Z,Australia: Queensland,sputum,clinical,,,,,SAMN25295662,GCA_026743755.1,"fosB=COMPLETE,mepA=COMPLETE,pbp4_E218K=POINT,tet(38)=COMPLETE",,"ciprofloxacin=S,clindamycin=S,daptomycin=S,erythromycin=S,fusidic acid=S,gentamicin=S,linezolid=S,mupirocin=S,nitrofurantoin=S,oxacillin=S,penicillin=S,rifampin=S,teicoplanin=S,tetracycline=S,vancomycin=S",0
Staphylococcus aureus,,"""PC0004"",""PC0004b-S0104"",""SRS11792485""",,PDT001516388.1,2022-12-07T22:44:10Z,Australia: Queensland,sputum,clinical,,PDS000127176.1,7.0,,SAMN25295642,GCA_026740515.1,"fosB=COMPLETE,mepA=COMPLETE,tet(38)=COMPLETE",,"ciprofloxacin=S,clindamycin=S,daptomycin=S,erythromycin=S,fusidic acid=S,gentamicin=S,linezolid=S,mupirocin=S,nitrofurantoin=S,oxacillin=S,penicillin=S,rifampin=S,teicoplanin=S,tetracycline=S,vancomycin=S",0
Staphylococcus aureus,,"""919"",""SRS25253213"",""dzd-uci-8434""",,PDT002991694.1,2025-11-20T22:50:59Z,USA: California,swab,clinical,,PDS000247556.1,0.0,,SAMN48878934,GCA_053656915.1,"aadD1=COMPLETE,ant(6)-Ia=PARTIAL,aph(3')-IIIa=COMPLETE,blaI=COMPLETE,blaPC1=COMPLETE,blaR1=COMPLETE,bleO=COMPLETE,dfrS1=COMPLETE,erm(C)=COMPLETE,fosB=COMPLETE,glpT_A100V=POINT,glpT_V213I=POINT,mecA=COMPLETE,mecR1=PARTIAL,mepA=COMPLETE,mph(C)=COMPLETE,msr(A)=COMPLETE,murA_D278E=POINT,murA_E291D=POINT,sat4=COMPLETE,tet(38)=COMPLETE,tet(K)=COMPLETE",,"clindamycin=R,erythromycin=R,levofloxacin=S,oxacillin=R,rifampin=S,tetracycline=R,trimethoprim-sulfamethoxazole=S",1
Staphylococcus aureus,,"""PC0133"",""PC0133b-S0250"",""SRS11792421""",,PDT001516452.1,2022-12-07T22:44:22Z,Australia: Queensland,Swab (Sputum),clinical,,PDS000127146.1,4.0,,SAMN25295864,GCA_026742395.1,"aadD1=COMPLETE,blaI=COMPLETE,blaR1=COMPLETE,blaZ=COMPLETE,erm(C)=COMPLETE,lnu(A)=COMPLETE,mepA=COMPLETE,tet(38)=COMPLETE,tet(K)=COMPLETE",,"ciprofloxacin=S,clindamycin=R,daptomycin=S,erythromycin=R,fusidic acid=S,gentamicin=S,linezolid=S,mupirocin=S,nitrofurantoin=S,oxacillin=S,penicillin=R,rifampin=S,teicoplanin=S,tetracycline=R,vancomycin=S",1
Staphylococcus aureus,,"""PC0023"",""PC0023-S0023"",""SRS11792336""",,PDT001516137.1,2022-12-07T22:43:28Z,Australia: Queensland,sputum,clinical,,,,,SAMN25295680,GCA_026745205.1,"blaI=COMPLETE,blaR1=COMPLETE,blaZ=COMPLETE,blaZ=PARTIAL_END_OF_CONTIG,mepA=COMPLETE,tet(38)=COMPLETE",,"ciprofloxacin=S,clindamycin=S,daptomycin=S,erythromycin=S,fusidic acid=S,gentamicin=S,linezolid=S,mupirocin=S,nitrofurantoin=S,oxacillin=S,penicillin=R,rifampin=S,teicoplanin=S,tetracycline=S,vancomycin=S",0
Staphylococcus aureus,,"""591"",""SRS25253353"",""dzd-uci-7916""",,PDT002991557.1,2025-11-20T22:50:33Z,USA: California,"SPUTUM, TRACHEAL ASPIRATE/SUCTION",clinical,,,,,SAMN48878606,GCA_053652955.1,"blaI=COMPLETE,blaR1=COMPLETE,blaZ=COMPLETE,fosB=COMPLETE,gyrA_S84L=POINT,mecA=COMPLETE,mecR1=PARTIAL,mepA=COMPLETE,mph(C)=COMPLETE,murA_G257D=POINT,parC_S80Y=POINT,tet(38)=COMPLETE",,"clindamycin=S,erythromycin=S,levofloxacin=R,oxacillin=R,rifampin=S,tetracycline=S,trimethoprim-sulfamethoxazole=S",0
Staphylococcus aureus,,"""BWH_1344_S_aur"",""SRS18432517""",,PDT001830508.2,2024-02-18T08:07:26Z,USA:Boston,Nasal perirectal swab,clinical,,,,,SAMN36726692,GCA_032336825.2,"erm(T)=COMPLETE,glpT_A100V=POINT,glpT_F3I=POINT,ileS_V588F=POINT,mepA=COMPLETE,murA_D278E=POINT,murA_E291D=POINT,tet(38)=COMPLETE",,"ceftaroline=S,ciprofloxacin=S,clindamycin=R,daptomycin=S,erythromycin=R,gentamicin=S,levofloxacin=S,linezolid=S,minocycline=S,moxifloxacin=S,oxacillin=S,rifampin=S,tetracycline=S,tigecycline=S,trimethoprim-sulfamethoxazole=S,vancomycin=S",1
Staphylococcus aureus,BSN100,"""BSN100"",""SRS20485603"",""Staphylococcus aureus str BSN100""",,PDT002129037.1,2024-03-31T10:07:01Z,"USA: Detroit, MI",blood,clinical,,,,,SAMN38637688,GCA_037890645.1,"aadD1=COMPLETE,blaI=COMPLETE,blaR1=COMPLETE,blaZ=COMPLETE,dfrG=COMPLETE,erm(C)=COMPLETE,folP_E208K=POINT,folP_F17L=POINT,fosB=COMPLETE,gyrA_S84L=POINT,gyrA_S85P=POINT,mecA=COMPLETE,mecR1=PARTIAL,mepA=COMPLETE,mph(C)=COMPLETE,msr(A)=COMPLETE,mupA=MISTRANSLATION,murA_G257D=POINT,parC_S80F=POINT,parE_D432V=POINT,tet(38)=COMPLETE",,"clindamycin=R,daptomycin=S,erythromycin=R,gentamicin=S,linezolid=S,oxacillin=R,rifampin=S,trimethoprim-sulfamethoxazole=R,vancomycin=S",1
Staphylococcus aureus,,"""PC0086"",""PC0086b-S0390"",""SRS11792519""",,PDT001516354.1,2022-12-07T22:44:04Z,Australia: Queensland,sputum,clinical,,PDS000127151.1,41.0,,SAMN25295802,GCA_026742795.1,"fosB=COMPLETE,mepA=COMPLETE,tet(38)=COMPLETE",,"ciprofloxacin=S,clindamycin=R,daptomycin=S,erythromycin=R,fusidic acid=S,gentamicin=S,linezolid=S,mupirocin=S,nitrofurantoin=S,oxacillin=S,penicillin=S,rifampin=S,teicoplanin=S,tetracycline=S,vancomycin=S",1
Staphylococcus aureus,,"""715"",""SRS25253101"",""dzd-uci-8087""",,PDT002991313.1,2025-11-20T22:49:43Z,USA: California,SURGICAL/PROCEDURE SPECIMEN,clinical,,,,,SAMN48878730,GCA_053653415.1,"dfrG=COMPLETE,mepA=COMPLETE,tet(38)=COMPLETE",,"clindamycin=S,erythromycin=S,levofloxacin=S,oxacillin=S,rifampin=S,tetracycline=S,trimethoprim-sulfamethoxazole=R",0
Staphylococcus aureus,,"""PC0031"",""PC0031a-S0031"",""SRS11792356""",,PDT001516117.1,2022-12-07T22:43:24Z,Australia: Queensland,sputum,clinical,,,,,SAMN25295698,GCA_026745995.1,"blaI=COMPLETE,blaR1=COMPLETE,blaZ=COMPLETE,fosB=COMPLETE,mepA=COMPLETE,tet(38)=COMPLETE",,"ciprofloxacin=S,clindamycin=S,daptomycin=S,erythromycin=S,fusidic acid=S,gentamicin=S,linezolid=S,mupirocin=S,nitrofurantoin=S,oxacillin=S,penicillin=R,rifampin=S,teicoplanin=S,tetracycline=S,vancomycin=S",0
Staphylococcus aureus,BSN104,"""BSN104"",""SRS20598178"",""Staphylococcus aureus str BSN104""",,PDT002117609.1,2024-03-18T16:03:56Z,"USA: Detroit, MI",blood,clinical,,,,,SAMN38637693,GCA_037220215.1,"ant(6)-Ia=MISTRANSLATION,aph(3')-IIIa=COMPLETE,blaI=COMPLETE,blaR1=COMPLETE,blaZ=COMPLETE,fosB=COMPLETE,gyrA_S84L=POINT,mecA=COMPLETE,mecR1=PARTIAL,mepA=COMPLETE,mph(C)=COMPLETE,msr(A)=COMPLETE,murA_G257D=POINT,parC_S80Y=POINT,sat4=COMPLETE,tet(38)=COMPLETE",,"clindamycin=S,daptomycin=S,erythromycin=R,gentamicin=S,linezolid=S,oxacillin=R,rifampin=S,trimethoprim-sulfamethoxazole=S,vancomycin=S",1
Staphylococcus aureus,,"""PC0049"",""PC0049a-S0049"",""SRS11792363""",,PDT001516510.1,2022-12-07T22:44:32Z,Australia: Queensland,sputum,clinical,,PDS000127162.1,13.0,,SAMN25295736,GCA_026740175.1,"blaI=COMPLETE,blaR1=COMPLETE,blaZ=COMPLETE,blaZ=PARTIAL_END_OF_CONTIG,fosB=COMPLETE,mepA=COMPLETE,tet(38)=COMPLETE",,"ciprofloxacin=S,clindamycin=S,daptomycin=S,erythromycin=S,fusidic acid=S,gentamicin=S,linezolid=S,mupirocin=S,nitrofurantoin=S,oxacillin=S,penicillin=R,rifampin=S,teicoplanin=S,tetracycline=S,vancomycin=S",0
Staphylococcus aureus,,"""PN0152"",""PN0152-S0327"",""SRS11792451""",,PDT001516422.1,2022-12-07T22:44:16Z,Australia: Queensland,Swab abscess left lower abdomen,clinical,,,,,SAMN25295967,GCA_026741675.1,"blaI=COMPLETE,blaR1=HMM,blaZ=COMPLETE,fosB=COMPLETE,glpT_A100V=POINT,glpT_L27F=POINT,mepA=COMPLETE,murA_E291D=POINT,murA_T396N=POINT,tet(38)=COMPLETE",,"ciprofloxacin=S,clindamycin=S,daptomycin=S,erythromycin=S,fusidic acid=S,gentamicin=S,linezolid=S,mupirocin=S,nitrofurantoin=S,oxacillin=S,penicillin=R,rifampin=S,teicoplanin=S,tetracycline=S,vancomycin=S",0
Staphylococcus aureus,,"""PN0171"",""PN0171a-S0339"",""SRS11792463""",,PDT001516410.1,2022-12-07T22:44:14Z,Australia: Queensland,"Pus abscess right, groin",clinical,,PDS000127139.1,6.0,,SAMN25295978,GCA_026741755.1,"blaI=COMPLETE,blaI=PARTIAL_END_OF_CONTIG,blaZ=COMPLETE,blaZ=PARTIAL_END_OF_CONTIG,fosB=COMPLETE,glpT_A100V=POINT,glpT_L27F=POINT,mepA=COMPLETE,murA_E291D=POINT,murA_T396N=POINT,tet(38)=COMPLETE",,"ciprofloxacin=S,clindamycin=S,daptomycin=S,erythromycin=S,fusidic acid=S,gentamicin=S,linezolid=S,mupirocin=S,nitrofurantoin=S,oxacillin=S,penicillin=R,rifampin=S,teicoplanin=S,tetracycline=S,vancomycin=S",0
Staphylococcus aureus,,"""PC0089"",""PC0089-S0296"",""SRS11792524""",,PDT001516349.1,2022-12-07T22:44:04Z,Australia: Queensland,Swab (Sputum),clinical,,,,,SAMN25295806,GCA_026742015.1,"blaI=COMPLETE,blaI=PARTIAL_END_OF_CONTIG,blaPC1=COMPLETE,blaR1=COMPLETE,blaR1=PARTIAL_END_OF_CONTIG,fosB=COMPLETE,glpT_A100V=POINT,glpT_V213I=POINT,mepA=COMPLETE,murA_D278E=POINT,murA_E291D=POINT,tet(38)=COMPLETE",,"ciprofloxacin=S,clindamycin=S,daptomycin=S,erythromycin=S,fusidic acid=S,gentamicin=S,linezolid=S,mupirocin=S,nitrofurantoin=S,oxacillin=S,penicillin=R,rifampin=S,teicoplanin=S,tetracycline=S,vancomycin=S",0
Staphylococcus aureus,BSN142,"""BSN142"",""SRS20598172"",""Staphylococcus aureus str BSN142""",,PDT002821190.1,2025-06-30T16:20:21Z,"USA: Detroit, MI",blood,clinical,,,,,SAMN38637721,GCA_051148785.1,"ant(6)-Ia=MISTRANSLATION,aph(3')-IIIa=COMPLETE,blaI=COMPLETE,blaR1=COMPLETE,blaZ=COMPLETE,dfrG=COMPLETE,folP_E208K=POINT,folP_F17L=POINT,fosB=COMPLETE,gyrA_S84L=POINT,gyrA_S85P=POINT,mecA=COMPLETE,mecR1=PARTIAL,mepA=COMPLETE,mph(C)=COMPLETE,msr(A)=COMPLETE,murA_G257D=POINT,parC_S80F=POINT,parE_D432V=POINT,sat4=COMPLETE,tet(38)=COMPLETE",,"clindamycin=S,daptomycin=S,erythromycin=R,gentamicin=S,linezolid=S,oxacillin=R,rifampin=S,trimethoprim-sulfamethoxazole=R,vancomycin=S",1
Staphylococcus aureus,,"""PC0048"",""PC0048b-S0280"",""SRS11792362""",,PDT001516511.1,2022-12-07T22:44:32Z,Australia: Queensland,Swab (Sputum),clinical,,,,,SAMN25295735,GCA_026741155.1,"blaI=COMPLETE,blaR1=COMPLETE,blaZ=COMPLETE,fosB=COMPLETE,mepA=COMPLETE,tet(38)=COMPLETE",,"ciprofloxacin=S,clindamycin=S,daptomycin=S,erythromycin=S,fusidic acid=S,gentamicin=S,linezolid=S,mupirocin=S,nitrofurantoin=S,oxacillin=S,penicillin=R,rifampin=S,teicoplanin=S,tetracycline=S,vancomycin=S",0
Staphylococcus aureus,,"""PC0092"",""PC0092a-S0092"",""SRS11792594""",,PDT001516279.1,2022-12-07T22:43:52Z,Australia: Queensland,sputum,clinical,,PDS000127148.1,2.0,,SAMN25295811,GCA_026743495.1,"blaI=COMPLETE,blaR1=HMM,blaZ=COMPLETE,fosB=COMPLETE,fosB=PARTIAL,mepA=COMPLETE,tet(38)=COMPLETE",,"ciprofloxacin=S,clindamycin=R,daptomycin=S,erythromycin=R,fusidic acid=S,gentamicin=S,linezolid=S,mupirocin=S,nitrofurantoin=S,oxacillin=S,penicillin=R,rifampin=S,teicoplanin=S,tetracycline=S,vancomycin=S",1
Staphylococcus aureus,,"""PC0243"",""PC0243-S0243"",""SRS11792306""",,PDT001516167.1,2022-12-07T22:43:33Z,Australia: Queensland,sputum,clinical,,,,,SAMN25295937,GCA_026744685.1,"blaI=COMPLETE,blaZ=COMPLETE,fosB=COMPLETE,mepA=COMPLETE,tet(38)=COMPLETE",,"ciprofloxacin=S,clindamycin=S,daptomycin=S,erythromycin=S,fusidic acid=S,gentamicin=S,linezolid=S,mupirocin=S,nitrofurantoin=S,oxacillin=S,penicillin=R,rifampin=S,teicoplanin=S,tetracycline=S,vancomycin=S",0
Staphylococcus aureus,,"""PC0030"",""PC0030b-S0149"",""SRS11792354""",,PDT001516119.1,2022-12-07T22:43:24Z,Australia: Queensland,Swab (Sputum),clinical,,,,,SAMN25295696,GCA_026745915.1,"ant(9)-Ia=PARTIAL,blaI=COMPLETE,blaZ=COMPLETE,erm(A)=COMPLETE,fosB=COMPLETE,mepA=COMPLETE,tet(38)=COMPLETE",,"ciprofloxacin=S,clindamycin=R,daptomycin=S,erythromycin=R,fusidic acid=S,gentamicin=S,linezolid=S,mupirocin=S,nitrofurantoin=S,oxacillin=S,penicillin=R,rifampin=S,teicoplanin=S,tetracycline=S,vancomycin=S",1
Staphylococcus aureus,BSN195,"""BSN195"",""SRS20736323"",""Staphylococcus aureus str BSN195""",,PDT002157244.1,2024-05-06T21:41:50Z,"USA: Detroit, MI",blood,clinical,,,,,SAMN38637775,GCA_039533635.1,"ant(6)-Ia=MISTRANSLATION,aph(3')-IIIa=PARTIAL,blaI=COMPLETE,blaR1=COMPLETE,blaZ=COMPLETE,fosB=COMPLETE,mecA=COMPLETE,mecR1=PARTIAL,mepA=COMPLETE,mph(C)=COMPLETE,msr(A)=COMPLETE,murA_G257D=POINT,sat4=COMPLETE,tet(38)=COMPLETE",,"clindamycin=S,daptomycin=S,erythromycin=R,gentamicin=S,linezolid=S,oxacillin=R,rifampin=S,trimethoprim-sulfamethoxazole=R,vancomycin=S",1
Staphylococcus aureus,,"""BWH_1430_S_aur"",""SRS18550485""",,PDT001845646.3,2024-02-16T21:25:52Z,USA:Boston,Nasal perirectal swab,clinical,,,,,SAMN36892879,GCA_031766875.2,"blaI=COMPLETE,blaR1=HMM,blaZ=COMPLETE,fosB=COMPLETE,mepA=COMPLETE,tet(38)=COMPLETE",,"ceftaroline=S,ciprofloxacin=S,clindamycin=S,daptomycin=S,erythromycin=S,gentamicin=S,levofloxacin=S,linezolid=S,minocycline=S,moxifloxacin=S,oxacillin=S,rifampin=S,tetracycline=S,tigecycline=S,trimethoprim-sulfamethoxazole=S,vancomycin=S",0
Staphylococcus aureus,,"""BWH_1581_S_aur"",""SRS19518885""",,PDT001986202.1,2023-11-15T22:56:27Z,USA:Boston,Nasal perirectal swab,clinical,,PDS000166742.1,0.0,,SAMN38228881,GCA_033727015.1,"blaI=COMPLETE,blaPC1=COMPLETE,blaR1=COMPLETE,fosB=COMPLETE,glpT_A100V=POINT,glpT_V213I=POINT,mepA=COMPLETE,murA_D278E=POINT,murA_E291D=POINT,tet(38)=COMPLETE",,"ceftaroline=S,ciprofloxacin=S,clindamycin=S,daptomycin=S,erythromycin=S,gentamicin=S,levofloxacin=S,linezolid=S,minocycline=S,moxifloxacin=S,oxacillin=S,rifampin=S,tetracycline=S,tigecycline=S,trimethoprim-sulfamethoxazole=S,vancomycin=S",0
Staphylococcus aureus,,"""PN0171"",""PN0171b-S0341"",""SRS11792464""",,PDT001516409.1,2022-12-07T22:44:14Z,Australia: Queensland,"Swab abscess right, groin",clinical,,PDS000127139.1,6.0,,SAMN25295979,GCA_026742555.1,"blaI=COMPLETE,blaZ=COMPLETE,fosB=COMPLETE,glpT_A100V=POINT,glpT_L27F=POINT,mepA=COMPLETE,murA_E291D=POINT,murA_T396N=POINT,tet(38)=COMPLETE",,"ciprofloxacin=S,clindamycin=S,daptomycin=S,erythromycin=S,fusidic acid=S,gentamicin=S,linezolid=S,mupirocin=S,nitrofurantoin=S,oxacillin=S,penicillin=R,rifampin=S,teicoplanin=S,tetracycline=S,vancomycin=S",0
Staphylococcus aureus,,"""BWH_1216_S_aur"",""SRS18432389""",,PDT001830422.2,2024-02-18T00:57:28Z,USA:Boston,Nasal perirectal swab,clinical,,PDS000126315.6,3.0,,SAMN36726475,GCA_032338515.2,"blaI=COMPLETE,blaR1=HMM,blaZ=COMPLETE,erm(T)=COMPLETE,glpT_A100V=POINT,glpT_F3I=POINT,mepA=COMPLETE,murA_D278E=POINT,murA_E291D=POINT,tet(38)=COMPLETE",,"ceftaroline=S,ciprofloxacin=S,clindamycin=R,daptomycin=S,erythromycin=R,gentamicin=S,levofloxacin=S,linezolid=S,minocycline=S,moxifloxacin=S,oxacillin=S,rifampin=S,tetracycline=S,tigecycline=S,trimethoprim-sulfamethoxazole=S,vancomycin=S",1
Staphylococcus aureus,BSN133,"""BSN133"",""SRS20598169"",""Staphylococcus aureus str BSN133""",,PDT002117611.1,2024-03-18T16:35:29Z,"USA: Detroit, MI",blood,clinical,,,,,SAMN38637711,GCA_037221415.1,"fosB=COMPLETE,gyrA_S84L=POINT,mepA=COMPLETE,mph(C)=COMPLETE,msr(A)=COMPLETE,murA_G257D=POINT,parC_S80Y=POINT,tet(38)=COMPLETE",,"clindamycin=S,erythromycin=R,gentamicin=S,oxacillin=S,rifampin=S,trimethoprim-sulfamethoxazole=S,vancomycin=S",1
Staphylococcus aureus,,"""PC0028"",""PC0028a-S0028"",""SRS11792345""",,PDT001516128.1,2022-12-07T22:43:26Z,Australia: Queensland,sputum,clinical,,PDS000127168.1,25.0,,SAMN25295688,GCA_026745515.1,"blaI=COMPLETE,fosB=COMPLETE,mepA=COMPLETE,tet(38)=COMPLETE,tet(K)=COMPLETE",,"ciprofloxacin=S,clindamycin=S,daptomycin=S,erythromycin=S,fusidic acid=S,gentamicin=S,linezolid=S,mupirocin=S,nitrofurantoin=S,oxacillin=S,penicillin=R,rifampin=S,teicoplanin=S,tetracycline=R,vancomycin=S",0
Staphylococcus aureus,BSN07S,"""BSN07S"",""Staphylococcus aureus str BSN07S""",,PDT001785231.1,2023-06-21T03:06:19Z,"USA: Detroit, MI",blood,clinical,,PDS000126540.16,0.0,,SAMN35723872,GCA_030297755.1,"ant(6)-Ia=MISTRANSLATION,aph(3')-IIIa=COMPLETE,blaI=COMPLETE,blaR1=COMPLETE,blaZ=COMPLETE,erm(C)=COMPLETE,fosB=COMPLETE,gyrA_S84L=POINT,mecA=COMPLETE,mecR1=PARTIAL,mepA=COMPLETE,mph(C)=COMPLETE,msr(A)=COMPLETE,murA_G257D=POINT,parC_S80Y=POINT,sat4=COMPLETE,tet(38)=COMPLETE",,"clindamycin=R,daptomycin=S,erythromycin=R,gentamicin=S,linezolid=S,oxacillin=R,rifampin=S,trimethoprim-sulfamethoxazole=S,vancomycin=S",1
Staphylococcus aureus,,"""PC0155"",""PC0155c-S0300"",""SRS11792528""",,PDT001516345.1,2022-12-07T22:44:03Z,Australia: Queensland,sputum,clinical,,PDS000127166.1,5.0,,SAMN25295885,GCA_026742035.1,"blaR1=COMPLETE,blaZ=COMPLETE,blaZ=PARTIAL_END_OF_CONTIG,fosB=PARTIAL,mepA=COMPLETE,tet(38)=COMPLETE",,"ciprofloxacin=S,clindamycin=S,erythromycin=S,fusidic acid=R,gentamicin=R,oxacillin=S,penicillin=R,rifampin=S,tetracycline=S",0
Staphylococcus aureus,,"""PN0169"",""PN0169-S0336"",""SRS11792462""",,PDT001516411.1,2022-12-07T22:44:14Z,Australia: Queensland,Swab umbilicus,clinical,,,,,SAMN25295977,GCA_026740455.1,"blaI=COMPLETE,blaR1=COMPLETE,blaZ=COMPLETE,fosB=COMPLETE,mepA=COMPLETE,tet(38)=COMPLETE",,"ciprofloxacin=S,clindamycin=S,daptomycin=S,erythromycin=S,fusidic acid=S,gentamicin=S,linezolid=S,mupirocin=S,nitrofurantoin=S,oxacillin=S,penicillin=R,rifampin=S,teicoplanin=S,tetracycline=S,vancomycin=S",0
Staphylococcus aureus,,"""BWH_1500_S_aur"",""SRS18979538""",,PDT001903537.2,2024-02-18T15:17:44Z,USA:Boston,Nasal perirectal swab,clinical,,,,,SAMN37516950,GCA_032124755.2,"blaI=COMPLETE,blaPC1=COMPLETE,blaR1=COMPLETE,fosB=COMPLETE,glpT_A100V=POINT,glpT_V213I=POINT,mepA=COMPLETE,murA_D278E=POINT,murA_E291D=POINT,tet(38)=COMPLETE",,"ceftaroline=S,ciprofloxacin=S,clindamycin=S,daptomycin=S,erythromycin=S,gentamicin=S,levofloxacin=S,linezolid=S,minocycline=S,moxifloxacin=S,oxacillin=S,rifampin=S,tetracycline=S,tigecycline=S,trimethoprim-sulfamethoxazole=S,vancomycin=S",0
Staphylococcus aureus,,"""720"",""SRS25253107"",""dzd-uci-8092""",,PDT002991307.1,2025-11-20T22:49:41Z,USA: California,"URINE, STRAIGHT CATH",clinical,,,,,SAMN48878735,GCA_053675815.1,"aac(6')-Ie/aph(2'')-Ia=COMPLETE,blaI=COMPLETE,blaPC1=COMPLETE,blaR1=COMPLETE,erm(C)=COMPLETE,glpT_A100V=POINT,gyrA_S84L=POINT,mecA=COMPLETE,mepA=COMPLETE,murA_E291D=POINT,murA_T396N=POINT,parC_S80F=POINT,parE_D432N=POINT,tet(38)=COMPLETE,tet(K)=COMPLETE",,"clindamycin=R,erythromycin=R,levofloxacin=R,oxacillin=R,rifampin=S,tetracycline=R,trimethoprim-sulfamethoxazole=S",1
Staphylococcus aureus,,"""480"",""SRS25253596"",""dzd-uci-7735""",,PDT002991816.1,2025-11-20T22:51:23Z,USA: California,"CHEEK,LEFT",clinical,,,,,SAMN48878495,GCA_053655075.1,"ant(6)-Ia=MISTRANSLATION,aph(3')-IIIa=COMPLETE,blaI=COMPLETE,blaR1=COMPLETE,blaZ=COMPLETE,fosB=COMPLETE,mecA=COMPLETE,mecR1=PARTIAL,mepA=COMPLETE,mph(C)=COMPLETE,msr(A)=COMPLETE,murA_G257D=POINT,sat4=COMPLETE,tet(38)=COMPLETE",,"clindamycin=S,erythromycin=R,levofloxacin=S,oxacillin=R,rifampin=S,tetracycline=S,trimethoprim-sulfamethoxazole=S",1
Staphylococcus aureus,,"""PC0039"",""PC0039a-S0039"",""SRS11792492""",,PDT001516381.1,2022-12-07T22:44:09Z,Australia: Queensland,sputum,clinical,,PDS000127140.1,6.0,,SAMN25295720,GCA_026741935.1,"aac(6')-Ie/aph(2'')-Ia=COMPLETE,aadD1=COMPLETE,blaI=COMPLETE,blaR1=HMM,blaZ=COMPLETE,bleO=COMPLETE,glpT_A100V=POINT,mepA=COMPLETE,murA_E291D=POINT,murA_T396N=POINT,parC_S80Y=POINT,tet(38)=PARTIAL",,"ciprofloxacin=R,clindamycin=S,daptomycin=S,erythromycin=S,fusidic acid=S,gentamicin=R,linezolid=S,mupirocin=S,nitrofurantoin=S,oxacillin=S,penicillin=R,rifampin=S,teicoplanin=S,tetracycline=S,vancomycin=S",0
Staphylococcus aureus,,"""PC0071"",""PC0071a-S0071"",""SRS11792411""",,PDT001516462.1,2022-12-07T22:44:23Z,Australia: Queensland,Swab (Sputum),clinical,,PDS000127156.1,10.0,,SAMN25295780,GCA_026742345.1,"blaI=COMPLETE,blaR1=HMM,blaZ=COMPLETE,fosB=COMPLETE,mepA=COMPLETE,tet(38)=COMPLETE",,"ciprofloxacin=S,clindamycin=S,daptomycin=S,erythromycin=S,fusidic acid=S,gentamicin=S,linezolid=S,mupirocin=S,nitrofurantoin=S,oxacillin=S,penicillin=R,rifampin=S,teicoplanin=S,tetracycline=S,vancomycin=S",0
Staphylococcus aureus,,"""BWH_1579_S_aur"",""SRS19518853""",,PDT001986228.1,2023-11-15T22:56:32Z,USA:Boston,Nasal perirectal swab,clinical,,,,,SAMN38228852,GCA_033726795.1,"fosB=COMPLETE,mepA=COMPLETE,tet(38)=COMPLETE",,"ceftaroline=S,ciprofloxacin=S,clindamycin=S,daptomycin=S,erythromycin=S,gentamicin=S,levofloxacin=S,linezolid=S,minocycline=S,moxifloxacin=S,oxacillin=S,rifampin=S,tetracycline=S,tigecycline=S,trimethoprim-sulfamethoxazole=S,vancomycin=S",0
Staphylococcus aureus,BSN65,"""BSN65"",""SRS20483078"",""Staphylococcus aureus str BSN65""",,PDT002096927.2,2024-06-03T21:15:07Z,"USA: Detroit, MI",blood,clinical,,,,,SAMN38637651,GCA_036961545.2,"ant(6)-Ia=PARTIAL,aph(3')-IIIa=COMPLETE,fosB=COMPLETE,mecA=COMPLETE,mecR1=PARTIAL,mepA=COMPLETE,mph(C)=COMPLETE,mprF_L826F=POINT,msr(A)=COMPLETE,sat4=MISTRANSLATION,tet(38)=COMPLETE",,"ceftaroline=S,clindamycin=S,daptomycin=R,erythromycin=R,gentamicin=S,linezolid=S,oxacillin=R,rifampin=S,trimethoprim-sulfamethoxazole=S,vancomycin=S",1
Staphylococcus aureus,,"""PC0193"",""PC0193b-S0251"",""SRS11792629""",,PDT001516244.1,2022-12-07T22:43:46Z,Australia: Queensland,sputum,clinical,,,,,SAMN25295918,GCA_026741055.1,"blaI=COMPLETE,blaR1=COMPLETE,blaZ=COMPLETE,blaZ=PARTIAL_END_OF_CONTIG,fosB=COMPLETE,mepA=COMPLETE,tet(38)=COMPLETE",,"ciprofloxacin=S,clindamycin=S,daptomycin=S,erythromycin=S,fusidic acid=S,gentamicin=S,linezolid=S,mupirocin=S,nitrofurantoin=S,oxacillin=S,penicillin=R,rifampin=S,teicoplanin=S,tetracycline=S,vancomycin=S",0
Staphylococcus aureus,BSN188,"""BSN188"",""SRS20736318"",""Staphylococcus aureus str BSN188""",,PDT002179382.1,2024-05-27T16:13:19Z,"USA: Detroit, MI",blood,clinical,,,,,SAMN38637768,GCA_039867635.1,"ant(6)-Ia=MISTRANSLATION,aph(3')-IIIa=COMPLETE,blaI=COMPLETE,blaR1=COMPLETE,blaZ=PARTIAL,dfrG=COMPLETE,folP_E208K=POINT,folP_F17L=POINT,fosB=COMPLETE,gyrA_S84L=POINT,gyrA_S85P=POINT,mecA=COMPLETE,mecR1=PARTIAL,mepA=COMPLETE,mph(C)=COMPLETE,msr(A)=COMPLETE,murA_G257D=POINT,parC_S80F=POINT,parE_D432V=POINT,sat4=COMPLETE,tet(38)=COMPLETE",,"clindamycin=S,daptomycin=S,erythromycin=R,gentamicin=S,linezolid=S,oxacillin=R,rifampin=S,trimethoprim-sulfamethoxazole=R,vancomycin=S",1
Staphylococcus aureus,BSN159,"""BSN159"",""SRS20736348"",""Staphylococcus aureus str BSN159""",,PDT002821189.1,2025-06-30T16:11:09Z,"USA: Detroit, MI",blood,clinical,,PDS000180827.6,2.0,,SAMN38637739,GCA_051148695.1,"aac(6')-Ie/aph(2'')-Ia=COMPLETE,aadD1=COMPLETE,ant(9)-Ia=COMPLETE,blaI=COMPLETE,blaR1=COMPLETE,blaZ=COMPLETE,bleO=COMPLETE,erm(A)=COMPLETE,erm(C)=COMPLETE,fosB=COMPLETE,gyrA_S84L=POINT,mecA=COMPLETE,mecI=COMPLETE,mecR1=COMPLETE,mepA=COMPLETE,parC_E84G=POINT,parC_S80Y=POINT,tet(38)=COMPLETE,tet(M)=COMPLETE",,"clindamycin=R,daptomycin=S,erythromycin=R,gentamicin=R,linezolid=S,oxacillin=R,rifampin=S,trimethoprim-sulfamethoxazole=S,vancomycin=S",1
Staphylococcus aureus,,"""360"",""BWH_360_S_aur"",""SRS13579676""",,PDT001343038.1,2022-06-25T02:38:49Z,USA:Boston,swab,clinical,,,,,SAMN29334809,GCA_023986395.1,"ant(9)-Ia=COMPLETE,blaI=COMPLETE,blaI=PARTIAL_END_OF_CONTIG,blaPC1=COMPLETE,blaR1=COMPLETE,erm(A)=COMPLETE,fosB=COMPLETE,glpT_A100V=POINT,glpT_V213I=POINT,mepA=COMPLETE,murA_D278E=POINT,murA_E291D=POINT,tet(38)=COMPLETE",,"ceftaroline=S,ciprofloxacin=S,clindamycin=R,daptomycin=S,erythromycin=R,gentamicin=S,levofloxacin=S,linezolid=S,minocycline=S,moxifloxacin=S,oxacillin=S,rifampin=S,tetracycline=S,tigecycline=S,trimethoprim-sulfamethoxazole=S,vancomycin=S",1
Staphylococcus aureus,BSN196,"""BSN196"",""SRS20736324"",""Staphylococcus aureus str BSN196""",,PDT002157245.1,2024-05-06T21:57:20Z,"USA: Detroit, MI",blood,clinical,,,,,SAMN38637776,GCA_039535615.1,"blaI=COMPLETE,blaR1=COMPLETE,blaZ=COMPLETE,fosB=COMPLETE,mecA=COMPLETE,mecR1=PARTIAL,mepA=COMPLETE,mph(C)=COMPLETE,msr(A)=COMPLETE,murA_G257D=POINT,parC_S80F=POINT,tet(38)=COMPLETE",,"clindamycin=S,daptomycin=S,erythromycin=S,gentamicin=S,linezolid=S,oxacillin=R,rifampin=S,trimethoprim-sulfamethoxazole=S,vancomycin=S",0
Staphylococcus aureus,BSN121,"""BSN121"",""SRS20598501"",""Staphylococcus aureus str BSN121""",,PDT002154882.1,2024-05-02T20:05:36Z,"USA: Detroit, MI",blood,clinical,,,,,SAMN38637699,GCA_039134645.1,"blaI=COMPLETE,blaZ=COMPLETE,erm(T)=COMPLETE,glpT_A100V=POINT,glpT_F3I=POINT,mepA=COMPLETE,murA_D278E=POINT,murA_E291D=POINT,tet(38)=COMPLETE",,"clindamycin=R,erythromycin=R,gentamicin=S,oxacillin=S,penicillin=R,rifampin=S,trimethoprim-sulfamethoxazole=S,vancomycin=S",1
Staphylococcus aureus,,"""PC0019"",""PC0019b-S0081"",""SRS11792564""",,PDT001516309.1,2022-12-07T22:43:57Z,Australia: Queensland,sputum,clinical,,PDS000127171.1,6.0,,SAMN25295670,GCA_026740775.1,"blaI=COMPLETE,blaPC1=COMPLETE,blaR1=COMPLETE,fosB=COMPLETE,glpT_A100V=POINT,mepA=COMPLETE,tet(38)=COMPLETE",,"ciprofloxacin=S,clindamycin=S,daptomycin=S,erythromycin=S,fusidic acid=S,gentamicin=S,linezolid=S,mupirocin=S,nitrofurantoin=S,oxacillin=S,penicillin=R,rifampin=S,teicoplanin=S,tetracycline=S,vancomycin=S",0
Staphylococcus aureus,,"""BWH_1876_S_aur"",""SRS20993247""",,PDT002136291.1,2024-04-11T17:50:19Z,USA:Boston,Nasal perirectal swab,clinical,,PDS000170496.3,0.0,,SAMN40930677,GCA_038079335.1,"ant(9)-Ia=COMPLETE,blaI=COMPLETE,blaPC1=COMPLETE,blaR1=COMPLETE,erm(A)=COMPLETE,fosB=COMPLETE,glpT_A100V=POINT,glpT_V213I=POINT,mepA=COMPLETE,murA_D278E=POINT,murA_E291D=POINT,tet(38)=COMPLETE",,"ceftaroline=S,ciprofloxacin=S,clindamycin=R,daptomycin=S,erythromycin=R,gentamicin=S,levofloxacin=S,linezolid=S,minocycline=S,moxifloxacin=S,oxacillin=S,rifampin=S,tetracycline=S,tigecycline=S,trimethoprim-sulfamethoxazole=S,vancomycin=S",1
Staphylococcus aureus,BSN59,"""BSN59"",""Staphylococcus aureus str BSN59""",,PDT002018715.1,2023-12-06T05:08:21Z,"USA: Detroit, MI",blood,clinical,,,,,SAMN38351591,GCA_034105245.1,"blaI=COMPLETE,blaR1=COMPLETE,blaZ=COMPLETE,fosB=COMPLETE,gyrA_S84L=POINT,mecA=COMPLETE,mecR1=PARTIAL,mepA=COMPLETE,mph(C)=COMPLETE,msr(A)=COMPLETE,murA_G257D=POINT,parC_S80F=POINT,tet(38)=COMPLETE",,"clindamycin=S,daptomycin=S,erythromycin=R,gentamicin=S,linezolid=S,oxacillin=R,rifampin=S,trimethoprim-sulfamethoxazole=S,vancomycin=S",1
Staphylococcus aureus,BSN51-4,"""BSN51-4"",""Staphylococcus aureus str BSN51-4""",,PDT002216044.1,2024-06-18T12:36:11Z,"USA: Detroit, MI",blood,clinical,,PDS000126558.4,7.0,,SAMN36733058,GCA_040234245.1,"aac(6')-Ie/aph(2'')-Ia=COMPLETE,aadD1=COMPLETE,ant(9)-Ia=COMPLETE,blaI=COMPLETE,blaR1=COMPLETE,blaZ=COMPLETE,bleO=COMPLETE,dfrS1=COMPLETE,erm(A)=COMPLETE,erm(C)=COMPLETE,fosB=COMPLETE,gyrA_S84L=POINT,mecA=COMPLETE,mecI=COMPLETE,mecR1=COMPLETE,mepA=COMPLETE,parC_E84G=POINT,parC_S80Y=POINT,tet(38)=COMPLETE",,"clindamycin=R,daptomycin=S,erythromycin=R,gentamicin=R,linezolid=S,oxacillin=R,rifampin=S,trimethoprim-sulfamethoxazole=R,vancomycin=S",1
Staphylococcus aureus,SAMS3,"""SAMS3"",""SRS20996309""",,PDT002432210.1,2024-10-25T08:26:19Z,Argentina: Ciudad Autonoma de Buenos Aires,blood,clinical,,PDS000202953.1,3.0,,SAMN40932247,GCA_043844895.1,"blaI=COMPLETE,blaR1=COMPLETE,blaZ=COMPLETE,fosB=COMPLETE,mepA=COMPLETE,murA_G257D=POINT,tet(38)=COMPLETE",,"ciprofloxacin=S,clindamycin=S,erythromycin=S,gentamicin=S,levofloxacin=S,linezolid=S,minocycline=S,moxifloxacin=S,nitrofurantoin=S,oxacillin=S,quinupristin=S,rifampin=S,teicoplanin=S,tetracycline=S,tigecycline=S,trimethoprim-sulfamethoxazole=S,vancomycin=S",0
Staphylococcus aureus,,"""49"",""SRS25253606"",""dzd-uci-7026""",,PDT002991807.1,2025-11-20T22:51:21Z,USA: California,"SPUTUM, INDUCED",clinical,,,,,SAMN48878064,GCA_053671215.1,"ant(6)-Ia=MISTRANSLATION,aph(3')-IIIa=COMPLETE,blaI=COMPLETE,blaR1=COMPLETE,blaZ=COMPLETE,fosB=COMPLETE,gyrA_S84L=POINT,mepA=COMPLETE,mph(C)=COMPLETE,msr(A)=COMPLETE,murA_G257D=POINT,parC_S80Y=POINT,tet(38)=COMPLETE",,"clindamycin=S,erythromycin=R,levofloxacin=R,oxacillin=S,rifampin=S,tetracycline=S,trimethoprim-sulfamethoxazole=S",1
Staphylococcus aureus,AR_0226,"""AR_0226"",""FDA-CDC-AR_0226"",""SRS1739410""",,PDT000331086.2,2018-06-08T19:53:07Z,,,clinical,,,,,SAMN04901616,GCA_003203595.1,"ant(6)-Ia=MISTRANSLATION,aph(3')-IIIa=COMPLETE,blaI=COMPLETE,blaR1=COMPLETE,blaZ=COMPLETE,fosB=COMPLETE,mecA=COMPLETE,mecR1=PARTIAL,mepA=COMPLETE,mph(C)=COMPLETE,msr(A)=COMPLETE,murA_G257D=POINT,rpoB_H481Y=POINT,tet(38)=COMPLETE",,"cefoxitin=R,ceftaroline=S,clindamycin=S,daptomycin=NS,doxycycline=S,erythromycin=R,gentamicin=S,levofloxacin=S,linezolid=S,mupirocin=ND,oxacillin=R,penicillin=R,rifampin=R,tetracycline=S,trimethoprim-sulfamethoxazole=S",1
Staphylococcus aureus,,"""779"",""SRS25253850"",""dzd-uci-8190""",,PDT002992003.1,2025-11-20T22:52:01Z,USA: California,ABSCESS,clinical,,,,,SAMN48878794,GCA_053663535.1,"ant(9)-Ia=COMPLETE,blaI=COMPLETE,blaR1=COMPLETE,blaZ=COMPLETE,erm(A)=HMM,glpT_A100V=POINT,glpT_F3I=POINT,mecA=COMPLETE,mepA=COMPLETE,murA_D278E=POINT,murA_E291D=POINT,tet(38)=COMPLETE,tet(K)=COMPLETE",,"clindamycin=R,erythromycin=R,levofloxacin=S,oxacillin=R,rifampin=S,tetracycline=R,trimethoprim-sulfamethoxazole=S",1
Staphylococcus aureus,,"""PC0041"",""PC0041-S0041"",""SRS11792583""",,PDT001516290.1,2022-12-07T22:43:54Z,Australia: Queensland,sputum,clinical,,,,,SAMN25295726,GCA_026743415.1,"blaI=COMPLETE,blaR1=COMPLETE,blaZ=COMPLETE,blaZ=PARTIAL_END_OF_CONTIG,fosB=PARTIAL,mepA=COMPLETE,tet(38)=COMPLETE",,"ciprofloxacin=S,clindamycin=S,daptomycin=S,erythromycin=S,fusidic acid=S,gentamicin=S,linezolid=S,mupirocin=S,nitrofurantoin=S,oxacillin=S,penicillin=R,rifampin=S,teicoplanin=S,tetracycline=S,vancomycin=S",0
Staphylococcus aureus,BSN55-2,"""BSN55-2"",""SRS25286455"",""Staphylococcus aureus str BSN55-2""",,PDT002140416.1,2024-04-15T17:48:47Z,"USA: Detroit, MI",blood,clinical,,PDS000180965.1,1.0,,SAMN38637645,GCA_038129325.1,"ant(6)-Ia=MISTRANSLATION,ant(9)-Ia=COMPLETE,aph(3')-IIIa=COMPLETE,blaI=COMPLETE,blaR1=COMPLETE,blaZ=COMPLETE,erm(A)=COMPLETE,fosB=COMPLETE,gyrA_S84L=POINT,mecA=COMPLETE,mecI=PARTIAL,mecR1=COMPLETE,mepA=COMPLETE,mph(C)=COMPLETE,msr(A)=COMPLETE,murA_G257D=POINT,parC_S80F=POINT,sat4=COMPLETE,tet(38)=COMPLETE",,"clindamycin=R,daptomycin=S,erythromycin=R,gentamicin=S,linezolid=S,oxacillin=R,rifampin=S,trimethoprim-sulfamethoxazole=S,vancomycin=S",1
Staphylococcus aureus,,"""PC0074"",""PC0074a-S0074"",""SRS11792502""",,PDT001516371.1,2022-12-07T22:44:07Z,Australia: Queensland,Swab (Sputum),clinical,,PDS000127154.1,13.0,,SAMN25295786,GCA_026744505.1,"blaZ=PARTIAL_END_OF_CONTIG,fosB=MISTRANSLATION,glpT_A100V=POINT,glpT_V213I=POINT,mepA=COMPLETE,murA_D278E=POINT,murA_E291D=POINT,tet(38)=COMPLETE",,"ciprofloxacin=S,clindamycin=S,daptomycin=S,erythromycin=S,fusidic acid=S,gentamicin=S,linezolid=S,mupirocin=S,nitrofurantoin=S,oxacillin=S,penicillin=R,rifampin=S,teicoplanin=S,tetracycline=S,vancomycin=S",0
Staphylococcus aureus,BSN11,"""BSN11"",""Staphylococcus aureus str BSN11""",,PDT001807326.2,2024-09-16T22:25:33Z,"USA: Detroit, MI",blood,clinical,,,,,SAMN35839467,GCA_030382065.2,"aadD1=COMPLETE,blaI=COMPLETE,blaR1=COMPLETE,blaZ=COMPLETE,fosB=COMPLETE,mepA=COMPLETE,tet(38)=COMPLETE,tet(K)=COMPLETE",,"clindamycin=S,erythromycin=S,gentamicin=S,oxacillin=S,penicillin=R,rifampin=S,trimethoprim-sulfamethoxazole=S,vancomycin=S",0
Staphylococcus aureus,,"""BWH_1428_S_aur"",""SRS18550473""",,PDT001845656.2,2024-02-19T04:57:04Z,USA:Boston,Nasal perirectal swab,clinical,,,,,SAMN36892869,GCA_031835035.2,"aph(3')-IIIa=COMPLETE,blaI=COMPLETE,blaR1=COMPLETE,blaR1=HMM,blaZ=COMPLETE,erm(C)=COMPLETE,fosB=COMPLETE,mepA=COMPLETE,sat4=PARTIAL_END_OF_CONTIG,tet(38)=COMPLETE,tet(K)=COMPLETE",,"ceftaroline=S,ciprofloxacin=S,clindamycin=R,daptomycin=S,erythromycin=R,gentamicin=S,levofloxacin=S,linezolid=S,minocycline=S,moxifloxacin=S,oxacillin=S,rifampin=S,tetracycline=R,tigecycline=S,trimethoprim-sulfamethoxazole=S,vancomycin=S",1
Staphylococcus aureus,BSN89,"""BSN89"",""SRS20485610"",""Staphylococcus aureus str BSN89""",,PDT002109433.2,2024-06-12T17:56:30Z,"USA: Detroit, MI",blood,clinical,,,,,SAMN38637677,GCA_037083885.2,"blaI=COMPLETE,blaR1=COMPLETE,blaZ=COMPLETE,glpT_A100V=POINT,mecA=COMPLETE,mecR1=PARTIAL,mepA=COMPLETE,murA_E291D=POINT,murA_T396N=POINT,tet(38)=COMPLETE",,"clindamycin=S,daptomycin=S,erythromycin=S,gentamicin=S,linezolid=S,oxacillin=R,rifampin=S,trimethoprim-sulfamethoxazole=S,vancomycin=S",0
Staphylococcus aureus,BSN207,"""BSN207"",""SRS20736335"",""Staphylococcus aureus str BSN207""",,PDT002225244.1,2024-06-23T16:07:40Z,"USA: Detroit, MI",blood,clinical,,PDS000069917.2,33.0,,SAMN38637787,GCA_040267805.1,"blaI=COMPLETE,blaR1=COMPLETE,blaZ=COMPLETE,dfrG=COMPLETE,folP_E208K=POINT,folP_F17L=POINT,fosB=COMPLETE,gyrA_S84L=POINT,gyrA_S85P=POINT,mecA=COMPLETE,mecR1=PARTIAL,mepA=COMPLETE,mph(C)=COMPLETE,murA_G257D=POINT,parC_S80F=POINT,parE_D432V=POINT,tet(38)=COMPLETE",,"clindamycin=S,daptomycin=S,erythromycin=S,gentamicin=S,linezolid=S,oxacillin=R,rifampin=S,trimethoprim-sulfamethoxazole=R,vancomycin=S",0
Staphylococcus aureus,,"""PC0052"",""PC0052-S0052"",""SRS11792370""",,PDT001516503.1,2022-12-07T22:44:31Z,Australia: Queensland,Swab (Maxillary Sinus),clinical,,,,,SAMN25295743,GCA_026744425.1,"blaI=PARTIAL,blaR1=COMPLETE,blaZ=COMPLETE,fosB=COMPLETE,mepA=COMPLETE,tet(38)=COMPLETE",,"ciprofloxacin=S,clindamycin=S,daptomycin=S,erythromycin=S,fusidic acid=S,gentamicin=S,linezolid=S,mupirocin=S,nitrofurantoin=S,oxacillin=S,penicillin=R,rifampin=S,teicoplanin=S,tetracycline=S,vancomycin=S",0
Staphylococcus aureus,,"""BWH_1099_S_aur"",""SRS18432664""",,PDT001830633.2,2024-02-21T03:17:24Z,USA:Boston,Nasal perirectal swab,clinical,,,,,SAMN36727313,GCA_032333935.2,"ant(6)-Ia=PARTIAL,aph(3')-IIIa=COMPLETE,fosB=COMPLETE,mepA=COMPLETE,mph(C)=COMPLETE,msr(A)=COMPLETE,sat4=COMPLETE,tet(38)=COMPLETE",,"ceftaroline=S,ciprofloxacin=S,clindamycin=S,daptomycin=S,erythromycin=R,gentamicin=S,levofloxacin=S,linezolid=S,minocycline=S,moxifloxacin=S,oxacillin=S,rifampin=S,tetracycline=S,tigecycline=S,trimethoprim-sulfamethoxazole=S,vancomycin=S",1
Staphylococcus aureus,,"""PC0033"",""PC0033a-S0033"",""SRS11792473""",,PDT001516400.1,2022-12-07T22:44:12Z,Australia: Queensland,sputum,clinical,,PDS000127166.1,2.0,,SAMN25295703,GCA_026740535.1,"blaR1=COMPLETE,blaZ=COMPLETE,blaZ=PARTIAL_END_OF_CONTIG,fosB=PARTIAL,mepA=COMPLETE,tet(38)=COMPLETE",,"ciprofloxacin=S,clindamycin=S,daptomycin=S,erythromycin=S,fusidic acid=S,gentamicin=S,linezolid=S,mupirocin=S,nitrofurantoin=S,oxacillin=S,penicillin=R,rifampin=S,teicoplanin=S,tetracycline=S,vancomycin=S",0
Staphylococcus aureus,,"""PC0114"",""PC0114b-S0236"",""SRS11792291""",,PDT001516182.1,2022-12-07T22:43:35Z,Australia: Queensland,Swab (Sputum),clinical,,,,,SAMN25295848,GCA_026744325.1,"blaI=COMPLETE,blaPC1=COMPLETE,blaR1=PARTIAL_END_OF_CONTIG,fosB=COMPLETE,glpT_A100V=POINT,glpT_V213I=POINT,mepA=COMPLETE,murA_D278E=POINT,murA_E291D=POINT,tet(38)=COMPLETE",,"ciprofloxacin=S,clindamycin=S,daptomycin=S,erythromycin=S,fusidic acid=S,gentamicin=S,linezolid=S,mupirocin=S,nitrofurantoin=S,oxacillin=S,penicillin=R,rifampin=S,teicoplanin=S,tetracycline=S,vancomycin=S",0
Staphylococcus aureus,,"""PC0143"",""PC0143-S0143"",""SRS11792428""",,PDT001516445.1,2022-12-07T22:44:21Z,Australia: Queensland,sputum,clinical,,,,,SAMN25295871,GCA_026744405.1,"mepA=COMPLETE,tet(38)=COMPLETE",,"ciprofloxacin=S,clindamycin=S,daptomycin=S,erythromycin=S,fusidic acid=S,gentamicin=S,linezolid=S,mupirocin=S,nitrofurantoin=S,oxacillin=S,penicillin=S,rifampin=S,teicoplanin=S,tetracycline=S,vancomycin=S",0
Staphylococcus aureus,,"""PC0147"",""PC0147-S0147"",""SRS11792433""",,PDT001516440.1,2022-12-07T22:44:20Z,Australia: Queensland,sputum,clinical,,,,,SAMN25295875,GCA_026742375.1,"aadD1=COMPLETE,blaI=COMPLETE,blaZ=COMPLETE,fosB=COMPLETE,mepA=COMPLETE,tet(38)=COMPLETE",,"ciprofloxacin=S,clindamycin=S,daptomycin=S,erythromycin=S,fusidic acid=S,gentamicin=S,linezolid=S,mupirocin=S,nitrofurantoin=S,oxacillin=S,penicillin=R,rifampin=S,teicoplanin=S,tetracycline=S,vancomycin=S",0
Staphylococcus aureus,,"""PN0157"",""PN0157-S0328"",""SRS11792452""",,PDT001516421.1,2022-12-07T22:44:16Z,Australia: Queensland,Swab abscess right axilla,clinical,,,,,SAMN25295968,GCA_026740435.1,"fusC=COMPLETE,mepA=COMPLETE,tet(38)=COMPLETE",,"ciprofloxacin=S,clindamycin=S,daptomycin=S,erythromycin=S,fusidic acid=R,gentamicin=S,linezolid=S,mupirocin=S,nitrofurantoin=S,oxacillin=S,penicillin=S,rifampin=S,teicoplanin=S,tetracycline=S,vancomycin=S",0
Staphylococcus aureus,,"""BWH_1526_S_aur"",""SRS18979496""",,PDT001903578.2,2024-02-07T17:09:30Z,USA:Boston,Nasal perirectal swab,clinical,,,,,SAMN37516912,GCA_032121635.2,"blaI=COMPLETE,blaR1=COMPLETE,blaZ=COMPLETE,blaZ=PARTIAL_END_OF_CONTIG,mepA=COMPLETE,tet(38)=COMPLETE",,"ceftaroline=S,ciprofloxacin=S,clindamycin=S,daptomycin=S,erythromycin=S,gentamicin=S,levofloxacin=S,linezolid=S,minocycline=S,moxifloxacin=S,oxacillin=S,rifampin=S,tetracycline=S,tigecycline=S,trimethoprim-sulfamethoxazole=S,vancomycin=S",0
Staphylococcus aureus,,"""448"",""SRS25253020"",""dzd-uci-7681""",,PDT002991389.1,2025-11-20T22:49:58Z,USA: California,SURGICAL/PROCEDURE SPECIMEN,clinical,,,,,SAMN48878463,GCA_053674835.1,"aac(6')-Ie/aph(2'')-Ia=COMPLETE,aadD1=COMPLETE,blaI=COMPLETE,blaR1=COMPLETE,blaZ=COMPLETE,lnu(A)=COMPLETE,mepA=COMPLETE,mupA=COMPLETE,tet(38)=COMPLETE,tet(M)=COMPLETE",,"clindamycin=S,erythromycin=S,levofloxacin=S,oxacillin=S,rifampin=S,tetracycline=R,trimethoprim-sulfamethoxazole=S",0
Staphylococcus aureus,BSN12,"""BSN12"",""Staphylococcus aureus str BSN12""",,PDT001807324.2,2024-09-16T21:38:37Z,"USA: Detroit, MI",blood,clinical,,,,,SAMN35839792,GCA_030382025.2,"blaI=COMPLETE,blaR1=COMPLETE,blaZ=COMPLETE,erm(C)=COMPLETE,fexA=COMPLETE,fexA_A37V=POINT,fexA_G33A=POINT,fosB=COMPLETE,mecA=COMPLETE,mecR1=PARTIAL,mepA=COMPLETE,tet(38)=COMPLETE,tet(M)=COMPLETE",,"clindamycin=R,daptomycin=S,erythromycin=R,gentamicin=S,linezolid=S,oxacillin=R,rifampin=S,trimethoprim-sulfamethoxazole=S,vancomycin=S",1
Staphylococcus aureus,,"""PC0062"",""PC0062-S0062"",""SRS11792395""",,PDT001516478.1,2022-12-07T22:44:26Z,Australia: Queensland,sputum,clinical,,,,,SAMN25295765,GCA_026741395.1,"fosB=COMPLETE,mepA=COMPLETE,murA_G257D=POINT,tet(38)=COMPLETE",,"ciprofloxacin=S,clindamycin=S,daptomycin=S,erythromycin=S,fusidic acid=S,gentamicin=S,linezolid=S,mupirocin=S,nitrofurantoin=S,oxacillin=S,penicillin=S,rifampin=S,teicoplanin=S,tetracycline=S,vancomycin=S",0
Staphylococcus aureus,,"""541"",""SRS25253052"",""dzd-uci-7839""",,PDT002991359.1,2025-11-20T22:49:52Z,USA: California,DRAINAGE,clinical,,,,,SAMN48878556,GCA_053675195.1,"aac(6')-Ie/aph(2'')-Ia=COMPLETE,blaI=COMPLETE,blaR1=HMM,blaZ=COMPLETE,fosB=COMPLETE,fusC=COMPLETE,glpT_A100V=POINT,glpT_L27F=POINT,mecA=COMPLETE,mepA=COMPLETE,murA_E291D=POINT,murA_T396N=POINT,tet(38)=COMPLETE",,"clindamycin=S,erythromycin=S,levofloxacin=S,oxacillin=R,rifampin=S,tetracycline=S,trimethoprim-sulfamethoxazole=S",0
Staphylococcus aureus,,"""PC0033"",""PC0033b-S0061"",""SRS11792475""",,PDT001516398.1,2022-12-07T22:44:12Z,Australia: Queensland,sputum,clinical,,PDS000127166.1,2.0,,SAMN25295704,GCA_026742635.1,"blaR1=COMPLETE,blaZ=COMPLETE,blaZ=PARTIAL_END_OF_CONTIG,fosB=PARTIAL,mepA=COMPLETE,tet(38)=COMPLETE",,"ciprofloxacin=S,clindamycin=S,daptomycin=S,erythromycin=S,fusidic acid=S,gentamicin=S,linezolid=S,mupirocin=S,nitrofurantoin=S,oxacillin=S,penicillin=R,rifampin=S,teicoplanin=S,tetracycline=S,vancomycin=S",0
Staphylococcus aureus,BSN87-2,"""BSN87-2"",""SRS20485608"",""Staphylococcus aureus str BSN87-2""",,PDT002109434.1,2024-03-10T16:49:04Z,"USA: Detroit, MI",blood,clinical,,PDS000177765.2,22.0,,SAMN38637675,GCA_037083945.1,"aadD1=COMPLETE,ant(9)-Ia=COMPLETE,blaI=COMPLETE,blaR1=COMPLETE,blaZ=COMPLETE,bleO=COMPLETE,erm(A)=COMPLETE,fosB=COMPLETE,gyrA_S84L=POINT,mecA=COMPLETE,mecI=COMPLETE,mecR1=COMPLETE,mepA=COMPLETE,parC_S80F=POINT,tet(38)=COMPLETE",,"clindamycin=R,daptomycin=S,erythromycin=R,gentamicin=S,linezolid=S,oxacillin=R,rifampin=S,trimethoprim-sulfamethoxazole=S,vancomycin=S",1
Staphylococcus aureus,BSN53-2,"""B0624"",""BSN53-2"",""R11426"",""Staphylococcus aureus str BSN53-2""",,PDT002008160.1,2023-11-27T04:06:16Z,"USA: Detroit, MI",blood,clinical,,,,,SAMN38334800,GCA_033952645.1,"ant(6)-Ia=MISTRANSLATION,aph(3')-IIIa=COMPLETE,blaI=COMPLETE,blaR1=COMPLETE,blaZ=COMPLETE,fosB=COMPLETE,gyrA_S84L=POINT,mecA=COMPLETE,mecR1=PARTIAL,mepA=COMPLETE,mph(C)=COMPLETE,msr(A)=COMPLETE,murA_G257D=POINT,parC_S80Y=POINT,sat4=COMPLETE,tet(38)=COMPLETE",,"clindamycin=S,daptomycin=S,erythromycin=R,gentamicin=S,linezolid=S,oxacillin=R,rifampin=S,trimethoprim-sulfamethoxazole=S,vancomycin=S",1
Staphylococcus aureus,BSN79,"""BSN79"",""SRS20483037"",""Staphylococcus aureus str BSN79""",,PDT002172331.1,2024-05-20T14:53:22Z,"USA: Detroit, MI",blood,clinical,,,,,SAMN38637667,GCA_039699835.1,"mepA=COMPLETE,tet(38)=COMPLETE",,"ciprofloxacin=S,clindamycin=S,erythromycin=S,gentamicin=S,levofloxacin=S,oxacillin=S,penicillin=S,rifampin=S,trimethoprim-sulfamethoxazole=S,vancomycin=S",0
Staphylococcus aureus,BSN203,"""BSN203"",""SRS20736332"",""Staphylococcus aureus str BSN203""",,PDT002131981.1,2024-04-03T15:03:46Z,"USA: Detroit, MI",blood,clinical,,,,,SAMN38637783,GCA_037952035.1,"blaI=COMPLETE,blaR1=HMM,blaZ=COMPLETE,fosB=COMPLETE,mecA=COMPLETE,mecR1=PARTIAL,mepA=COMPLETE,tet(38)=COMPLETE",,"clindamycin=S,daptomycin=S,erythromycin=S,gentamicin=S,linezolid=S,oxacillin=R,rifampin=S,trimethoprim-sulfamethoxazole=S,vancomycin=S",0
Staphylococcus aureus,AR_0468,"""AR_0468"",""SRS3159767""",,PDT000331087.2,2018-06-08T19:54:07Z,,,clinical,,PDS000068844.2,1.0,,SAMN07291561,GCA_003203615.1,"aadD1=COMPLETE,ant(9)-Ia=COMPLETE,blaI=COMPLETE,blaR1=COMPLETE,blaZ=COMPLETE,bleO=COMPLETE,erm(A)=COMPLETE,fosB=COMPLETE,gyrA_S84L=POINT,mecA=COMPLETE,mecI=COMPLETE,mecR1=COMPLETE,mepA=COMPLETE,parC_E84K=POINT,parC_S80F=POINT,tet(38)=COMPLETE",,"cefoxitin=R,ceftaroline=S,clindamycin=R,daptomycin=NS,doxycycline=S,erythromycin=R,gentamicin=S,levofloxacin=R,linezolid=S,mupirocin=ND,oxacillin=S,penicillin=R,rifampin=S,tetracycline=S,trimethoprim-sulfamethoxazole=S,vancomycin=I",1
Staphylococcus aureus,,"""PC0106"",""PC0106-S0106"",""SRS11792277""",,PDT001516196.1,2022-12-07T22:43:37Z,Australia: Queensland,Swab (Sputum),clinical,,,,,SAMN25295835,GCA_026741135.1,"blaI=COMPLETE,blaR1=COMPLETE,blaZ=COMPLETE,fosB=COMPLETE,mepA=COMPLETE,tet(38)=COMPLETE",,"ciprofloxacin=S,clindamycin=S,daptomycin=S,erythromycin=S,fusidic acid=S,gentamicin=S,linezolid=S,mupirocin=S,nitrofurantoin=S,oxacillin=S,penicillin=R,rifampin=S,teicoplanin=S,tetracycline=S,vancomycin=S",0
Staphylococcus aureus,BSN169,"""BSN169"",""SRS20736298"",""Staphylococcus aureus str BSN169""",,PDT002153466.1,2024-05-01T16:30:37Z,"USA: Detroit, MI",blood,clinical,,PDS000180827.6,7.0,,SAMN38637749,GCA_038973465.1,"aadD1=COMPLETE,ant(9)-Ia=COMPLETE,blaI=COMPLETE,blaR1=COMPLETE,blaZ=COMPLETE,bleO=COMPLETE,erm(A)=COMPLETE,erm(C)=COMPLETE,fosB=COMPLETE,gyrA_S84L=POINT,mecA=COMPLETE,mecI=COMPLETE,mecR1=COMPLETE,mepA=COMPLETE,parC_E84G=POINT,parC_S80Y=POINT,tet(38)=COMPLETE,tet(M)=COMPLETE",,"clindamycin=R,daptomycin=S,erythromycin=R,gentamicin=R,linezolid=S,oxacillin=R,rifampin=S,trimethoprim-sulfamethoxazole=S,vancomycin=S",1
Staphylococcus aureus,,"""PN0199"",""PN0199-S0349"",""SRS11792559""",,PDT001516314.1,2022-12-07T22:43:58Z,Australia: Queensland,Swab gastrostomy,clinical,,PDS000144312.7,20.0,,SAMN25295989,GCA_026742935.1,"blaI=COMPLETE,blaR1=COMPLETE,blaR1=PARTIAL_END_OF_CONTIG,blaZ=COMPLETE,blaZ=PARTIAL_END_OF_CONTIG,glpT_A100V=POINT,mecA=COMPLETE,mecR1=PARTIAL,mepA=COMPLETE,murA_E291D=POINT,murA_T396N=POINT,tet(38)=COMPLETE",,"ciprofloxacin=S,clindamycin=S,daptomycin=S,erythromycin=S,fusidic acid=S,gentamicin=S,linezolid=S,mupirocin=S,nitrofurantoin=S,oxacillin=S,penicillin=S,rifampin=S,teicoplanin=S,tetracycline=S,vancomycin=S",0
Staphylococcus aureus,,"""PC0029"",""PC0029-S0029"",""SRS11792352""",,PDT001516121.1,2022-12-07T22:43:25Z,Australia: Queensland,sputum,clinical,,,,,SAMN25295694,GCA_026745875.1,"blaI=COMPLETE,blaR1=COMPLETE,blaZ=COMPLETE,blaZ=PARTIAL_END_OF_CONTIG,mepA=COMPLETE,tet(38)=COMPLETE",,"ciprofloxacin=S,clindamycin=S,daptomycin=S,erythromycin=S,fusidic acid=S,gentamicin=S,linezolid=S,mupirocin=S,nitrofurantoin=S,oxacillin=S,penicillin=R,rifampin=S,teicoplanin=S,tetracycline=S,vancomycin=S",0
Staphylococcus aureus,,"""837"",""SRS25253410"",""dzd-uci-8289""",,PDT002991502.1,2025-11-20T22:50:21Z,USA: California,ABSCESS,clinical,,PDS000247555.1,0.0,,SAMN48878852,GCA_053673495.1,"ant(6)-Ia=MISTRANSLATION,aph(3')-IIIa=COMPLETE,blaI=COMPLETE,blaR1=COMPLETE,blaZ=COMPLETE,dfrG=COMPLETE,fosB=COMPLETE,gyrA_S84L=POINT,mecA=COMPLETE,mecR1=PARTIAL,mepA=COMPLETE,mph(C)=COMPLETE,msr(A)=COMPLETE,murA_G257D=POINT,parC_S80Y=POINT,sat4=COMPLETE,sat4=PARTIAL_END_OF_CONTIG,tet(38)=COMPLETE",,"clindamycin=S,erythromycin=R,levofloxacin=R,oxacillin=R,rifampin=S,tetracycline=S,trimethoprim-sulfamethoxazole=R",1
Staphylococcus aureus,,"""266"",""SRS25253202"",""dzd-uci-7398""",,PDT002991217.1,2025-11-20T22:49:23Z,USA: California,sputum,clinical,,PDS000247562.1,6.0,,SAMN48878281,GCA_053677095.1,"aac(6')-Ie/aph(2'')-Ia=COMPLETE,blaI=COMPLETE,blaR1=COMPLETE,blaZ=COMPLETE,blaZ=PARTIAL_END_OF_CONTIG,dfrE=COMPLETE,erm(B)=COMPLETE,gyrA_S84L=POINT,mecA=COMPLETE,mecR1=PARTIAL,mepA=COMPLETE,parC_S80F=POINT,parE_D432N=POINT,rpoB_H481Y=POINT,tet(38)=COMPLETE",,"clindamycin=R,erythromycin=R,levofloxacin=R,oxacillin=R,rifampin=R,tetracycline=S,trimethoprim-sulfamethoxazole=R",1
Staphylococcus aureus,,"""PC0092"",""PC0092c-S0252"",""SRS11792596""",,PDT001516277.1,2022-12-07T22:43:52Z,Australia: Queensland,sputum,clinical,,PDS000127148.1,2.0,,SAMN25295813,GCA_026743535.1,"blaI=COMPLETE,blaZ=COMPLETE,fosB=COMPLETE,mepA=COMPLETE,tet(38)=COMPLETE",,"ciprofloxacin=S,clindamycin=R,daptomycin=S,erythromycin=R,fusidic acid=S,gentamicin=S,linezolid=S,mupirocin=S,nitrofurantoin=S,oxacillin=S,penicillin=R,rifampin=S,teicoplanin=S,tetracycline=S,vancomycin=S",1
Staphylococcus aureus,,"""PN0234"",""PN0234-S0375"",""SRS11792654""",,PDT001516219.1,2022-12-07T22:43:41Z,Australia: Queensland,swab,clinical,,,,,SAMN25296016,GCA_026741115.1,"blaI=COMPLETE,blaR1=COMPLETE,blaZ=COMPLETE,fosB=COMPLETE,mepA=COMPLETE,tet(38)=COMPLETE",,"ciprofloxacin=S,clindamycin=S,daptomycin=S,erythromycin=S,fusidic acid=S,gentamicin=S,linezolid=S,mupirocin=S,nitrofurantoin=S,oxacillin=S,penicillin=R,rifampin=S,teicoplanin=S,tetracycline=S,vancomycin=S",0
Staphylococcus aureus,,"""PN0246"",""PN0246-S0385"",""SRS11792263""",,PDT001516210.1,2022-12-07T22:43:40Z,Australia: Queensland,Swab femur,clinical,,,,,SAMN25296025,GCA_026744025.1,"blaI=COMPLETE,blaR1=COMPLETE,blaZ=COMPLETE,blaZ=PARTIAL_END_OF_CONTIG,fosB=COMPLETE,mepA=COMPLETE,tet(38)=COMPLETE",,"ciprofloxacin=S,clindamycin=S,daptomycin=S,erythromycin=S,fusidic acid=S,gentamicin=S,linezolid=S,mupirocin=S,nitrofurantoin=S,oxacillin=S,penicillin=R,rifampin=S,teicoplanin=S,tetracycline=S,vancomycin=S",0
Staphylococcus aureus,19KS01SA08,"""19KS01SA08"",""SP19ST00049"",""SRS12405337""",,PDT002729145.1,2025-04-23T05:05:15Z,USA:KS,SALMON (SA),environmental/other,,,,,SAMN26198721,GCA_049857195.1,"blaI=COMPLETE,blaR1=COMPLETE,blaR1=PARTIAL_END_OF_CONTIG,blaZ=COMPLETE,dfrG=COMPLETE,erm(C)=COMPLETE,erm(C)=PARTIAL_END_OF_CONTIG,mepA=COMPLETE,parC_S80F=POINT,tet(38)=COMPLETE",,"ampicillin=ND,avilamycin=ND,chloramphenicol=S,ciprofloxacin=S,daptomycin=S,erythromycin=R,gentamicin=R,linezolid=S,nitrofurantoin=S,streptomycin=ND,synercid=S,tetracycline=ND,tigecycline=ND,vancomycin=S",1
Staphylococcus aureus,,"""PN0165"",""PN0165a-S0332"",""SRS11792456""",,PDT001516417.1,2022-12-07T22:44:15Z,Australia: Queensland,"Aspirate abascess right, neck",clinical,,,,,SAMN25295972,GCA_026742535.1,"aac(6')-Ie=HMM,blaI=COMPLETE,blaR1=HMM,blaZ=COMPLETE,dfrB_A135T=POINT,dfrS1=COMPLETE,gyrA_S84L=POINT,mecA=COMPLETE,mecR1=PARTIAL,mepA=COMPLETE,parC_S80F=POINT,tet(38)=COMPLETE",,"ciprofloxacin=R,clindamycin=S,daptomycin=S,erythromycin=S,fusidic acid=S,gentamicin=R,linezolid=S,mupirocin=S,nitrofurantoin=S,oxacillin=R,penicillin=R,rifampin=S,teicoplanin=S,tetracycline=S,vancomycin=S",0
Staphylococcus aureus,,"""PC0058"",""PC0058aiii-S0224"",""SRS11792383""",,PDT001516490.1,2022-12-07T22:44:28Z,Australia: Queensland,sputum,clinical,,PDS000127227.1,6.0,,SAMN25295754,GCA_026741315.1,"aadD1=COMPLETE,blaI=COMPLETE,blaR1=MISTRANSLATION,blaZ=COMPLETE,lnu(A)=COMPLETE,mepA=COMPLETE,tet(38)=COMPLETE,tet(K)=COMPLETE",,"ciprofloxacin=S,clindamycin=S,erythromycin=S,fusidic acid=S,gentamicin=R,oxacillin=S,penicillin=R,tetracycline=R,vancomycin=S",0
Staphylococcus aureus,,"""PC0088"",""PC0088b-S0264"",""SRS11792523""",,PDT001516350.1,2022-12-07T22:44:04Z,Australia: Queensland,Swab (Sputum),clinical,,PDS000127150.1,21.0,,SAMN25295805,GCA_026743355.1,"blaI=COMPLETE,blaPC1=COMPLETE,blaR1=COMPLETE,fosB=COMPLETE,glpT_A100V=POINT,glpT_V213I=POINT,mepA=COMPLETE,murA_D278E=POINT,murA_E291D=POINT,tet(38)=COMPLETE",,"ciprofloxacin=S,clindamycin=S,daptomycin=S,erythromycin=S,fusidic acid=S,gentamicin=S,linezolid=S,mupirocin=S,nitrofurantoin=S,oxacillin=S,penicillin=R,rifampin=S,teicoplanin=S,tetracycline=S,vancomycin=S",0
Staphylococcus aureus,BSN178,"""BSN178"",""SRS20736304"",""Staphylococcus aureus str BSN178""",,PDT002199723.1,2024-06-10T17:03:29Z,"USA: Detroit, MI",blood,clinical,,,,,SAMN38637758,GCA_040114745.1,"ant(6)-Ia=MISTRANSLATION,aph(3')-IIIa=COMPLETE,blaI=COMPLETE,blaR1=COMPLETE,blaZ=COMPLETE,fosB=COMPLETE,mepA=COMPLETE,mph(C)=COMPLETE,msr(A)=COMPLETE,murA_G257D=POINT,parC_S80F=POINT,sat4=COMPLETE,tet(38)=COMPLETE",,"clindamycin=S,erythromycin=R,gentamicin=S,oxacillin=S,penicillin=R,rifampin=S,trimethoprim-sulfamethoxazole=S,vancomycin=S",1
Staphylococcus aureus,BSN156,"""BSN156"",""SRS20736345"",""Staphylococcus aureus str BSN156""",,PDT002122859.1,2024-03-24T14:31:02Z,"USA: Detroit, MI",blood,clinical,,,,,SAMN38637736,GCA_037482185.1,"blaI=COMPLETE,blaR1=HMM,blaZ=COMPLETE,glpT_A100V=POINT,mepA=COMPLETE,murA_E291D=POINT,murA_T396N=POINT,tet(38)=COMPLETE",,"clindamycin=S,erythromycin=S,gentamicin=S,oxacillin=S,penicillin=S,rifampin=S,trimethoprim-sulfamethoxazole=S,vancomycin=S",0
Staphylococcus aureus,BSN194,"""BSN194"",""SRS20736322"",""Staphylococcus aureus str BSN194""",,PDT002157240.1,2024-05-06T20:23:37Z,"USA: Detroit, MI",blood,clinical,,,,,SAMN38637774,GCA_039522825.1,"blaI=COMPLETE,blaR1=COMPLETE,blaZ=COMPLETE,fosB=COMPLETE,gyrA_S84L=POINT,mecA=COMPLETE,mecR1=PARTIAL,mepA=COMPLETE,murA_G257D=POINT,parC_S80Y=POINT,tet(38)=COMPLETE",,"clindamycin=S,daptomycin=S,erythromycin=S,gentamicin=S,linezolid=S,oxacillin=R,rifampin=S,trimethoprim-sulfamethoxazole=S,vancomycin=S",0
Staphylococcus aureus,,"""PC0058"",""PC0058ai-S0058"",""SRS11792380""",,PDT001516493.1,2022-12-07T22:44:29Z,Australia: Queensland,sputum,clinical,,PDS000127227.1,6.0,,SAMN25295752,GCA_026740255.1,"aadD1=COMPLETE,blaI=COMPLETE,blaR1=MISTRANSLATION,blaZ=COMPLETE,lnu(A)=COMPLETE,mepA=COMPLETE,tet(38)=COMPLETE,tet(K)=COMPLETE",,"ciprofloxacin=S,clindamycin=S,erythromycin=S,fusidic acid=S,gentamicin=R,oxacillin=S,penicillin=R,tetracycline=R,vancomycin=S",0
Staphylococcus aureus,,"""666"",""SRS25253364"",""dzd-uci-8019""",,PDT002991546.1,2025-11-20T22:50:30Z,USA: California,blood,clinical,,,,,SAMN48878681,GCA_053657295.1,"fosB=COMPLETE,mepA=COMPLETE,tet(38)=COMPLETE",,"clindamycin=S,erythromycin=S,levofloxacin=S,oxacillin=S,rifampin=S,tetracycline=S,trimethoprim-sulfamethoxazole=S",0
Staphylococcus aureus,,"""562"",""SRS25253613"",""dzd-uci-7870""",,PDT002991798.1,2025-11-20T22:51:19Z,USA: California,"SPUTUM, INDUCED",clinical,,,,,SAMN48878577,GCA_053667555.1,"blaI=COMPLETE,blaR1=MISTRANSLATION,blaZ=COMPLETE,fosB=COMPLETE,mepA=COMPLETE,tet(38)=COMPLETE",,"clindamycin=S,erythromycin=S,levofloxacin=S,oxacillin=S,rifampin=S,tetracycline=S,trimethoprim-sulfamethoxazole=S",0
Staphylococcus aureus,BSN40,"""B0581"",""BSN40"",""Staphylococcus aureus str BSN40""",,PDT002036677.2,2024-07-10T15:58:16Z,"USA: Detroit, MI",blood,clinical,,,,,SAMN38752237,GCA_034427895.2,"blaI=COMPLETE,blaR1=COMPLETE,blaZ=COMPLETE,fosB=PARTIAL,mecA=COMPLETE,mecR1=PARTIAL,mepA=COMPLETE,tet(38)=COMPLETE",,"clindamycin=S,daptomycin=S,erythromycin=S,gentamicin=S,linezolid=S,oxacillin=R,rifampin=S,trimethoprim-sulfamethoxazole=S,vancomycin=S",0
Staphylococcus aureus,,"""BWH_1239_S_aur"",""SRS18432475""",,PDT001830546.2,2024-02-07T17:09:23Z,USA:Boston,Nasal perirectal swab,clinical,,,,,SAMN36726628,GCA_032335815.2,"blaI=COMPLETE,blaPC1=COMPLETE,blaR1=COMPLETE,fosB=COMPLETE,glpT_A100V=POINT,glpT_V213I=POINT,mepA=COMPLETE,murA_D278E=POINT,murA_E291D=POINT,tet(38)=COMPLETE",,"ceftaroline=S,ciprofloxacin=S,clindamycin=S,daptomycin=S,erythromycin=S,gentamicin=S,levofloxacin=S,linezolid=S,minocycline=S,moxifloxacin=S,oxacillin=S,rifampin=S,tetracycline=S,tigecycline=S,trimethoprim-sulfamethoxazole=S,vancomycin=S",0
Staphylococcus aureus,,"""PC0160"",""PC0160-S0160"",""SRS11792531""",,PDT001516342.1,2022-12-07T22:44:02Z,Australia: Queensland,sputum,clinical,,,,,SAMN25295888,GCA_026742055.1,"blaI=COMPLETE,blaR1=COMPLETE,blaZ=COMPLETE,mepA=COMPLETE,tet(38)=COMPLETE",,"ciprofloxacin=S,clindamycin=S,daptomycin=S,erythromycin=S,fusidic acid=S,gentamicin=S,linezolid=S,mupirocin=S,nitrofurantoin=S,oxacillin=S,penicillin=R,rifampin=S,teicoplanin=S,tetracycline=S,vancomycin=S",0
Staphylococcus aureus,,"""854"",""SRS25253429"",""dzd-uci-8314""",,PDT002991485.1,2025-11-20T22:50:17Z,USA: California,DRAINAGE,clinical,,PDS000247558.1,8.0,,SAMN48878869,GCA_053673655.1,"aac(6')-Ie/aph(2'')-Ia=COMPLETE,aadD1=COMPLETE,ant(9)-Ia=COMPLETE,blaI=COMPLETE,blaR1=COMPLETE,blaZ=COMPLETE,bleO=COMPLETE,erm(A)=COMPLETE,erm(C)=COMPLETE,fosB=COMPLETE,fosY=COMPLETE,gyrA_S84L=POINT,gyrA_S85P=POINT,mecA=COMPLETE,mecI=COMPLETE,mecR1=COMPLETE,mepA=COMPLETE,mupA=COMPLETE,parC_E84G=POINT,parC_S80Y=POINT,tet(38)=COMPLETE,tet(K)=COMPLETE",,"clindamycin=R,erythromycin=R,oxacillin=R,rifampin=S,tetracycline=R,trimethoprim-sulfamethoxazole=S",1
Staphylococcus aureus,BSN124,"""BSN124"",""SRS20598503"",""Staphylococcus aureus str BSN124""",,PDT002131979.1,2024-04-03T12:07:56Z,"USA: Detroit, MI",blood,clinical,,,,,SAMN38637702,GCA_037948675.1,"aph(3')-IIIa=COMPLETE,blaI=COMPLETE,blaR1=COMPLETE,blaZ=COMPLETE,fosB=COMPLETE,mecA=COMPLETE,mecR1=PARTIAL,mepA=COMPLETE,mph(C)=COMPLETE,msr(A)=COMPLETE,murA_G257D=POINT,tet(38)=COMPLETE",,"ceftaroline=S,clindamycin=S,daptomycin=S,erythromycin=R,gentamicin=S,linezolid=S,oxacillin=R,rifampin=S,trimethoprim-sulfamethoxazole=S,vancomycin=S",1
Staphylococcus aureus,,"""250"",""BWH_250_S_aur"",""SRS13579684""",,PDT001343030.1,2022-06-25T02:38:47Z,USA:Boston,swab,clinical,,PDS000112058.12,0.0,,SAMN29334804,GCA_023986535.1,"ant(9)-Ia=COMPLETE,blaI=COMPLETE,blaPC1=COMPLETE,blaR1=COMPLETE,erm(A)=COMPLETE,fosB=COMPLETE,glpT_A100V=POINT,glpT_V213I=POINT,mepA=COMPLETE,murA_D278E=POINT,murA_E291D=POINT,tet(38)=COMPLETE",,"ceftaroline=S,ciprofloxacin=S,clindamycin=R,erythromycin=R,gentamicin=S,levofloxacin=S,linezolid=S,minocycline=S,moxifloxacin=S,oxacillin=S,rifampin=S,tetracycline=S,tigecycline=S,trimethoprim-sulfamethoxazole=S,vancomycin=S",1
Staphylococcus aureus,BSN166,"""BSN166"",""SRS20736293"",""Staphylococcus aureus str BSN166""",,PDT002199721.1,2024-06-10T16:33:01Z,"USA: Detroit, MI",blood,clinical,,,,,SAMN38637746,GCA_040114725.1,"blaI=COMPLETE,blaZ=COMPLETE,fosB=COMPLETE,mepA=COMPLETE,tet(38)=COMPLETE",,"clindamycin=S,erythromycin=S,gentamicin=S,oxacillin=S,penicillin=R,rifampin=S,trimethoprim-sulfamethoxazole=S,vancomycin=S",0
Staphylococcus aureus,,"""BWH_1003_S_aur"",""SRS18432613""",,PDT001830683.1,2023-07-27T17:50:14Z,USA:Boston,Nasal perirectal swab,clinical,,,,,SAMN36727281,GCA_032333235.1,"ant(6)-Ia=MISTRANSLATION,aph(3')-IIIa=COMPLETE,blaI=COMPLETE,blaR1=MISTRANSLATION,blaZ=COMPLETE,fosB=COMPLETE,mecA=COMPLETE,mecR1=PARTIAL,mepA=COMPLETE,mph(C)=COMPLETE,msr(A)=COMPLETE,murA_G257D=POINT,sat4=COMPLETE,tet(38)=COMPLETE",,"ceftaroline=S,ciprofloxacin=S,clindamycin=S,daptomycin=S,erythromycin=R,gentamicin=S,levofloxacin=S,linezolid=S,minocycline=S,moxifloxacin=S,oxacillin=R,rifampin=S,tetracycline=S,tigecycline=S,trimethoprim-sulfamethoxazole=S,vancomycin=S",1
Staphylococcus aureus,,"""PC0048"",""PC0048a-S0048"",""SRS11792361""",,PDT001516512.1,2022-12-07T22:44:32Z,Australia: Queensland,Swab (Sputum),clinical,,,,,SAMN25295734,GCA_026744345.1,"blaI=COMPLETE,blaZ=COMPLETE,dfrB_A135T=POINT,gyrA_S84L=POINT,mecA=COMPLETE,mecR1=PARTIAL,mepA=COMPLETE,parC_S80F=POINT,parE_P585S=POINT,tet(38)=COMPLETE",,"ciprofloxacin=R,clindamycin=S,daptomycin=S,erythromycin=S,fusidic acid=S,gentamicin=S,linezolid=S,mupirocin=S,nitrofurantoin=S,oxacillin=R,penicillin=R,rifampin=S,teicoplanin=S,tetracycline=S,vancomycin=S",0
Staphylococcus aureus,BSN102-2,"""BSN102-2"",""SRS20598167"",""Staphylococcus aureus str BSN102-2""",,PDT002117608.1,2024-03-18T15:48:19Z,"USA: Detroit, MI",blood,clinical,,PDS000179082.1,1.0,,SAMN38637691,GCA_037219465.1,"ant(6)-Ia=MISTRANSLATION,aph(3')-IIIa=COMPLETE,blaI=COMPLETE,blaR1=COMPLETE,blaZ=COMPLETE,fosB=COMPLETE,mecA=COMPLETE,mecR1=PARTIAL,mepA=COMPLETE,mph(C)=COMPLETE,msr(A)=COMPLETE,murA_G257D=POINT,parC_S80Y=POINT,sat4=COMPLETE,tet(38)=COMPLETE",,"ceftaroline=S,clindamycin=S,daptomycin=S,erythromycin=R,gentamicin=S,linezolid=S,oxacillin=R,rifampin=S,trimethoprim-sulfamethoxazole=S,vancomycin=S",1
Staphylococcus aureus,,"""PC0051"",""PC0051b-S0069"",""SRS11792369""",,PDT001516504.1,2022-12-07T22:44:31Z,Australia: Queensland,sputum,clinical,,,,,SAMN25295742,GCA_026741215.1,"blaZ=COMPLETE,catA=COMPLETE,dfrB_A135T=POINT,mepA=COMPLETE,tet(38)=COMPLETE",,"ciprofloxacin=S,clindamycin=S,daptomycin=S,erythromycin=S,fusidic acid=S,gentamicin=S,linezolid=S,mupirocin=S,nitrofurantoin=S,oxacillin=S,penicillin=R,rifampin=S,teicoplanin=S,tetracycline=S,vancomycin=S",0
Staphylococcus aureus,,"""624"",""SRS25253073"",""dzd-uci-7963""",,PDT002991340.1,2025-11-20T22:49:49Z,USA: California,"SPUTUM, INDUCED",clinical,,PDS000247552.1,0.0,,SAMN48878639,GCA_053675475.1,"glpT_A100V=POINT,mepA=COMPLETE,murA_E291D=POINT,murA_T396N=POINT,tet(38)=COMPLETE",,"clindamycin=S,erythromycin=S,levofloxacin=S,oxacillin=S,rifampin=S,tetracycline=S,trimethoprim-sulfamethoxazole=S",0
Staphylococcus aureus,,"""395"",""SRS25253009"",""dzd-uci-7599""",,PDT002991399.1,2025-11-20T22:49:59Z,USA: California,blood,clinical,,,,,SAMN48878410,GCA_053674695.1,"blaI=COMPLETE,blaR1=HMM,blaZ=COMPLETE,erm(T)=COMPLETE,glpT_A100V=POINT,glpT_F3I=POINT,mepA=COMPLETE,murA_D278E=POINT,murA_E291D=POINT,tet(38)=COMPLETE",,"clindamycin=S,erythromycin=S,levofloxacin=S,oxacillin=S,rifampin=S,tetracycline=S,trimethoprim-sulfamethoxazole=S",0
Staphylococcus aureus,,"""BWH_1852_S_aur"",""SRS20993225""",,PDT002136316.1,2024-04-11T17:50:32Z,USA:Boston,Nasal perirectal swab,clinical,,,,,SAMN40930654,GCA_038079355.1,"blaI=COMPLETE,blaR1=HMM,blaZ=COMPLETE,erm(T)=COMPLETE,glpT_A100V=POINT,glpT_F3I=POINT,mepA=COMPLETE,murA_D278E=POINT,murA_E291D=POINT,tet(38)=COMPLETE",,"ceftaroline=S,ciprofloxacin=S,clindamycin=R,daptomycin=S,erythromycin=R,gentamicin=S,levofloxacin=S,linezolid=S,minocycline=S,moxifloxacin=S,oxacillin=S,rifampin=S,tetracycline=S,tigecycline=S,trimethoprim-sulfamethoxazole=S,vancomycin=S",1
Staphylococcus aureus,,"""PC0128"",""PC0128b-S0164"",""SRS11792415""",,PDT001516458.1,2022-12-07T22:44:23Z,Australia: Queensland,Swab (Sputum),clinical,,,,,SAMN25295859,GCA_026741495.1,"fosB=COMPLETE,mepA=COMPLETE,tet(38)=COMPLETE",,"ciprofloxacin=S,clindamycin=S,daptomycin=S,erythromycin=S,fusidic acid=S,gentamicin=S,linezolid=S,mupirocin=S,nitrofurantoin=S,oxacillin=S,penicillin=S,rifampin=S,teicoplanin=S,tetracycline=S,vancomycin=S",0
Staphylococcus aureus,,"""BWH_1583_S_aur"",""SRS19518881""",,PDT001986204.2,2023-12-20T12:53:42Z,USA:Boston,Nasal perirectal swab,clinical,,,,,SAMN38228815,GCA_034497765.1,"ant(9)-Ia=COMPLETE,blaI=COMPLETE,blaPC1=COMPLETE,blaR1=COMPLETE,erm(A)=COMPLETE,fosB=COMPLETE,glpT_A100V=POINT,glpT_V213I=POINT,mepA=COMPLETE,murA_D278E=POINT,murA_E291D=POINT,tet(38)=COMPLETE",,"ceftaroline=S,ciprofloxacin=S,clindamycin=R,daptomycin=S,erythromycin=R,gentamicin=S,levofloxacin=S,linezolid=S,minocycline=S,moxifloxacin=S,oxacillin=S,rifampin=S,tetracycline=S,tigecycline=S,trimethoprim-sulfamethoxazole=S,vancomycin=S",1
Staphylococcus aureus,,"""PN0210"",""PN0210-S0356"",""SRS11792569""",,PDT001516304.1,2022-12-07T22:43:56Z,Australia: Queensland,Swab abscess leg,clinical,,PDS000144312.7,52.0,,SAMN25295998,GCA_026743035.1,"blaI=COMPLETE,blaR1=COMPLETE,blaZ=COMPLETE,blaZ=PARTIAL_END_OF_CONTIG,glpT_A100V=POINT,mecA=COMPLETE,mecA=PARTIAL_END_OF_CONTIG,mecR1=PARTIAL,mepA=COMPLETE,murA_E291D=POINT,murA_T396N=POINT,tet(38)=COMPLETE",,"ciprofloxacin=S,clindamycin=S,daptomycin=S,erythromycin=S,fusidic acid=S,gentamicin=S,linezolid=S,mupirocin=S,nitrofurantoin=S,oxacillin=R,penicillin=R,rifampin=S,teicoplanin=S,tetracycline=S,vancomycin=S",0
Staphylococcus aureus,,"""PN0231"",""PN0231-S0373"",""SRS11792652""",,PDT001516221.1,2022-12-07T22:43:42Z,Australia: Queensland,swab,clinical,,,,,SAMN25296014,GCA_026743865.1,"blaI=COMPLETE,blaR1=HMM,blaZ=COMPLETE,fosB=COMPLETE,glpT_A100V=POINT,glpT_L27F=POINT,mepA=COMPLETE,murA_E291D=POINT,murA_T396N=POINT,tet(38)=COMPLETE",,"ciprofloxacin=S,clindamycin=S,daptomycin=S,erythromycin=S,fusidic acid=S,gentamicin=S,linezolid=S,mupirocin=S,nitrofurantoin=S,oxacillin=S,penicillin=R,rifampin=S,teicoplanin=S,tetracycline=S,vancomycin=S",0
Staphylococcus aureus,,"""PC0053"",""PC0053-S0053"",""SRS11792372""",,PDT001516501.1,2022-12-07T22:44:30Z,Australia: Queensland,sputum,clinical,,,,,SAMN25295744,GCA_026742135.1,"ant(6)-Ia=PARTIAL,aph(3')-IIIa=COMPLETE,glpT_A100V=POINT,mepA=COMPLETE,murA_E291D=POINT,murA_T396N=POINT,sat4=COMPLETE,tet(38)=COMPLETE",,"ciprofloxacin=S,daptomycin=S,erythromycin=S,fusidic acid=S,gentamicin=S,linezolid=S,mupirocin=S,nitrofurantoin=S,oxacillin=S,penicillin=R,rifampin=S,teicoplanin=S,tetracycline=S,vancomycin=S",0
Staphylococcus aureus,,"""PN0130"",""PN0130-S0319"",""SRS11792443""",,PDT001516430.1,2022-12-07T22:44:18Z,Australia: Queensland,Swab abscess jaw,clinical,,,,,SAMN25295960,GCA_026741655.1,"blaI=COMPLETE,blaR1=COMPLETE,blaZ=COMPLETE,fusC=COMPLETE,mepA=COMPLETE,mupA=COMPLETE,tet(38)=COMPLETE",,"ciprofloxacin=S,clindamycin=S,daptomycin=S,erythromycin=S,fusidic acid=R,gentamicin=S,linezolid=S,mupirocin=R,nitrofurantoin=S,oxacillin=S,penicillin=R,rifampin=S,teicoplanin=S,tetracycline=S,vancomycin=S",0
Staphylococcus aureus,BSN99,"""BSN99"",""SRS20485602"",""Staphylococcus aureus str BSN99""",,PDT002117607.1,2024-03-18T15:32:46Z,"USA: Detroit, MI",blood,clinical,,,,,SAMN38637687,GCA_037218625.1,"ant(9)-Ia=COMPLETE,blaI=COMPLETE,blaR1=COMPLETE,blaZ=COMPLETE,erm(A)=COMPLETE,glpT_A100V=POINT,mepA=COMPLETE,murA_E291D=POINT,murA_T396N=POINT,tet(38)=COMPLETE",,"clindamycin=R,erythromycin=R,gentamicin=S,oxacillin=S,penicillin=R,rifampin=S,trimethoprim-sulfamethoxazole=S,vancomycin=S",1
Staphylococcus aureus,,"""916"",""SRS25253210"",""dzd-uci-8431""",,PDT002991697.1,2025-11-20T22:50:59Z,USA: California,sputum,clinical,,,,,SAMN48878931,GCA_053671615.1,"blaI=COMPLETE,blaR1=MISTRANSLATION,blaZ=COMPLETE,fosB=COMPLETE,mepA=COMPLETE,tet(38)=COMPLETE",,"clindamycin=S,erythromycin=S,levofloxacin=S,oxacillin=S,rifampin=S,tetracycline=S,trimethoprim-sulfamethoxazole=S",0
Staphylococcus aureus,,"""487"",""SRS25253604"",""dzd-uci-7747""",,PDT002991809.1,2025-11-20T22:51:22Z,USA: California,blood,clinical,,,,,SAMN48878502,GCA_053652605.1,"blaI=COMPLETE,blaR1=COMPLETE,blaZ=PARTIAL,fosB=COMPLETE,glpT_A100V=POINT,glpT_V213I=POINT,mepA=COMPLETE,murA_D278E=POINT,murA_E291D=POINT,tet(38)=COMPLETE",,"clindamycin=S,erythromycin=S,levofloxacin=S,oxacillin=S,rifampin=S,tetracycline=S,trimethoprim-sulfamethoxazole=S",0
Staphylococcus aureus,,"""PC0042"",""PC0042-S0042"",""SRS11792584""",,PDT001516289.1,2022-12-07T22:43:53Z,Australia: Queensland,sputum,clinical,,,,,SAMN25295727,GCA_026740815.1,"blaI=COMPLETE,blaR1=PARTIAL_END_OF_CONTIG,blaZ=COMPLETE,glpT_A100V=POINT,mepA=COMPLETE,murA_E291D=POINT,murA_T396N=POINT,tet(38)=COMPLETE",,"ciprofloxacin=S,clindamycin=S,daptomycin=S,erythromycin=S,fusidic acid=S,gentamicin=S,linezolid=S,mupirocin=S,nitrofurantoin=S,oxacillin=S,penicillin=R,rifampin=S,teicoplanin=S,tetracycline=S,vancomycin=S",0
Staphylococcus aureus,,"""PC0068"",""PC0068a-S0068"",""SRS11792401""",,PDT001516472.1,2022-12-07T22:44:25Z,Australia: Queensland,sputum,clinical,,PDS000127157.1,5.0,,SAMN25295771,GCA_026742255.1,"ant(9)-Ia=COMPLETE,blaI=COMPLETE,blaR1=COMPLETE,blaZ=COMPLETE,erm(A)=COMPLETE,fosB=COMPLETE,glpT_A100V=POINT,glpT_V213I=POINT,mepA=COMPLETE,murA_D278E=POINT,murA_E291D=POINT,tet(38)=COMPLETE",,"ciprofloxacin=S,clindamycin=R,daptomycin=S,erythromycin=R,fusidic acid=S,gentamicin=S,linezolid=S,mupirocin=S,nitrofurantoin=S,oxacillin=S,penicillin=R,rifampin=S,teicoplanin=S,tetracycline=S,vancomycin=S",1
Staphylococcus aureus,,"""PC0010"",""PC0010-S0010"",""SRS11792609""",,PDT001516265.1,2022-12-07T22:43:49Z,Australia: Queensland,sputum,clinical,,,,,SAMN25295653,GCA_026743675.1,"blaI=COMPLETE,blaR1=COMPLETE,blaZ=COMPLETE,fusC=PARTIAL_END_OF_CONTIG,mepA=COMPLETE,tet(38)=COMPLETE",,"ciprofloxacin=S,clindamycin=S,daptomycin=S,erythromycin=R,fusidic acid=R,gentamicin=S,linezolid=S,mupirocin=S,nitrofurantoin=S,oxacillin=S,penicillin=R,rifampin=S,teicoplanin=S,tetracycline=S,vancomycin=S",1
Staphylococcus aureus,,"""PC0027"",""PC0027a-S0027"",""SRS11792342""",,PDT001516131.1,2022-12-07T22:43:27Z,Australia: Queensland,Swab (NSS),clinical,,PDS000127169.1,9.0,,SAMN25295685,GCA_026745325.1,"blaI=COMPLETE,blaR1=COMPLETE,blaZ=COMPLETE,glpT_A100V=POINT,mepA=COMPLETE,murA_E291D=POINT,murA_T396N=POINT,tet(38)=COMPLETE",,"ciprofloxacin=S,clindamycin=S,daptomycin=S,erythromycin=S,fusidic acid=S,gentamicin=S,linezolid=S,mupirocin=S,nitrofurantoin=S,oxacillin=S,penicillin=R,rifampin=S,teicoplanin=S,tetracycline=S,vancomycin=S",0
Staphylococcus aureus,,"""PN0180"",""PN0180-S0342"",""SRS11792466""",,PDT001516407.1,2022-12-07T22:44:13Z,Australia: Queensland,Swab skin,clinical,,,,,SAMN25295981,GCA_026741775.1,"blaZ=COMPLETE,fosB=COMPLETE,mepA=COMPLETE,tet(38)=COMPLETE",,"ciprofloxacin=S,clindamycin=S,daptomycin=S,erythromycin=S,fusidic acid=S,gentamicin=S,linezolid=S,mupirocin=S,nitrofurantoin=S,oxacillin=S,penicillin=R,rifampin=S,teicoplanin=S,tetracycline=S,vancomycin=S",0
Staphylococcus aureus,0780-1302-2015,"""0780-1302-2015"",""SRS3745661""",,PDT000287914.2,2018-02-10T17:10:35Z,Russia: Moscow,Skin lesions,clinical,,,,,SAMN08456629,GCA_002925605.1,"fosB=COMPLETE,mepA=COMPLETE,pbp4_E218K=POINT,tet(38)=COMPLETE",,"amoxicillin-clavulanic acid=S,ampicillin-sulbactam=S,cefazolin=S,ceftriaxone=S,chloramphenicol=S,ciprofloxacin=S,clindamycin=S,daptomycin=S,erythromycin=S,gentamicin=S,imipenem=S,levofloxacin=S,linezolid=S,meropenem=S,moxifloxacin=S,oxacillin=S,rifampin=S,tetracycline=S,trimethoprim-sulfamethoxazole=S,vancomycin=S",0
Staphylococcus aureus,BSN177,"""BSN177"",""SRS20736305"",""Staphylococcus aureus str BSN177""",,PDT002143995.1,2024-04-21T15:15:38Z,"USA: Detroit, MI",blood,clinical,,,,,SAMN38637757,GCA_038396955.1,"ant(9)-Ia=COMPLETE,blaI=COMPLETE,blaR1=COMPLETE,blaZ=COMPLETE,erm(A)=COMPLETE,glpT_A100V=POINT,mepA=COMPLETE,murA_E291D=POINT,murA_T396N=POINT,tet(38)=COMPLETE",,"clindamycin=R,erythromycin=R,gentamicin=S,oxacillin=S,penicillin=R,rifampin=S,trimethoprim-sulfamethoxazole=S,vancomycin=S",1
Staphylococcus aureus,,"""548"",""SRS25253059"",""dzd-uci-7851""",,PDT002991352.1,2025-11-20T22:49:51Z,USA: California,blood,clinical,,,,,SAMN48878563,GCA_053675335.1,"blaI=COMPLETE,blaR1=HMM,blaZ=COMPLETE,fosB=COMPLETE,mepA=COMPLETE,tet(38)=COMPLETE",,"clindamycin=S,erythromycin=S,levofloxacin=S,oxacillin=S,rifampin=S,tetracycline=S,trimethoprim-sulfamethoxazole=S",0
Staphylococcus aureus,,"""PC0097"",""PC0097a-S0097"",""SRS11792605""",,PDT001516268.1,2022-12-07T22:43:50Z,Australia: Queensland,Swab (Sputum),clinical,,,,,SAMN25295821,GCA_026740975.1,"aadD1=COMPLETE,blaI=COMPLETE,blaR1=COMPLETE,blaZ=COMPLETE,fosB=COMPLETE,mepA=COMPLETE,tet(38)=COMPLETE",,"ciprofloxacin=S,clindamycin=S,daptomycin=S,erythromycin=S,fusidic acid=S,gentamicin=S,linezolid=S,mupirocin=S,nitrofurantoin=S,oxacillin=S,penicillin=R,rifampin=S,teicoplanin=S,tetracycline=S,vancomycin=S",0
Staphylococcus aureus,,"""PC0040"",""PC0040-S0040"",""SRS11792582""",,PDT001516291.1,2022-12-07T22:43:54Z,Australia: Queensland,sputum,clinical,,,,,SAMN25295725,GCA_026743395.1,"blaI=COMPLETE,blaR1=COMPLETE,blaZ=COMPLETE,fosB=COMPLETE,mepA=COMPLETE,tet(38)=COMPLETE",,"ciprofloxacin=S,clindamycin=S,daptomycin=S,erythromycin=S,fusidic acid=S,gentamicin=S,linezolid=S,mupirocin=S,nitrofurantoin=S,oxacillin=S,penicillin=R,rifampin=S,teicoplanin=S,tetracycline=S,vancomycin=S",0
Staphylococcus aureus,,"""PC0103"",""PC0103a-S0103"",""SRS11792613""",,PDT001516260.1,2022-12-07T22:43:49Z,Australia: Queensland,Swab (Sputum),clinical,,,,,SAMN25295828,GCA_026743715.1,"aac(6')-Ie/aph(2'')-Ia=COMPLETE,aac(6')-Ie=HMM,blaI=COMPLETE,blaI=PARTIAL_END_OF_CONTIG,blaR1=COMPLETE,blaR1=PARTIAL_END_OF_CONTIG,blaZ=COMPLETE,blaZ=PARTIAL_END_OF_CONTIG,dfrE=COMPLETE,erm(B)=COMPLETE,gyrA_S84L=POINT,mepA=COMPLETE,parC_S80F=POINT,tet(38)=COMPLETE",,"ciprofloxacin=R,clindamycin=R,daptomycin=S,erythromycin=R,fusidic acid=S,gentamicin=R,linezolid=S,mupirocin=S,nitrofurantoin=S,oxacillin=S,penicillin=R,rifampin=S,teicoplanin=S,tetracycline=S,vancomycin=S",1
Staphylococcus aureus,,"""PC0030"",""PC0030a-S0030"",""SRS11792353""",,PDT001516120.1,2022-12-07T22:43:25Z,Australia: Queensland,sputum,clinical,,PDS000127167.1,4.0,,SAMN25295695,GCA_026745895.1,"ant(9)-Ia=PARTIAL,blaI=COMPLETE,blaR1=HMM,blaZ=COMPLETE,blaZ=PARTIAL_END_OF_CONTIG,erm(A)=COMPLETE,fosB=COMPLETE,mepA=COMPLETE,tet(38)=COMPLETE",,"ciprofloxacin=S,clindamycin=R,daptomycin=S,erythromycin=R,fusidic acid=S,gentamicin=S,linezolid=S,mupirocin=S,nitrofurantoin=S,oxacillin=S,penicillin=R,rifampin=S,teicoplanin=S,tetracycline=S,vancomycin=S",1
Staphylococcus aureus,BSN85,"""BSN85"",""SRS20485606"",""Staphylococcus aureus str BSN85""",,PDT002109437.2,2024-06-03T21:30:48Z,"USA: Detroit, MI",blood,clinical,,PDS000179565.2,21.0,,SAMN38637673,GCA_037095035.2,"aadD1=COMPLETE,ant(9)-Ia=COMPLETE,blaI=COMPLETE,blaR1=COMPLETE,blaZ=COMPLETE,bleO=COMPLETE,erm(A)=COMPLETE,fosB=COMPLETE,gyrA_S84L=POINT,mecA=COMPLETE,mecI=COMPLETE,mecR1=COMPLETE,mepA=COMPLETE,mph(C)=COMPLETE,msr(A)=COMPLETE,parC_S80F=POINT,parE_P585S=POINT,tet(38)=COMPLETE",,"clindamycin=R,daptomycin=S,erythromycin=R,gentamicin=S,linezolid=S,oxacillin=R,rifampin=S,trimethoprim-sulfamethoxazole=S,vancomycin=S",1
Staphylococcus aureus,,"""BWH_1625_S_aur"",""SRS19518886""",,PDT001986201.2,2023-12-20T12:53:42Z,USA:Boston,Nasal perirectal swab,clinical,,,,,SAMN38228816,GCA_034515605.1,"ant(9)-Ia=PARTIAL,blaI=COMPLETE,blaPC1=COMPLETE,blaR1=COMPLETE,erm(A)=COMPLETE,fosB=COMPLETE,glpT_A100V=POINT,glpT_V213I=POINT,mepA=COMPLETE,murA_D278E=POINT,murA_E291D=POINT,tet(38)=COMPLETE",,"ceftaroline=S,ciprofloxacin=S,clindamycin=R,daptomycin=S,erythromycin=R,gentamicin=S,levofloxacin=S,linezolid=S,minocycline=S,moxifloxacin=S,oxacillin=S,rifampin=S,tetracycline=S,tigecycline=S,trimethoprim-sulfamethoxazole=S,vancomycin=S",1
Staphylococcus aureus,BSN73,"""BSN73"",""SRS20483080"",""Staphylococcus aureus str BSN73""",,PDT002103397.1,2024-03-07T04:18:26Z,"USA: Detroit, MI",blood,clinical,,,,,SAMN38637661,GCA_037046265.1,"aadD1=COMPLETE,blaI=COMPLETE,blaR1=COMPLETE,blaZ=COMPLETE,dfrG=COMPLETE,folP_E208K=POINT,folP_F17L=POINT,fosB=COMPLETE,gyrA_S84L=POINT,gyrA_S85P=POINT,mecA=COMPLETE,mecR1=PARTIAL,mepA=COMPLETE,mph(C)=COMPLETE,msr(A)=COMPLETE,murA_G257D=POINT,parC_S80F=POINT,parE_D432V=POINT,tet(38)=COMPLETE",,"clindamycin=S,daptomycin=S,erythromycin=R,gentamicin=S,linezolid=S,oxacillin=R,rifampin=S,trimethoprim-sulfamethoxazole=R,vancomycin=S",1
Staphylococcus aureus,BSN149,"""BSN149"",""SRS20598175"",""Staphylococcus aureus str BSN149""",,PDT002117604.1,2024-03-18T14:46:00Z,"USA: Detroit, MI",blood,clinical,,,,,SAMN38637728,GCA_037217245.1,"blaI=COMPLETE,blaR1=COMPLETE,blaZ=COMPLETE,fosB=COMPLETE,mecA=COMPLETE,mecR1=PARTIAL,mepA=COMPLETE,tet(38)=COMPLETE",,"clindamycin=S,daptomycin=S,erythromycin=S,gentamicin=S,linezolid=S,oxacillin=R,rifampin=S,trimethoprim-sulfamethoxazole=S,vancomycin=S",0
Staphylococcus aureus,,"""BWH_1710_S_aur"",""SRS20472866""",,PDT002080312.1,2024-02-16T01:09:49Z,USA:Boston,Nasal perirectal swab,clinical,,PDS000174062.2,7.0,,SAMN39956398,GCA_036631685.1,"blaI=COMPLETE,blaR1=HMM,blaZ=COMPLETE,erm(T)=COMPLETE,glpT_A100V=POINT,glpT_F3I=POINT,mepA=COMPLETE,murA_D278E=POINT,murA_E291D=POINT,tet(38)=COMPLETE",,"ceftaroline=S,ciprofloxacin=S,clindamycin=R,daptomycin=S,erythromycin=R,gentamicin=S,levofloxacin=S,linezolid=S,minocycline=S,moxifloxacin=S,oxacillin=S,rifampin=S,tetracycline=S,tigecycline=S,trimethoprim-sulfamethoxazole=S,vancomycin=S",1
Staphylococcus aureus,BSN127,"""BSN127"",""SRS20598159"",""Staphylococcus aureus str BSN127""",,PDT002152311.1,2024-04-30T12:54:26Z,"USA: Detroit, MI",blood,clinical,,,,,SAMN38637705,GCA_038784845.1,"aadD1=COMPLETE,blaI=COMPLETE,blaR1=COMPLETE,blaZ=COMPLETE,fosB=COMPLETE,lnu(A)=COMPLETE,mepA=COMPLETE,tet(38)=COMPLETE",,"clindamycin=S,erythromycin=S,gentamicin=S,oxacillin=S,penicillin=R,rifampin=S,trimethoprim-sulfamethoxazole=S,vancomycin=S",0
Staphylococcus aureus,,"""496"",""SRS25253319"",""dzd-uci-7760""",,PDT002991591.1,2025-11-20T22:50:39Z,USA: California,blood,clinical,,,,,SAMN48878511,GCA_053672695.1,"blaI=COMPLETE,blaR1=HMM,blaZ=COMPLETE,fosB=COMPLETE,mepA=COMPLETE,pbp4_E218K=POINT,tet(38)=COMPLETE",,"clindamycin=S,erythromycin=S,levofloxacin=S,oxacillin=S,rifampin=S,tetracycline=S,trimethoprim-sulfamethoxazole=S",0
Staphylococcus aureus,,"""BWH_1624_S_aur"",""SRS19518824""",,PDT001986251.2,2023-12-20T11:56:09Z,USA:Boston,Nasal perirectal swab,clinical,,PDS000112058.12,0.0,,SAMN38228826,GCA_034512575.1,"ant(9)-Ia=COMPLETE,blaI=COMPLETE,blaPC1=COMPLETE,blaR1=COMPLETE,erm(A)=COMPLETE,fosB=COMPLETE,glpT_A100V=POINT,glpT_V213I=POINT,mepA=COMPLETE,murA_D278E=POINT,murA_E291D=POINT,tet(38)=COMPLETE",,"ceftaroline=S,ciprofloxacin=S,clindamycin=R,daptomycin=S,erythromycin=R,gentamicin=S,levofloxacin=S,linezolid=S,minocycline=S,moxifloxacin=S,oxacillin=S,rifampin=S,tetracycline=S,tigecycline=S,trimethoprim-sulfamethoxazole=S,vancomycin=S",1
Staphylococcus aureus,,"""BWH_1073_S_aur"",""SRS18432453""",,PDT001830567.2,2024-02-21T03:17:24Z,USA:Boston,Nasal perirectal swab,clinical,,PDS000154295.3,0.0,,SAMN36726659,GCA_032335135.2,"dfrB_A135T=POINT,mepA=COMPLETE,tet(38)=COMPLETE",,"ceftaroline=S,ciprofloxacin=S,clindamycin=S,daptomycin=S,erythromycin=S,gentamicin=S,levofloxacin=S,linezolid=S,minocycline=S,moxifloxacin=S,oxacillin=S,rifampin=S,tetracycline=S,tigecycline=S,trimethoprim-sulfamethoxazole=S,vancomycin=S",0
Staphylococcus aureus,,"""PC0028"",""PC0028d-S0230"",""SRS11792348""",,PDT001516125.1,2022-12-07T22:43:26Z,Australia: Queensland,sputum,clinical,,PDS000127168.1,8.0,,SAMN25295691,GCA_026745815.1,"blaI=COMPLETE,blaZ=COMPLETE,fosB=COMPLETE,mepA=COMPLETE,tet(38)=COMPLETE",,"ciprofloxacin=S,clindamycin=S,daptomycin=S,erythromycin=S,fusidic acid=S,gentamicin=S,linezolid=S,mupirocin=S,nitrofurantoin=S,oxacillin=S,penicillin=R,rifampin=S,teicoplanin=S,tetracycline=S,vancomycin=S",0
Staphylococcus aureus,,"""BWH_818_S_aur"",""SRS18433673""",,PDT001830977.2,2024-02-21T03:17:27Z,USA:Boston,Nasal perirectal swab,clinical,,,,,SAMN36729139,GCA_032329355.2,"fosB=COMPLETE,mepA=COMPLETE,murA_G257D=POINT,tet(38)=COMPLETE",,"ceftaroline=S,ciprofloxacin=S,clindamycin=S,daptomycin=S,erythromycin=S,gentamicin=S,levofloxacin=S,linezolid=S,minocycline=S,moxifloxacin=S,oxacillin=S,rifampin=S,tetracycline=S,tigecycline=S,trimethoprim-sulfamethoxazole=S,vancomycin=S",0
Staphylococcus aureus,,"""PC0047"",""PC0047-S0047"",""SRS11792589""",,PDT001516283.1,2022-12-07T22:43:52Z,Australia: Queensland,sputum,clinical,,,,,SAMN25295733,GCA_026740855.1,"blaI=COMPLETE,blaZ=COMPLETE,fosB=COMPLETE,mepA=COMPLETE,tet(38)=COMPLETE",,"ciprofloxacin=S,clindamycin=S,daptomycin=S,erythromycin=S,fusidic acid=S,gentamicin=S,linezolid=S,mupirocin=S,nitrofurantoin=S,oxacillin=S,penicillin=R,rifampin=S,teicoplanin=S,tetracycline=S,vancomycin=S",0
Staphylococcus aureus,AR_0215,"""AR_0215"",""FDA-CDC-AR_0215"",""SRS1739407""",,PDT000326671.2,2018-06-06T12:12:08Z,,,clinical,,,,,SAMN04901605,GCA_003194025.1,"aadD1=COMPLETE,ant(9)-Ia=COMPLETE,blaI=COMPLETE,blaR1=COMPLETE,blaZ=COMPLETE,bleO=COMPLETE,erm(A)=COMPLETE,fosB=COMPLETE,gyrA_E88K=POINT,gyrA_S84L=POINT,mecA=COMPLETE,mecI=COMPLETE,mecR1=COMPLETE,mepA=COMPLETE,parC_E84G=POINT,parC_S80Y=POINT,tet(38)=COMPLETE,walK_S221P=POINT",,"cefoxitin=R,ceftaroline=S,clindamycin=R,daptomycin=NS,doxycycline=S,erythromycin=R,gentamicin=S,levofloxacin=R,linezolid=S,mupirocin=ND,oxacillin=R,penicillin=R,rifampin=S,tetracycline=S,trimethoprim-sulfamethoxazole=S",1
Staphylococcus aureus,,"""PC0154"",""PC0154b-S0263"",""SRS11792440""",,PDT001516433.1,2022-12-07T22:44:18Z,Australia: Queensland,sputum,clinical,,,,,SAMN25295882,GCA_026741595.1,"ant(9)-Ia=COMPLETE,blaI=COMPLETE,blaZ=COMPLETE,erm(A)=COMPLETE,fosB=COMPLETE,glpT_A100V=POINT,glpT_L27F=POINT,ileS_V588F=POINT,mepA=COMPLETE,murA_E291D=POINT,murA_T396N=POINT,tet(38)=COMPLETE",,"ciprofloxacin=S,clindamycin=R,daptomycin=S,erythromycin=R,fusidic acid=S,gentamicin=S,linezolid=S,mupirocin=R,nitrofurantoin=S,oxacillin=S,penicillin=R,rifampin=S,teicoplanin=S,tetracycline=S,vancomycin=S",1
Staphylococcus aureus,,"""PN0119"",""PN0119b-S0325"",""SRS11792327""",,PDT001516146.1,2022-12-07T22:43:29Z,Australia: Queensland,Swab foot abscess left,clinical,,PDS000110257.4,6.0,,SAMN25295956,GCA_026745085.1,"blaI=COMPLETE,blaPC1=COMPLETE,blaR1=COMPLETE,fosB=COMPLETE,glpT_A100V=POINT,glpT_V213I=POINT,mecA=COMPLETE,mecR1=PARTIAL,mepA=COMPLETE,murA_D278E=POINT,murA_E291D=POINT,tet(38)=COMPLETE",,"ciprofloxacin=S,clindamycin=S,daptomycin=S,erythromycin=S,fusidic acid=S,gentamicin=S,linezolid=S,mupirocin=S,nitrofurantoin=R,oxacillin=R,penicillin=R,rifampin=S,teicoplanin=S,tetracycline=S,vancomycin=S",0
Staphylococcus aureus,BSN08,"""BSN08"",""SRS20478872"",""Staphylococcus aureus str BSN08""",,PDT002708831.1,2025-04-06T12:20:30Z,"USA: Detroit, MI",blood,clinical,,,,,SAMN35839406,GCA_049314975.1,"aadD1=COMPLETE,ant(9)-Ia=COMPLETE,blaI=COMPLETE,blaR1=COMPLETE,blaZ=COMPLETE,bleO=COMPLETE,erm(A)=COMPLETE,fosB=COMPLETE,gyrA_S84L=POINT,gyrA_S85P=POINT,mecA=COMPLETE,mecI=COMPLETE,mecR1=COMPLETE,mepA=COMPLETE,mph(C)=COMPLETE,msr(A)=COMPLETE,mupA=COMPLETE,parC_E84G=POINT,parC_S80Y=POINT,tet(38)=COMPLETE",,"clindamycin=R,erythromycin=R,gentamicin=S,linezolid=S,oxacillin=R,rifampin=S,trimethoprim-sulfamethoxazole=S,vancomycin=S",1
Staphylococcus aureus,,"""PC0049"",""PC0049c-S0285"",""SRS11792365""",,PDT001516508.1,2022-12-07T22:44:32Z,Australia: Queensland,Swab (Sputum),clinical,,PDS000127162.1,13.0,,SAMN25295738,GCA_026744385.1,"blaI=COMPLETE,blaR1=COMPLETE,blaZ=COMPLETE,blaZ=PARTIAL_END_OF_CONTIG,fosB=COMPLETE,mepA=COMPLETE,tet(38)=COMPLETE",,"ciprofloxacin=S,clindamycin=S,daptomycin=S,erythromycin=S,fusidic acid=S,gentamicin=S,linezolid=S,mupirocin=S,nitrofurantoin=S,oxacillin=S,penicillin=R,rifampin=S,teicoplanin=S,tetracycline=S,vancomycin=S",0
Staphylococcus aureus,,"""PN0233"",""PN0233-S0374"",""SRS11792653""",,PDT001516220.1,2022-12-07T22:43:42Z,Australia: Queensland,Swab cellulitis leg,clinical,,PDS000135626.6,2.0,,SAMN25296015,GCA_026743945.1,"blaI=COMPLETE,blaR1=COMPLETE,blaZ=COMPLETE,glpT_A100V=POINT,mecA=COMPLETE,mecR1=PARTIAL,mepA=COMPLETE,murA_E291D=POINT,murA_T396N=POINT,tet(38)=COMPLETE",,"ciprofloxacin=S,clindamycin=S,daptomycin=S,erythromycin=S,fusidic acid=S,gentamicin=S,linezolid=S,mupirocin=S,nitrofurantoin=S,oxacillin=R,penicillin=R,rifampin=S,teicoplanin=S,tetracycline=S,vancomycin=S",0
Staphylococcus aureus,BSN123,"""BSN123"",""SRS20598502"",""Staphylococcus aureus str BSN123""",,PDT002130908.1,2024-04-03T03:48:29Z,"USA: Detroit, MI",blood,clinical,,PDS000126540.16,11.0,,SAMN38637701,GCA_037938875.1,"ant(6)-Ia=MISTRANSLATION,aph(3')-IIIa=COMPLETE,blaI=COMPLETE,blaR1=COMPLETE,blaZ=COMPLETE,fosB=COMPLETE,gyrA_S84L=POINT,mecA=COMPLETE,mecR1=PARTIAL,mepA=COMPLETE,mph(C)=COMPLETE,msr(A)=COMPLETE,murA_G257D=POINT,parC_S80Y=POINT,sat4=COMPLETE,tet(38)=COMPLETE",,"clindamycin=S,daptomycin=S,erythromycin=R,gentamicin=S,linezolid=S,oxacillin=R,rifampin=S,trimethoprim-sulfamethoxazole=S,vancomycin=S",1
Staphylococcus aureus,,"""BWH_1548_S_aur"",""SRS19518830""",,PDT001986246.2,2023-12-20T11:56:09Z,USA:Boston,Nasal perirectal swab,clinical,,,,,SAMN38228831,GCA_034511555.1,"aph(3')-IIIa=COMPLETE,blaI=COMPLETE,blaR1=MISTRANSLATION,blaZ=COMPLETE,fosB=COMPLETE,gyrA_S84L=POINT,mecA=COMPLETE,mecR1=PARTIAL,mepA=COMPLETE,mph(C)=COMPLETE,msr(A)=COMPLETE,murA_G257D=POINT,parC_S80F=POINT,sat4=PARTIAL,tet(38)=COMPLETE",,"ceftaroline=S,ciprofloxacin=R,clindamycin=S,daptomycin=S,erythromycin=R,gentamicin=S,levofloxacin=R,linezolid=S,minocycline=S,moxifloxacin=R,oxacillin=S,rifampin=S,tetracycline=S,tigecycline=S,trimethoprim-sulfamethoxazole=S,vancomycin=S",1
Staphylococcus aureus,BSN05,"""BSN05"",""Staphylococcus aureus str BSN05""",,PDT001791596.2,2024-09-24T04:01:47Z,"USA: Detroit, MI",blood,clinical,,PDS000126540.16,4.0,,SAMN35758936,GCA_030342475.2,"ant(6)-Ia=MISTRANSLATION,aph(3')-IIIa=COMPLETE,blaI=COMPLETE,blaR1=COMPLETE,blaZ=COMPLETE,erm(C)=COMPLETE,erm(C)=PARTIAL_END_OF_CONTIG,fosB=COMPLETE,gyrA_S84L=POINT,mecA=COMPLETE,mecR1=PARTIAL,mepA=COMPLETE,mph(C)=COMPLETE,msr(A)=COMPLETE,murA_G257D=POINT,parC_S80Y=POINT,sat4=COMPLETE,tet(38)=COMPLETE",,"clindamycin=R,daptomycin=S,erythromycin=R,gentamicin=S,linezolid=S,oxacillin=R,rifampin=S,trimethoprim-sulfamethoxazole=S,vancomycin=S",1
Staphylococcus aureus,,"""BWH_1897_S_aur"",""SRS21133313""",,PDT002147344.1,2024-04-26T18:53:52Z,USA:Boston,Nasal perirectal swab,clinical,,PDS000181460.1,24.0,,SAMN41091879,GCA_038509245.1,"erm(T)=COMPLETE,glpT_A100V=POINT,glpT_F3I=POINT,mepA=COMPLETE,murA_D278E=POINT,murA_E291D=POINT,tet(38)=COMPLETE",,"ceftaroline=S,ciprofloxacin=S,clindamycin=R,daptomycin=S,erythromycin=R,gentamicin=S,levofloxacin=S,linezolid=S,minocycline=S,moxifloxacin=S,oxacillin=S,rifampin=S,tetracycline=S,tigecycline=S,trimethoprim-sulfamethoxazole=S,vancomycin=S",1
Staphylococcus aureus,,"""PC0072"",""PC0072-S0072"",""SRS11792413""",,PDT001516460.1,2022-12-07T22:44:23Z,Australia: Queensland,Swab (Sputum),clinical,,,,,SAMN25295782,GCA_026741455.1,"blaI=COMPLETE,blaR1=HMM,blaZ=PARTIAL_END_OF_CONTIG,fosB=COMPLETE,mepA=COMPLETE,tet(38)=COMPLETE",,"ciprofloxacin=S,clindamycin=S,daptomycin=S,erythromycin=S,fusidic acid=S,gentamicin=S,linezolid=S,mupirocin=S,nitrofurantoin=S,oxacillin=S,penicillin=R,rifampin=S,teicoplanin=S,tetracycline=S,vancomycin=S",0
Staphylococcus aureus,,"""BWH_1626_S_aur"",""SRS19518815""",,PDT001986255.1,2023-11-15T22:56:39Z,USA:Boston,Nasal perirectal swab,clinical,,,,,SAMN38228809,GCA_033726475.1,"blaI=COMPLETE,blaR1=COMPLETE,blaZ=COMPLETE,blaZ=PARTIAL_END_OF_CONTIG,mepA=COMPLETE,tet(38)=COMPLETE",,"ceftaroline=S,ciprofloxacin=S,clindamycin=S,daptomycin=S,erythromycin=S,gentamicin=S,levofloxacin=S,linezolid=S,minocycline=S,moxifloxacin=S,oxacillin=S,rifampin=S,tetracycline=S,tigecycline=S,trimethoprim-sulfamethoxazole=S,vancomycin=S",0
Staphylococcus aureus,,"""BWH_865_S_aur"",""SRS18432624""",,PDT001830673.2,2024-02-07T14:57:30Z,USA:Boston,Nasal perirectal swab,clinical,,,,,SAMN36727291,GCA_032333435.2,"ant(9)-Ia=COMPLETE,blaI=COMPLETE,blaPC1=COMPLETE,blaR1=COMPLETE,erm(A)=COMPLETE,fosB=COMPLETE,glpT_A100V=POINT,glpT_V213I=POINT,mepA=COMPLETE,murA_D278E=POINT,murA_E291D=POINT,tet(38)=COMPLETE",,"ceftaroline=S,ciprofloxacin=S,clindamycin=R,daptomycin=S,erythromycin=R,gentamicin=S,levofloxacin=S,linezolid=S,minocycline=S,moxifloxacin=S,oxacillin=S,rifampin=S,tetracycline=S,tigecycline=S,trimethoprim-sulfamethoxazole=S,vancomycin=S",1
Staphylococcus aureus,,"""223"",""BWH_223_S_aur"",""SRS13579678""",,PDT001343036.1,2022-06-25T02:38:49Z,USA:Boston,swab,clinical,,PDS000112058.12,4.0,,SAMN29334798,GCA_023986375.1,"ant(9)-Ia=COMPLETE,blaI=COMPLETE,blaPC1=COMPLETE,blaR1=COMPLETE,erm(A)=COMPLETE,fosB=COMPLETE,glpT_A100V=POINT,glpT_V213I=POINT,mepA=COMPLETE,murA_D278E=POINT,murA_E291D=POINT,rpoB_A477T=POINT,tet(38)=COMPLETE",,"ceftaroline=S,ciprofloxacin=S,clindamycin=R,daptomycin=S,erythromycin=R,gentamicin=S,levofloxacin=S,linezolid=S,minocycline=S,moxifloxacin=S,oxacillin=S,rifampin=S,tetracycline=S,tigecycline=S,trimethoprim-sulfamethoxazole=S,vancomycin=S",1
Staphylococcus aureus,BSN07S,"""BSN07S"",""Staphylococcus aureus str BSN07S""",,PDT002240111.1,2024-07-03T14:52:02Z,"USA: Detroit, MI",blood,clinical,,PDS000126540.16,0.0,,SAMN35723872,GCA_040500485.1,"ant(6)-Ia=MISTRANSLATION,aph(3')-IIIa=COMPLETE,blaI=COMPLETE,blaR1=COMPLETE,blaZ=COMPLETE,erm(C)=COMPLETE,fosB=COMPLETE,gyrA_S84L=POINT,mecA=COMPLETE,mecR1=PARTIAL,mepA=COMPLETE,mph(C)=COMPLETE,msr(A)=COMPLETE,murA_G257D=POINT,parC_S80Y=POINT,sat4=COMPLETE,tet(38)=COMPLETE",,"clindamycin=R,daptomycin=S,erythromycin=R,gentamicin=S,linezolid=S,oxacillin=R,rifampin=S,trimethoprim-sulfamethoxazole=S,vancomycin=S",1
Staphylococcus aureus,,"""426"",""SRS25253746"",""dzd-uci-7644""",,PDT002992102.1,2025-11-20T22:52:22Z,USA: California,sputum,clinical,,,,,SAMN48878441,GCA_053662795.1,"aadD1=COMPLETE,ant(9)-Ia=COMPLETE,blaI=COMPLETE,blaR1=COMPLETE,blaZ=COMPLETE,erm(A)=COMPLETE,fosB=COMPLETE,gyrA_S84L=POINT,mecA=COMPLETE,mepA=COMPLETE,mph(C)=COMPLETE,msr(A)=COMPLETE,mupA=COMPLETE,parC_E84G=POINT,parC_S80Y=POINT,tet(38)=COMPLETE,tet(K)=COMPLETE",,"erythromycin=R,levofloxacin=R,oxacillin=R,rifampin=S,tetracycline=R,trimethoprim-sulfamethoxazole=S",1
Staphylococcus aureus,BSN151,"""BSN151"",""SRS20736283"",""Staphylococcus aureus str BSN151""",,PDT002138407.1,2024-04-14T15:44:17Z,"USA: Detroit, MI",blood,clinical,,,,,SAMN38637730,GCA_038096245.1,"ant(6)-Ia=MISTRANSLATION,aph(3')-IIIa=COMPLETE,blaI=COMPLETE,blaR1=COMPLETE,blaZ=COMPLETE,fosB=COMPLETE,mepA=COMPLETE,mph(C)=COMPLETE,msr(A)=COMPLETE,sat4=PARTIAL,tet(38)=COMPLETE",,"clindamycin=S,erythromycin=R,gentamicin=S,oxacillin=S,penicillin=R,rifampin=S,trimethoprim-sulfamethoxazole=S,vancomycin=S",1
Staphylococcus aureus,BSN38-MRSA1,"""BSN38-MRSA1"",""Staphylococcus aureus str BSN38-MRSA1""",,PDT002115222.2,2024-07-10T13:38:31Z,"USA: Detroit, MI",blood,clinical,,PDS000126548.6,2.0,,SAMN39933407,GCA_037199755.2,"ant(6)-Ia=MISTRANSLATION,aph(3')-IIIa=COMPLETE,blaI=COMPLETE,blaR1=COMPLETE,blaZ=COMPLETE,fosB=COMPLETE,gyrA_S84L=POINT,mecA=COMPLETE,mecR1=PARTIAL,mepA=COMPLETE,mph(C)=COMPLETE,msr(A)=COMPLETE,murA_G257D=POINT,parC_S80Y=POINT,sat4=COMPLETE,tet(38)=COMPLETE",,"clindamycin=S,daptomycin=S,erythromycin=R,gentamicin=S,linezolid=S,oxacillin=R,rifampin=S,trimethoprim-sulfamethoxazole=S,vancomycin=S",1
Staphylococcus aureus,BSN39,"""BSN39"",""Staphylococcus aureus str BSN39""",,PDT002081357.1,2024-02-15T05:10:28Z,"USA: Detroit, MI",blood,clinical,,,,,SAMN39896512,GCA_036628495.1,"blaI=COMPLETE,blaR1=HMM,blaZ=COMPLETE,fosB=COMPLETE,mepA=COMPLETE,tet(38)=COMPLETE",,"clindamycin=S,erythromycin=S,gentamicin=S,oxacillin=S,penicillin=R,rifampin=S,trimethoprim-sulfamethoxazole=S,vancomycin=S",0
Staphylococcus aureus,0943-1505-2016,"""0943-1505-2016"",""SRS4512424""",,PDT000339877.2,2018-06-24T23:03:20Z,Russia: Moscow,bone,clinical,,,,,SAMN09428900,GCA_003261195.1,"aac(6')-Ie/aph(2'')-Ia=COMPLETE,ant(9)-Ia=COMPLETE,blaI=COMPLETE,blaPC1=COMPLETE,blaR1=COMPLETE,erm(A)=PARTIAL_END_OF_CONTIG,folP_E258EKE=POINT,folP_F17L=POINT,fosB=COMPLETE,gyrA_G106D=POINT,gyrA_S84L=POINT,mecA=COMPLETE,mecI=MISTRANSLATION,mecR1=COMPLETE,mepA=COMPLETE,murA_G257D=POINT,parC_S80F=POINT,rpoB_H481N=POINT,rpoB_L466S=POINT,tet(38)=COMPLETE,tet(M)=COMPLETE",,"cefoxitin=R,ceftaroline=R,ciprofloxacin=R,clindamycin=R,daptomycin=S,erythromycin=S,fosfomycin=S,fusidic acid=S,gentamicin=R,levofloxacin=R,linezolid=S,oxacillin=R,penicillin=R,rifampin=R,teicoplanin=S,tetracycline=R,tigecycline=S,tobramycin=R,trimethoprim-sulfamethoxazole=S,vancomycin=S",0
Staphylococcus aureus,,"""PC0091"",""PC0091-S0091"",""SRS11792593""",,PDT001516280.1,2022-12-07T22:43:52Z,Australia: Queensland,Swab (Sputum),clinical,,,,,SAMN25295810,GCA_026740935.1,"mepA=COMPLETE,tet(38)=COMPLETE",,"ciprofloxacin=S,clindamycin=S,daptomycin=S,erythromycin=S,fusidic acid=S,gentamicin=S,linezolid=S,mupirocin=S,nitrofurantoin=S,oxacillin=S,penicillin=S,rifampin=S,teicoplanin=S,tetracycline=S,vancomycin=S",0
Staphylococcus aureus,,"""PC0009"",""PC0009b-S0171"",""SRS11792597""",,PDT001516276.1,2022-12-07T22:43:51Z,Australia: Queensland,sputum,clinical,,PDS000127174.1,22.0,,SAMN25295652,GCA_026743555.1,"ant(9)-Ia=PARTIAL,blaI=PARTIAL_END_OF_CONTIG,blaZ=COMPLETE,erm(A)=COMPLETE,fosB=COMPLETE,mepA=COMPLETE,tet(38)=COMPLETE",,"ciprofloxacin=S,clindamycin=R,daptomycin=S,erythromycin=R,fusidic acid=S,gentamicin=S,linezolid=S,mupirocin=S,nitrofurantoin=S,oxacillin=S,penicillin=R,rifampin=S,teicoplanin=S,tetracycline=S,vancomycin=S",1
Staphylococcus aureus,BSN86,"""BSN86"",""SRS20485607"",""Staphylococcus aureus str BSN86""",,PDT002109435.2,2024-03-20T08:16:41Z,"USA: Detroit, MI",blood,clinical,,,,,SAMN38637674,GCA_037084145.2,"fosB=COMPLETE,gyrA_S84L=POINT,mecA=COMPLETE,mecR1=PARTIAL,mepA=COMPLETE,murA_G257D=POINT,parC_S80Y=POINT,tet(38)=COMPLETE",,"clindamycin=R,daptomycin=S,erythromycin=R,gentamicin=S,linezolid=S,oxacillin=R,rifampin=S,trimethoprim-sulfamethoxazole=S,vancomycin=S",1
Staphylococcus aureus,,"""BWH_1480_S_aur"",""SRS18979498""",,PDT001903575.2,2024-02-07T19:04:06Z,USA:Boston,Nasal perirectal swab,clinical,,,,,SAMN37516914,GCA_032121755.2,"ant(9)-Ia=COMPLETE,blaI=COMPLETE,blaPC1=COMPLETE,blaR1=COMPLETE,erm(A)=COMPLETE,fosB=COMPLETE,glpT_A100V=POINT,glpT_V213I=POINT,mepA=COMPLETE,murA_D278E=POINT,murA_E291D=POINT,tet(38)=COMPLETE",,"ceftaroline=S,ciprofloxacin=S,clindamycin=R,daptomycin=S,erythromycin=R,gentamicin=S,levofloxacin=S,linezolid=S,minocycline=S,moxifloxacin=S,oxacillin=S,rifampin=S,tetracycline=S,tigecycline=S,trimethoprim-sulfamethoxazole=S,vancomycin=S",1
Staphylococcus aureus,,"""PN0237"",""PN0237-S0379"",""SRS11792256""",,PDT001516217.1,2022-12-07T22:43:41Z,Australia: Queensland,Pub abscess left axillary,clinical,,,,,SAMN25296019,GCA_026743985.1,"blaI=COMPLETE,blaR1=HMM,blaZ=COMPLETE,fosB=COMPLETE,glpT_A100V=POINT,glpT_L27F=POINT,mepA=COMPLETE,murA_E291D=POINT,murA_T396N=POINT,tet(38)=COMPLETE",,"ciprofloxacin=S,clindamycin=S,daptomycin=S,erythromycin=S,fusidic acid=S,gentamicin=S,linezolid=S,mupirocin=S,nitrofurantoin=S,oxacillin=S,penicillin=R,rifampin=S,teicoplanin=S,tetracycline=S,vancomycin=S",0
Staphylococcus aureus,,"""PC0019"",""PC0019a-S0019"",""SRS11792469""",,PDT001516404.1,2022-12-07T22:44:13Z,Australia: Queensland,sputum,clinical,,PDS000127171.1,6.0,,SAMN25295669,GCA_026742615.1,"blaI=COMPLETE,blaPC1=COMPLETE,blaR1=COMPLETE,fosB=COMPLETE,glpT_A100V=POINT,mepA=COMPLETE,tet(38)=COMPLETE",,"ciprofloxacin=S,clindamycin=S,daptomycin=S,erythromycin=S,fusidic acid=S,gentamicin=S,linezolid=S,mupirocin=S,nitrofurantoin=S,oxacillin=S,penicillin=R,rifampin=S,teicoplanin=S,tetracycline=S,vancomycin=S",0
Staphylococcus aureus,AR_0221,"""AR_0221"",""FDA-CDC-AR_0221"",""SRS1739417""",,PDT000339867.2,2018-06-22T21:04:08Z,,,clinical,,,,,SAMN04901611,GCA_003260525.1,"aac(6')-Ie/aph(2'')-Ia=COMPLETE,aac(6')-Ie/aph(2'')-Ia=MISTRANSLATION,blaI=COMPLETE,blaPC1=COMPLETE,blaR1=COMPLETE,blaZ=PARTIAL,dfrS1=COMPLETE,folP_E208K=POINT,folP_F17L=POINT,fosB=COMPLETE,gyrA_S84L=POINT,mecA=COMPLETE,mecR1=PARTIAL,mepA=COMPLETE,murA_G257D=POINT,parC_S80F=POINT,parE_D432N=POINT,rpoB_H481N=POINT,tet(38)=COMPLETE,tet(M)=COMPLETE",,"cefoxitin=R,ceftaroline=S,clindamycin=S,daptomycin=NS,doxycycline=S,erythromycin=S,gentamicin=R,levofloxacin=R,linezolid=S,mupirocin=ND,oxacillin=R,penicillin=R,rifampin=S,tetracycline=R,trimethoprim-sulfamethoxazole=R",0
Staphylococcus aureus,,"""825"",""SRS25253691"",""dzd-uci-8269""",,PDT002991725.1,2025-11-20T22:51:05Z,USA: California,"URINE, CLEAN VOID",clinical,,PDS000247560.1,1.0,,SAMN48878840,GCA_053671375.1,"ant(6)-Ia=MISTRANSLATION,aph(3')-IIIa=COMPLETE,blaI=COMPLETE,blaR1=COMPLETE,blaZ=COMPLETE,fosB=COMPLETE,gyrA_S84L=POINT,mecA=COMPLETE,mecR1=PARTIAL,mepA=COMPLETE,mph(C)=COMPLETE,msr(A)=COMPLETE,murA_G257D=POINT,parC_S80Y=POINT,sat4=COMPLETE,tet(38)=COMPLETE",,"clindamycin=S,erythromycin=R,levofloxacin=R,oxacillin=R,rifampin=S,tetracycline=S,trimethoprim-sulfamethoxazole=S",1
Staphylococcus aureus,,"""PC0002"",""PC0002b-S0166"",""SRS11792646""",,PDT001516227.1,2022-12-07T22:43:43Z,Australia: Queensland,sputum,clinical,,,,,SAMN25295637,GCA_026744545.1,"blaI=COMPLETE,blaR1=COMPLETE,blaZ=COMPLETE,blaZ=PARTIAL_END_OF_CONTIG,fosB=COMPLETE,mepA=COMPLETE,tet(38)=COMPLETE",,"ciprofloxacin=S,clindamycin=S,daptomycin=S,erythromycin=S,fusidic acid=S,gentamicin=S,linezolid=S,mupirocin=S,nitrofurantoin=S,oxacillin=S,penicillin=R,rifampin=S,teicoplanin=S,tetracycline=S,vancomycin=S",0
Staphylococcus aureus,0257-2201-2015,"""0257-2201-2015"",""SRS3745662""",,PDT000302343.2,2018-03-26T17:27:17Z,Russia: Moscow,Skin lesions,clinical,,,,,SAMN08456633,GCA_003017835.1,"fosB=COMPLETE,mepA=COMPLETE,tet(38)=COMPLETE",,"amoxicillin-clavulanic acid=S,ampicillin-sulbactam=S,cefazolin=S,ceftriaxone=S,chloramphenicol=S,ciprofloxacin=S,clindamycin=R,daptomycin=S,erythromycin=S,gentamicin=S,imipenem=S,levofloxacin=S,linezolid=S,meropenem=S,moxifloxacin=S,oxacillin=S,rifampin=S,tetracycline=S,trimethoprim-sulfamethoxazole=S,vancomycin=S",0
Staphylococcus aureus,,"""325"",""BWH_325_S_aur"",""SRS13579674""",,PDT001343040.1,2022-06-25T02:38:50Z,USA:Boston,swab,clinical,,PDS000112058.12,0.0,,SAMN29334807,GCA_023986355.1,"ant(9)-Ia=COMPLETE,blaI=COMPLETE,blaPC1=COMPLETE,blaR1=COMPLETE,erm(A)=COMPLETE,fosB=COMPLETE,glpT_A100V=POINT,glpT_V213I=POINT,mepA=COMPLETE,murA_D278E=POINT,murA_E291D=POINT,tet(38)=COMPLETE",,"ceftaroline=S,ciprofloxacin=S,clindamycin=R,daptomycin=S,erythromycin=R,gentamicin=S,levofloxacin=S,linezolid=S,minocycline=S,moxifloxacin=S,oxacillin=S,rifampin=S,tetracycline=S,tigecycline=S,trimethoprim-sulfamethoxazole=S,vancomycin=S",1
Staphylococcus aureus,,"""PC0124"",""PC0124b-S0248"",""SRS11792299""",,PDT001516174.1,2022-12-07T22:43:34Z,Australia: Queensland,sputum,clinical,,,,,SAMN25295855,GCA_026744605.1,"mepA=COMPLETE,tet(38)=COMPLETE",,"ciprofloxacin=S,clindamycin=S,daptomycin=S,erythromycin=S,fusidic acid=S,gentamicin=S,linezolid=S,mupirocin=S,nitrofurantoin=S,oxacillin=S,penicillin=S,rifampin=S,teicoplanin=S,tetracycline=S,vancomycin=S",0
Staphylococcus aureus,BSN148,"""BSN148"",""SRS20598174"",""Staphylococcus aureus str BSN148""",,PDT002118702.1,2024-03-19T17:11:31Z,"USA: Detroit, MI",blood,clinical,,,,,SAMN38637727,GCA_037340935.1,"blaI=COMPLETE,blaR1=COMPLETE,blaZ=COMPLETE,fexA=COMPLETE,fexA_A37V=POINT,fexA_G33A=POINT,fosB=COMPLETE,mecA=COMPLETE,mecR1=PARTIAL,mepA=COMPLETE,tet(38)=COMPLETE,tet(M)=COMPLETE",,"clindamycin=S,daptomycin=S,erythromycin=S,gentamicin=S,linezolid=S,oxacillin=R,rifampin=S,trimethoprim-sulfamethoxazole=S,vancomycin=S",0
Staphylococcus aureus,,"""PN0213"",""PN0213a-S0358"",""SRS11792571""",,PDT001516302.1,2022-12-07T22:43:56Z,Australia: Queensland,"Swab eye left, eye",clinical,,PDS000127137.1,2.0,,SAMN25296000,GCA_026743175.1,"ant(9)-Ia=COMPLETE,blaI=COMPLETE,blaR1=HMM,blaZ=COMPLETE,erm(A)=COMPLETE,fosB=COMPLETE,glpT_A100V=POINT,glpT_L27F=POINT,ileS_V588F=POINT,mepA=COMPLETE,murA_E291D=POINT,murA_T396N=POINT,tet(38)=COMPLETE",,"ciprofloxacin=S,clindamycin=R,daptomycin=S,erythromycin=R,fusidic acid=S,gentamicin=S,linezolid=S,mupirocin=R,nitrofurantoin=S,oxacillin=S,penicillin=R,rifampin=S,teicoplanin=S,tetracycline=S,vancomycin=S",1
Staphylococcus aureus,,"""BWH_842_S_aur"",""SRS18433912""",,PDT001830755.1,2023-07-27T18:47:37Z,USA:Boston,Nasal perirectal swab,clinical,,PDS000154296.2,0.0,,SAMN36729167,GCA_032332435.1,"blaI=COMPLETE,blaR1=HMM,blaZ=COMPLETE,erm(T)=COMPLETE,glpT_A100V=POINT,glpT_F3I=POINT,mepA=COMPLETE,murA_D278E=POINT,murA_E291D=POINT,tet(38)=COMPLETE",,"ceftaroline=S,ciprofloxacin=S,clindamycin=R,daptomycin=S,erythromycin=R,gentamicin=S,levofloxacin=S,linezolid=S,minocycline=S,moxifloxacin=S,oxacillin=S,rifampin=S,tetracycline=S,tigecycline=S,trimethoprim-sulfamethoxazole=S,vancomycin=S",1
Staphylococcus aureus,BSN72,"""BSN72"",""SRS20483045"",""Staphylococcus aureus str BSN72""",,PDT002498350.1,2024-11-25T20:49:30Z,"USA: Detroit, MI",blood,clinical,,PDS000209769.1,6.0,,SAMN38637660,GCA_045288415.1,"ant(6)-Ia=MISTRANSLATION,aph(3')-IIIa=COMPLETE,blaI=COMPLETE,blaR1=COMPLETE,blaZ=COMPLETE,fosB=COMPLETE,gyrA_S84L=POINT,mecA=COMPLETE,mecR1=PARTIAL,mepA=COMPLETE,mph(C)=COMPLETE,msr(A)=COMPLETE,murA_G257D=POINT,parC_S80Y=POINT,sat4=COMPLETE,tet(38)=COMPLETE",,"clindamycin=R,daptomycin=S,erythromycin=R,gentamicin=S,linezolid=S,oxacillin=R,rifampin=S,trimethoprim-sulfamethoxazole=S,vancomycin=S",1
Staphylococcus aureus,BSN158,"""BSN158"",""SRS20736343"",""Staphylococcus aureus str BSN158""",,PDT002138408.1,2024-04-14T16:09:57Z,"USA: Detroit, MI",blood,clinical,,,,,SAMN38637738,GCA_038096255.1,"blaI=COMPLETE,blaR1=COMPLETE,blaZ=COMPLETE,glpT_A100V=POINT,mepA=COMPLETE,murA_E291D=POINT,murA_T396N=POINT,tet(38)=COMPLETE",,"clindamycin=S,erythromycin=S,gentamicin=S,oxacillin=S,penicillin=R,rifampin=S,trimethoprim-sulfamethoxazole=S,vancomycin=S",0
Staphylococcus aureus,,"""PC0257"",""PC0257-S0257"",""SRS11792311""",,PDT001516162.1,2022-12-07T22:43:32Z,Australia: Queensland,BAL,clinical,,,,,SAMN25295942,GCA_026744845.1,"blaI=COMPLETE,blaR1=COMPLETE,blaZ=COMPLETE,fosB=COMPLETE,mepA=COMPLETE,tet(38)=COMPLETE",,"ciprofloxacin=S,clindamycin=S,daptomycin=S,erythromycin=S,fusidic acid=S,gentamicin=S,linezolid=S,mupirocin=S,nitrofurantoin=S,oxacillin=S,penicillin=R,rifampin=S,teicoplanin=S,tetracycline=S,vancomycin=S",0
Staphylococcus aureus,,"""162"",""BWH_162_S_aur"",""SRS13579670""",,PDT001343044.1,2022-06-25T02:38:51Z,USA:Boston,blood,clinical,,,,,SAMN29334795,GCA_023986235.1,"blaI=COMPLETE,blaPC1=COMPLETE,blaR1=COMPLETE,fosB=COMPLETE,glpT_A100V=POINT,glpT_V213I=POINT,mepA=COMPLETE,murA_D278E=POINT,murA_E291D=POINT,tet(38)=COMPLETE",,"ceftaroline=S,ciprofloxacin=S,clindamycin=S,daptomycin=S,erythromycin=S,gentamicin=S,levofloxacin=S,linezolid=S,minocycline=S,moxifloxacin=S,oxacillin=S,penicillin=R,rifampin=S,tetracycline=S,tigecycline=S,trimethoprim-sulfamethoxazole=S,vancomycin=S",0
Staphylococcus aureus,BSN200,"""BSN200"",""SRS20736328"",""Staphylococcus aureus str BSN200""",,PDT002157246.1,2024-05-06T22:12:47Z,"USA: Detroit, MI",blood,clinical,,,,,SAMN38637780,GCA_039537725.1,"erm(C)=COMPLETE,fexA=COMPLETE,fexA_A37V=POINT,fexA_G33A=POINT,fosB=COMPLETE,mecA=COMPLETE,mecR1=PARTIAL,mepA=COMPLETE,tet(38)=COMPLETE,tet(M)=COMPLETE",,"clindamycin=R,daptomycin=S,erythromycin=R,gentamicin=S,linezolid=S,oxacillin=R,rifampin=S,trimethoprim-sulfamethoxazole=S,vancomycin=S",1
Staphylococcus aureus,,"""PC0093"",""PC0093-S0093"",""SRS11792598""",,PDT001516275.1,2022-12-07T22:43:51Z,Australia: Queensland,sputum,clinical,,,,,SAMN25295814,GCA_026743575.1,"ant(9)-Ia=COMPLETE,blaI=COMPLETE,blaPC1=COMPLETE,erm(A)=COMPLETE,fosB=COMPLETE,glpT_A100V=POINT,glpT_V213I=POINT,mepA=COMPLETE,murA_D278E=POINT,murA_E291D=POINT,tet(38)=COMPLETE",,"ciprofloxacin=S,clindamycin=R,daptomycin=S,erythromycin=R,fusidic acid=S,gentamicin=S,linezolid=S,mupirocin=S,nitrofurantoin=S,oxacillin=S,penicillin=R,rifampin=S,teicoplanin=S,tetracycline=S,vancomycin=S",1
Staphylococcus aureus,BSN50-2,"""BSN50-2"",""Staphylococcus aureus str BSN50-2""",,PDT002030670.1,2023-12-14T05:36:46Z,"USA: Detroit, MI",blood,clinical,,PDS000170052.2,0.0,,SAMN36733053,GCA_034365975.1,"blaI=COMPLETE,blaR1=COMPLETE,blaZ=COMPLETE,fosB=COMPLETE,mecA=COMPLETE,mecR1=PARTIAL,mepA=COMPLETE,murA_G257D=POINT,parC_S80F=POINT,tet(38)=COMPLETE",,"clindamycin=R,daptomycin=S,erythromycin=R,gentamicin=S,linezolid=S,oxacillin=R,rifampin=S,trimethoprim-sulfamethoxazole=S,vancomycin=S",1
Staphylococcus aureus,,"""PN0149"",""PN0149-S0326"",""SRS11792450""",,PDT001516423.1,2022-12-07T22:44:16Z,Australia: Queensland,Swab abscess scrotal,clinical,,,,,SAMN25295966,GCA_026741635.1,"fusC=COMPLETE,mepA=COMPLETE,tet(38)=COMPLETE",,"ciprofloxacin=S,clindamycin=S,daptomycin=S,erythromycin=S,fusidic acid=R,gentamicin=S,linezolid=S,mupirocin=S,nitrofurantoin=S,oxacillin=S,penicillin=S,rifampin=S,teicoplanin=S,tetracycline=S,vancomycin=S",0
Staphylococcus aureus,,"""798"",""SRS25253122"",""dzd-uci-8224""",,PDT002991294.1,2025-11-20T22:49:38Z,USA: California,blood,clinical,,PDS000247560.1,1.0,,SAMN48878813,GCA_053676015.1,"ant(6)-Ia=MISTRANSLATION,aph(3')-IIIa=COMPLETE,blaI=COMPLETE,blaR1=COMPLETE,blaZ=COMPLETE,fosB=COMPLETE,gyrA_S84L=POINT,mecA=COMPLETE,mecR1=PARTIAL,mepA=COMPLETE,mph(C)=COMPLETE,msr(A)=COMPLETE,murA_G257D=POINT,parC_S80Y=POINT,sat4=COMPLETE,tet(38)=COMPLETE",,"clindamycin=S,erythromycin=R,levofloxacin=R,oxacillin=R,rifampin=S,tetracycline=S,trimethoprim-sulfamethoxazole=S",1
Staphylococcus aureus,,"""BWH_1826_S_aur"",""SRS20993209""",,PDT002136331.1,2024-04-11T17:50:37Z,USA:Boston,Nasal perirectal swab,clinical,,PDS000174067.2,1.0,,SAMN40930632,GCA_038079265.1,"blaI=COMPLETE,blaR1=COMPLETE,blaZ=COMPLETE,blaZ=PARTIAL_END_OF_CONTIG,erm(C)=COMPLETE,fosB=COMPLETE,gyrA_S84L=POINT,mepA=COMPLETE,mph(C)=COMPLETE,msr(A)=COMPLETE,murA_G257D=POINT,parC_S80Y=POINT,tet(38)=COMPLETE",,"ceftaroline=S,ciprofloxacin=R,clindamycin=R,daptomycin=S,erythromycin=R,gentamicin=S,levofloxacin=R,linezolid=S,minocycline=S,moxifloxacin=R,oxacillin=S,rifampin=S,tetracycline=S,tigecycline=S,trimethoprim-sulfamethoxazole=S,vancomycin=S",1
Staphylococcus aureus,,"""PC0187"",""PC0187b-S0290"",""SRS11792622""",,PDT001516251.1,2022-12-07T22:43:47Z,Australia: Queensland,sputum,clinical,,PDS000127143.1,17.0,,SAMN25295912,GCA_026743735.1,"ant(9)-Ia=COMPLETE,blaI=COMPLETE,blaR1=HMM,blaZ=COMPLETE,erm(A)=COMPLETE,fosB=COMPLETE,glpT_A100V=POINT,glpT_V213I=POINT,mepA=COMPLETE,murA_D278E=POINT,murA_E291D=POINT,tet(38)=COMPLETE",,"ciprofloxacin=S,clindamycin=R,daptomycin=S,erythromycin=R,fusidic acid=S,gentamicin=S,linezolid=S,mupirocin=S,nitrofurantoin=S,oxacillin=S,penicillin=R,rifampin=S,teicoplanin=S,tetracycline=S,vancomycin=S",1
Staphylococcus aureus,BSN38-MRSA3,"""BSN38-MRSA3"",""Staphylococcus aureus str BSN38-MRSA3""",,PDT002115223.1,2024-03-17T03:28:07Z,"USA: Detroit, MI",blood,clinical,,PDS000126548.6,1.0,,SAMN39933409,GCA_037199785.1,"ant(6)-Ia=MISTRANSLATION,aph(3')-IIIa=COMPLETE,blaI=COMPLETE,blaR1=COMPLETE,blaZ=COMPLETE,fosB=COMPLETE,gyrA_S84L=POINT,mecA=COMPLETE,mecR1=PARTIAL,mepA=COMPLETE,mph(C)=COMPLETE,msr(A)=COMPLETE,murA_G257D=POINT,parC_S80Y=POINT,sat4=COMPLETE,tet(38)=COMPLETE",,"clindamycin=S,daptomycin=S,erythromycin=R,gentamicin=S,linezolid=S,oxacillin=R,rifampin=S,trimethoprim-sulfamethoxazole=S,vancomycin=S",1
Staphylococcus aureus,BSN160,"""BSN160"",""SRS20736285"",""Staphylococcus aureus str BSN160""",,PDT002140414.1,2024-04-15T15:29:33Z,"USA: Detroit, MI",blood,clinical,,,,,SAMN38637740,GCA_038113395.1,"blaI=COMPLETE,blaR1=HMM,blaZ=COMPLETE,fosB=COMPLETE,mepA=COMPLETE,tet(38)=PARTIAL",,"clindamycin=S,erythromycin=S,gentamicin=S,oxacillin=S,penicillin=R,rifampin=S,trimethoprim-sulfamethoxazole=S,vancomycin=S",0
Staphylococcus aureus,,"""PN0253"",""PN0253-S0396"",""SRS11792268""",,PDT001516205.1,2022-12-07T22:43:39Z,Australia: Queensland,Swab skin,clinical,,,,,SAMN25296030,GCA_026744155.1,"blaI=COMPLETE,blaR1=COMPLETE,blaZ=COMPLETE,blaZ=PARTIAL,blaZ=PARTIAL_END_OF_CONTIG,mecA=COMPLETE,mecR1=PARTIAL,mepA=COMPLETE,tet(38)=COMPLETE",,"ciprofloxacin=S,clindamycin=S,daptomycin=S,erythromycin=S,fusidic acid=S,gentamicin=S,linezolid=S,mupirocin=S,nitrofurantoin=S,oxacillin=R,penicillin=R,rifampin=S,teicoplanin=S,tetracycline=S,vancomycin=S",0
Staphylococcus aureus,BSN70-3,"""BSN70-3"",""SRS20483043"",""Staphylococcus aureus str BSN70-3""",,PDT002109438.2,2024-03-20T08:19:51Z,"USA: Detroit, MI",blood,clinical,,,,,SAMN38637658,GCA_037095845.2,"ant(6)-Ia=MISTRANSLATION,aph(3')-IIIa=COMPLETE,blaI=COMPLETE,blaR1=COMPLETE,blaZ=COMPLETE,fosB=COMPLETE,gyrA_S84L=POINT,mecA=COMPLETE,mecR1=PARTIAL,mepA=COMPLETE,mph(C)=COMPLETE,msr(A)=COMPLETE,murA_G257D=POINT,parC_S80Y=POINT,sat4=COMPLETE,tet(38)=COMPLETE",,"clindamycin=S,daptomycin=S,erythromycin=R,gentamicin=S,linezolid=S,oxacillin=R,rifampin=S,trimethoprim-sulfamethoxazole=S,vancomycin=S",1
Staphylococcus aureus,BSN212,"""BSN212"",""SRS20736342"",""Staphylococcus aureus str BSN212""",,PDT002498358.1,2024-11-25T20:54:02Z,"USA: Detroit, MI",blood,clinical,,,,,SAMN38637792,GCA_045289135.1,"ant(6)-Ia=MISTRANSLATION,aph(3')-IIIa=COMPLETE,blaI=COMPLETE,blaR1=COMPLETE,blaZ=COMPLETE,fosB=COMPLETE,mecA=COMPLETE,mecR1=PARTIAL,mepA=COMPLETE,mph(C)=COMPLETE,msr(A)=COMPLETE,murA_G257D=POINT,tet(38)=COMPLETE",,"clindamycin=S,daptomycin=S,erythromycin=R,gentamicin=S,linezolid=S,oxacillin=R,rifampin=S,trimethoprim-sulfamethoxazole=S,vancomycin=S",1
Staphylococcus aureus,,"""PC0065"",""PC0065-S0065"",""SRS11792398""",,PDT001516475.1,2022-12-07T22:44:26Z,Australia: Queensland,Swab (Sputum),clinical,,PDS000134439.1,38.0,,SAMN25295768,GCA_026740295.1,"blaI=COMPLETE,blaR1=COMPLETE,blaZ=COMPLETE,fusC=COMPLETE,mepA=COMPLETE,mupA=COMPLETE,tet(38)=COMPLETE",,"ciprofloxacin=S,clindamycin=S,daptomycin=S,erythromycin=S,fusidic acid=S,gentamicin=S,linezolid=S,mupirocin=R,nitrofurantoin=S,oxacillin=S,penicillin=R,rifampin=S,teicoplanin=S,tetracycline=S,vancomycin=S",0
Staphylococcus aureus,BSN122,"""BSN122"",""SRS20598626"",""Staphylococcus aureus str BSN122""",,PDT002130909.1,2024-04-03T04:04:56Z,"USA: Detroit, MI",blood,clinical,,,,,SAMN38637700,GCA_037939205.1,"blaI=COMPLETE,blaR1=COMPLETE,blaZ=COMPLETE,fosB=COMPLETE,mepA=COMPLETE,murA_G257D=POINT,tet(38)=COMPLETE",,"clindamycin=S,erythromycin=S,gentamicin=S,oxacillin=S,penicillin=R,rifampin=S,trimethoprim-sulfamethoxazole=S,vancomycin=S",0
Staphylococcus aureus,,"""181"",""SRS25253258"",""dzd-uci-7243""",,PDT002991651.1,2025-11-20T22:50:50Z,USA: California,blood,clinical,,PDS000247564.1,0.0,,SAMN48878196,GCA_053671975.1,"blaI=COMPLETE,blaR1=HMM,blaZ=COMPLETE,fosB=COMPLETE,mepA=COMPLETE,tet(38)=COMPLETE",,"clindamycin=S,erythromycin=S,levofloxacin=S,oxacillin=S,rifampin=S,tetracycline=S,trimethoprim-sulfamethoxazole=S",0
Staphylococcus aureus,BSN44,"""B0590"",""BSN44"",""Staphylococcus aureus str BSN44""",,PDT002036671.2,2024-07-26T18:05:40Z,"USA: Detroit, MI",blood,clinical,,,,,SAMN38761805,GCA_034425095.2,"blaI=COMPLETE,blaR1=COMPLETE,blaZ=COMPLETE,fexA=COMPLETE,fexA_A37V=POINT,fexA_G33A=POINT,fosB=COMPLETE,mecA=COMPLETE,mecR1=PARTIAL,mepA=COMPLETE,tet(38)=COMPLETE,tet(M)=COMPLETE",,"clindamycin=S,daptomycin=S,erythromycin=S,gentamicin=S,linezolid=S,oxacillin=R,rifampin=S,trimethoprim-sulfamethoxazole=S,vancomycin=S",0
Staphylococcus aureus,,"""PC0132"",""PC0132b-S0304"",""SRS11792418""",,PDT001516455.1,2022-12-07T22:44:22Z,Australia: Queensland,sputum,clinical,,,,,SAMN25295862,GCA_026741475.1,"blaI=COMPLETE,blaR1=PARTIAL_END_OF_CONTIG,blaZ=COMPLETE,fosB=COMPLETE,fosB=PARTIAL_END_OF_CONTIG,mepA=COMPLETE,tet(38)=COMPLETE",,"ciprofloxacin=S,clindamycin=S,daptomycin=S,erythromycin=S,fusidic acid=S,gentamicin=S,linezolid=S,mupirocin=S,nitrofurantoin=S,oxacillin=S,penicillin=R,rifampin=S,teicoplanin=S,tetracycline=S,vancomycin=S",0
Staphylococcus aureus,BSN49-3,"""BSN49-3"",""Staphylococcus aureus str BSN49-3""",,PDT001842128.1,2023-08-06T03:48:15Z,"USA: Detroit, MI",blood,clinical,,PDS000154993.3,4.0,,SAMN36733048,GCA_030649535.1,"aadD1=COMPLETE,ant(9)-Ia=COMPLETE,blaI=COMPLETE,blaR1=COMPLETE,blaZ=COMPLETE,bleO=COMPLETE,erm(A)=COMPLETE,erm(C)=COMPLETE,fosB=COMPLETE,gyrA_S84L=POINT,mecA=COMPLETE,mecI=COMPLETE,mecR1=COMPLETE,mepA=COMPLETE,mph(C)=COMPLETE,msr(A)=COMPLETE,parC_S80F=POINT,parE_P585S=POINT,tet(38)=COMPLETE",,"ceftaroline=S,clindamycin=R,daptomycin=S,erythromycin=R,gentamicin=S,linezolid=S,oxacillin=R,rifampin=S,trimethoprim-sulfamethoxazole=S,vancomycin=S",1
Staphylococcus aureus,,"""905"",""SRS25253708"",""dzd-uci-8407""",,PDT002991709.1,2025-11-20T22:51:01Z,USA: California,sputum,clinical,,PDS000247561.1,1.0,,SAMN48878920,GCA_053655775.1,"blaI=COMPLETE,blaR1=COMPLETE,blaZ=COMPLETE,blaZ=PARTIAL_END_OF_CONTIG,fosB=COMPLETE,mepA=COMPLETE,tet(38)=COMPLETE",,"clindamycin=S,erythromycin=S,levofloxacin=S,oxacillin=S,rifampin=S,tetracycline=S,trimethoprim-sulfamethoxazole=S",0
Staphylococcus aureus,BSN09-3,"""BSN09-3"",""SRS26262826"",""Staphylococcus aureus str BSN09-3""",,PDT002187644.2,2024-07-10T22:10:12Z,"USA: Detroit, MI",blood,clinical,,PDS000184187.2,0.0,,SAMN38637628,GCA_040030945.2,"fosB=COMPLETE,mecA=COMPLETE,mecR1=PARTIAL,mepA=COMPLETE,murA_G257D=POINT,tet(38)=COMPLETE",,"clindamycin=S,daptomycin=S,erythromycin=S,gentamicin=S,linezolid=S,oxacillin=R,rifampin=S,trimethoprim-sulfamethoxazole=S,vancomycin=S",0
Staphylococcus aureus,,"""PC0067"",""PC0067-S0287"",""SRS11792400""",,PDT001516473.1,2022-12-07T22:44:25Z,Australia: Queensland,Swab (Sputum),clinical,,,,,SAMN25295770,GCA_026741375.1,"blaI=COMPLETE,blaPC1=COMPLETE,blaR1=COMPLETE,fosB=COMPLETE,glpT_A100V=POINT,glpT_V213I=POINT,mepA=COMPLETE,murA_D278E=POINT,murA_E291D=POINT,tet(38)=COMPLETE",,"ciprofloxacin=S,clindamycin=S,daptomycin=S,erythromycin=S,fusidic acid=S,gentamicin=S,linezolid=S,mupirocin=S,nitrofurantoin=S,oxacillin=S,penicillin=R,rifampin=S,teicoplanin=S,tetracycline=S,vancomycin=S",0
Staphylococcus aureus,BSN173,"""BSN173"",""SRS20736299"",""Staphylococcus aureus str BSN173""",,PDT002143992.1,2024-04-21T14:28:32Z,"USA: Detroit, MI",blood,clinical,,,,,SAMN38637753,GCA_038396925.1,"abc-f=HMM,ant(6)-Ia=MISTRANSLATION,blaI=COMPLETE,blaR1=COMPLETE,blaZ=COMPLETE,fosB=COMPLETE,gyrA_S84L=POINT,mecA=COMPLETE,mecR1=PARTIAL,mepA=COMPLETE,mph(C)=COMPLETE,msr(A)=COMPLETE,murA_G257D=POINT,parC_S80Y=POINT,sat4=PARTIAL,tet(38)=COMPLETE",,"clindamycin=S,daptomycin=S,erythromycin=R,gentamicin=S,linezolid=S,oxacillin=R,rifampin=S,trimethoprim-sulfamethoxazole=S,vancomycin=S",1
Staphylococcus aureus,,"""886"",""SRS25253146"",""dzd-uci-8368""",,PDT002991269.1,2025-11-20T22:49:33Z,USA: California,"URINE, NEPHROSTOMY RIGHT",clinical,,PDS000247557.1,0.0,,SAMN48878901,GCA_053676395.1,"blaI=COMPLETE,blaPC1=COMPLETE,blaR1=MISTRANSLATION,fosB=COMPLETE,glpT_A100V=POINT,mepA=COMPLETE,tet(38)=COMPLETE",,"clindamycin=S,erythromycin=S,levofloxacin=S,oxacillin=S,rifampin=S,tetracycline=S,trimethoprim-sulfamethoxazole=S",0
Staphylococcus aureus,,"""BWH_1380_S_aur"",""SRS18550475""",,PDT001845654.3,2024-02-17T15:06:10Z,USA:Boston,Nasal perirectal swab,clinical,,,,,SAMN36892871,GCA_033197235.2,"blaI=COMPLETE,blaR1=COMPLETE,blaZ=COMPLETE,blaZ=PARTIAL_END_OF_CONTIG,fosB=COMPLETE,mepA=COMPLETE,tet(38)=COMPLETE",,"ceftaroline=S,ciprofloxacin=S,clindamycin=S,daptomycin=S,erythromycin=S,gentamicin=S,levofloxacin=S,linezolid=S,minocycline=S,moxifloxacin=S,oxacillin=S,rifampin=S,tetracycline=S,tigecycline=S,trimethoprim-sulfamethoxazole=S,vancomycin=S",0
Staphylococcus aureus,,"""881"",""SRS25253141"",""dzd-uci-8359""",,PDT002991274.1,2025-11-20T22:49:34Z,USA: California,blood,clinical,,,,,SAMN48878896,GCA_053676275.1,"fosB=COMPLETE,mepA=COMPLETE,murA_G257D=POINT,tet(38)=COMPLETE",,"clindamycin=S,erythromycin=S,levofloxacin=S,oxacillin=S,rifampin=S,tetracycline=S,trimethoprim-sulfamethoxazole=S",0
Staphylococcus aureus,BSN136,"""BSN136"",""SRS20598162"",""Staphylococcus aureus str BSN136""",,PDT002117612.1,2024-03-18T16:51:05Z,"USA: Detroit, MI",blood,clinical,,,,,SAMN38637715,GCA_037222485.1,"blaI=COMPLETE,blaR1=COMPLETE,blaZ=COMPLETE,fexA=COMPLETE,fexA_A37V=POINT,fexA_G33A=POINT,fosB=COMPLETE,mecA=COMPLETE,mecR1=PARTIAL,mepA=COMPLETE,tet(38)=COMPLETE,tet(M)=COMPLETE",,"clindamycin=S,daptomycin=S,erythromycin=S,gentamicin=S,linezolid=S,oxacillin=R,rifampin=S,trimethoprim-sulfamethoxazole=S,vancomycin=S",0
Staphylococcus aureus,,"""379"",""SRS25253743"",""dzd-uci-7575""",,PDT002992107.1,2025-11-20T22:52:23Z,USA: California,ABSCESS,clinical,,,,,SAMN48878394,GCA_053662715.1,"aac(6')-Ie/aph(2'')-Ia=COMPLETE,ant(9)-Ia=COMPLETE,blaI=COMPLETE,blaR1=COMPLETE,blaZ=COMPLETE,erm(A)=COMPLETE,fosB=COMPLETE,gyrA_S84L=POINT,gyrA_S85P=POINT,mepA=COMPLETE,mupA=COMPLETE,parC_E84G=POINT,parC_S80Y=POINT,tet(38)=COMPLETE",,"clindamycin=R,erythromycin=R,levofloxacin=R,oxacillin=S,rifampin=S,tetracycline=S,trimethoprim-sulfamethoxazole=S",1
Staphylococcus aureus,,"""714"",""SRS25253100"",""dzd-uci-8083""",,PDT002991314.1,2025-11-20T22:49:43Z,USA: California,ABSCESS,clinical,,PDS000247567.1,0.0,,SAMN48878729,GCA_053675735.1,"blaI=COMPLETE,blaR1=COMPLETE,blaZ=COMPLETE,fosB=COMPLETE,gyrA_S84L=POINT,mecA=COMPLETE,mecR1=PARTIAL,mepA=COMPLETE,murA_G257D=POINT,parC_S80Y=POINT,tet(38)=COMPLETE",,"clindamycin=S,erythromycin=S,levofloxacin=R,oxacillin=R,rifampin=S,tetracycline=S,trimethoprim-sulfamethoxazole=S",0
Staphylococcus aureus,,"""816"",""SRS25253681"",""dzd-uci-8255""",,PDT002991735.1,2025-11-20T22:51:07Z,USA: California,"URINE,TYPE NOT SPECIFIED",clinical,,,,,SAMN48878831,GCA_053671295.1,"dfrG=COMPLETE,fosB=COMPLETE,mepA=COMPLETE,tet(38)=COMPLETE",,"clindamycin=S,erythromycin=S,levofloxacin=S,oxacillin=S,rifampin=S,tetracycline=S,trimethoprim-sulfamethoxazole=R",0
Staphylococcus aureus,,"""BWH_1335_S_aur"",""SRS18433811""",,PDT001830847.2,2024-02-19T17:04:24Z,USA:Boston,Nasal perirectal swab,clinical,,,,,SAMN36729111,GCA_032331175.2,"aadD1=COMPLETE,ant(6)-Ia=PARTIAL,aph(3')-IIIa=COMPLETE,blaI=COMPLETE,blaR1=HMM,blaZ=COMPLETE,bleO=COMPLETE,fosB=COMPLETE,mecA=COMPLETE,mecR1=PARTIAL,mepA=COMPLETE,mph(C)=COMPLETE,msr(A)=COMPLETE,sat4=COMPLETE,tet(38)=COMPLETE,tet(K)=COMPLETE",,"ceftaroline=S,ciprofloxacin=S,clindamycin=R,daptomycin=S,erythromycin=R,gentamicin=S,levofloxacin=S,linezolid=S,minocycline=S,moxifloxacin=S,oxacillin=R,rifampin=S,tetracycline=R,tigecycline=S,trimethoprim-sulfamethoxazole=S,vancomycin=S",1
Staphylococcus aureus,BSN56,"""BSN56"",""SRS25348665"",""Staphylococcus aureus str BSN56""",,PDT002039523.2,2024-05-17T19:10:17Z,"USA: Detroit, MI",blood,clinical,,,,,SAMN38637646,GCA_034554895.2,"blaI=COMPLETE,blaR1=COMPLETE,blaZ=COMPLETE,fexA=COMPLETE,fexA_A37V=POINT,fexA_G33A=POINT,fosB=COMPLETE,mecA=COMPLETE,mecR1=PARTIAL,mepA=COMPLETE,tet(38)=COMPLETE",,"clindamycin=R,daptomycin=S,erythromycin=R,gentamicin=S,linezolid=S,oxacillin=R,rifampin=S,trimethoprim-sulfamethoxazole=S,vancomycin=S",1
Staphylococcus aureus,,"""PC0250"",""PC0250-S0389"",""SRS11792309""",,PDT001516164.1,2022-12-07T22:43:32Z,Australia: Queensland,sputum,clinical,,PDS000127141.1,7.0,,SAMN25295940,GCA_026744785.1,"aac(6')-Ie/aph(2'')-Ia=COMPLETE,aadD1=COMPLETE,blaI=COMPLETE,blaR1=COMPLETE,blaZ=COMPLETE,blaZ=PARTIAL_END_OF_CONTIG,fosB=COMPLETE,mepA=COMPLETE,mupA=COMPLETE,parC_E84G=POINT,tet(38)=COMPLETE",,"ciprofloxacin=S,clindamycin=S,daptomycin=S,erythromycin=R,fusidic acid=S,gentamicin=R,linezolid=S,mupirocin=R,nitrofurantoin=S,oxacillin=S,penicillin=R,rifampin=S,teicoplanin=S,tetracycline=S,vancomycin=S",1
Staphylococcus aureus,,"""PC0028"",""PC0028c-S0213"",""SRS11792347""",,PDT001516126.1,2022-12-07T22:43:26Z,Australia: Queensland,sputum,clinical,,PDS000127168.1,7.0,,SAMN25295690,GCA_026745775.1,"blaI=COMPLETE,blaR1=HMM,blaZ=COMPLETE,fosB=COMPLETE,mepA=COMPLETE,tet(38)=COMPLETE",,"ciprofloxacin=S,clindamycin=S,daptomycin=S,erythromycin=S,fusidic acid=S,gentamicin=S,linezolid=S,mupirocin=S,nitrofurantoin=S,oxacillin=S,penicillin=R,rifampin=S,teicoplanin=S,tetracycline=R,vancomycin=S",0
Staphylococcus aureus,SCAID OTT1-2022 (150),"""SCAID OTT1-2022 (150)"",""SRS14671498"",""Staphylococcus aureus SCAID OTT1-2022 (150)""",,PDT001398906.1,2022-08-24T13:56:18Z,Kazakhstan: Almaty,ear discharge,clinical,,,,,SAMN30333622,GCA_024734775.1,"ant(9)-Ia=COMPLETE,erm(A)=COMPLETE,mepA=COMPLETE,tet(38)=COMPLETE",,"amikacin=S,amoxicillin=R,ampicillin=R,azithromycin=I,carbenicillin=I,cefazolin=R,cefepime=R,ceftriaxone=R,clindamycin=R,erythromycin=R,gentamicin=S,levofloxacin=R,meropenem=S,oxacillin=R,tobramycin=S",1
Staphylococcus aureus,BSN138,"""BSN138"",""SRS20598164"",""Staphylococcus aureus str BSN138""",,PDT002498351.1,2024-11-25T20:50:20Z,"USA: Detroit, MI",blood,clinical,,,,,SAMN38637717,GCA_045288595.1,"ant(6)-Ia=MISTRANSLATION,aph(3')-IIIa=COMPLETE,blaI=COMPLETE,blaR1=COMPLETE,blaZ=COMPLETE,fosB=COMPLETE,gyrA_S84L=POINT,mecA=COMPLETE,mecR1=PARTIAL,mepA=COMPLETE,mph(C)=COMPLETE,msr(A)=COMPLETE,murA_G257D=POINT,parC_S80Y=POINT,tet(38)=COMPLETE",,"clindamycin=S,daptomycin=S,erythromycin=R,gentamicin=S,linezolid=S,oxacillin=R,rifampin=S,trimethoprim-sulfamethoxazole=S,vancomycin=S",1
Staphylococcus aureus,,"""BWH_801_S_aur"",""SRS18433903""",,PDT001830761.1,2023-07-27T18:47:39Z,USA:Boston,Nasal perirectal swab,clinical,,,,,SAMN36728917,GCA_032332335.1,"blaI=COMPLETE,blaR1=HMM,blaZ=COMPLETE,erm(T)=COMPLETE,glpT_A100V=POINT,glpT_F3I=POINT,mepA=COMPLETE,murA_D278E=POINT,murA_E291D=POINT,tet(38)=COMPLETE",,"ceftaroline=S,ciprofloxacin=S,clindamycin=R,daptomycin=S,erythromycin=R,gentamicin=S,levofloxacin=S,linezolid=S,minocycline=S,moxifloxacin=S,oxacillin=S,rifampin=S,tetracycline=S,tigecycline=S,trimethoprim-sulfamethoxazole=S,vancomycin=S",1
Staphylococcus aureus,,"""695"",""SRS25253828"",""dzd-uci-8060""",,PDT002992023.1,2025-11-20T22:52:05Z,USA: California,"URINE, CLEAN VOID",clinical,,,,,SAMN48878710,GCA_053652475.1,"blaI=COMPLETE,blaR1=HMM,blaZ=COMPLETE,fosB=COMPLETE,mepA=COMPLETE,tet(38)=COMPLETE",,"clindamycin=S,erythromycin=S,levofloxacin=S,oxacillin=S,rifampin=S,tetracycline=S,trimethoprim-sulfamethoxazole=S",0
Staphylococcus aureus,,"""PC0079"",""PC0079-S0079"",""SRS11792509""",,PDT001516364.1,2022-12-07T22:44:06Z,Australia: Queensland,Lavage,clinical,,,,,SAMN25295793,GCA_026744625.1,"blaI=COMPLETE,blaZ=COMPLETE,fosB=COMPLETE,mepA=COMPLETE,tet(38)=COMPLETE",,"ciprofloxacin=S,clindamycin=S,daptomycin=S,erythromycin=S,fusidic acid=S,gentamicin=S,linezolid=S,mupirocin=S,nitrofurantoin=S,oxacillin=S,penicillin=R,rifampin=S,teicoplanin=S,tetracycline=S,vancomycin=S",0
Staphylococcus aureus,,"""PC0175"",""PC0175b-S0255"",""SRS11792538""",,PDT001516335.1,2022-12-07T22:44:01Z,Australia: Queensland,sputum,clinical,,,,,SAMN25295894,GCA_026742095.1,"blaI=COMPLETE,blaPC1=COMPLETE,blaR1=COMPLETE,fosB=COMPLETE,glpT_A100V=POINT,glpT_V213I=POINT,mepA=COMPLETE,murA_D278E=POINT,murA_E291D=POINT,tet(38)=COMPLETE",,"ciprofloxacin=S,clindamycin=S,daptomycin=S,erythromycin=S,fusidic acid=S,gentamicin=S,linezolid=S,mupirocin=S,nitrofurantoin=S,oxacillin=S,penicillin=R,rifampin=S,teicoplanin=S,tetracycline=S,vancomycin=S",0
Staphylococcus aureus,,"""BWH_1900_S_aur"",""SRS21133309""",,PDT002147347.1,2024-04-26T18:53:54Z,USA:Boston,Nasal perirectal swab,clinical,,,,,SAMN41091876,GCA_038510425.1,"aadD1=COMPLETE,blaI=COMPLETE,blaR1=COMPLETE,blaZ=COMPLETE,bleO=COMPLETE,fosB=COMPLETE,fusB=COMPLETE,mepA=COMPLETE,msr(A)=COMPLETE,tet(38)=COMPLETE",,"ceftaroline=S,ciprofloxacin=S,clindamycin=S,daptomycin=S,erythromycin=R,gentamicin=S,levofloxacin=S,linezolid=S,minocycline=S,moxifloxacin=S,oxacillin=S,rifampin=S,tetracycline=S,tigecycline=S,trimethoprim-sulfamethoxazole=S,vancomycin=S",1
Staphylococcus aureus,BSN25,"""BSN25"",""Staphylococcus aureus str BSN25""",,PDT002082727.2,2024-07-29T20:05:43Z,"USA: Detroit, MI",blood,clinical,,PDS000174373.2,2.0,,SAMN39942299,GCA_036697825.2,"aadD1=COMPLETE,ant(9)-Ia=COMPLETE,blaI=COMPLETE,blaR1=COMPLETE,blaZ=COMPLETE,bleO=COMPLETE,erm(A)=COMPLETE,fosB=COMPLETE,gyrA_S84L=POINT,mecA=COMPLETE,mecI=COMPLETE,mecR1=COMPLETE,mepA=COMPLETE,mph(C)=COMPLETE,msr(A)=COMPLETE,parC_S80F=POINT,parE_P585S=POINT,tet(38)=COMPLETE",,"clindamycin=R,daptomycin=S,erythromycin=R,gentamicin=S,linezolid=S,oxacillin=R,rifampin=S,trimethoprim-sulfamethoxazole=S,vancomycin=S",1
Staphylococcus aureus,,"""519"",""SRS25253778"",""dzd-uci-7806""",,PDT002992073.1,2025-11-20T22:52:16Z,USA: California,sputum,clinical,,PDS000247549.1,17.0,,SAMN48878534,GCA_053649195.1,"mepA=COMPLETE,tet(38)=COMPLETE",,"clindamycin=S,erythromycin=S,levofloxacin=S,oxacillin=S,rifampin=S,tetracycline=S,trimethoprim-sulfamethoxazole=S",0
Staphylococcus aureus,,"""592"",""SRS25253354"",""dzd-uci-7919""",,PDT002991556.1,2025-11-20T22:50:32Z,USA: California,"URINE, STRAIGHT CATH",clinical,,,,,SAMN48878607,GCA_053672975.1,"aac(6')-Ie/aph(2'')-Ia=COMPLETE,blaI=COMPLETE,blaPC1=COMPLETE,blaR1=COMPLETE,erm(C)=COMPLETE,glpT_A100V=POINT,gyrA_S84L=POINT,mecA=COMPLETE,mepA=COMPLETE,murA_E291D=POINT,murA_T396N=POINT,parC_S80F=POINT,parE_D432N=POINT,tet(38)=COMPLETE,tet(K)=COMPLETE",,"erythromycin=R,levofloxacin=R,oxacillin=R,rifampin=S,tetracycline=R,trimethoprim-sulfamethoxazole=S",1
Staphylococcus aureus,,"""PC0058"",""PC0058d-S0400"",""SRS11792386""",,PDT001516487.1,2022-12-07T22:44:28Z,Australia: Queensland,sputum,clinical,,PDS000127227.1,11.0,,SAMN25295757,GCA_026742295.1,"aadD1=COMPLETE,blaI=MISTRANSLATION,blaR1=MISTRANSLATION,blaZ=COMPLETE,lnu(A)=COMPLETE,mepA=COMPLETE,tet(38)=COMPLETE,tet(K)=COMPLETE",,"ciprofloxacin=S,clindamycin=S,daptomycin=S,erythromycin=S,fusidic acid=S,gentamicin=S,linezolid=S,mupirocin=S,nitrofurantoin=S,oxacillin=S,penicillin=R,rifampin=S,teicoplanin=R,tetracycline=S,vancomycin=S",0
Staphylococcus aureus,,"""230"",""BWH_230_S_aur"",""SRS13579683""",,PDT001343031.1,2022-06-25T02:38:47Z,USA:Boston,blood,clinical,,,,,SAMN29334803,GCA_023986495.1,"ant(9)-Ia=COMPLETE,blaI=COMPLETE,blaPC1=COMPLETE,blaR1=COMPLETE,erm(A)=COMPLETE,fosB=COMPLETE,glpT_A100V=POINT,glpT_V213I=POINT,mepA=COMPLETE,murA_D278E=POINT,murA_E291D=POINT,tet(38)=COMPLETE",,"ceftaroline=S,ciprofloxacin=S,clindamycin=R,daptomycin=S,erythromycin=R,gentamicin=S,levofloxacin=S,linezolid=S,minocycline=S,moxifloxacin=S,oxacillin=S,penicillin=R,rifampin=S,tetracycline=S,tigecycline=S,trimethoprim-sulfamethoxazole=S,vancomycin=S",1
Staphylococcus aureus,BSN68,"""BSN68"",""SRS20483040"",""Staphylococcus aureus str BSN68""",,PDT002103399.2,2024-06-03T18:05:26Z,"USA: Detroit, MI",blood,clinical,,,,,SAMN38637654,GCA_037046385.2,"blaI=COMPLETE,blaR1=HMM,blaZ=COMPLETE,fosB=COMPLETE,mepA=COMPLETE,tet(38)=COMPLETE",,"clindamycin=S,erythromycin=S,gentamicin=S,oxacillin=S,penicillin=R,rifampin=S,trimethoprim-sulfamethoxazole=S,vancomycin=S",0
Staphylococcus aureus,BSN199,"""BSN199"",""SRS20736326"",""Staphylococcus aureus str BSN199""",,PDT002189951.1,2024-06-05T13:05:30Z,"USA: Detroit, MI",blood,clinical,,,,,SAMN38637779,GCA_040070515.1,"aadD1=COMPLETE,ant(6)-Ia=MISTRANSLATION,ant(9)-Ia=COMPLETE,aph(3')-IIIa=COMPLETE,blaI=COMPLETE,blaR1=COMPLETE,blaZ=COMPLETE,bleO=COMPLETE,erm(A)=COMPLETE,fosB=COMPLETE,gyrA_S84L=POINT,mecA=COMPLETE,mecI=COMPLETE,mecR1=COMPLETE,mepA=COMPLETE,mph(C)=COMPLETE,msr(A)=COMPLETE,parC_E84K=POINT,parC_S80F=POINT,sat4=COMPLETE,tet(38)=COMPLETE",,"clindamycin=R,daptomycin=S,erythromycin=R,gentamicin=S,linezolid=S,oxacillin=R,rifampin=S,trimethoprim-sulfamethoxazole=S,vancomycin=S",1
Staphylococcus aureus,,"""299"",""SRS25253292"",""dzd-uci-7454""",,PDT002991618.1,2025-11-20T22:50:44Z,USA: California,abdomen,clinical,,PDS000247551.1,5.0,,SAMN48878314,GCA_053672375.1,"aac(6')-Ie/aph(2'')-Ia=COMPLETE,blaI=COMPLETE,blaR1=COMPLETE,blaR1=HMM,blaZ=COMPLETE,blaZ=PARTIAL,blaZ=PARTIAL_END_OF_CONTIG,mepA=COMPLETE,tet(38)=COMPLETE",,"clindamycin=S,erythromycin=S,levofloxacin=S,oxacillin=S,rifampin=S,tetracycline=S,trimethoprim-sulfamethoxazole=S",0
Staphylococcus aureus,,"""216"",""SRS25253495"",""dzd-uci-7310""",,PDT002991915.1,2025-11-20T22:51:43Z,USA: California,sputum,clinical,,,,,SAMN48878231,GCA_053664955.1,"aac(6')-Ie/aph(2'')-Ia=COMPLETE,aadD1=COMPLETE,ant(9)-Ia=COMPLETE,blaI=COMPLETE,blaR1=COMPLETE,blaZ=COMPLETE,bleO=COMPLETE,erm(A)=COMPLETE,fosB=COMPLETE,fosY=COMPLETE,gyrA_S84L=POINT,gyrA_S85P=POINT,mecA=COMPLETE,mecI=COMPLETE,mecR1=COMPLETE,mepA=COMPLETE,parC_E84G=POINT,parC_S80Y=POINT,tet(38)=COMPLETE",,"clindamycin=R,erythromycin=R,levofloxacin=R,oxacillin=R,rifampin=S,tetracycline=S,trimethoprim-sulfamethoxazole=S",1
Staphylococcus aureus,,"""PN0167"",""PN0167-S0334"",""SRS11792460""",,PDT001516413.1,2022-12-07T22:44:14Z,Australia: Queensland,Swab Finger,clinical,,,,,SAMN25295975,GCA_026744485.1,"blaI=COMPLETE,blaR1=COMPLETE,blaZ=COMPLETE,erm(C)=COMPLETE,glpT_A100V=POINT,gyrA_S84L=POINT,mecA=COMPLETE,mecR1=PARTIAL,mepA=COMPLETE,parC_S80F=POINT,tet(38)=COMPLETE",,"ciprofloxacin=R,clindamycin=R,daptomycin=S,erythromycin=R,fusidic acid=S,gentamicin=S,linezolid=S,mupirocin=S,nitrofurantoin=S,oxacillin=R,penicillin=R,rifampin=S,teicoplanin=S,tetracycline=S,vancomycin=S",1
Staphylococcus aureus,,"""PC0082"",""PC0082b-S0234"",""SRS11792514""",,PDT001516359.1,2022-12-07T22:44:05Z,Australia: Queensland,sputum,clinical,,,,,SAMN25295797,GCA_026741975.1,"blaI=COMPLETE,blaPC1=COMPLETE,blaR1=COMPLETE,blaR1=PARTIAL_END_OF_CONTIG,mepA=COMPLETE,tet(38)=COMPLETE",,"ciprofloxacin=S,clindamycin=S,daptomycin=S,erythromycin=S,fusidic acid=S,gentamicin=S,linezolid=S,mupirocin=S,nitrofurantoin=S,oxacillin=S,penicillin=R,rifampin=S,teicoplanin=S,tetracycline=S,vancomycin=S",0
Staphylococcus aureus,,"""BWH_1050_S_aur"",""SRS18433887""",,PDT001830776.2,2024-02-17T07:04:50Z,USA:Boston,blood,clinical,,,,,SAMN36729144,GCA_032332035.2,"ant(9)-Ia=COMPLETE,blaI=COMPLETE,blaPC1=COMPLETE,blaR1=COMPLETE,erm(A)=COMPLETE,gyrA_S84L=POINT,mepA=COMPLETE,parC_S80F=POINT,tet(38)=COMPLETE,tet(M)=COMPLETE",,"ceftaroline=S,ciprofloxacin=R,clindamycin=R,daptomycin=S,erythromycin=R,gentamicin=S,levofloxacin=R,linezolid=S,minocycline=S,moxifloxacin=R,oxacillin=S,penicillin=R,rifampin=S,tetracycline=R,tigecycline=S,trimethoprim-sulfamethoxazole=S,vancomycin=S",1
Staphylococcus aureus,BSN117,"""BSN117"",""SRS20598509"",""Staphylococcus aureus str BSN117""",,PDT002115219.2,2024-06-12T18:27:56Z,"USA: Detroit, MI",blood,clinical,,,,,SAMN38637695,GCA_037199635.2,"blaI=COMPLETE,blaR1=HMM,blaZ=COMPLETE,fosB=COMPLETE,mepA=COMPLETE,tet(38)=COMPLETE",,"clindamycin=S,erythromycin=S,gentamicin=S,oxacillin=S,penicillin=R,rifampin=S,trimethoprim-sulfamethoxazole=S,vancomycin=S",0
Staphylococcus aureus,AR_0469,"""AR_0469"",""SRS3159768""",,PDT000326670.2,2018-06-06T12:10:25Z,,,clinical,,,,,SAMN07291562,GCA_003194005.1,"aadD1=COMPLETE,ant(9)-Ia=COMPLETE,blaI=COMPLETE,blaR1=COMPLETE,blaZ=COMPLETE,bleO=COMPLETE,erm(A)=COMPLETE,fosB=COMPLETE,gyrA_S84L=POINT,mecA=COMPLETE,mecI=COMPLETE,mecR1=COMPLETE,mepA=COMPLETE,parC_E84G=POINT,parC_S80Y=POINT,tet(38)=COMPLETE",,"cefoxitin=R,ceftaroline=S,clindamycin=R,daptomycin=S,doxycycline=S,erythromycin=R,gentamicin=S,levofloxacin=R,linezolid=S,mupirocin=ND,oxacillin=S,penicillin=R,rifampin=S,tetracycline=S,trimethoprim-sulfamethoxazole=S,vancomycin=S",1
Staphylococcus aureus,,"""PC0177"",""PC0177aii-S0226"",""SRS11792543""",,PDT001516330.1,2022-12-07T22:44:00Z,Australia: Queensland,sputum,clinical,,PDS000127145.1,10.0,,SAMN25295899,GCA_026742115.1,"blaI=COMPLETE,blaR1=COMPLETE,blaZ=COMPLETE,blaZ=PARTIAL_END_OF_CONTIG,fosB=PARTIAL,mepA=COMPLETE,tet(38)=COMPLETE",,"ciprofloxacin=S,clindamycin=S,erythromycin=S,fusidic acid=S,gentamicin=R,oxacillin=S,penicillin=R,rifampin=S,tetracycline=S,vancomycin=S",0
Staphylococcus aureus,BSN82,"""BSN82"",""SRS20485593"",""Staphylococcus aureus str BSN82""",,PDT002103400.2,2024-06-03T18:21:14Z,"USA: Detroit, MI",blood,clinical,,,,,SAMN38637670,GCA_037046505.2,"aadD1=COMPLETE,blaI=COMPLETE,blaR1=COMPLETE,blaZ=COMPLETE,dfrF=COMPLETE,dfrG=COMPLETE,folP_E208K=POINT,folP_F17L=POINT,fosB=COMPLETE,gyrA_S84L=POINT,gyrA_S85P=POINT,mecA=COMPLETE,mecR1=PARTIAL,mepA=COMPLETE,mph(C)=COMPLETE,msr(A)=COMPLETE,mupA=COMPLETE,murA_G257D=POINT,parC_S80F=POINT,parE_D432V=POINT,tet(38)=COMPLETE,tet(M)=COMPLETE",,"clindamycin=S,daptomycin=S,erythromycin=R,gentamicin=S,linezolid=S,oxacillin=R,rifampin=S,trimethoprim-sulfamethoxazole=R,vancomycin=S",1
Staphylococcus aureus,BSN55,"""BSN55"",""SRS25286454"",""Staphylococcus aureus str BSN55""",,PDT002138405.1,2024-04-14T14:44:10Z,"USA: Detroit, MI",blood,clinical,,PDS000180965.1,1.0,,SAMN38637644,GCA_038096225.1,"ant(6)-Ia=MISTRANSLATION,ant(9)-Ia=COMPLETE,aph(3')-IIIa=COMPLETE,blaI=COMPLETE,blaR1=COMPLETE,blaZ=COMPLETE,erm(A)=COMPLETE,fosB=COMPLETE,gyrA_S84L=POINT,mecA=COMPLETE,mecI=PARTIAL,mecR1=COMPLETE,mepA=COMPLETE,mph(C)=COMPLETE,msr(A)=COMPLETE,murA_G257D=POINT,parC_S80F=POINT,sat4=COMPLETE,tet(38)=COMPLETE",,"clindamycin=R,daptomycin=S,erythromycin=R,gentamicin=S,linezolid=S,oxacillin=R,rifampin=S,trimethoprim-sulfamethoxazole=S,vancomycin=S",1
Staphylococcus aureus,,"""PC0267"",""PC0267aii-S0268"",""SRS11792316""",,PDT001516157.1,2022-12-07T22:43:31Z,Australia: Queensland,sputum,clinical,,PDS000127146.1,4.0,,SAMN25295946,GCA_026744905.1,"aadD1=COMPLETE,blaI=COMPLETE,blaR1=COMPLETE,blaR1=PARTIAL_END_OF_CONTIG,blaZ=COMPLETE,erm(C)=COMPLETE,lnu(A)=COMPLETE,mepA=COMPLETE,tet(38)=COMPLETE,tet(K)=COMPLETE",,"ciprofloxacin=S,clindamycin=R,daptomycin=S,erythromycin=R,fusidic acid=S,gentamicin=S,linezolid=S,mupirocin=S,nitrofurantoin=S,oxacillin=S,penicillin=R,rifampin=S,teicoplanin=S,tetracycline=R,vancomycin=S",1
Staphylococcus aureus,,"""BWH_361_S_aur"",""SRS15307184""",,PDT001440580.2,2024-02-07T05:17:12Z,USA:Boston,blood,clinical,,,,,SAMN31137418,GCA_025550115.2,"blaI=COMPLETE,blaR1=COMPLETE,blaZ=COMPLETE,fosB=COMPLETE,mepA=COMPLETE,tet(38)=COMPLETE",,"ceftaroline=S,chloramphenicol=S,clindamycin=S,daptomycin=S,erythromycin=S,gentamicin=S,levofloxacin=S,linezolid=S,oxacillin=S,penicillin=R,rifampin=S,tetracycline=S,trimethoprim-sulfamethoxazole=S,vancomycin=S",0
Staphylococcus aureus,,"""791"",""SRS25253863"",""dzd-uci-8209""",,PDT002991989.1,2025-11-20T22:51:58Z,USA: California,blood,clinical,,PDS000247566.1,7.0,,SAMN48878806,GCA_053663715.1,"blaI=COMPLETE,blaR1=COMPLETE,blaZ=COMPLETE,fosB=COMPLETE,mepA=COMPLETE,mph(C)=COMPLETE,msr(A)=COMPLETE,murA_G257D=POINT,tet(38)=COMPLETE",,"clindamycin=S,erythromycin=R,levofloxacin=S,oxacillin=S,rifampin=S,tetracycline=S,trimethoprim-sulfamethoxazole=S",1
